Driver,LapNumber,Compound,TyreLife,Position,LapTimeSeconds,PitThisLap,PitStopDuration,Year,Race,FinalPosition,StintNumber,DegradationRate,PositionMomentum,RaceCompletion,CompoundEncoded
ALB,2.0,HARD,2.0,19.0,89.169,0,0.0,2022,Australia,10.0,0,12.840499999999999,-1.0,0.034482758620689655,2.0
ALB,3.0,HARD,3.0,18.0,115.834,0,0.0,2022,Australia,10.0,0,19.642,-1.0,0.05172413793103448,2.0
ALB,4.0,HARD,4.0,18.0,132.047,0,0.0,2022,Australia,10.0,0,29.761,-0.6666666666666666,0.06896551724137931,2.0
ALB,5.0,HARD,5.0,18.0,137.043,0,0.0,2022,Australia,10.0,0,45.719,-0.5,0.08620689655172414,2.0
ALB,6.0,HARD,6.0,18.0,125.182,0,0.0,2022,Australia,10.0,0,48.835,-0.4,0.10344827586206896,2.0
ALB,7.0,HARD,7.0,18.0,88.217,0,0.0,2022,Australia,10.0,0,34.225,-0.2,0.1206896551724138,2.0
ALB,8.0,HARD,8.0,18.0,86.992,0,0.0,2022,Australia,10.0,0,17.541333333333338,0.0,0.13793103448275862,2.0
ALB,9.0,HARD,9.0,18.0,86.75,0,0.0,2022,Australia,10.0,0,4.730666666666669,0.0,0.15517241379310345,2.0
ALB,10.0,HARD,10.0,17.0,85.709,0,0.0,2022,Australia,10.0,0,3.8946666666666707,-0.2,0.1724137931034483,2.0
ALB,11.0,HARD,11.0,17.0,87.213,0,0.0,2022,Australia,10.0,0,3.9683333333333337,-0.2,0.1896551724137931,2.0
ALB,12.0,HARD,12.0,17.0,87.173,0,0.0,2022,Australia,10.0,0,4.109333333333335,-0.2,0.20689655172413793,2.0
ALB,13.0,HARD,13.0,16.0,86.246,0,0.0,2022,Australia,10.0,0,4.288333333333331,-0.4,0.22413793103448276,2.0
ALB,14.0,HARD,14.0,15.0,85.491,0,0.0,2022,Australia,10.0,0,3.7143333333333337,-0.6,0.2413793103448276,2.0
ALB,15.0,HARD,15.0,15.0,85.328,0,0.0,2022,Australia,10.0,0,3.099333333333334,-0.4,0.25862068965517243,2.0
ALB,16.0,HARD,16.0,15.0,85.558,0,0.0,2022,Australia,10.0,0,2.8700000000000045,-0.4,0.27586206896551724,2.0
ALB,17.0,HARD,17.0,14.0,85.548,0,0.0,2022,Australia,10.0,0,2.889000000000005,-0.6,0.29310344827586204,2.0
ALB,18.0,HARD,18.0,13.0,85.499,0,0.0,2022,Australia,10.0,0,2.946000000000003,-0.6,0.3103448275862069,2.0
ALB,19.0,HARD,19.0,13.0,85.469,0,0.0,2022,Australia,10.0,0,2.916333333333332,-0.4,0.3275862068965517,2.0
ALB,20.0,HARD,20.0,13.0,85.553,0,0.0,2022,Australia,10.0,0,2.917999999999997,-0.4,0.3448275862068966,2.0
ALB,21.0,HARD,21.0,11.0,86.496,0,0.0,2022,Australia,10.0,0,3.25033333333333,-0.8,0.3620689655172414,2.0
ALB,22.0,HARD,22.0,11.0,88.593,0,0.0,2022,Australia,10.0,0,4.291666666666667,-0.6,0.3793103448275862,2.0
ALB,23.0,HARD,23.0,10.0,100.703,0,0.0,2022,Australia,10.0,0,9.341666666666669,-0.6,0.39655172413793105,2.0
ALB,24.0,HARD,24.0,10.0,130.508,0,0.0,2022,Australia,10.0,0,24.01233333333334,-0.6,0.41379310344827586,2.0
ALB,25.0,HARD,25.0,10.0,149.884,0,0.0,2022,Australia,10.0,0,44.44266666666667,-0.6,0.43103448275862066,2.0
ALB,26.0,HARD,26.0,10.0,148.059,0,0.0,2022,Australia,10.0,0,60.228,-0.2,0.4482758620689655,2.0
ALB,27.0,HARD,27.0,10.0,87.079,0,0.0,2022,Australia,10.0,0,45.751666666666665,-0.2,0.46551724137931033,2.0
ALB,28.0,HARD,28.0,10.0,86.155,0,0.0,2022,Australia,10.0,0,24.508666666666667,0.0,0.4827586206896552,2.0
ALB,29.0,HARD,29.0,10.0,84.946,0,0.0,2022,Australia,10.0,0,3.4709999999999988,0.0,0.5,2.0
ALB,30.0,HARD,30.0,10.0,84.335,0,0.0,2022,Australia,10.0,0,2.5563333333333325,0.0,0.5172413793103449,2.0
ALB,31.0,HARD,31.0,10.0,84.411,0,0.0,2022,Australia,10.0,0,1.974999999999999,0.0,0.5344827586206896,2.0
ALB,32.0,HARD,32.0,10.0,84.626,0,0.0,2022,Australia,10.0,0,1.8683333333333347,0.0,0.5517241379310345,2.0
ALB,33.0,HARD,33.0,10.0,84.71,0,0.0,2022,Australia,10.0,0,1.9933333333333347,0.0,0.5689655172413793,2.0
ALB,34.0,HARD,34.0,10.0,85.132,0,0.0,2022,Australia,10.0,0,2.2336666666666694,0.0,0.5862068965517241,2.0
ALB,35.0,HARD,35.0,10.0,85.37,0,0.0,2022,Australia,10.0,0,2.481666666666669,0.0,0.603448275862069,2.0
ALB,36.0,HARD,36.0,10.0,84.527,0,0.0,2022,Australia,10.0,0,2.4206666666666714,0.0,0.6206896551724138,2.0
ALB,37.0,HARD,37.0,10.0,84.525,0,0.0,2022,Australia,10.0,0,2.2183333333333386,0.0,0.6379310344827587,2.0
ALB,38.0,HARD,38.0,10.0,84.231,0,0.0,2022,Australia,10.0,0,1.8386666666666684,0.0,0.6551724137931034,2.0
ALB,39.0,HARD,39.0,7.0,111.107,0,0.0,2022,Australia,10.0,0,10.698666666666668,-0.6,0.6724137931034483,2.0
ALB,40.0,HARD,40.0,7.0,88.654,0,0.0,2022,Australia,10.0,0,12.074999999999998,-0.6,0.6896551724137931,2.0
ALB,41.0,HARD,41.0,7.0,83.366,0,0.0,2022,Australia,10.0,0,11.786666666666667,-0.6,0.7068965517241379,2.0
ALB,42.0,HARD,42.0,7.0,83.238,0,0.0,2022,Australia,10.0,0,2.497,-0.6,0.7241379310344828,2.0
ALB,43.0,HARD,43.0,7.0,83.245,0,0.0,2022,Australia,10.0,0,0.6940000000000026,-0.6,0.7413793103448276,2.0
ALB,44.0,HARD,44.0,7.0,83.071,0,0.0,2022,Australia,10.0,0,0.5956666666666687,0.0,0.7586206896551724,2.0
ALB,45.0,HARD,45.0,7.0,83.962,0,0.0,2022,Australia,10.0,0,0.8370000000000033,0.0,0.7758620689655172,2.0
ALB,46.0,HARD,46.0,7.0,82.964,0,0.0,2022,Australia,10.0,0,0.7433333333333346,0.0,0.7931034482758621,2.0
ALB,47.0,HARD,47.0,7.0,82.936,0,0.0,2022,Australia,10.0,0,0.6983333333333377,0.0,0.8103448275862069,2.0
ALB,48.0,HARD,48.0,7.0,83.029,0,0.0,2022,Australia,10.0,0,0.38733333333333536,0.0,0.8275862068965517,2.0
ALB,49.0,HARD,49.0,7.0,83.025,0,0.0,2022,Australia,10.0,0,0.40766666666667106,0.0,0.8448275862068966,2.0
ALB,50.0,HARD,50.0,7.0,83.127,0,0.0,2022,Australia,10.0,0,0.4713333333333338,0.0,0.8620689655172413,2.0
ALB,51.0,HARD,51.0,7.0,82.997,0,0.0,2022,Australia,10.0,0,0.46066666666666833,0.0,0.8793103448275862,2.0
ALB,52.0,HARD,52.0,7.0,82.706,0,0.0,2022,Australia,10.0,0,0.3543333333333341,0.0,0.896551724137931,2.0
ALB,53.0,HARD,53.0,7.0,82.594,0,0.0,2022,Australia,10.0,0,0.17666666666666705,0.0,0.9137931034482759,2.0
ALB,54.0,HARD,54.0,7.0,82.589,0,0.0,2022,Australia,10.0,0,0.04066666666666663,0.0,0.9310344827586207,2.0
ALB,55.0,HARD,55.0,7.0,82.758,0,0.0,2022,Australia,10.0,0,0.05799999999999746,0.0,0.9482758620689655,2.0
ALB,56.0,HARD,56.0,7.0,82.658,0,0.0,2022,Australia,10.0,0,0.07933333333333319,0.0,0.9655172413793104,2.0
ALB,57.0,HARD,57.0,9.0,98.438,1,0.0,2022,Australia,10.0,1,3.7369999999999997,0.4,0.9827586206896551,2.0
ALB,58.0,SOFT,1.0,10.0,87.465,0,0.0,2022,Australia,10.0,1,3.680666666666667,0.6,1.0,0.0
ALO,2.0,HARD,2.0,10.0,87.059,0,0.0,2022,Australia,17.0,0,7.966000000000001,0.0,0.034482758620689655,2.0
ALO,3.0,HARD,3.0,10.0,113.519,0,0.0,2022,Australia,17.0,0,15.10666666666667,0.0,0.05172413793103448,2.0
ALO,4.0,HARD,4.0,10.0,132.596,0,0.0,2022,Australia,17.0,0,26.927000000000003,0.0,0.06896551724137931,2.0
ALO,5.0,HARD,5.0,10.0,136.328,0,0.0,2022,Australia,17.0,0,43.35,0.0,0.08620689655172414,2.0
ALO,6.0,HARD,6.0,10.0,130.907,0,0.0,2022,Australia,17.0,0,49.14600000000001,0.0,0.10344827586206896,2.0
ALO,7.0,HARD,7.0,10.0,87.049,0,0.0,2022,Australia,17.0,0,33.963666666666676,0.0,0.1206896551724138,2.0
ALO,8.0,HARD,8.0,10.0,85.943,0,0.0,2022,Australia,17.0,0,17.16866666666667,0.0,0.13793103448275862,2.0
ALO,9.0,HARD,9.0,10.0,85.402,0,0.0,2022,Australia,17.0,0,2.000333333333335,0.0,0.15517241379310345,2.0
ALO,10.0,HARD,10.0,10.0,85.246,0,0.0,2022,Australia,17.0,0,1.399333333333331,0.0,0.1724137931034483,2.0
ALO,11.0,HARD,11.0,10.0,85.29,0,0.0,2022,Australia,17.0,0,1.1816666666666673,0.0,0.1896551724137931,2.0
ALO,12.0,HARD,12.0,10.0,85.245,0,0.0,2022,Australia,17.0,0,1.129333333333335,0.0,0.20689655172413793,2.0
ALO,13.0,HARD,13.0,10.0,85.963,0,0.0,2022,Australia,17.0,0,1.3683333333333347,0.0,0.22413793103448276,2.0
ALO,14.0,HARD,14.0,10.0,85.597,0,0.0,2022,Australia,17.0,0,1.470666666666664,0.0,0.2413793103448276,2.0
ALO,15.0,HARD,15.0,10.0,85.544,0,0.0,2022,Australia,17.0,0,1.570333333333328,0.0,0.25862068965517243,2.0
ALO,16.0,HARD,16.0,10.0,85.547,0,0.0,2022,Australia,17.0,0,1.4316666666666624,0.0,0.27586206896551724,2.0
ALO,17.0,HARD,17.0,9.0,86.209,0,0.0,2022,Australia,17.0,0,1.6356666666666655,-0.2,0.29310344827586204,2.0
ALO,18.0,HARD,18.0,9.0,85.065,0,0.0,2022,Australia,17.0,0,1.475999999999999,-0.2,0.3103448275862069,2.0
ALO,19.0,HARD,19.0,8.0,86.034,0,0.0,2022,Australia,17.0,0,1.6383333333333354,-0.4,0.3275862068965517,2.0
ALO,20.0,HARD,20.0,7.0,84.792,0,0.0,2022,Australia,17.0,0,1.1660000000000015,-0.6,0.3448275862068966,2.0
ALO,21.0,HARD,21.0,5.0,84.639,0,0.0,2022,Australia,17.0,0,1.024000000000001,-1.0,0.3620689655172414,2.0
ALO,22.0,HARD,22.0,5.0,84.626,0,0.0,2022,Australia,17.0,0,0.5546666666666672,-0.8,0.3793103448275862,2.0
ALO,23.0,HARD,23.0,4.0,92.573,0,0.0,2022,Australia,17.0,0,3.148333333333331,-1.0,0.39655172413793105,2.0
ALO,24.0,HARD,24.0,4.0,145.101,0,0.0,2022,Australia,17.0,0,23.302333333333333,-0.8,0.41379310344827586,2.0
ALO,25.0,HARD,25.0,4.0,148.144,0,0.0,2022,Australia,17.0,0,44.475,-0.6,0.43103448275862066,2.0
ALO,27.0,HARD,27.0,4.0,87.228,0,0.0,2022,Australia,17.0,0,42.69333333333333,-0.2,0.46551724137931033,2.0
ALO,28.0,HARD,28.0,4.0,84.873,0,0.0,2022,Australia,17.0,0,22.617333333333335,-0.2,0.4827586206896552,2.0
ALO,29.0,HARD,29.0,4.0,84.205,0,0.0,2022,Australia,17.0,0,1.3043333333333322,0.0,0.5,2.0
ALO,30.0,HARD,30.0,5.0,85.427,0,0.0,2022,Australia,17.0,0,0.704000000000003,0.2,0.5172413793103449,2.0
ALO,31.0,HARD,31.0,6.0,85.16,0,0.0,2022,Australia,17.0,0,0.799666666666667,0.4,0.5344827586206896,2.0
ALO,32.0,HARD,32.0,6.0,84.131,0,0.0,2022,Australia,17.0,0,0.7750000000000009,0.4,0.5517241379310345,2.0
ALO,33.0,HARD,33.0,6.0,84.259,0,0.0,2022,Australia,17.0,0,0.3856666666666655,0.4,0.5689655172413793,2.0
ALO,34.0,HARD,34.0,6.0,84.205,0,0.0,2022,Australia,17.0,0,0.06733333333333273,0.4,0.5862068965517241,2.0
ALO,35.0,HARD,35.0,6.0,84.151,0,0.0,2022,Australia,17.0,0,0.07399999999999807,0.2,0.603448275862069,2.0
ALO,36.0,HARD,36.0,6.0,84.166,0,0.0,2022,Australia,17.0,0,0.042999999999996895,0.0,0.6206896551724138,2.0
ALO,37.0,HARD,37.0,6.0,84.467,0,0.0,2022,Australia,17.0,0,0.1303333333333304,0.0,0.6379310344827587,2.0
ALO,38.0,HARD,38.0,6.0,84.3,0,0.0,2022,Australia,17.0,0,0.17999999999999736,0.0,0.6551724137931034,2.0
ALO,39.0,HARD,39.0,12.0,122.407,1,0.0,2022,Australia,17.0,1,13.12733333333333,1.2,0.6724137931034483,2.0
ALO,40.0,MEDIUM,1.0,13.0,90.957,0,0.0,2022,Australia,17.0,1,15.490999999999994,1.4,0.6896551724137931,1.0
ALO,41.0,MEDIUM,2.0,13.0,83.771,0,0.0,2022,Australia,17.0,1,15.514999999999995,1.4,0.7068965517241379,1.0
ALO,42.0,MEDIUM,3.0,13.0,83.618,0,0.0,2022,Australia,17.0,1,2.585333333333329,1.4,0.7241379310344828,1.0
ALO,43.0,MEDIUM,4.0,13.0,83.881,0,0.0,2022,Australia,17.0,1,0.2266666666666642,1.4,0.7413793103448276,1.0
ALO,44.0,MEDIUM,5.0,13.0,83.53,0,0.0,2022,Australia,17.0,1,0.14633333333333098,0.2,0.7586206896551724,1.0
ALO,45.0,MEDIUM,6.0,12.0,84.146,0,0.0,2022,Australia,17.0,1,0.3223333333333329,-0.2,0.7758620689655172,1.0
ALO,46.0,MEDIUM,7.0,12.0,83.834,0,0.0,2022,Australia,17.0,1,0.30666666666666725,-0.2,0.7931034482758621,1.0
ALO,47.0,MEDIUM,8.0,12.0,83.811,0,0.0,2022,Australia,17.0,1,0.4003333333333359,-0.2,0.8103448275862069,1.0
ALO,48.0,MEDIUM,9.0,12.0,83.691,0,0.0,2022,Australia,17.0,1,0.24866666666666978,-0.2,0.8275862068965517,1.0
ALO,49.0,MEDIUM,10.0,12.0,84.618,0,0.0,2022,Australia,17.0,1,0.5100000000000003,-0.2,0.8448275862068966,1.0
ALO,50.0,MEDIUM,11.0,12.0,84.95,0,0.0,2022,Australia,17.0,1,0.8896666666666656,0.0,0.8620689655172413,1.0
ALO,51.0,MEDIUM,12.0,12.0,85.328,0,0.0,2022,Australia,17.0,1,1.4353333333333325,0.0,0.8793103448275862,1.0
ALO,52.0,MEDIUM,13.0,14.0,86.95,0,0.0,2022,Australia,17.0,1,2.2126666666666686,0.4,0.896551724137931,1.0
ALO,53.0,MEDIUM,14.0,17.0,100.863,1,0.0,2022,Australia,17.0,2,8.411666666666667,1.0,0.9137931034482759,1.0
ALO,54.0,MEDIUM,1.0,17.0,92.889,0,0.0,2022,Australia,17.0,2,11.826666666666663,1.0,0.9310344827586207,1.0
ALO,55.0,MEDIUM,2.0,17.0,81.322,0,0.0,2022,Australia,17.0,2,10.845333333333329,1.0,0.9482758620689655,1.0
ALO,56.0,MEDIUM,3.0,17.0,90.367,0,0.0,2022,Australia,17.0,2,7.346666666666664,1.0,0.9655172413793104,1.0
ALO,57.0,MEDIUM,4.0,17.0,80.846,0,0.0,2022,Australia,17.0,2,3.332333333333333,0.6,0.9827586206896551,1.0
BOT,2.0,MEDIUM,2.0,12.0,87.593,0,0.0,2022,Australia,8.0,0,7.912000000000006,0.0,0.034482758620689655,1.0
BOT,3.0,MEDIUM,3.0,12.0,113.773,0,0.0,2022,Australia,8.0,0,14.886000000000005,0.0,0.05172413793103448,1.0
BOT,4.0,MEDIUM,4.0,12.0,132.056,0,0.0,2022,Australia,8.0,0,26.20166666666668,0.0,0.06896551724137931,1.0
BOT,5.0,MEDIUM,5.0,12.0,137.071,0,0.0,2022,Australia,8.0,0,42.69433333333334,0.0,0.08620689655172414,1.0
BOT,6.0,MEDIUM,6.0,12.0,129.62,0,0.0,2022,Australia,8.0,0,47.97666666666668,0.0,0.10344827586206896,1.0
BOT,7.0,MEDIUM,7.0,12.0,87.279,0,0.0,2022,Australia,8.0,0,33.05100000000001,0.0,0.1206896551724138,1.0
BOT,8.0,MEDIUM,8.0,12.0,86.21,0,0.0,2022,Australia,8.0,0,16.09733333333334,0.0,0.13793103448275862,1.0
BOT,9.0,MEDIUM,9.0,12.0,85.47,0,0.0,2022,Australia,8.0,0,1.38066666666667,0.0,0.15517241379310345,1.0
BOT,10.0,MEDIUM,10.0,12.0,85.239,0,0.0,2022,Australia,8.0,0,0.7006666666666727,0.0,0.1724137931034483,1.0
BOT,11.0,MEDIUM,11.0,12.0,85.584,0,0.0,2022,Australia,8.0,0,0.49200000000000915,0.0,0.1896551724137931,1.0
BOT,12.0,MEDIUM,12.0,12.0,85.619,0,0.0,2022,Australia,8.0,0,0.5416666666666762,0.0,0.20689655172413793,1.0
BOT,13.0,MEDIUM,13.0,12.0,86.369,0,0.0,2022,Australia,8.0,0,0.9183333333333413,0.0,0.22413793103448276,1.0
BOT,14.0,MEDIUM,14.0,12.0,86.132,0,0.0,2022,Australia,8.0,0,1.1010000000000086,0.0,0.2413793103448276,1.0
BOT,15.0,MEDIUM,15.0,12.0,85.459,0,0.0,2022,Australia,8.0,0,1.0476666666666763,0.0,0.25862068965517243,1.0
BOT,16.0,MEDIUM,16.0,11.0,84.978,0,0.0,2022,Australia,8.0,0,0.584000000000008,-0.2,0.27586206896551724,1.0
BOT,17.0,MEDIUM,17.0,10.0,85.284,0,0.0,2022,Australia,8.0,0,0.3013333333333416,-0.4,0.29310344827586204,1.0
BOT,18.0,MEDIUM,18.0,10.0,84.939,0,0.0,2022,Australia,8.0,0,0.12800000000000486,-0.4,0.3103448275862069,1.0
BOT,19.0,MEDIUM,19.0,10.0,86.061,0,0.0,2022,Australia,8.0,0,0.48900000000000904,-0.4,0.3275862068965517,1.0
BOT,20.0,MEDIUM,20.0,9.0,85.919,0,0.0,2022,Australia,8.0,0,0.7006666666666727,-0.6,0.3448275862068966,1.0
BOT,21.0,MEDIUM,21.0,6.0,86.117,0,0.0,2022,Australia,8.0,0,1.0933333333333433,-1.0,0.3620689655172414,1.0
BOT,22.0,MEDIUM,22.0,14.0,99.24,1,0.0,2022,Australia,8.0,1,6.582333333333338,0.8,0.3793103448275862,1.0
BOT,23.0,HARD,1.0,13.0,112.104,0,0.0,2022,Australia,8.0,1,16.40666666666667,0.6,0.39655172413793105,2.0
BOT,24.0,HARD,2.0,12.0,119.439,0,0.0,2022,Australia,8.0,1,28.61,0.4,0.41379310344827586,2.0
BOT,26.0,HARD,4.0,12.0,146.843,0,0.0,2022,Australia,8.0,1,44.477666666666664,0.6,0.4482758620689655,2.0
BOT,27.0,HARD,5.0,12.0,87.078,0,0.0,2022,Australia,8.0,1,36.135666666666665,1.2,0.46551724137931033,2.0
BOT,28.0,HARD,6.0,13.0,86.979,0,0.0,2022,Australia,8.0,1,25.31566666666667,-0.2,0.4827586206896552,2.0
BOT,29.0,HARD,7.0,13.0,85.096,0,0.0,2022,Australia,8.0,1,4.733333333333339,0.0,0.5,2.0
BOT,30.0,HARD,8.0,13.0,84.192,0,0.0,2022,Australia,8.0,1,3.771333333333336,0.2,0.5172413793103449,2.0
BOT,31.0,HARD,9.0,13.0,84.555,0,0.0,2022,Australia,8.0,1,2.9633333333333383,0.2,0.5344827586206896,2.0
BOT,32.0,HARD,10.0,13.0,84.411,0,0.0,2022,Australia,8.0,1,2.7350000000000043,0.2,0.5517241379310345,2.0
BOT,33.0,HARD,11.0,13.0,84.375,0,0.0,2022,Australia,8.0,1,2.7960000000000065,0.0,0.5689655172413793,2.0
BOT,34.0,HARD,12.0,13.0,85.078,0,0.0,2022,Australia,8.0,1,2.9703333333333384,0.0,0.5862068965517241,2.0
BOT,35.0,HARD,13.0,13.0,85.377,0,0.0,2022,Australia,8.0,1,3.2923333333333367,0.0,0.603448275862069,2.0
BOT,36.0,HARD,14.0,13.0,84.871,0,0.0,2022,Australia,8.0,1,3.457666666666668,0.0,0.6206896551724138,2.0
BOT,37.0,HARD,15.0,13.0,84.405,0,0.0,2022,Australia,8.0,1,3.2333333333333343,0.0,0.6379310344827587,2.0
BOT,38.0,HARD,16.0,13.0,84.579,0,0.0,2022,Australia,8.0,1,2.967333333333334,0.0,0.6551724137931034,2.0
BOT,39.0,HARD,17.0,9.0,112.906,0,0.0,2022,Australia,8.0,1,12.312333333333337,-0.8,0.6724137931034483,2.0
BOT,40.0,HARD,18.0,11.0,91.146,0,0.0,2022,Australia,8.0,1,14.559333333333337,-0.4,0.6896551724137931,2.0
BOT,41.0,HARD,19.0,11.0,83.241,0,0.0,2022,Australia,8.0,1,14.113333333333339,-0.4,0.7068965517241379,2.0
BOT,42.0,HARD,20.0,11.0,83.397,0,0.0,2022,Australia,8.0,1,4.2770000000000055,-0.4,0.7241379310344828,2.0
BOT,43.0,HARD,21.0,11.0,83.792,0,0.0,2022,Australia,8.0,1,1.8256666666666728,-0.4,0.7413793103448276,2.0
BOT,44.0,HARD,22.0,11.0,84.113,0,0.0,2022,Australia,8.0,1,2.116333333333339,0.4,0.7586206896551724,2.0
BOT,45.0,HARD,23.0,11.0,84.205,0,0.0,2022,Australia,8.0,1,2.3856666666666704,0.0,0.7758620689655172,2.0
BOT,46.0,HARD,24.0,11.0,84.004,0,0.0,2022,Australia,8.0,1,2.456333333333338,0.0,0.7931034482758621,2.0
BOT,47.0,HARD,25.0,11.0,83.914,0,0.0,2022,Australia,8.0,1,2.3900000000000055,0.0,0.8103448275862069,2.0
BOT,48.0,HARD,26.0,11.0,83.4,0,0.0,2022,Australia,8.0,1,2.1216666666666746,0.0,0.8275862068965517,2.0
BOT,49.0,HARD,27.0,11.0,83.615,0,0.0,2022,Australia,8.0,1,1.9920000000000044,0.0,0.8448275862068966,2.0
BOT,50.0,HARD,28.0,11.0,84.62,0,0.0,2022,Australia,8.0,1,2.227333333333339,0.0,0.8620689655172413,2.0
BOT,51.0,HARD,29.0,10.0,82.797,0,0.0,2022,Australia,8.0,1,2.0263333333333358,-0.2,0.8793103448275862,2.0
BOT,52.0,HARD,30.0,10.0,82.685,0,0.0,2022,Australia,8.0,1,1.7163333333333384,-0.2,0.896551724137931,2.0
BOT,53.0,HARD,31.0,9.0,82.539,0,0.0,2022,Australia,8.0,1,1.0226666666666706,-0.4,0.9137931034482759,2.0
BOT,54.0,HARD,32.0,9.0,81.651,0,0.0,2022,Australia,8.0,1,0.6406666666666704,-0.4,0.9310344827586207,2.0
BOT,55.0,HARD,33.0,9.0,82.361,0,0.0,2022,Australia,8.0,1,0.5326666666666711,-0.4,0.9482758620689655,2.0
BOT,56.0,HARD,34.0,9.0,81.894,0,0.0,2022,Australia,8.0,1,0.31766666666667237,-0.2,0.9655172413793104,2.0
BOT,57.0,HARD,35.0,8.0,82.201,0,0.0,2022,Australia,8.0,1,0.5010000000000048,-0.4,0.9827586206896551,2.0
BOT,58.0,HARD,36.0,8.0,82.757,0,0.0,2022,Australia,8.0,1,0.633000000000005,-0.2,1.0,2.0
GAS,2.0,MEDIUM,2.0,9.0,86.622,0,0.0,2022,Australia,9.0,0,6.347499999999997,0.0,0.034482758620689655,1.0
GAS,3.0,MEDIUM,3.0,9.0,112.958,0,0.0,2022,Australia,9.0,0,13.486333333333329,0.0,0.05172413793103448,1.0
GAS,4.0,MEDIUM,4.0,9.0,133.647,0,0.0,2022,Australia,9.0,0,25.88166666666666,0.0,0.06896551724137931,1.0
GAS,5.0,MEDIUM,5.0,9.0,135.616,0,0.0,2022,Australia,9.0,0,42.213,0.0,0.08620689655172414,1.0
GAS,6.0,MEDIUM,6.0,9.0,131.756,0,0.0,2022,Australia,9.0,0,48.479000000000006,0.0,0.10344827586206896,1.0
GAS,7.0,MEDIUM,7.0,9.0,86.503,0,0.0,2022,Australia,9.0,0,32.76433333333333,0.0,0.1206896551724138,1.0
GAS,8.0,MEDIUM,8.0,9.0,86.125,0,0.0,2022,Australia,9.0,0,16.26733333333333,0.0,0.13793103448275862,1.0
GAS,9.0,MEDIUM,9.0,9.0,85.603,0,0.0,2022,Australia,9.0,0,0.8829999999999956,0.0,0.15517241379310345,1.0
GAS,10.0,MEDIUM,10.0,9.0,85.297,0,0.0,2022,Australia,9.0,0,0.48099999999999454,0.0,0.1724137931034483,1.0
GAS,11.0,MEDIUM,11.0,9.0,85.314,0,0.0,2022,Australia,9.0,0,0.21066666666665887,0.0,0.1896551724137931,1.0
GAS,12.0,MEDIUM,12.0,9.0,85.377,0,0.0,2022,Australia,9.0,0,0.13533333333332584,0.0,0.20689655172413793,1.0
GAS,13.0,MEDIUM,13.0,9.0,85.399,0,0.0,2022,Australia,9.0,0,0.16933333333332712,0.0,0.22413793103448276,1.0
GAS,14.0,MEDIUM,14.0,9.0,85.773,0,0.0,2022,Australia,9.0,0,0.3223333333333282,0.0,0.2413793103448276,1.0
GAS,15.0,MEDIUM,15.0,9.0,85.716,0,0.0,2022,Australia,9.0,0,0.43533333333332774,0.0,0.25862068965517243,1.0
GAS,16.0,MEDIUM,16.0,9.0,85.813,0,0.0,2022,Australia,9.0,0,0.5733333333333283,0.0,0.27586206896551724,1.0
GAS,17.0,MEDIUM,17.0,8.0,86.06,0,0.0,2022,Australia,9.0,0,0.6689999999999969,-0.2,0.29310344827586204,1.0
GAS,18.0,MEDIUM,18.0,8.0,85.194,0,0.0,2022,Australia,9.0,0,0.49499999999999983,-0.2,0.3103448275862069,1.0
GAS,19.0,MEDIUM,19.0,9.0,87.177,0,0.0,2022,Australia,9.0,0,0.9496666666666679,0.0,0.3275862068965517,1.0
GAS,20.0,MEDIUM,20.0,8.0,85.79,0,0.0,2022,Australia,9.0,0,0.8596666666666692,-0.2,0.3448275862068966,1.0
GAS,21.0,MEDIUM,21.0,15.0,100.851,1,0.0,2022,Australia,9.0,1,6.899666666666671,1.2,0.3620689655172414,1.0
GAS,22.0,HARD,1.0,15.0,90.21,0,0.0,2022,Australia,9.0,1,8.73166666666667,1.4,0.3793103448275862,2.0
GAS,23.0,HARD,2.0,14.0,110.785,0,0.0,2022,Australia,9.0,1,17.884333333333334,1.2,0.39655172413793105,2.0
GAS,24.0,HARD,3.0,14.0,119.812,0,0.0,2022,Australia,9.0,1,24.204666666666668,1.0,0.41379310344827586,2.0
GAS,26.0,HARD,5.0,14.0,143.987,0,0.0,2022,Australia,9.0,1,42.13033333333333,1.2,0.4482758620689655,2.0
GAS,27.0,HARD,6.0,14.0,86.977,0,0.0,2022,Australia,9.0,1,34.19433333333334,-0.2,0.46551724137931033,2.0
GAS,28.0,HARD,7.0,14.0,86.828,0,0.0,2022,Australia,9.0,1,23.199666666666673,-0.2,0.4827586206896552,2.0
GAS,29.0,HARD,8.0,14.0,84.895,0,0.0,2022,Australia,9.0,1,3.5023333333333397,0.0,0.5,2.0
GAS,30.0,HARD,9.0,14.0,84.547,0,0.0,2022,Australia,9.0,1,2.6923333333333375,0.0,0.5172413793103449,2.0
GAS,31.0,HARD,10.0,14.0,84.882,0,0.0,2022,Australia,9.0,1,2.0436666666666716,0.0,0.5344827586206896,2.0
GAS,32.0,HARD,11.0,14.0,84.365,0,0.0,2022,Australia,9.0,1,1.8670000000000044,0.0,0.5517241379310345,2.0
GAS,33.0,HARD,12.0,14.0,84.566,0,0.0,2022,Australia,9.0,1,1.8733333333333395,0.0,0.5689655172413793,2.0
GAS,34.0,HARD,13.0,14.0,84.396,0,0.0,2022,Australia,9.0,1,1.7113333333333383,0.0,0.5862068965517241,2.0
GAS,35.0,HARD,14.0,14.0,84.932,0,0.0,2022,Australia,9.0,1,1.9003333333333405,0.0,0.603448275862069,2.0
GAS,36.0,HARD,15.0,14.0,84.809,0,0.0,2022,Australia,9.0,1,1.981333333333339,0.0,0.6206896551724138,2.0
GAS,37.0,HARD,16.0,14.0,84.66,0,0.0,2022,Australia,9.0,1,2.0693333333333377,0.0,0.6379310344827587,2.0
GAS,38.0,HARD,17.0,14.0,84.489,0,0.0,2022,Australia,9.0,1,1.9216666666666715,0.0,0.6551724137931034,2.0
GAS,39.0,HARD,18.0,11.0,112.82,0,0.0,2022,Australia,9.0,1,11.25866666666667,-0.6,0.6724137931034483,2.0
GAS,40.0,HARD,19.0,10.0,88.838,0,0.0,2022,Australia,9.0,1,12.651333333333335,-0.8,0.6896551724137931,2.0
GAS,41.0,HARD,20.0,10.0,83.686,0,0.0,2022,Australia,9.0,1,12.38366666666667,-0.8,0.7068965517241379,2.0
GAS,42.0,HARD,21.0,10.0,84.056,0,0.0,2022,Australia,9.0,1,2.7956666666666714,-0.8,0.7241379310344828,2.0
GAS,43.0,HARD,22.0,10.0,83.759,0,0.0,2022,Australia,9.0,1,1.1026666666666738,-0.8,0.7413793103448276,2.0
GAS,44.0,HARD,23.0,10.0,84.208,0,0.0,2022,Australia,9.0,1,1.2766666666666708,-0.2,0.7586206896551724,2.0
GAS,45.0,HARD,24.0,10.0,84.487,0,0.0,2022,Australia,9.0,1,1.4203333333333366,0.0,0.7758620689655172,2.0
GAS,46.0,HARD,25.0,10.0,83.82,0,0.0,2022,Australia,9.0,1,1.4406666666666677,0.0,0.7931034482758621,2.0
GAS,47.0,HARD,26.0,10.0,83.828,0,0.0,2022,Australia,9.0,1,1.3140000000000025,0.0,0.8103448275862069,2.0
GAS,48.0,HARD,27.0,10.0,83.399,0,0.0,2022,Australia,9.0,1,0.9513333333333378,0.0,0.8275862068965517,2.0
GAS,49.0,HARD,28.0,10.0,83.59,0,0.0,2022,Australia,9.0,1,0.8746666666666746,0.0,0.8448275862068966,2.0
GAS,50.0,HARD,29.0,9.0,83.762,0,0.0,2022,Australia,9.0,1,0.8526666666666737,-0.2,0.8620689655172413,2.0
GAS,51.0,HARD,30.0,9.0,83.261,0,0.0,2022,Australia,9.0,1,0.806666666666672,-0.2,0.8793103448275862,2.0
GAS,52.0,HARD,31.0,9.0,82.731,0,0.0,2022,Australia,9.0,1,0.5203333333333356,-0.2,0.896551724137931,2.0
GAS,53.0,HARD,32.0,10.0,85.619,0,0.0,2022,Australia,9.0,1,1.1393333333333355,0.0,0.9137931034482759,2.0
GAS,54.0,HARD,33.0,10.0,83.531,0,0.0,2022,Australia,9.0,1,1.229333333333339,0.0,0.9310344827586207,2.0
GAS,55.0,HARD,34.0,10.0,83.182,0,0.0,2022,Australia,9.0,1,1.3796666666666748,0.2,0.9482758620689655,2.0
GAS,56.0,HARD,35.0,10.0,83.031,0,0.0,2022,Australia,9.0,1,0.5170000000000101,0.2,0.9655172413793104,2.0
GAS,57.0,HARD,36.0,10.0,83.302,0,0.0,2022,Australia,9.0,1,0.44066666666667703,0.2,0.9827586206896551,2.0
GAS,58.0,HARD,37.0,9.0,83.333,0,0.0,2022,Australia,9.0,1,0.49100000000000915,-0.2,1.0,2.0
HAM,2.0,MEDIUM,2.0,3.0,85.455,0,0.0,2022,Australia,4.0,0,4.216499999999996,0.0,0.034482758620689655,1.0
HAM,3.0,MEDIUM,3.0,3.0,108.986,0,0.0,2022,Australia,4.0,0,11.086666666666664,0.0,0.05172413793103448,1.0
HAM,4.0,MEDIUM,4.0,3.0,133.414,0,0.0,2022,Australia,4.0,0,25.12599999999999,0.0,0.06896551724137931,1.0
HAM,5.0,MEDIUM,5.0,3.0,132.374,0,0.0,2022,Australia,4.0,0,40.765666666666654,0.0,0.08620689655172414,1.0
HAM,6.0,MEDIUM,6.0,3.0,142.239,0,0.0,2022,Australia,4.0,0,51.84999999999999,0.0,0.10344827586206896,1.0
HAM,7.0,MEDIUM,7.0,3.0,84.838,0,0.0,2022,Australia,4.0,0,35.657999999999994,0.0,0.1206896551724138,1.0
HAM,8.0,MEDIUM,8.0,3.0,84.842,0,0.0,2022,Australia,4.0,0,19.813999999999993,0.0,0.13793103448275862,1.0
HAM,9.0,MEDIUM,9.0,3.0,85.168,0,0.0,2022,Australia,4.0,0,0.790333333333327,0.0,0.15517241379310345,1.0
HAM,10.0,MEDIUM,10.0,4.0,86.606,0,0.0,2022,Australia,4.0,0,1.3796666666666606,0.2,0.1724137931034483,1.0
HAM,11.0,MEDIUM,11.0,4.0,84.686,0,0.0,2022,Australia,4.0,0,1.3276666666666632,0.2,0.1896551724137931,1.0
HAM,12.0,MEDIUM,12.0,4.0,85.046,0,0.0,2022,Australia,4.0,0,1.2869999999999966,0.2,0.20689655172413793,1.0
HAM,13.0,MEDIUM,13.0,4.0,85.275,0,0.0,2022,Australia,4.0,0,0.8433333333333337,0.2,0.22413793103448276,1.0
HAM,14.0,MEDIUM,14.0,4.0,84.529,0,0.0,2022,Australia,4.0,0,0.7909999999999968,0.2,0.2413793103448276,1.0
HAM,15.0,MEDIUM,15.0,4.0,84.771,0,0.0,2022,Australia,4.0,0,0.6993333333333283,0.0,0.25862068965517243,1.0
HAM,16.0,MEDIUM,16.0,4.0,84.552,0,0.0,2022,Australia,4.0,0,0.4583333333333286,0.0,0.27586206896551724,1.0
HAM,17.0,MEDIUM,17.0,4.0,84.436,0,0.0,2022,Australia,4.0,0,0.4273333333333322,0.0,0.29310344827586204,1.0
HAM,18.0,MEDIUM,18.0,3.0,84.465,0,0.0,2022,Australia,4.0,0,0.32533333333333303,-0.2,0.3103448275862069,1.0
HAM,19.0,MEDIUM,19.0,3.0,84.408,0,0.0,2022,Australia,4.0,0,0.2773333333333312,-0.2,0.3275862068965517,1.0
HAM,20.0,MEDIUM,20.0,2.0,85.227,0,0.0,2022,Australia,4.0,0,0.5409999999999968,-0.4,0.3448275862068966,1.0
HAM,21.0,MEDIUM,21.0,2.0,84.159,0,0.0,2022,Australia,4.0,0,0.43899999999999767,-0.4,0.3620689655172414,1.0
HAM,22.0,MEDIUM,22.0,4.0,98.399,1,0.0,2022,Australia,4.0,1,5.860333333333334,0.0,0.3793103448275862,1.0
HAM,23.0,HARD,1.0,6.0,101.596,0,0.0,2022,Australia,4.0,1,12.074333333333337,0.6,0.39655172413793105,2.0
HAM,24.0,HARD,2.0,6.0,139.325,0,0.0,2022,Australia,4.0,1,31.22066666666667,0.6,0.41379310344827586,2.0
HAM,25.0,HARD,3.0,6.0,149.199,0,0.0,2022,Australia,4.0,1,48.154,0.8,0.43103448275862066,2.0
HAM,27.0,HARD,5.0,6.0,86.868,0,0.0,2022,Australia,4.0,1,43.24466666666667,0.8,0.46551724137931033,2.0
HAM,28.0,HARD,6.0,6.0,85.042,0,0.0,2022,Australia,4.0,1,25.15033333333334,0.4,0.4827586206896552,2.0
HAM,29.0,HARD,7.0,6.0,84.684,0,0.0,2022,Australia,4.0,1,3.6453333333333355,0.0,0.5,2.0
HAM,30.0,HARD,8.0,6.0,83.88,0,0.0,2022,Australia,4.0,1,2.649333333333336,0.0,0.5172413793103449,2.0
HAM,31.0,HARD,9.0,5.0,83.647,0,0.0,2022,Australia,4.0,1,2.184333333333337,-0.2,0.5344827586206896,2.0
HAM,32.0,HARD,10.0,5.0,83.199,0,0.0,2022,Australia,4.0,1,1.6893333333333374,-0.2,0.5517241379310345,2.0
HAM,33.0,HARD,11.0,5.0,83.11,0,0.0,2022,Australia,4.0,1,1.432666666666672,-0.2,0.5689655172413793,2.0
HAM,34.0,HARD,12.0,5.0,83.311,0,0.0,2022,Australia,4.0,1,1.3206666666666724,-0.2,0.5862068965517241,2.0
HAM,35.0,HARD,13.0,5.0,83.069,0,0.0,2022,Australia,4.0,1,1.2773333333333408,-0.2,0.603448275862069,2.0
HAM,36.0,HARD,14.0,5.0,82.964,0,0.0,2022,Australia,4.0,1,1.2286666666666737,0.0,0.6206896551724138,2.0
HAM,37.0,HARD,15.0,5.0,83.285,0,0.0,2022,Australia,4.0,1,1.2200000000000035,0.0,0.6379310344827587,2.0
HAM,38.0,HARD,16.0,5.0,82.784,0,0.0,2022,Australia,4.0,1,1.1250000000000047,0.0,0.6551724137931034,2.0
HAM,39.0,HARD,17.0,4.0,105.449,0,0.0,2022,Australia,4.0,1,8.620000000000005,-0.2,0.6724137931034483,2.0
HAM,40.0,HARD,18.0,4.0,94.352,0,0.0,2022,Australia,4.0,1,12.309000000000006,-0.2,0.6896551724137931,2.0
HAM,41.0,HARD,19.0,4.0,82.696,0,0.0,2022,Australia,4.0,1,12.279666666666671,-0.2,0.7068965517241379,2.0
HAM,42.0,HARD,20.0,4.0,82.049,0,0.0,2022,Australia,4.0,1,4.479666666666674,-0.2,0.7241379310344828,2.0
HAM,43.0,HARD,21.0,4.0,82.443,0,0.0,2022,Australia,4.0,1,0.5100000000000051,-0.2,0.7413793103448276,2.0
HAM,44.0,HARD,22.0,4.0,81.965,0,0.0,2022,Australia,4.0,1,0.26633333333334025,0.0,0.7586206896551724,2.0
HAM,45.0,HARD,23.0,4.0,82.082,0,0.0,2022,Australia,4.0,1,0.27733333333333593,0.0,0.7758620689655172,2.0
HAM,46.0,HARD,24.0,4.0,82.036,0,0.0,2022,Australia,4.0,1,0.14166666666667047,0.0,0.7931034482758621,2.0
HAM,47.0,HARD,25.0,4.0,82.424,0,0.0,2022,Australia,4.0,1,0.2946666666666715,0.0,0.8103448275862069,2.0
HAM,48.0,HARD,26.0,4.0,82.321,0,0.0,2022,Australia,4.0,1,0.3743333333333396,0.0,0.8275862068965517,2.0
HAM,49.0,HARD,27.0,4.0,81.972,0,0.0,2022,Australia,4.0,1,0.3530000000000039,0.0,0.8448275862068966,2.0
HAM,50.0,HARD,28.0,4.0,81.917,0,0.0,2022,Australia,4.0,1,0.18400000000000225,0.0,0.8620689655172413,2.0
HAM,51.0,HARD,29.0,4.0,81.886,0,0.0,2022,Australia,4.0,1,0.03900000000000148,0.0,0.8793103448275862,2.0
HAM,52.0,HARD,30.0,4.0,81.894,0,0.0,2022,Australia,4.0,1,0.01300000000000523,0.0,0.896551724137931,2.0
HAM,53.0,HARD,31.0,4.0,81.932,0,0.0,2022,Australia,4.0,1,0.018000000000005418,0.0,0.9137931034482759,2.0
HAM,54.0,HARD,32.0,4.0,82.108,0,0.0,2022,Australia,4.0,1,0.09200000000000823,0.0,0.9310344827586207,2.0
HAM,55.0,HARD,33.0,4.0,82.105,0,0.0,2022,Australia,4.0,1,0.16233333333334107,0.0,0.9482758620689655,2.0
HAM,56.0,HARD,34.0,4.0,82.407,0,0.0,2022,Australia,4.0,1,0.3206666666666725,0.0,0.9655172413793104,2.0
HAM,57.0,HARD,35.0,4.0,82.623,0,0.0,2022,Australia,4.0,1,0.49233333333333934,0.0,0.9827586206896551,2.0
HAM,58.0,HARD,36.0,4.0,82.526,0,0.0,2022,Australia,4.0,1,0.6326666666666702,0.0,1.0,2.0
LAT,2.0,MEDIUM,2.0,17.0,88.794,0,0.0,2022,Australia,16.0,0,8.925999999999995,-1.0,0.034482758620689655,1.0
LAT,3.0,MEDIUM,3.0,17.0,115.664,0,0.0,2022,Australia,16.0,0,15.874999999999995,-0.5,0.05172413793103448,1.0
LAT,4.0,MEDIUM,4.0,17.0,132.55,0,0.0,2022,Australia,16.0,0,26.444999999999997,-0.3333333333333333,0.06896551724137931,1.0
LAT,5.0,MEDIUM,5.0,17.0,136.809,0,0.0,2022,Australia,16.0,0,42.449999999999996,-0.25,0.08620689655172414,1.0
LAT,6.0,MEDIUM,6.0,17.0,125.917,0,0.0,2022,Australia,16.0,0,45.86766666666667,-0.2,0.10344827586206896,1.0
LAT,7.0,MEDIUM,7.0,17.0,87.957,0,0.0,2022,Australia,16.0,0,31.003333333333327,0.0,0.1206896551724138,1.0
LAT,8.0,MEDIUM,8.0,17.0,87.094,0,0.0,2022,Australia,16.0,0,14.431666666666658,0.0,0.13793103448275862,1.0
LAT,9.0,MEDIUM,9.0,17.0,86.511,0,0.0,2022,Australia,16.0,0,1.2963333333333225,0.0,0.15517241379310345,1.0
LAT,10.0,MEDIUM,10.0,16.0,85.891,0,0.0,2022,Australia,16.0,0,0.6076666666666597,-0.2,0.1724137931034483,1.0
LAT,11.0,MEDIUM,11.0,16.0,87.274,0,0.0,2022,Australia,16.0,0,0.667666666666662,-0.2,0.1896551724137931,1.0
LAT,12.0,MEDIUM,12.0,16.0,87.517,0,0.0,2022,Australia,16.0,0,1.0029999999999955,-0.2,0.20689655172413793,1.0
LAT,13.0,MEDIUM,13.0,19.0,104.388,1,0.0,2022,Australia,16.0,1,7.437999999999998,0.4,0.22413793103448276,1.0
LAT,14.0,HARD,2.0,19.0,92.856,0,0.0,2022,Australia,16.0,1,9.567999999999998,0.4,0.2413793103448276,2.0
LAT,15.0,HARD,3.0,19.0,85.446,0,0.0,2022,Australia,16.0,1,9.147,0.6,0.25862068965517243,2.0
LAT,16.0,HARD,4.0,19.0,85.269,0,0.0,2022,Australia,16.0,1,2.774000000000001,0.6,0.27586206896551724,2.0
LAT,17.0,HARD,5.0,19.0,85.538,0,0.0,2022,Australia,16.0,1,0.3346666666666683,0.6,0.29310344827586204,2.0
LAT,18.0,HARD,6.0,19.0,85.414,0,0.0,2022,Australia,16.0,1,0.3240000000000028,0.0,0.3103448275862069,2.0
LAT,19.0,HARD,7.0,19.0,85.51,0,0.0,2022,Australia,16.0,1,0.40433333333333604,0.0,0.3275862068965517,2.0
LAT,20.0,HARD,8.0,19.0,85.546,0,0.0,2022,Australia,16.0,1,0.40700000000000597,0.0,0.3448275862068966,2.0
LAT,21.0,HARD,9.0,19.0,85.375,0,0.0,2022,Australia,16.0,1,0.39400000000000546,0.0,0.3620689655172414,2.0
LAT,22.0,HARD,10.0,19.0,85.083,0,0.0,2022,Australia,16.0,1,0.25166666666666987,0.0,0.3793103448275862,2.0
LAT,23.0,HARD,11.0,18.0,119.64,1,0.0,2022,Australia,16.0,2,12.016666666666666,-0.2,0.39655172413793105,2.0
LAT,24.0,HARD,1.0,18.0,116.661,0,0.0,2022,Australia,16.0,2,22.845666666666663,-0.2,0.41379310344827586,2.0
LAT,25.0,HARD,2.0,18.0,135.21,0,0.0,2022,Australia,16.0,2,39.955,-0.2,0.43103448275862066,2.0
LAT,26.0,HARD,3.0,18.0,141.255,0,0.0,2022,Australia,16.0,2,47.16,-0.2,0.4482758620689655,2.0
LAT,27.0,HARD,4.0,18.0,88.212,0,0.0,2022,Australia,16.0,2,37.677,-0.2,0.46551724137931033,2.0
LAT,28.0,HARD,5.0,18.0,86.491,0,0.0,2022,Australia,16.0,2,21.437333333333328,0.0,0.4827586206896552,2.0
LAT,29.0,HARD,6.0,18.0,85.914,0,0.0,2022,Australia,16.0,2,2.99033333333333,0.0,0.5,2.0
LAT,30.0,HARD,7.0,18.0,85.188,0,0.0,2022,Australia,16.0,2,1.9823333333333295,0.0,0.5172413793103449,2.0
LAT,31.0,HARD,8.0,18.0,85.115,0,0.0,2022,Australia,16.0,2,1.5236666666666612,0.0,0.5344827586206896,2.0
LAT,32.0,HARD,9.0,18.0,84.995,0,0.0,2022,Australia,16.0,2,1.217333333333329,0.0,0.5517241379310345,2.0
LAT,33.0,HARD,10.0,18.0,84.957,0,0.0,2022,Australia,16.0,2,1.140333333333326,0.0,0.5689655172413793,2.0
LAT,34.0,HARD,11.0,18.0,85.279,0,0.0,2022,Australia,16.0,2,1.1949999999999932,0.0,0.5862068965517241,2.0
LAT,35.0,HARD,12.0,18.0,84.916,0,0.0,2022,Australia,16.0,2,1.1686666666666572,0.0,0.603448275862069,2.0
LAT,36.0,HARD,13.0,18.0,84.604,0,0.0,2022,Australia,16.0,2,1.0509999999999924,0.0,0.6206896551724138,2.0
LAT,37.0,HARD,14.0,18.0,84.515,0,0.0,2022,Australia,16.0,2,0.7963333333333272,0.0,0.6379310344827587,2.0
LAT,38.0,HARD,15.0,18.0,84.573,0,0.0,2022,Australia,16.0,2,0.6819999999999927,0.0,0.6551724137931034,2.0
LAT,39.0,HARD,16.0,17.0,114.084,0,0.0,2022,Australia,16.0,2,10.508666666666661,-0.2,0.6724137931034483,2.0
LAT,40.0,HARD,17.0,16.0,88.456,0,0.0,2022,Australia,16.0,2,11.822333333333328,-0.4,0.6896551724137931,2.0
LAT,41.0,HARD,18.0,16.0,84.389,0,0.0,2022,Australia,16.0,2,11.760999999999996,-0.4,0.7068965517241379,2.0
LAT,42.0,HARD,19.0,17.0,85.529,0,0.0,2022,Australia,16.0,2,2.24266666666666,-0.2,0.7241379310344828,2.0
LAT,43.0,HARD,20.0,17.0,84.005,0,0.0,2022,Australia,16.0,2,0.7589999999999909,-0.2,0.7413793103448276,2.0
LAT,44.0,HARD,21.0,17.0,84.35,0,0.0,2022,Australia,16.0,2,0.7459999999999903,0.0,0.7586206896551724,2.0
LAT,45.0,HARD,22.0,17.0,84.382,0,0.0,2022,Australia,16.0,2,0.3636666666666599,0.2,0.7758620689655172,2.0
LAT,46.0,HARD,23.0,17.0,83.997,0,0.0,2022,Australia,16.0,2,0.3609999999999947,0.2,0.7931034482758621,2.0
LAT,47.0,HARD,24.0,17.0,84.05,0,0.0,2022,Australia,16.0,2,0.2609999999999957,0.0,0.8103448275862069,2.0
LAT,48.0,HARD,25.0,17.0,83.9,0,0.0,2022,Australia,16.0,2,0.10033333333332924,0.0,0.8275862068965517,2.0
LAT,49.0,HARD,26.0,17.0,83.882,0,0.0,2022,Australia,16.0,2,0.06199999999999761,0.0,0.8448275862068966,2.0
LAT,50.0,HARD,27.0,17.0,84.267,0,0.0,2022,Australia,16.0,2,0.13433333333333053,0.0,0.8620689655172413,2.0
LAT,51.0,HARD,28.0,17.0,84.266,0,0.0,2022,Australia,16.0,2,0.2563333333333304,0.0,0.8793103448275862,2.0
LAT,52.0,HARD,29.0,17.0,83.998,0,0.0,2022,Australia,16.0,2,0.294999999999997,0.0,0.896551724137931,2.0
LAT,53.0,HARD,30.0,16.0,84.26,0,0.0,2022,Australia,16.0,2,0.2926666666666667,-0.2,0.9137931034482759,2.0
LAT,54.0,HARD,31.0,16.0,85.83,0,0.0,2022,Australia,16.0,2,0.8139999999999977,-0.2,0.9310344827586207,2.0
LAT,55.0,HARD,32.0,16.0,84.202,0,0.0,2022,Australia,16.0,2,0.8819999999999956,-0.2,0.9482758620689655,2.0
LAT,56.0,HARD,33.0,16.0,83.924,0,0.0,2022,Australia,16.0,2,0.769999999999996,-0.2,0.9655172413793104,2.0
LAT,57.0,HARD,34.0,16.0,84.492,0,0.0,2022,Australia,16.0,2,0.32399999999999807,-0.2,0.9827586206896551,2.0
LEC,2.0,MEDIUM,2.0,1.0,84.746,0,0.0,2022,Australia,1.0,0,3.8954999999999913,0.0,0.034482758620689655,1.0
LEC,3.0,MEDIUM,3.0,1.0,103.345,0,0.0,2022,Australia,1.0,0,9.270333333333326,0.0,0.05172413793103448,1.0
LEC,4.0,MEDIUM,4.0,1.0,135.102,0,0.0,2022,Australia,1.0,0,24.405999999999995,0.0,0.06896551724137931,1.0
LEC,5.0,MEDIUM,5.0,1.0,134.936,0,0.0,2022,Australia,1.0,0,41.136,0.0,0.08620689655172414,1.0
LEC,6.0,MEDIUM,6.0,1.0,144.953,0,0.0,2022,Australia,1.0,0,55.00533333333334,0.0,0.10344827586206896,1.0
LEC,7.0,MEDIUM,7.0,1.0,83.957,0,0.0,2022,Australia,1.0,0,37.957,0.0,0.1206896551724138,1.0
LEC,8.0,MEDIUM,8.0,1.0,83.589,0,0.0,2022,Australia,1.0,0,20.841333333333328,0.0,0.13793103448275862,1.0
LEC,9.0,MEDIUM,9.0,1.0,83.39,0,0.0,2022,Australia,1.0,0,0.3203333333333281,0.0,0.15517241379310345,1.0
LEC,10.0,MEDIUM,10.0,1.0,83.36,0,0.0,2022,Australia,1.0,0,0.12133333333333003,0.0,0.1724137931034483,1.0
LEC,11.0,MEDIUM,11.0,1.0,83.356,0,0.0,2022,Australia,1.0,0,0.043666666666662,0.0,0.1896551724137931,1.0
LEC,12.0,MEDIUM,12.0,1.0,83.325,0,0.0,2022,Australia,1.0,0,0.021999999999996096,0.0,0.20689655172413793,1.0
LEC,13.0,MEDIUM,13.0,1.0,83.585,0,0.0,2022,Australia,1.0,0,0.0969999999999942,0.0,0.22413793103448276,1.0
LEC,14.0,MEDIUM,14.0,1.0,83.905,0,0.0,2022,Australia,1.0,0,0.2799999999999964,0.0,0.2413793103448276,1.0
LEC,15.0,MEDIUM,15.0,1.0,83.575,0,0.0,2022,Australia,1.0,0,0.36333333333332973,0.0,0.25862068965517243,1.0
LEC,16.0,MEDIUM,16.0,1.0,83.715,0,0.0,2022,Australia,1.0,0,0.4066666666666663,0.0,0.27586206896551724,1.0
LEC,17.0,MEDIUM,17.0,1.0,84.044,0,0.0,2022,Australia,1.0,0,0.45299999999999824,0.0,0.29310344827586204,1.0
LEC,18.0,MEDIUM,18.0,1.0,83.883,0,0.0,2022,Australia,1.0,0,0.5556666666666624,0.0,0.3103448275862069,1.0
LEC,19.0,MEDIUM,19.0,1.0,84.061,0,0.0,2022,Australia,1.0,0,0.670999999999997,0.0,0.3275862068965517,1.0
LEC,20.0,MEDIUM,20.0,1.0,84.098,0,0.0,2022,Australia,1.0,0,0.6889999999999977,0.0,0.3448275862068966,1.0
LEC,21.0,MEDIUM,21.0,1.0,84.03,0,0.0,2022,Australia,1.0,0,0.7379999999999995,0.0,0.3620689655172414,1.0
LEC,22.0,MEDIUM,22.0,1.0,98.34,1,0.0,2022,Australia,1.0,1,6.519333333333331,0.0,0.3793103448275862,1.0
LEC,23.0,HARD,1.0,1.0,94.148,0,0.0,2022,Australia,1.0,1,10.890999999999996,0.0,0.39655172413793105,2.0
LEC,25.0,HARD,3.0,1.0,149.175,0,0.0,2022,Australia,1.0,1,33.62766666666666,0.0,0.43103448275862066,2.0
LEC,27.0,HARD,5.0,1.0,85.197,0,0.0,2022,Australia,1.0,1,29.246666666666666,0.0,0.46551724137931033,2.0
LEC,28.0,HARD,6.0,1.0,83.532,0,0.0,2022,Australia,1.0,1,25.708,0.0,0.4827586206896552,2.0
LEC,29.0,HARD,7.0,1.0,82.857,0,0.0,2022,Australia,1.0,1,3.6019999999999945,0.0,0.5,2.0
LEC,30.0,HARD,8.0,1.0,82.642,0,0.0,2022,Australia,1.0,1,2.7503333333333253,0.0,0.5172413793103449,2.0
LEC,31.0,HARD,9.0,1.0,82.45,0,0.0,2022,Australia,1.0,1,2.389666666666661,0.0,0.5344827586206896,2.0
LEC,32.0,HARD,10.0,1.0,82.394,0,0.0,2022,Australia,1.0,1,2.2353333333333296,0.0,0.5517241379310345,2.0
LEC,33.0,HARD,11.0,1.0,82.023,0,0.0,2022,Australia,1.0,1,2.0289999999999964,0.0,0.5689655172413793,2.0
LEC,34.0,HARD,12.0,1.0,82.445,0,0.0,2022,Australia,1.0,1,2.0273333333333263,0.0,0.5862068965517241,2.0
LEC,35.0,HARD,13.0,1.0,82.124,0,0.0,2022,Australia,1.0,1,1.9373333333333231,0.0,0.603448275862069,2.0
LEC,36.0,HARD,14.0,1.0,81.986,0,0.0,2022,Australia,1.0,1,1.9249999999999925,0.0,0.6206896551724138,2.0
LEC,37.0,HARD,15.0,1.0,81.995,0,0.0,2022,Australia,1.0,1,1.7749999999999961,0.0,0.6379310344827587,2.0
LEC,38.0,HARD,16.0,1.0,81.291,0,0.0,2022,Australia,1.0,1,1.49733333333333,0.0,0.6551724137931034,2.0
LEC,39.0,HARD,17.0,1.0,97.133,0,0.0,2022,Australia,1.0,1,6.546333333333327,0.0,0.6724137931034483,2.0
LEC,40.0,HARD,18.0,1.0,103.09,0,0.0,2022,Australia,1.0,1,13.577999999999994,0.0,0.6896551724137931,2.0
LEC,41.0,HARD,19.0,1.0,81.961,0,0.0,2022,Australia,1.0,1,13.801333333333327,0.0,0.7068965517241379,2.0
LEC,42.0,HARD,20.0,1.0,81.545,0,0.0,2022,Australia,1.0,1,8.605333333333329,0.0,0.7241379310344828,2.0
LEC,43.0,HARD,21.0,1.0,81.559,0,0.0,2022,Australia,1.0,1,1.4283333333333275,0.0,0.7413793103448276,2.0
LEC,44.0,HARD,22.0,1.0,81.953,0,0.0,2022,Australia,1.0,1,1.4256666666666622,0.0,0.7586206896551724,2.0
LEC,45.0,HARD,23.0,1.0,81.427,0,0.0,2022,Australia,1.0,1,1.3863333333333305,0.0,0.7758620689655172,2.0
LEC,46.0,HARD,24.0,1.0,81.626,0,0.0,2022,Australia,1.0,1,1.4086666666666663,0.0,0.7931034482758621,2.0
LEC,47.0,HARD,25.0,1.0,81.728,0,0.0,2022,Australia,1.0,1,1.3336666666666634,0.0,0.8103448275862069,2.0
LEC,48.0,HARD,26.0,1.0,81.489,0,0.0,2022,Australia,1.0,1,1.3543333333333294,0.0,0.8275862068965517,2.0
LEC,49.0,HARD,27.0,1.0,80.966,0,0.0,2022,Australia,1.0,1,1.1343333333333259,0.0,0.8448275862068966,2.0
LEC,50.0,HARD,28.0,1.0,81.017,0,0.0,2022,Australia,1.0,1,0.8973333333333263,0.0,0.8620689655172413,2.0
LEC,51.0,HARD,29.0,1.0,81.504,0,0.0,2022,Australia,1.0,1,0.9023333333333264,0.0,0.8793103448275862,2.0
LEC,52.0,HARD,30.0,1.0,81.27,0,0.0,2022,Australia,1.0,1,1.0036666666666605,0.0,0.896551724137931,2.0
LEC,53.0,HARD,31.0,1.0,81.559,0,0.0,2022,Australia,1.0,1,1.1843333333333277,0.0,0.9137931034482759,2.0
LEC,54.0,HARD,32.0,1.0,82.074,0,0.0,2022,Australia,1.0,1,1.3743333333333254,0.0,0.9310344827586207,2.0
LEC,55.0,HARD,33.0,1.0,82.127,0,0.0,2022,Australia,1.0,1,1.659999999999992,0.0,0.9482758620689655,2.0
LEC,56.0,HARD,34.0,1.0,81.629,0,0.0,2022,Australia,1.0,1,1.6833333333333276,0.0,0.9655172413793104,2.0
LEC,57.0,HARD,35.0,1.0,82.1,0,0.0,2022,Australia,1.0,1,1.691999999999993,0.0,0.9827586206896551,2.0
LEC,58.0,HARD,36.0,1.0,80.26,0,0.0,2022,Australia,1.0,1,1.069666666666663,0.0,1.0,2.0
MAG,2.0,HARD,2.0,15.0,88.121,0,0.0,2022,Australia,14.0,0,9.740999999999993,-1.0,0.034482758620689655,2.0
MAG,3.0,HARD,3.0,15.0,114.623,0,0.0,2022,Australia,14.0,0,16.64366666666666,-0.5,0.05172413793103448,2.0
MAG,4.0,HARD,4.0,15.0,131.897,0,0.0,2022,Australia,14.0,0,27.37299999999999,-0.3333333333333333,0.06896551724137931,2.0
MAG,5.0,HARD,5.0,15.0,137.172,0,0.0,2022,Australia,14.0,0,43.72333333333332,-0.25,0.08620689655172414,2.0
MAG,6.0,HARD,6.0,15.0,128.102,0,0.0,2022,Australia,14.0,0,48.216333333333324,-0.2,0.10344827586206896,2.0
MAG,7.0,HARD,7.0,15.0,87.251,0,0.0,2022,Australia,14.0,0,33.334333333333326,0.0,0.1206896551724138,2.0
MAG,8.0,HARD,8.0,15.0,86.461,0,0.0,2022,Australia,14.0,0,16.430666666666664,0.0,0.13793103448275862,2.0
MAG,9.0,HARD,9.0,15.0,85.466,0,0.0,2022,Australia,14.0,0,2.218666666666659,0.0,0.15517241379310345,2.0
MAG,10.0,HARD,10.0,15.0,85.36,0,0.0,2022,Australia,14.0,0,1.588333333333324,0.0,0.1724137931034483,2.0
MAG,11.0,HARD,11.0,14.0,85.99,0,0.0,2022,Australia,14.0,0,1.431333333333323,-0.2,0.1896551724137931,2.0
MAG,12.0,HARD,12.0,13.0,85.84,0,0.0,2022,Australia,14.0,0,1.5559999999999927,-0.4,0.20689655172413793,2.0
MAG,13.0,HARD,13.0,13.0,85.743,0,0.0,2022,Australia,14.0,0,1.6836666666666578,-0.4,0.22413793103448276,2.0
MAG,14.0,HARD,14.0,13.0,85.623,0,0.0,2022,Australia,14.0,0,1.5613333333333277,-0.4,0.2413793103448276,2.0
MAG,15.0,HARD,15.0,13.0,85.101,0,0.0,2022,Australia,14.0,0,1.314999999999993,-0.4,0.25862068965517243,2.0
MAG,16.0,HARD,16.0,14.0,88.155,0,0.0,2022,Australia,14.0,0,2.118999999999995,0.0,0.27586206896551724,2.0
MAG,17.0,HARD,17.0,13.0,85.421,0,0.0,2022,Australia,14.0,0,2.0516666666666623,0.0,0.29310344827586204,2.0
MAG,18.0,HARD,18.0,12.0,85.974,0,0.0,2022,Australia,14.0,0,2.342666666666664,-0.2,0.3103448275862069,2.0
MAG,19.0,HARD,19.0,11.0,85.595,0,0.0,2022,Australia,14.0,0,1.4893333333333298,-0.4,0.3275862068965517,2.0
MAG,20.0,HARD,20.0,11.0,85.609,0,0.0,2022,Australia,14.0,0,1.5519999999999925,-0.4,0.3448275862068966,2.0
MAG,21.0,HARD,21.0,8.0,85.451,0,0.0,2022,Australia,14.0,0,1.3776666666666557,-1.2,0.3620689655172414,2.0
MAG,22.0,HARD,22.0,7.0,85.019,0,0.0,2022,Australia,14.0,0,1.185666666666658,-1.2,0.3793103448275862,2.0
MAG,23.0,HARD,23.0,7.0,96.157,0,0.0,2022,Australia,14.0,0,4.701666666666658,-1.0,0.39655172413793105,2.0
MAG,24.0,HARD,24.0,7.0,137.341,0,0.0,2022,Australia,14.0,0,21.99833333333333,-0.8,0.41379310344827586,2.0
MAG,25.0,HARD,25.0,7.0,149.434,0,0.0,2022,Australia,14.0,0,43.46999999999999,-0.8,0.43103448275862066,2.0
MAG,27.0,HARD,27.0,7.0,86.745,0,0.0,2022,Australia,14.0,0,40.33266666666666,-0.2,0.46551724137931033,2.0
MAG,28.0,HARD,28.0,7.0,85.629,0,0.0,2022,Australia,14.0,0,23.09533333333333,0.0,0.4827586206896552,2.0
MAG,29.0,HARD,29.0,7.0,84.669,0,0.0,2022,Australia,14.0,0,1.5069999999999955,0.0,0.5,2.0
MAG,30.0,HARD,30.0,7.0,84.222,0,0.0,2022,Australia,14.0,0,0.665999999999992,0.0,0.5172413793103449,2.0
MAG,31.0,HARD,31.0,7.0,85.122,0,0.0,2022,Australia,14.0,0,0.4969999999999904,0.0,0.5344827586206896,2.0
MAG,32.0,HARD,32.0,7.0,84.417,0,0.0,2022,Australia,14.0,0,0.412999999999992,0.0,0.5517241379310345,2.0
MAG,33.0,HARD,33.0,7.0,85.511,0,0.0,2022,Australia,14.0,0,0.8426666666666591,0.0,0.5689655172413793,2.0
MAG,34.0,HARD,34.0,8.0,85.523,0,0.0,2022,Australia,14.0,0,0.9763333333333245,0.2,0.5862068965517241,2.0
MAG,35.0,HARD,35.0,9.0,85.61,0,0.0,2022,Australia,14.0,0,1.3739999999999906,0.4,0.603448275862069,2.0
MAG,36.0,HARD,36.0,9.0,84.703,0,0.0,2022,Australia,14.0,0,1.1046666666666596,0.4,0.6206896551724138,2.0
MAG,37.0,HARD,37.0,9.0,84.304,0,0.0,2022,Australia,14.0,0,0.6983333333333283,0.4,0.6379310344827587,2.0
MAG,38.0,HARD,38.0,9.0,84.174,0,0.0,2022,Australia,14.0,0,0.21966666666666393,0.4,0.6551724137931034,2.0
MAG,39.0,HARD,39.0,16.0,123.232,1,0.0,2022,Australia,14.0,1,13.430333333333332,1.6,0.6724137931034483,2.0
MAG,40.0,MEDIUM,3.0,17.0,90.49,0,0.0,2022,Australia,14.0,1,15.86,1.6,0.6896551724137931,1.0
MAG,41.0,MEDIUM,4.0,17.0,83.182,0,0.0,2022,Australia,14.0,1,15.897,1.6,0.7068965517241379,1.0
MAG,42.0,MEDIUM,5.0,16.0,83.334,0,0.0,2022,Australia,14.0,1,2.597666666666669,1.4,0.7241379310344828,1.0
MAG,43.0,MEDIUM,6.0,16.0,83.59,0,0.0,2022,Australia,14.0,1,0.29766666666667163,1.4,0.7413793103448276,1.0
MAG,44.0,MEDIUM,7.0,16.0,83.071,0,0.0,2022,Australia,14.0,1,0.2606666666666702,0.0,0.7586206896551724,1.0
MAG,45.0,MEDIUM,8.0,15.0,84.061,0,0.0,2022,Australia,14.0,1,0.5030000000000049,-0.4,0.7758620689655172,1.0
MAG,46.0,MEDIUM,9.0,15.0,84.454,0,0.0,2022,Australia,14.0,1,0.7910000000000016,-0.4,0.7931034482758621,1.0
MAG,47.0,MEDIUM,10.0,15.0,83.435,0,0.0,2022,Australia,14.0,1,0.9123333333333363,-0.2,0.8103448275862069,1.0
MAG,48.0,MEDIUM,11.0,15.0,83.217,0,0.0,2022,Australia,14.0,1,0.6310000000000002,-0.2,0.8275862068965517,1.0
MAG,49.0,MEDIUM,12.0,15.0,83.475,0,0.0,2022,Australia,14.0,1,0.30466666666666714,-0.2,0.8448275862068966,1.0
MAG,50.0,MEDIUM,13.0,14.0,84.063,0,0.0,2022,Australia,14.0,1,0.5140000000000006,-0.2,0.8620689655172413,1.0
MAG,51.0,MEDIUM,14.0,14.0,83.771,0,0.0,2022,Australia,14.0,1,0.6986666666666679,-0.2,0.8793103448275862,1.0
MAG,52.0,MEDIUM,15.0,13.0,84.45,0,0.0,2022,Australia,14.0,1,1.0236666666666707,-0.4,0.896551724137931,1.0
MAG,53.0,MEDIUM,16.0,13.0,84.333,0,0.0,2022,Australia,14.0,1,1.1136666666666695,-0.4,0.9137931034482759,1.0
MAG,54.0,MEDIUM,17.0,13.0,84.002,0,0.0,2022,Australia,14.0,1,1.1906666666666677,-0.4,0.9310344827586207,1.0
MAG,55.0,MEDIUM,18.0,13.0,83.451,0,0.0,2022,Australia,14.0,1,0.8576666666666645,-0.2,0.9482758620689655,1.0
MAG,56.0,MEDIUM,19.0,14.0,85.492,0,0.0,2022,Australia,14.0,1,1.2439999999999998,0.0,0.9655172413793104,1.0
MAG,57.0,MEDIUM,20.0,14.0,84.285,0,0.0,2022,Australia,14.0,1,1.3383333333333336,0.2,0.9827586206896551,1.0
MSC,2.0,MEDIUM,4.0,13.0,87.769,0,0.0,2022,Australia,13.0,0,8.0135,0.0,0.034482758620689655,1.0
MSC,3.0,MEDIUM,5.0,13.0,113.784,0,0.0,2022,Australia,13.0,0,14.896333333333336,0.0,0.05172413793103448,1.0
MSC,4.0,MEDIUM,6.0,13.0,132.243,0,0.0,2022,Australia,13.0,0,26.143333333333334,0.0,0.06896551724137931,1.0
MSC,5.0,MEDIUM,7.0,13.0,137.298,0,0.0,2022,Australia,13.0,0,42.653,0.0,0.08620689655172414,1.0
MSC,6.0,MEDIUM,8.0,13.0,129.072,0,0.0,2022,Australia,13.0,0,47.749,0.0,0.10344827586206896,1.0
MSC,7.0,MEDIUM,9.0,13.0,87.48,0,0.0,2022,Australia,13.0,0,32.828,0.0,0.1206896551724138,1.0
MSC,8.0,MEDIUM,10.0,13.0,86.147,0,0.0,2022,Australia,13.0,0,15.77766666666667,0.0,0.13793103448275862,1.0
MSC,9.0,MEDIUM,11.0,13.0,85.782,0,0.0,2022,Australia,13.0,0,1.3476666666666688,0.0,0.15517241379310345,1.0
MSC,10.0,MEDIUM,12.0,13.0,85.122,0,0.0,2022,Australia,13.0,0,0.5616666666666674,0.0,0.1724137931034483,1.0
MSC,11.0,MEDIUM,13.0,13.0,86.605,0,0.0,2022,Australia,13.0,0,0.7143333333333336,0.0,0.1896551724137931,1.0
MSC,12.0,MEDIUM,14.0,15.0,88.732,0,0.0,2022,Australia,13.0,0,1.6976666666666678,0.4,0.20689655172413793,1.0
MSC,13.0,MEDIUM,15.0,15.0,86.67,0,0.0,2022,Australia,13.0,0,2.2136666666666684,0.4,0.22413793103448276,1.0
MSC,14.0,MEDIUM,16.0,18.0,101.908,1,0.0,2022,Australia,13.0,1,8.020000000000001,1.0,0.2413793103448276,1.0
MSC,15.0,HARD,1.0,18.0,91.469,0,0.0,2022,Australia,13.0,1,9.637666666666666,1.0,0.25862068965517243,2.0
MSC,16.0,HARD,2.0,18.0,85.008,0,0.0,2022,Australia,13.0,1,9.788999999999996,1.0,0.27586206896551724,2.0
MSC,17.0,HARD,3.0,18.0,84.518,0,0.0,2022,Australia,13.0,1,3.9923333333333297,0.6,0.29310344827586204,2.0
MSC,18.0,HARD,4.0,18.0,84.347,0,0.0,2022,Australia,13.0,1,1.6183333333333298,0.6,0.3103448275862069,2.0
MSC,19.0,HARD,5.0,18.0,84.868,0,0.0,2022,Australia,13.0,1,1.571666666666663,0.0,0.3275862068965517,2.0
MSC,20.0,HARD,6.0,18.0,85.01,0,0.0,2022,Australia,13.0,1,1.7356666666666645,0.0,0.3448275862068966,2.0
MSC,21.0,HARD,7.0,18.0,84.808,0,0.0,2022,Australia,13.0,1,1.8893333333333355,0.0,0.3620689655172414,2.0
MSC,22.0,HARD,8.0,17.0,84.949,0,0.0,2022,Australia,13.0,1,1.9163333333333366,-0.2,0.3793103448275862,2.0
MSC,23.0,HARD,9.0,16.0,109.601,0,0.0,2022,Australia,13.0,1,10.113333333333335,-0.4,0.39655172413793105,2.0
MSC,24.0,HARD,10.0,16.0,120.112,0,0.0,2022,Australia,13.0,1,21.88133333333333,-0.4,0.41379310344827586,2.0
MSC,26.0,HARD,12.0,16.0,142.725,0,0.0,2022,Australia,13.0,1,41.13999999999999,-0.4,0.4482758620689655,2.0
MSC,27.0,HARD,13.0,16.0,87.457,0,0.0,2022,Australia,13.0,1,33.75866666666666,-0.4,0.46551724137931033,2.0
MSC,28.0,HARD,14.0,16.0,86.162,0,0.0,2022,Australia,13.0,1,22.441999999999997,-0.2,0.4827586206896552,2.0
MSC,29.0,HARD,15.0,16.0,85.836,0,0.0,2022,Australia,13.0,1,3.478999999999999,0.0,0.5,2.0
MSC,30.0,HARD,16.0,16.0,84.853,0,0.0,2022,Australia,13.0,1,2.6109999999999993,0.0,0.5172413793103449,2.0
MSC,31.0,HARD,17.0,15.0,84.597,0,0.0,2022,Australia,13.0,1,2.089333333333329,-0.2,0.5344827586206896,2.0
MSC,32.0,HARD,18.0,15.0,83.991,0,0.0,2022,Australia,13.0,1,1.4743333333333293,-0.2,0.5517241379310345,2.0
MSC,33.0,HARD,19.0,15.0,84.15,0,0.0,2022,Australia,13.0,1,1.2399999999999995,-0.2,0.5689655172413793,2.0
MSC,34.0,HARD,20.0,15.0,84.203,0,0.0,2022,Australia,13.0,1,1.1086666666666691,-0.2,0.5862068965517241,2.0
MSC,35.0,HARD,21.0,15.0,85.619,0,0.0,2022,Australia,13.0,1,1.651333333333336,-0.2,0.603448275862069,2.0
MSC,36.0,HARD,22.0,15.0,84.49,0,0.0,2022,Australia,13.0,1,1.7646666666666657,0.0,0.6206896551724138,2.0
MSC,37.0,HARD,23.0,15.0,84.557,0,0.0,2022,Australia,13.0,1,1.8826666666666654,0.0,0.6379310344827587,2.0
MSC,38.0,HARD,24.0,15.0,84.497,0,0.0,2022,Australia,13.0,1,1.5086666666666655,0.0,0.6551724137931034,2.0
MSC,39.0,HARD,25.0,13.0,112.519,0,0.0,2022,Australia,13.0,1,10.851666666666668,-0.4,0.6724137931034483,2.0
MSC,40.0,HARD,26.0,12.0,90.55,0,0.0,2022,Australia,13.0,1,12.849333333333334,-0.6,0.6896551724137931,2.0
MSC,41.0,HARD,27.0,12.0,83.801,0,0.0,2022,Australia,13.0,1,12.617333333333335,-0.6,0.7068965517241379,2.0
MSC,42.0,HARD,28.0,12.0,83.392,0,0.0,2022,Australia,13.0,1,2.9083333333333314,-0.6,0.7241379310344828,2.0
MSC,43.0,HARD,29.0,12.0,83.599,0,0.0,2022,Australia,13.0,1,0.5913333333333336,-0.6,0.7413793103448276,2.0
MSC,44.0,HARD,30.0,12.0,83.993,0,0.0,2022,Australia,13.0,1,0.6553333333333313,-0.2,0.7586206896551724,2.0
MSC,45.0,HARD,31.0,13.0,85.292,0,0.0,2022,Australia,13.0,1,1.2886666666666666,0.2,0.7758620689655172,2.0
MSC,46.0,HARD,32.0,13.0,83.753,0,0.0,2022,Australia,13.0,1,1.3399999999999987,0.2,0.7931034482758621,2.0
MSC,47.0,HARD,33.0,13.0,83.786,0,0.0,2022,Australia,13.0,1,1.2710000000000008,0.2,0.8103448275862069,2.0
MSC,48.0,HARD,34.0,13.0,83.731,0,0.0,2022,Australia,13.0,1,0.7506666666666651,0.2,0.8275862068965517,2.0
MSC,49.0,HARD,35.0,13.0,84.254,0,0.0,2022,Australia,13.0,1,0.9176666666666667,0.2,0.8448275862068966,2.0
MSC,50.0,HARD,36.0,15.0,88.377,0,0.0,2022,Australia,13.0,1,2.447999999999998,0.4,0.8620689655172413,2.0
MSC,51.0,HARD,37.0,15.0,84.152,0,0.0,2022,Australia,13.0,1,2.5883333333333334,0.4,0.8793103448275862,2.0
MSC,52.0,HARD,38.0,15.0,84.517,0,0.0,2022,Australia,13.0,1,2.675999999999997,0.4,0.896551724137931,2.0
MSC,53.0,HARD,39.0,14.0,83.727,0,0.0,2022,Australia,13.0,1,1.1260000000000001,0.2,0.9137931034482759,2.0
MSC,54.0,HARD,40.0,14.0,83.663,0,0.0,2022,Australia,13.0,1,0.9629999999999986,0.2,0.9310344827586207,2.0
MSC,55.0,HARD,41.0,14.0,83.006,0,0.0,2022,Australia,13.0,1,0.45933333333333337,-0.2,0.9482758620689655,2.0
MSC,56.0,HARD,42.0,13.0,83.338,0,0.0,2022,Australia,13.0,1,0.3296666666666634,-0.4,0.9655172413793104,2.0
MSC,57.0,HARD,43.0,13.0,84.171,0,0.0,2022,Australia,13.0,1,0.49899999999999994,-0.4,0.9827586206896551,2.0
NOR,2.0,MEDIUM,2.0,6.0,85.942,0,0.0,2022,Australia,5.0,0,4.98899999999999,0.0,0.034482758620689655,1.0
NOR,3.0,MEDIUM,3.0,6.0,111.392,0,0.0,2022,Australia,5.0,0,12.12099999999999,0.0,0.05172413793103448,1.0
NOR,4.0,MEDIUM,4.0,6.0,133.526,0,0.0,2022,Australia,5.0,0,25.27966666666666,0.0,0.06896551724137931,1.0
NOR,5.0,MEDIUM,5.0,6.0,133.615,0,0.0,2022,Australia,5.0,0,41.17066666666667,0.0,0.08620689655172414,1.0
NOR,6.0,MEDIUM,6.0,6.0,136.529,0,0.0,2022,Australia,5.0,0,49.54966666666667,0.0,0.10344827586206896,1.0
NOR,7.0,MEDIUM,7.0,6.0,86.038,0,0.0,2022,Australia,5.0,0,33.72033333333333,0.0,0.1206896551724138,1.0
NOR,8.0,MEDIUM,8.0,6.0,85.165,0,0.0,2022,Australia,5.0,0,17.570333333333327,0.0,0.13793103448275862,1.0
NOR,9.0,MEDIUM,9.0,6.0,85.007,0,0.0,2022,Australia,5.0,0,0.396333333333331,0.0,0.15517241379310345,1.0
NOR,10.0,MEDIUM,10.0,6.0,85.106,0,0.0,2022,Australia,5.0,0,0.0856666666666636,0.0,0.1724137931034483,1.0
NOR,11.0,MEDIUM,11.0,6.0,85.324,0,0.0,2022,Australia,5.0,0,0.13866666666666086,0.0,0.1896551724137931,1.0
NOR,12.0,MEDIUM,12.0,6.0,85.052,0,0.0,2022,Australia,5.0,0,0.15366666666666143,0.0,0.20689655172413793,1.0
NOR,13.0,MEDIUM,13.0,6.0,85.347,0,0.0,2022,Australia,5.0,0,0.23399999999999466,0.0,0.22413793103448276,1.0
NOR,14.0,MEDIUM,14.0,6.0,85.174,0,0.0,2022,Australia,5.0,0,0.1839999999999975,0.0,0.2413793103448276,1.0
NOR,15.0,MEDIUM,15.0,6.0,85.069,0,0.0,2022,Australia,5.0,0,0.1896666666666628,0.0,0.25862068965517243,1.0
NOR,16.0,MEDIUM,16.0,6.0,85.333,0,0.0,2022,Australia,5.0,0,0.18499999999999753,0.0,0.27586206896551724,1.0
NOR,17.0,MEDIUM,17.0,6.0,85.02,0,0.0,2022,Australia,5.0,0,0.1336666666666607,0.0,0.29310344827586204,1.0
NOR,18.0,MEDIUM,18.0,5.0,85.414,0,0.0,2022,Australia,5.0,0,0.2486666666666603,-0.2,0.3103448275862069,1.0
NOR,19.0,MEDIUM,19.0,5.0,85.317,0,0.0,2022,Australia,5.0,0,0.24333333333332519,-0.2,0.3275862068965517,1.0
NOR,20.0,MEDIUM,20.0,10.0,99.107,1,0.0,2022,Australia,5.0,1,5.85866666666666,0.8,0.3448275862068966,1.0
NOR,21.0,HARD,1.0,10.0,90.195,0,0.0,2022,Australia,5.0,1,8.371999999999991,0.8,0.3620689655172414,2.0
NOR,22.0,HARD,2.0,8.0,85.03,0,0.0,2022,Australia,5.0,1,9.195999999999993,0.4,0.3793103448275862,2.0
NOR,23.0,HARD,3.0,8.0,96.72,0,0.0,2022,Australia,5.0,1,8.400333333333327,0.6,0.39655172413793105,2.0
NOR,24.0,HARD,4.0,8.0,134.67,0,0.0,2022,Australia,5.0,1,23.225333333333325,0.6,0.41379310344827586,2.0
NOR,25.0,HARD,5.0,8.0,149.09,0,0.0,2022,Australia,5.0,1,44.57866666666666,-0.4,0.43103448275862066,2.0
NOR,27.0,HARD,7.0,8.0,86.589,0,0.0,2022,Australia,5.0,1,41.20166666666666,-0.4,0.46551724137931033,2.0
NOR,28.0,HARD,8.0,8.0,85.828,0,0.0,2022,Australia,5.0,1,24.920999999999996,0.0,0.4827586206896552,2.0
NOR,29.0,HARD,9.0,8.0,84.955,0,0.0,2022,Australia,5.0,1,3.542666666666662,0.0,0.5,2.0
NOR,30.0,HARD,10.0,8.0,84.526,0,0.0,2022,Australia,5.0,1,2.8549999999999947,0.0,0.5172413793103449,2.0
NOR,31.0,HARD,11.0,8.0,84.459,0,0.0,2022,Australia,5.0,1,2.3986666666666614,0.0,0.5344827586206896,2.0
NOR,32.0,HARD,12.0,8.0,84.199,0,0.0,2022,Australia,5.0,1,2.146666666666661,0.0,0.5517241379310345,2.0
NOR,33.0,HARD,13.0,8.0,85.305,0,0.0,2022,Australia,5.0,1,2.406333333333331,0.0,0.5689655172413793,2.0
NOR,34.0,HARD,14.0,7.0,83.952,0,0.0,2022,Australia,5.0,1,2.23733333333333,-0.2,0.5862068965517241,2.0
NOR,35.0,HARD,15.0,7.0,83.865,0,0.0,2022,Australia,5.0,1,2.1259999999999954,-0.2,0.603448275862069,2.0
NOR,36.0,HARD,16.0,7.0,83.451,0,0.0,2022,Australia,5.0,1,1.507999999999991,-0.2,0.6206896551724138,2.0
NOR,37.0,HARD,17.0,7.0,83.785,0,0.0,2022,Australia,5.0,1,1.4523333333333237,-0.2,0.6379310344827587,2.0
NOR,38.0,HARD,18.0,7.0,83.502,0,0.0,2022,Australia,5.0,1,1.3313333333333237,-0.2,0.6551724137931034,2.0
NOR,39.0,HARD,19.0,5.0,109.077,0,0.0,2022,Australia,5.0,1,9.873333333333326,-0.4,0.6724137931034483,2.0
NOR,40.0,HARD,20.0,5.0,91.475,0,0.0,2022,Australia,5.0,1,12.436666666666659,-0.4,0.6896551724137931,2.0
NOR,41.0,HARD,21.0,5.0,83.282,0,0.0,2022,Australia,5.0,1,12.363333333333324,-0.4,0.7068965517241379,2.0
NOR,42.0,HARD,22.0,5.0,83.213,0,0.0,2022,Australia,5.0,1,3.7419999999999902,-0.4,0.7241379310344828,2.0
NOR,43.0,HARD,23.0,5.0,83.012,0,0.0,2022,Australia,5.0,1,0.9209999999999923,-0.4,0.7413793103448276,2.0
NOR,44.0,HARD,24.0,5.0,82.685,0,0.0,2022,Australia,5.0,1,0.7219999999999942,0.0,0.7586206896551724,2.0
NOR,45.0,HARD,25.0,5.0,82.685,0,0.0,2022,Australia,5.0,1,0.545999999999997,0.0,0.7758620689655172,2.0
NOR,46.0,HARD,26.0,5.0,82.979,0,0.0,2022,Australia,5.0,1,0.5349999999999966,0.0,0.7931034482758621,2.0
NOR,47.0,HARD,27.0,5.0,82.598,0,0.0,2022,Australia,5.0,1,0.5059999999999955,0.0,0.8103448275862069,2.0
NOR,48.0,HARD,28.0,5.0,82.697,0,0.0,2022,Australia,5.0,1,0.5099999999999957,0.0,0.8275862068965517,2.0
NOR,49.0,HARD,29.0,5.0,82.442,0,0.0,2022,Australia,5.0,1,0.3309999999999936,0.0,0.8448275862068966,2.0
NOR,50.0,HARD,30.0,5.0,82.459,0,0.0,2022,Australia,5.0,1,0.2846666666666617,0.0,0.8620689655172413,2.0
NOR,51.0,HARD,31.0,5.0,82.739,0,0.0,2022,Australia,5.0,1,0.2986666666666622,0.0,0.8793103448275862,2.0
NOR,52.0,HARD,32.0,5.0,82.581,0,0.0,2022,Australia,5.0,1,0.34499999999999886,0.0,0.896551724137931,2.0
NOR,53.0,HARD,33.0,5.0,82.435,0,0.0,2022,Australia,5.0,1,0.3369999999999986,0.0,0.9137931034482759,2.0
NOR,54.0,HARD,34.0,5.0,82.309,0,0.0,2022,Australia,5.0,1,0.19366666666666296,0.0,0.9310344827586207,2.0
NOR,55.0,HARD,35.0,5.0,82.248,0,0.0,2022,Australia,5.0,1,0.08266666666666349,0.0,0.9482758620689655,2.0
NOR,56.0,HARD,36.0,5.0,83.86,0,0.0,2022,Australia,5.0,1,0.5576666666666625,0.0,0.9655172413793104,2.0
NOR,57.0,HARD,37.0,5.0,84.97,0,0.0,2022,Australia,5.0,1,1.444666666666663,0.0,0.9827586206896551,2.0
NOR,58.0,HARD,38.0,5.0,84.744,0,0.0,2022,Australia,5.0,1,2.2766666666666615,0.0,1.0,2.0
OCO,2.0,MEDIUM,2.0,8.0,86.734,0,0.0,2022,Australia,7.0,0,5.829000000000001,0.0,0.034482758620689655,1.0
OCO,3.0,MEDIUM,3.0,8.0,111.376,0,0.0,2022,Australia,7.0,0,12.62066666666667,0.0,0.05172413793103448,1.0
OCO,4.0,MEDIUM,4.0,8.0,134.223,0,0.0,2022,Australia,7.0,0,25.605666666666675,0.0,0.06896551724137931,1.0
OCO,5.0,MEDIUM,5.0,8.0,135.309,0,0.0,2022,Australia,7.0,0,41.79733333333334,0.0,0.08620689655172414,1.0
OCO,6.0,MEDIUM,6.0,8.0,133.381,0,0.0,2022,Australia,7.0,0,49.13233333333334,0.0,0.10344827586206896,1.0
OCO,7.0,MEDIUM,7.0,8.0,86.228,0,0.0,2022,Australia,7.0,0,33.134,0.0,0.1206896551724138,1.0
OCO,8.0,MEDIUM,8.0,8.0,85.686,0,0.0,2022,Australia,7.0,0,16.593000000000004,0.0,0.13793103448275862,1.0
OCO,9.0,MEDIUM,9.0,8.0,85.204,0,0.0,2022,Australia,7.0,0,0.5340000000000013,0.0,0.15517241379310345,1.0
OCO,10.0,MEDIUM,10.0,8.0,85.172,0,0.0,2022,Australia,7.0,0,0.18200000000000216,0.0,0.1724137931034483,1.0
OCO,11.0,MEDIUM,11.0,8.0,85.595,0,0.0,2022,Australia,7.0,0,0.1516666666666661,0.0,0.1896551724137931,1.0
OCO,12.0,MEDIUM,12.0,8.0,85.462,0,0.0,2022,Australia,7.0,0,0.23766666666666936,0.0,0.20689655172413793,1.0
OCO,13.0,MEDIUM,13.0,8.0,85.623,0,0.0,2022,Australia,7.0,0,0.38800000000000523,0.0,0.22413793103448276,1.0
OCO,14.0,MEDIUM,14.0,8.0,85.785,0,0.0,2022,Australia,7.0,0,0.4513333333333378,0.0,0.2413793103448276,1.0
OCO,15.0,MEDIUM,15.0,8.0,85.835,0,0.0,2022,Australia,7.0,0,0.575666666666668,0.0,0.25862068965517243,1.0
OCO,16.0,MEDIUM,16.0,8.0,86.32,0,0.0,2022,Australia,7.0,0,0.8079999999999975,0.0,0.27586206896551724,1.0
OCO,17.0,MEDIUM,17.0,17.0,101.475,1,0.0,2022,Australia,7.0,1,6.938999999999997,1.8,0.29310344827586204,1.0
OCO,18.0,HARD,1.0,16.0,90.536,0,0.0,2022,Australia,7.0,1,9.407000000000002,1.6,0.3103448275862069,2.0
OCO,19.0,HARD,2.0,16.0,84.6,0,0.0,2022,Australia,7.0,1,9.73466666666667,1.6,0.3275862068965517,2.0
OCO,20.0,HARD,3.0,16.0,84.367,0,0.0,2022,Australia,7.0,1,4.032000000000006,1.6,0.3448275862068966,2.0
OCO,21.0,HARD,4.0,14.0,84.507,0,0.0,2022,Australia,7.0,1,2.0223333333333406,1.2,0.3620689655172414,2.0
OCO,22.0,HARD,5.0,13.0,85.239,0,0.0,2022,Australia,7.0,1,2.235333333333344,-0.8,0.3793103448275862,2.0
OCO,23.0,HARD,6.0,11.0,102.39,0,0.0,2022,Australia,7.0,1,8.24300000000001,-1.0,0.39655172413793105,2.0
OCO,24.0,HARD,7.0,11.0,128.566,0,0.0,2022,Australia,7.0,1,22.929333333333343,-1.0,0.41379310344827586,2.0
OCO,25.0,HARD,8.0,11.0,149.942,0,0.0,2022,Australia,7.0,1,44.497000000000014,-1.0,0.43103448275862066,2.0
OCO,26.0,HARD,9.0,11.0,147.691,0,0.0,2022,Australia,7.0,1,59.597333333333346,-0.6,0.4482758620689655,2.0
OCO,27.0,HARD,10.0,11.0,86.917,0,0.0,2022,Australia,7.0,1,45.71433333333334,-0.4,0.46551724137931033,2.0
OCO,28.0,HARD,11.0,11.0,86.162,0,0.0,2022,Australia,7.0,1,24.45433333333334,0.0,0.4827586206896552,2.0
OCO,29.0,HARD,12.0,11.0,85.008,0,0.0,2022,Australia,7.0,1,3.560000000000007,0.0,0.5,2.0
OCO,30.0,HARD,13.0,11.0,84.299,0,0.0,2022,Australia,7.0,1,2.687333333333342,0.0,0.5172413793103449,2.0
OCO,31.0,HARD,14.0,11.0,84.48,0,0.0,2022,Australia,7.0,1,2.1266666666666745,0.0,0.5344827586206896,2.0
OCO,32.0,HARD,15.0,11.0,84.552,0,0.0,2022,Australia,7.0,1,1.9746666666666783,0.0,0.5517241379310345,2.0
OCO,33.0,HARD,16.0,11.0,84.541,0,0.0,2022,Australia,7.0,1,2.055333333333342,0.0,0.5689655172413793,2.0
OCO,34.0,HARD,17.0,11.0,85.264,0,0.0,2022,Australia,7.0,1,2.316666666666672,0.0,0.5862068965517241,2.0
OCO,35.0,HARD,18.0,11.0,85.328,0,0.0,2022,Australia,7.0,1,2.575333333333338,0.0,0.603448275862069,2.0
OCO,36.0,HARD,19.0,11.0,84.649,0,0.0,2022,Australia,7.0,1,2.6113333333333393,0.0,0.6206896551724138,2.0
OCO,37.0,HARD,20.0,11.0,84.549,0,0.0,2022,Australia,7.0,1,2.3730000000000095,0.0,0.6379310344827587,2.0
OCO,38.0,HARD,21.0,11.0,84.167,0,0.0,2022,Australia,7.0,1,1.9860000000000089,0.0,0.6551724137931034,2.0
OCO,39.0,HARD,22.0,8.0,111.485,0,0.0,2022,Australia,7.0,1,10.931333333333342,-0.6,0.6724137931034483,2.0
OCO,40.0,HARD,23.0,8.0,89.428,0,0.0,2022,Australia,7.0,1,12.557666666666671,-0.6,0.6896551724137931,2.0
OCO,41.0,HARD,24.0,8.0,83.54,0,0.0,2022,Australia,7.0,1,12.348666666666674,-0.6,0.7068965517241379,2.0
OCO,42.0,HARD,25.0,8.0,83.231,0,0.0,2022,Australia,7.0,1,2.930666666666672,-0.6,0.7241379310344828,2.0
OCO,43.0,HARD,26.0,8.0,83.12,0,0.0,2022,Australia,7.0,1,0.8280000000000077,-0.6,0.7413793103448276,2.0
OCO,44.0,HARD,27.0,8.0,82.928,0,0.0,2022,Australia,7.0,1,0.6240000000000047,0.0,0.7586206896551724,2.0
OCO,45.0,HARD,28.0,8.0,83.225,0,0.0,2022,Australia,7.0,1,0.6220000000000047,0.0,0.7758620689655172,2.0
OCO,46.0,HARD,29.0,8.0,82.869,0,0.0,2022,Australia,7.0,1,0.5383333333333363,0.0,0.7931034482758621,2.0
OCO,47.0,HARD,30.0,8.0,83.083,0,0.0,2022,Australia,7.0,1,0.5900000000000034,0.0,0.8103448275862069,2.0
OCO,48.0,HARD,31.0,8.0,83.126,0,0.0,2022,Australia,7.0,1,0.5570000000000069,0.0,0.8275862068965517,2.0
OCO,49.0,HARD,32.0,8.0,83.02,0,0.0,2022,Australia,7.0,1,0.6073333333333389,0.0,0.8448275862068966,2.0
OCO,50.0,HARD,33.0,8.0,82.936,0,0.0,2022,Australia,7.0,1,0.5583333333333419,0.0,0.8620689655172413,2.0
OCO,51.0,HARD,34.0,8.0,82.98,0,0.0,2022,Australia,7.0,1,0.5096666666666749,0.0,0.8793103448275862,2.0
OCO,52.0,HARD,35.0,8.0,82.876,0,0.0,2022,Australia,7.0,1,0.4616666666666778,0.0,0.896551724137931,2.0
OCO,53.0,HARD,36.0,8.0,83.21,0,0.0,2022,Australia,7.0,1,0.5530000000000067,0.0,0.9137931034482759,2.0
OCO,54.0,HARD,37.0,8.0,82.944,0,0.0,2022,Australia,7.0,1,0.5410000000000063,0.0,0.9310344827586207,2.0
OCO,55.0,HARD,38.0,8.0,83.17,0,0.0,2022,Australia,7.0,1,0.6390000000000052,0.0,0.9482758620689655,2.0
OCO,56.0,HARD,39.0,8.0,83.059,0,0.0,2022,Australia,7.0,1,0.5886666666666732,0.0,0.9655172413793104,2.0
OCO,57.0,HARD,40.0,7.0,83.102,0,0.0,2022,Australia,7.0,1,0.6413333333333403,-0.2,0.9827586206896551,2.0
OCO,58.0,HARD,41.0,7.0,82.469,0,0.0,2022,Australia,7.0,1,0.40766666666667106,-0.2,1.0,2.0
PER,2.0,MEDIUM,2.0,4.0,85.29,0,0.0,2022,Australia,2.0,0,4.4835000000000065,0.0,0.034482758620689655,1.0
PER,3.0,MEDIUM,3.0,4.0,110.369,0,0.0,2022,Australia,2.0,0,11.680666666666673,0.0,0.05172413793103448,1.0
PER,4.0,MEDIUM,4.0,4.0,132.427,0,0.0,2022,Australia,2.0,0,25.068,0.0,0.06896551724137931,1.0
PER,5.0,MEDIUM,5.0,4.0,133.146,0,0.0,2022,Australia,2.0,0,41.019999999999996,0.0,0.08620689655172414,1.0
PER,6.0,MEDIUM,6.0,4.0,140.703,0,0.0,2022,Australia,2.0,0,51.13133333333334,0.0,0.10344827586206896,1.0
PER,7.0,MEDIUM,7.0,4.0,85.125,0,0.0,2022,Australia,2.0,0,35.364,0.0,0.1206896551724138,1.0
PER,8.0,MEDIUM,8.0,4.0,84.69,0,0.0,2022,Australia,2.0,0,19.212000000000003,0.0,0.13793103448275862,1.0
PER,9.0,MEDIUM,9.0,4.0,85.126,0,0.0,2022,Australia,2.0,0,0.6863333333333372,0.0,0.15517241379310345,1.0
PER,10.0,MEDIUM,10.0,3.0,84.294,0,0.0,2022,Australia,2.0,0,0.4093333333333362,-0.2,0.1724137931034483,1.0
PER,11.0,MEDIUM,11.0,3.0,84.501,0,0.0,2022,Australia,2.0,0,0.34633333333333854,-0.2,0.1896551724137931,1.0
PER,12.0,MEDIUM,12.0,3.0,84.46,0,0.0,2022,Australia,2.0,0,0.12433333333333489,-0.2,0.20689655172413793,1.0
PER,13.0,MEDIUM,13.0,3.0,84.608,0,0.0,2022,Australia,2.0,0,0.22900000000000395,-0.2,0.22413793103448276,1.0
PER,14.0,MEDIUM,14.0,3.0,84.561,0,0.0,2022,Australia,2.0,0,0.2490000000000047,-0.2,0.2413793103448276,1.0
PER,15.0,MEDIUM,15.0,3.0,84.699,0,0.0,2022,Australia,2.0,0,0.3286666666666728,0.0,0.25862068965517243,1.0
PER,16.0,MEDIUM,16.0,3.0,84.913,0,0.0,2022,Australia,2.0,0,0.430333333333337,0.0,0.27586206896551724,1.0
PER,17.0,MEDIUM,17.0,3.0,85.267,0,0.0,2022,Australia,2.0,0,0.6656666666666666,0.0,0.29310344827586204,1.0
PER,18.0,MEDIUM,18.0,2.0,84.964,0,0.0,2022,Australia,2.0,0,0.7540000000000001,-0.2,0.3103448275862069,1.0
PER,19.0,MEDIUM,19.0,2.0,85.454,0,0.0,2022,Australia,2.0,0,0.9343333333333325,-0.2,0.3275862068965517,1.0
PER,20.0,MEDIUM,20.0,6.0,99.099,1,0.0,2022,Australia,2.0,1,6.611666666666669,0.6,0.3448275862068966,1.0
PER,21.0,HARD,1.0,7.0,91.675,0,0.0,2022,Australia,2.0,1,9.915333333333336,0.8,0.3620689655172414,2.0
PER,22.0,HARD,2.0,6.0,83.645,0,0.0,2022,Australia,2.0,1,10.379000000000005,0.6,0.3793103448275862,2.0
PER,23.0,HARD,3.0,5.0,95.058,0,0.0,2022,Australia,2.0,1,9.032000000000005,0.6,0.39655172413793105,2.0
PER,24.0,HARD,4.0,5.0,137.748,0,0.0,2022,Australia,2.0,1,24.38966666666667,0.6,0.41379310344827586,2.0
PER,25.0,HARD,5.0,5.0,149.04,0,0.0,2022,Australia,2.0,1,46.18800000000001,-0.2,0.43103448275862066,2.0
PER,27.0,HARD,7.0,5.0,86.867,0,0.0,2022,Australia,2.0,1,43.45766666666666,-0.4,0.46551724137931033,2.0
PER,28.0,HARD,8.0,5.0,84.832,0,0.0,2022,Australia,2.0,1,25.819000000000003,-0.2,0.4827586206896552,2.0
PER,29.0,HARD,9.0,5.0,84.018,0,0.0,2022,Australia,2.0,1,4.145000000000006,0.0,0.5,2.0
PER,30.0,HARD,10.0,4.0,83.115,0,0.0,2022,Australia,2.0,1,2.8943333333333356,-0.2,0.5172413793103449,2.0
PER,31.0,HARD,11.0,4.0,82.805,0,0.0,2022,Australia,2.0,1,2.2186666666666732,-0.2,0.5344827586206896,2.0
PER,32.0,HARD,12.0,4.0,82.718,0,0.0,2022,Australia,2.0,1,1.785333333333341,-0.2,0.5517241379310345,2.0
PER,33.0,HARD,13.0,4.0,82.635,0,0.0,2022,Australia,2.0,1,1.6253333333333444,-0.2,0.5689655172413793,2.0
PER,34.0,HARD,14.0,4.0,82.769,0,0.0,2022,Australia,2.0,1,1.613333333333344,-0.2,0.5862068965517241,2.0
PER,35.0,HARD,15.0,4.0,83.205,0,0.0,2022,Australia,2.0,1,1.7756666666666756,0.0,0.603448275862069,2.0
PER,36.0,HARD,16.0,3.0,83.525,0,0.0,2022,Australia,2.0,1,2.0723333333333422,-0.2,0.6206896551724138,2.0
PER,37.0,HARD,17.0,3.0,82.236,0,0.0,2022,Australia,2.0,1,1.8946666666666754,-0.2,0.6379310344827587,2.0
PER,38.0,HARD,18.0,3.0,82.406,0,0.0,2022,Australia,2.0,1,1.6283333333333445,-0.2,0.6551724137931034,2.0
PER,39.0,HARD,19.0,2.0,103.328,0,0.0,2022,Australia,2.0,1,8.229333333333344,-0.4,0.6724137931034483,2.0
PER,40.0,HARD,20.0,2.0,96.348,0,0.0,2022,Australia,2.0,1,12.933333333333342,-0.4,0.6896551724137931,2.0
PER,41.0,HARD,21.0,2.0,82.279,0,0.0,2022,Australia,2.0,1,12.891000000000005,-0.2,0.7068965517241379,2.0
PER,42.0,HARD,22.0,2.0,82.189,0,0.0,2022,Australia,2.0,1,5.844666666666669,-0.2,0.7241379310344828,2.0
PER,43.0,HARD,23.0,2.0,82.035,0,0.0,2022,Australia,2.0,1,1.0736666666666679,-0.2,0.7413793103448276,2.0
PER,44.0,HARD,24.0,2.0,81.93,0,0.0,2022,Australia,2.0,1,0.957333333333338,0.0,0.7586206896551724,2.0
PER,45.0,HARD,25.0,2.0,81.761,0,0.0,2022,Australia,2.0,1,0.8146666666666723,0.0,0.7758620689655172,2.0
PER,46.0,HARD,26.0,2.0,81.971,0,0.0,2022,Australia,2.0,1,0.7933333333333413,0.0,0.7931034482758621,2.0
PER,47.0,HARD,27.0,2.0,82.161,0,0.0,2022,Australia,2.0,1,0.8703333333333395,0.0,0.8103448275862069,2.0
PER,48.0,HARD,28.0,2.0,81.887,0,0.0,2022,Australia,2.0,1,0.9123333333333411,0.0,0.8275862068965517,2.0
PER,49.0,HARD,29.0,2.0,81.924,0,0.0,2022,Australia,2.0,1,0.8966666666666754,0.0,0.8448275862068966,2.0
PER,50.0,HARD,30.0,2.0,83.974,0,0.0,2022,Australia,2.0,1,1.5010000000000094,0.0,0.8620689655172413,2.0
PER,51.0,HARD,31.0,2.0,82.425,0,0.0,2022,Australia,2.0,1,1.6803333333333417,0.0,0.8793103448275862,2.0
PER,52.0,HARD,32.0,2.0,81.909,0,0.0,2022,Australia,2.0,1,1.6753333333333416,0.0,0.896551724137931,2.0
PER,53.0,HARD,33.0,2.0,81.753,0,0.0,2022,Australia,2.0,1,0.935000000000007,0.0,0.9137931034482759,2.0
PER,54.0,HARD,34.0,2.0,81.959,0,0.0,2022,Australia,2.0,1,0.7796666666666757,0.0,0.9310344827586207,2.0
PER,55.0,HARD,35.0,2.0,81.911,0,0.0,2022,Australia,2.0,1,0.7803333333333408,0.0,0.9482758620689655,2.0
PER,56.0,HARD,36.0,2.0,81.791,0,0.0,2022,Australia,2.0,1,0.7930000000000064,0.0,0.9655172413793104,2.0
PER,57.0,HARD,37.0,2.0,81.69,0,0.0,2022,Australia,2.0,1,0.7033333333333379,0.0,0.9827586206896551,2.0
PER,58.0,HARD,38.0,2.0,81.094,0,0.0,2022,Australia,2.0,1,0.4310000000000021,0.0,1.0,2.0
RIC,2.0,MEDIUM,2.0,7.0,86.362,0,0.0,2022,Australia,6.0,0,5.503999999999998,0.0,0.034482758620689655,1.0
RIC,3.0,MEDIUM,3.0,7.0,111.45,0,0.0,2022,Australia,6.0,0,12.500666666666666,0.0,0.05172413793103448,1.0
RIC,4.0,MEDIUM,4.0,7.0,134.054,0,0.0,2022,Australia,6.0,0,25.665999999999997,0.0,0.06896551724137931,1.0
RIC,5.0,MEDIUM,5.0,7.0,134.811,0,0.0,2022,Australia,6.0,0,41.815666666666665,0.0,0.08620689655172414,1.0
RIC,6.0,MEDIUM,6.0,7.0,134.475,0,0.0,2022,Australia,6.0,0,49.49066666666666,0.0,0.10344827586206896,1.0
RIC,7.0,MEDIUM,7.0,7.0,86.058,0,0.0,2022,Australia,6.0,0,33.492,0.0,0.1206896551724138,1.0
RIC,8.0,MEDIUM,8.0,7.0,85.271,0,0.0,2022,Australia,6.0,0,16.978666666666665,0.0,0.13793103448275862,1.0
RIC,9.0,MEDIUM,9.0,7.0,84.969,0,0.0,2022,Australia,6.0,0,0.4766666666666642,0.0,0.15517241379310345,1.0
RIC,10.0,MEDIUM,10.0,7.0,85.005,0,0.0,2022,Australia,6.0,0,0.12566666666666038,0.0,0.1724137931034483,1.0
RIC,11.0,MEDIUM,11.0,7.0,85.228,0,0.0,2022,Australia,6.0,0,0.11133333333332492,0.0,0.1896551724137931,1.0
RIC,12.0,MEDIUM,12.0,7.0,84.956,0,0.0,2022,Australia,6.0,0,0.10699999999999459,0.0,0.20689655172413793,1.0
RIC,13.0,MEDIUM,13.0,7.0,85.496,0,0.0,2022,Australia,6.0,0,0.2706666666666611,0.0,0.22413793103448276,1.0
RIC,14.0,MEDIUM,14.0,7.0,85.387,0,0.0,2022,Australia,6.0,0,0.32366666666666316,0.0,0.2413793103448276,1.0
RIC,15.0,MEDIUM,15.0,7.0,84.984,0,0.0,2022,Australia,6.0,0,0.3329999999999937,0.0,0.25862068965517243,1.0
RIC,16.0,MEDIUM,16.0,7.0,85.207,0,0.0,2022,Australia,6.0,0,0.23666666666665984,0.0,0.27586206896551724,1.0
RIC,17.0,MEDIUM,17.0,7.0,85.176,0,0.0,2022,Australia,6.0,0,0.166333333333327,0.0,0.29310344827586204,1.0
RIC,18.0,MEDIUM,18.0,6.0,85.363,0,0.0,2022,Australia,6.0,0,0.29266666666666197,-0.2,0.3103448275862069,1.0
RIC,19.0,MEDIUM,19.0,6.0,85.364,0,0.0,2022,Australia,6.0,0,0.34499999999999886,-0.2,0.3275862068965517,1.0
RIC,20.0,MEDIUM,20.0,4.0,85.734,0,0.0,2022,Australia,6.0,0,0.5309999999999965,-0.6,0.3448275862068966,1.0
RIC,21.0,MEDIUM,21.0,9.0,99.94,1,0.0,2022,Australia,6.0,1,6.224999999999999,0.4,0.3620689655172414,1.0
RIC,22.0,HARD,1.0,9.0,90.993,0,0.0,2022,Australia,6.0,1,8.936333333333332,0.4,0.3793103448275862,2.0
RIC,23.0,HARD,2.0,9.0,99.154,0,0.0,2022,Australia,6.0,1,14.244666666666669,0.6,0.39655172413793105,2.0
RIC,24.0,HARD,3.0,9.0,132.188,0,0.0,2022,Australia,6.0,1,24.994,0.6,0.41379310344827586,2.0
RIC,26.0,HARD,5.0,9.0,148.426,0,0.0,2022,Australia,6.0,1,44.13833333333333,1.0,0.4482758620689655,2.0
RIC,27.0,HARD,6.0,9.0,86.812,0,0.0,2022,Australia,6.0,1,40.02433333333333,0.0,0.46551724137931033,2.0
RIC,28.0,HARD,7.0,9.0,85.881,0,0.0,2022,Australia,6.0,1,24.58866666666667,0.0,0.4827586206896552,2.0
RIC,29.0,HARD,8.0,9.0,84.941,0,0.0,2022,Australia,6.0,1,3.4270000000000067,0.0,0.5,2.0
RIC,30.0,HARD,9.0,9.0,84.466,0,0.0,2022,Australia,6.0,1,2.6450000000000053,0.0,0.5172413793103449,2.0
RIC,31.0,HARD,10.0,9.0,84.56,0,0.0,2022,Australia,6.0,1,2.204666666666673,0.0,0.5344827586206896,2.0
RIC,32.0,HARD,11.0,9.0,84.238,0,0.0,2022,Australia,6.0,1,1.9703333333333386,0.0,0.5517241379310345,2.0
RIC,33.0,HARD,12.0,9.0,84.819,0,0.0,2022,Australia,6.0,1,2.088000000000008,0.0,0.5689655172413793,2.0
RIC,34.0,HARD,13.0,9.0,85.262,0,0.0,2022,Australia,6.0,1,2.3220000000000076,0.0,0.5862068965517241,2.0
RIC,35.0,HARD,14.0,8.0,83.578,0,0.0,2022,Australia,6.0,1,2.1020000000000088,-0.2,0.603448275862069,2.0
RIC,36.0,HARD,15.0,8.0,83.248,0,0.0,2022,Australia,6.0,1,1.5783333333333427,-0.2,0.6206896551724138,2.0
RIC,37.0,HARD,16.0,8.0,83.473,0,0.0,2022,Australia,6.0,1,0.9820000000000088,-0.2,0.6379310344827587,2.0
RIC,38.0,HARD,17.0,8.0,83.821,0,0.0,2022,Australia,6.0,1,1.063000000000007,-0.2,0.6551724137931034,2.0
RIC,39.0,HARD,18.0,6.0,110.715,0,0.0,2022,Australia,6.0,1,10.218666666666673,-0.6,0.6724137931034483,2.0
RIC,40.0,HARD,19.0,6.0,90.141,0,0.0,2022,Australia,6.0,1,12.441333333333342,-0.4,0.6896551724137931,2.0
RIC,41.0,HARD,20.0,6.0,83.376,0,0.0,2022,Australia,6.0,1,12.293000000000012,-0.4,0.7068965517241379,2.0
RIC,42.0,HARD,21.0,6.0,83.204,0,0.0,2022,Australia,6.0,1,3.1226666666666745,-0.4,0.7241379310344828,2.0
RIC,43.0,HARD,22.0,6.0,82.852,0,0.0,2022,Australia,6.0,1,0.6930000000000073,-0.4,0.7413793103448276,2.0
RIC,44.0,HARD,23.0,6.0,82.921,0,0.0,2022,Australia,6.0,1,0.5413333333333412,0.0,0.7586206896551724,2.0
RIC,45.0,HARD,24.0,6.0,82.94,0,0.0,2022,Australia,6.0,1,0.45333333333334264,0.0,0.7758620689655172,2.0
RIC,46.0,HARD,25.0,6.0,83.157,0,0.0,2022,Australia,6.0,1,0.5550000000000068,0.0,0.7931034482758621,2.0
RIC,47.0,HARD,26.0,6.0,83.101,0,0.0,2022,Australia,6.0,1,0.6150000000000043,0.0,0.8103448275862069,2.0
RIC,48.0,HARD,27.0,6.0,83.059,0,0.0,2022,Australia,6.0,1,0.654666666666671,0.0,0.8275862068965517,2.0
RIC,49.0,HARD,28.0,6.0,83.122,0,0.0,2022,Australia,6.0,1,0.6430000000000055,0.0,0.8448275862068966,2.0
RIC,50.0,HARD,29.0,6.0,83.006,0,0.0,2022,Australia,6.0,1,0.6113333333333392,0.0,0.8620689655172413,2.0
RIC,51.0,HARD,30.0,6.0,82.933,0,0.0,2022,Australia,6.0,1,0.5693333333333422,0.0,0.8793103448275862,2.0
RIC,52.0,HARD,31.0,6.0,82.672,0,0.0,2022,Australia,6.0,1,0.41933333333334133,0.0,0.896551724137931,2.0
RIC,53.0,HARD,32.0,6.0,82.561,0,0.0,2022,Australia,6.0,1,0.2710000000000103,0.0,0.9137931034482759,2.0
RIC,54.0,HARD,33.0,6.0,82.451,0,0.0,2022,Australia,6.0,1,0.1103333333333391,0.0,0.9310344827586207,2.0
RIC,55.0,HARD,34.0,6.0,82.48,0,0.0,2022,Australia,6.0,1,0.04633333333334141,0.0,0.9482758620689655,2.0
RIC,56.0,HARD,35.0,6.0,82.754,0,0.0,2022,Australia,6.0,1,0.11066666666667402,0.0,0.9655172413793104,2.0
RIC,57.0,HARD,36.0,6.0,82.689,0,0.0,2022,Australia,6.0,1,0.1900000000000072,0.0,0.9827586206896551,2.0
RIC,58.0,HARD,37.0,6.0,83.578,0,0.0,2022,Australia,6.0,1,0.5560000000000068,0.0,1.0,2.0
RUS,2.0,MEDIUM,2.0,5.0,85.459,0,0.0,2022,Australia,3.0,0,4.887000000000008,0.0,0.034482758620689655,1.0
RUS,3.0,MEDIUM,3.0,5.0,110.992,0,0.0,2022,Australia,3.0,0,12.087000000000009,0.0,0.05172413793103448,1.0
RUS,4.0,MEDIUM,4.0,5.0,132.797,0,0.0,2022,Australia,3.0,0,25.24433333333334,0.0,0.06896551724137931,1.0
RUS,5.0,MEDIUM,5.0,5.0,133.679,0,0.0,2022,Australia,3.0,0,41.317666666666675,0.0,0.08620689655172414,1.0
RUS,6.0,MEDIUM,6.0,5.0,138.443,0,0.0,2022,Australia,3.0,0,50.46800000000001,0.0,0.10344827586206896,1.0
RUS,7.0,MEDIUM,7.0,5.0,85.734,0,0.0,2022,Australia,3.0,0,34.78033333333334,0.0,0.1206896551724138,1.0
RUS,8.0,MEDIUM,8.0,5.0,85.021,0,0.0,2022,Australia,3.0,0,18.561000000000007,0.0,0.13793103448275862,1.0
RUS,9.0,MEDIUM,9.0,5.0,85.161,0,0.0,2022,Australia,3.0,0,0.8003333333333368,0.0,0.15517241379310345,1.0
RUS,10.0,MEDIUM,10.0,5.0,85.177,0,0.0,2022,Australia,3.0,0,0.6146666666666741,0.0,0.1724137931034483,1.0
RUS,11.0,MEDIUM,11.0,5.0,85.082,0,0.0,2022,Australia,3.0,0,0.6350000000000051,0.0,0.1896551724137931,1.0
RUS,12.0,MEDIUM,12.0,5.0,85.028,0,0.0,2022,Australia,3.0,0,0.5906666666666732,0.0,0.20689655172413793,1.0
RUS,13.0,MEDIUM,13.0,5.0,85.336,0,0.0,2022,Australia,3.0,0,0.6436666666666705,0.0,0.22413793103448276,1.0
RUS,14.0,MEDIUM,14.0,5.0,85.153,0,0.0,2022,Australia,3.0,0,0.6673333333333412,0.0,0.2413793103448276,1.0
RUS,15.0,MEDIUM,15.0,5.0,84.977,0,0.0,2022,Australia,3.0,0,0.6503333333333406,0.0,0.25862068965517243,1.0
RUS,16.0,MEDIUM,16.0,5.0,84.52,0,0.0,2022,Australia,3.0,0,0.3783333333333398,0.0,0.27586206896551724,1.0
RUS,17.0,MEDIUM,17.0,5.0,84.521,0,0.0,2022,Australia,3.0,0,0.16766666666667143,0.0,0.29310344827586204,1.0
RUS,18.0,MEDIUM,18.0,4.0,84.505,0,0.0,2022,Australia,3.0,0,0.010333333333335304,-0.2,0.3103448275862069,1.0
RUS,19.0,MEDIUM,19.0,4.0,84.661,0,0.0,2022,Australia,3.0,0,0.05733333333333709,-0.2,0.3275862068965517,1.0
RUS,20.0,MEDIUM,20.0,3.0,84.728,0,0.0,2022,Australia,3.0,0,0.12633333333333496,-0.4,0.3448275862068966,1.0
RUS,21.0,MEDIUM,21.0,3.0,84.669,0,0.0,2022,Australia,3.0,0,0.18100000000000213,-0.4,0.3620689655172414,1.0
RUS,22.0,MEDIUM,22.0,2.0,84.665,0,0.0,2022,Australia,3.0,0,0.1823333333333371,-0.6,0.3793103448275862,1.0
RUS,23.0,MEDIUM,23.0,3.0,101.064,1,0.0,2022,Australia,3.0,1,6.631,-0.2,0.39655172413793105,1.0
RUS,24.0,HARD,1.0,3.0,146.663,0,0.0,2022,Australia,3.0,1,28.299000000000003,-0.2,0.41379310344827586,2.0
RUS,25.0,HARD,2.0,3.0,148.38,0,0.0,2022,Australia,3.0,1,50.54066666666666,0.0,0.43103448275862066,2.0
RUS,27.0,HARD,4.0,3.0,86.678,0,0.0,2022,Australia,3.0,1,45.74533333333333,0.0,0.46551724137931033,2.0
RUS,28.0,HARD,5.0,3.0,84.52,0,0.0,2022,Australia,3.0,1,25.03099999999999,0.2,0.4827586206896552,2.0
RUS,29.0,HARD,6.0,3.0,83.907,0,0.0,2022,Australia,3.0,1,3.539999999999992,0.0,0.5,2.0
RUS,30.0,HARD,7.0,3.0,83.854,0,0.0,2022,Australia,3.0,1,2.5986666666666594,0.0,0.5172413793103449,2.0
RUS,31.0,HARD,8.0,3.0,83.234,0,0.0,2022,Australia,3.0,1,2.1699999999999924,0.0,0.5344827586206896,2.0
RUS,32.0,HARD,9.0,3.0,82.765,0,0.0,2022,Australia,3.0,1,1.789333333333327,0.0,0.5517241379310345,2.0
RUS,33.0,HARD,10.0,3.0,82.634,0,0.0,2022,Australia,3.0,1,1.3826666666666607,0.0,0.5689655172413793,2.0
RUS,34.0,HARD,11.0,3.0,82.895,0,0.0,2022,Australia,3.0,1,1.2696666666666612,0.0,0.5862068965517241,2.0
RUS,35.0,HARD,12.0,3.0,83.254,0,0.0,2022,Australia,3.0,1,1.4326666666666625,0.0,0.603448275862069,2.0
RUS,36.0,HARD,13.0,4.0,84.53,0,0.0,2022,Australia,3.0,1,2.0646666666666627,0.2,0.6206896551724138,2.0
RUS,37.0,HARD,14.0,4.0,83.683,0,0.0,2022,Australia,3.0,1,2.3273333333333333,0.2,0.6379310344827587,2.0
RUS,38.0,HARD,15.0,4.0,83.588,0,0.0,2022,Australia,3.0,1,2.4386666666666628,0.2,0.6551724137931034,2.0
RUS,39.0,HARD,16.0,3.0,105.539,0,0.0,2022,Australia,3.0,1,9.441666666666663,0.0,0.6724137931034483,2.0
RUS,40.0,HARD,17.0,3.0,94.79,0,0.0,2022,Australia,3.0,1,13.143999999999997,0.0,0.6896551724137931,2.0
RUS,41.0,HARD,18.0,3.0,82.369,0,0.0,2022,Australia,3.0,1,12.737666666666664,-0.2,0.7068965517241379,2.0
RUS,42.0,HARD,19.0,3.0,82.46,0,0.0,2022,Australia,3.0,1,5.044666666666662,-0.2,0.7241379310344828,2.0
RUS,43.0,HARD,20.0,3.0,82.068,0,0.0,2022,Australia,3.0,1,0.8039999999999926,-0.2,0.7413793103448276,2.0
RUS,44.0,HARD,21.0,3.0,82.231,0,0.0,2022,Australia,3.0,1,0.7579999999999908,0.0,0.7586206896551724,2.0
RUS,45.0,HARD,22.0,3.0,82.122,0,0.0,2022,Australia,3.0,1,0.6453333333333262,0.0,0.7758620689655172,2.0
RUS,46.0,HARD,23.0,3.0,82.095,0,0.0,2022,Australia,3.0,1,0.6543333333333266,0.0,0.7931034482758621,2.0
RUS,47.0,HARD,24.0,3.0,82.479,0,0.0,2022,Australia,3.0,1,0.7369999999999948,0.0,0.8103448275862069,2.0
RUS,48.0,HARD,25.0,3.0,82.337,0,0.0,2022,Australia,3.0,1,0.8086666666666625,0.0,0.8275862068965517,2.0
RUS,49.0,HARD,26.0,3.0,81.887,0,0.0,2022,Australia,3.0,1,0.7393333333333297,0.0,0.8448275862068966,2.0
RUS,50.0,HARD,27.0,3.0,82.157,0,0.0,2022,Australia,3.0,1,0.6319999999999956,0.0,0.8620689655172413,2.0
RUS,51.0,HARD,28.0,3.0,81.777,0,0.0,2022,Australia,3.0,1,0.4453333333333281,0.0,0.8793103448275862,2.0
RUS,52.0,HARD,29.0,3.0,82.044,0,0.0,2022,Australia,3.0,1,0.49766666666666026,0.0,0.896551724137931,2.0
RUS,53.0,HARD,30.0,3.0,81.495,0,0.0,2022,Australia,3.0,1,0.2769999999999963,0.0,0.9137931034482759,2.0
RUS,54.0,HARD,31.0,3.0,81.766,0,0.0,2022,Australia,3.0,1,0.27333333333333104,0.0,0.9310344827586207,2.0
RUS,55.0,HARD,32.0,3.0,82.315,0,0.0,2022,Australia,3.0,1,0.36366666666666464,0.0,0.9482758620689655,2.0
RUS,56.0,HARD,33.0,3.0,81.938,0,0.0,2022,Australia,3.0,1,0.5113333333333306,0.0,0.9655172413793104,2.0
RUS,57.0,HARD,34.0,3.0,82.491,0,0.0,2022,Australia,3.0,1,0.7529999999999953,0.0,0.9827586206896551,2.0
RUS,58.0,HARD,35.0,3.0,81.879,0,0.0,2022,Australia,3.0,1,0.6076666666666645,0.0,1.0,2.0
STR,2.0,HARD,3.0,18.0,88.934,0,0.0,2022,Australia,12.0,0,6.150500000000001,-1.0,0.034482758620689655,2.0
STR,3.0,HARD,4.0,19.0,128.743,1,0.0,2022,Australia,12.0,1,4.100333333333334,0.0,0.05172413793103448,2.0
STR,4.0,MEDIUM,3.0,19.0,133.522,1,-114.984,2022,Australia,12.0,2,16.057333333333332,0.0,0.06896551724137931,1.0
STR,5.0,HARD,1.0,19.0,124.896,0,0.0,2022,Australia,12.0,2,29.239333333333335,0.0,0.08620689655172414,2.0
STR,6.0,HARD,2.0,19.0,124.199,0,0.0,2022,Australia,12.0,2,42.189,0.0,0.10344827586206896,2.0
STR,7.0,HARD,3.0,19.0,88.274,0,0.0,2022,Australia,12.0,2,27.10633333333334,0.2,0.1206896551724138,2.0
STR,8.0,HARD,4.0,19.0,86.968,0,0.0,2022,Australia,12.0,2,14.463666666666674,0.0,0.13793103448275862,2.0
STR,9.0,HARD,5.0,19.0,86.511,0,0.0,2022,Australia,12.0,2,1.9010000000000058,0.0,0.15517241379310345,2.0
STR,10.0,HARD,6.0,18.0,86.0,0,0.0,2022,Australia,12.0,2,1.1430000000000053,-0.2,0.1724137931034483,2.0
STR,11.0,HARD,7.0,18.0,87.009,0,0.0,2022,Australia,12.0,2,1.156666666666671,-0.2,0.1896551724137931,2.0
STR,12.0,HARD,8.0,18.0,87.251,0,0.0,2022,Australia,12.0,2,1.4033333333333406,-0.2,0.20689655172413793,2.0
STR,13.0,HARD,9.0,17.0,86.532,0,0.0,2022,Australia,12.0,2,1.5806666666666729,-0.4,0.22413793103448276,2.0
STR,14.0,HARD,10.0,16.0,85.552,0,0.0,2022,Australia,12.0,2,1.0950000000000084,-0.6,0.2413793103448276,2.0
STR,15.0,HARD,11.0,16.0,85.517,0,0.0,2022,Australia,12.0,2,0.5170000000000053,-0.4,0.25862068965517243,2.0
STR,16.0,HARD,12.0,16.0,85.607,0,0.0,2022,Australia,12.0,2,0.208666666666673,-0.4,0.27586206896551724,2.0
STR,17.0,HARD,13.0,15.0,85.542,0,0.0,2022,Australia,12.0,2,0.20533333333333795,-0.6,0.29310344827586204,2.0
STR,18.0,HARD,14.0,14.0,85.35,0,0.0,2022,Australia,12.0,2,0.14966666666667075,-0.6,0.3103448275862069,2.0
STR,19.0,HARD,15.0,14.0,85.825,0,0.0,2022,Australia,12.0,2,0.2223333333333386,-0.4,0.3275862068965517,2.0
STR,20.0,HARD,16.0,14.0,85.636,0,0.0,2022,Australia,12.0,2,0.25366666666667,-0.4,0.3448275862068966,2.0
STR,21.0,HARD,17.0,12.0,85.95,0,0.0,2022,Australia,12.0,2,0.4536666666666728,-0.8,0.3620689655172414,2.0
STR,22.0,HARD,18.0,10.0,87.127,0,0.0,2022,Australia,12.0,2,0.8876666666666703,-1.0,0.3793103448275862,2.0
STR,23.0,HARD,19.0,12.0,113.02,1,0.0,2022,Australia,12.0,3,10.601666666666668,-0.4,0.39655172413793105,2.0
STR,24.0,HARD,5.0,13.0,121.599,0,0.0,2022,Australia,12.0,3,23.070666666666668,-0.2,0.41379310344827586,2.0
STR,26.0,HARD,7.0,13.0,146.174,0,0.0,2022,Australia,12.0,3,43.339,-0.2,0.4482758620689655,2.0
STR,27.0,HARD,8.0,13.0,87.035,0,0.0,2022,Australia,12.0,3,34.67733333333334,0.2,0.46551724137931033,2.0
STR,28.0,HARD,9.0,12.0,85.721,0,0.0,2022,Australia,12.0,3,22.718000000000004,0.4,0.4827586206896552,2.0
STR,29.0,HARD,10.0,12.0,84.97,0,0.0,2022,Australia,12.0,3,2.3166666666666678,0.0,0.5,2.0
STR,30.0,HARD,11.0,12.0,84.537,0,0.0,2022,Australia,12.0,3,1.4840000000000042,-0.2,0.5172413793103449,2.0
STR,31.0,HARD,12.0,12.0,84.237,0,0.0,2022,Australia,12.0,3,0.9893333333333345,-0.2,0.5344827586206896,2.0
STR,32.0,HARD,13.0,12.0,84.576,0,0.0,2022,Australia,12.0,3,0.8579999999999993,-0.2,0.5517241379310345,2.0
STR,33.0,HARD,14.0,12.0,84.427,0,0.0,2022,Australia,12.0,3,0.8213333333333329,0.0,0.5689655172413793,2.0
STR,34.0,HARD,15.0,12.0,85.18,0,0.0,2022,Australia,12.0,3,1.1356666666666702,0.0,0.5862068965517241,2.0
STR,35.0,HARD,16.0,12.0,85.397,0,0.0,2022,Australia,12.0,3,1.4093333333333409,0.0,0.603448275862069,2.0
STR,36.0,HARD,17.0,12.0,84.893,0,0.0,2022,Australia,12.0,3,1.5646666666666722,0.0,0.6206896551724138,2.0
STR,37.0,HARD,18.0,12.0,84.515,0,0.0,2022,Australia,12.0,3,1.3430000000000035,0.0,0.6379310344827587,2.0
STR,38.0,HARD,19.0,12.0,84.559,0,0.0,2022,Australia,12.0,3,1.0636666666666674,0.0,0.6551724137931034,2.0
STR,39.0,HARD,20.0,10.0,113.545,0,0.0,2022,Australia,12.0,3,10.614333333333335,-0.4,0.6724137931034483,2.0
STR,40.0,HARD,21.0,9.0,88.221,0,0.0,2022,Australia,12.0,3,11.84966666666667,-0.6,0.6896551724137931,2.0
STR,41.0,HARD,22.0,9.0,84.11,0,0.0,2022,Australia,12.0,3,11.700000000000003,-0.6,0.7068965517241379,2.0
STR,42.0,HARD,23.0,9.0,83.951,0,0.0,2022,Australia,12.0,3,1.8353333333333335,-0.6,0.7241379310344828,2.0
STR,43.0,HARD,24.0,9.0,83.934,0,0.0,2022,Australia,12.0,3,0.4063333333333314,-0.6,0.7413793103448276,2.0
STR,44.0,HARD,25.0,9.0,84.263,0,0.0,2022,Australia,12.0,3,0.4573333333333333,-0.2,0.7586206896551724,2.0
STR,45.0,HARD,26.0,9.0,84.422,0,0.0,2022,Australia,12.0,3,0.6143333333333345,0.0,0.7758620689655172,2.0
STR,46.0,HARD,27.0,9.0,83.883,0,0.0,2022,Australia,12.0,3,0.5973333333333338,0.0,0.7931034482758621,2.0
STR,47.0,HARD,28.0,9.0,83.602,0,0.0,2022,Australia,12.0,3,0.37700000000000006,0.0,0.8103448275862069,2.0
STR,48.0,HARD,29.0,9.0,83.592,0,0.0,2022,Australia,12.0,3,0.10033333333333398,0.0,0.8275862068965517,2.0
STR,49.0,HARD,30.0,9.0,83.747,0,0.0,2022,Australia,12.0,3,0.05500000000000208,0.0,0.8448275862068966,2.0
STR,50.0,HARD,31.0,10.0,85.15,0,0.0,2022,Australia,12.0,3,0.5710000000000027,0.2,0.8620689655172413,2.0
STR,51.0,HARD,32.0,11.0,84.966,0,0.0,2022,Australia,12.0,3,1.029000000000001,0.4,0.8793103448275862,2.0
STR,52.0,HARD,33.0,11.0,83.995,0,0.0,2022,Australia,12.0,3,1.1116666666666692,0.4,0.896551724137931,2.0
STR,53.0,HARD,34.0,11.0,83.786,0,0.0,2022,Australia,12.0,3,0.6570000000000012,0.4,0.9137931034482759,2.0
STR,54.0,HARD,35.0,11.0,83.87,0,0.0,2022,Australia,12.0,3,0.2916666666666714,0.4,0.9310344827586207,2.0
STR,55.0,HARD,36.0,11.0,83.801,0,0.0,2022,Australia,12.0,3,0.22700000000000387,0.2,0.9482758620689655,2.0
STR,56.0,HARD,37.0,12.0,84.933,0,0.0,2022,Australia,12.0,3,0.6093333333333391,0.2,0.9655172413793104,2.0
STR,57.0,HARD,38.0,12.0,84.295,0,0.0,2022,Australia,12.0,3,0.7510000000000048,0.2,0.9827586206896551,2.0
STR,58.0,HARD,39.0,12.0,84.46,0,0.0,2022,Australia,12.0,3,0.9706666666666687,0.2,1.0,2.0
TSU,2.0,MEDIUM,2.0,11.0,87.259,0,0.0,2022,Australia,15.0,0,7.210000000000001,0.0,0.034482758620689655,1.0
TSU,3.0,MEDIUM,3.0,11.0,113.731,0,0.0,2022,Australia,15.0,0,14.312333333333333,0.0,0.05172413793103448,1.0
TSU,4.0,MEDIUM,4.0,11.0,132.434,0,0.0,2022,Australia,15.0,0,25.927333333333333,0.0,0.06896551724137931,1.0
TSU,5.0,MEDIUM,5.0,11.0,136.691,0,0.0,2022,Australia,15.0,0,42.404666666666664,0.0,0.08620689655172414,1.0
TSU,6.0,MEDIUM,6.0,11.0,130.206,0,0.0,2022,Australia,15.0,0,47.89633333333333,0.0,0.10344827586206896,1.0
TSU,7.0,MEDIUM,7.0,11.0,87.185,0,0.0,2022,Australia,15.0,0,32.81333333333333,0.0,0.1206896551724138,1.0
TSU,8.0,MEDIUM,8.0,11.0,86.023,0,0.0,2022,Australia,15.0,0,15.923999999999998,0.0,0.13793103448275862,1.0
TSU,9.0,MEDIUM,9.0,11.0,85.566,0,0.0,2022,Australia,15.0,0,1.0440000000000016,0.0,0.15517241379310345,1.0
TSU,10.0,MEDIUM,10.0,11.0,85.214,0,0.0,2022,Australia,15.0,0,0.38700000000000045,0.0,0.1724137931034483,1.0
TSU,11.0,MEDIUM,11.0,11.0,85.523,0,0.0,2022,Australia,15.0,0,0.2203333333333338,0.0,0.1896551724137931,1.0
TSU,12.0,MEDIUM,12.0,11.0,85.962,0,0.0,2022,Australia,15.0,0,0.35233333333333405,0.0,0.20689655172413793,1.0
TSU,13.0,MEDIUM,13.0,11.0,86.335,0,0.0,2022,Australia,15.0,0,0.7259999999999991,0.0,0.22413793103448276,1.0
TSU,14.0,MEDIUM,14.0,11.0,85.999,0,0.0,2022,Australia,15.0,0,0.8846666666666655,0.0,0.2413793103448276,1.0
TSU,15.0,MEDIUM,15.0,11.0,85.783,0,0.0,2022,Australia,15.0,0,0.8249999999999981,0.0,0.25862068965517243,1.0
TSU,16.0,MEDIUM,16.0,12.0,87.099,0,0.0,2022,Australia,15.0,0,1.079666666666668,0.2,0.27586206896551724,1.0
TSU,17.0,MEDIUM,17.0,11.0,86.298,0,0.0,2022,Australia,15.0,0,1.179333333333337,0.0,0.29310344827586204,1.0
TSU,18.0,MEDIUM,18.0,17.0,100.786,1,0.0,2022,Australia,15.0,1,6.804333333333337,1.2,0.3103448275862069,1.0
TSU,19.0,HARD,1.0,17.0,91.019,0,0.0,2022,Australia,15.0,1,8.735000000000005,1.2,0.3275862068965517,2.0
TSU,20.0,HARD,2.0,17.0,84.979,0,0.0,2022,Australia,15.0,1,8.919333333333336,1.2,0.3448275862068966,2.0
TSU,21.0,HARD,3.0,17.0,85.003,0,0.0,2022,Australia,15.0,1,3.6583333333333363,1.0,0.3620689655172414,2.0
TSU,22.0,HARD,4.0,16.0,84.804,0,0.0,2022,Australia,15.0,1,1.5866666666666684,1.0,0.3793103448275862,2.0
TSU,23.0,HARD,5.0,15.0,109.245,0,0.0,2022,Australia,15.0,1,9.675333333333336,-0.4,0.39655172413793105,2.0
TSU,24.0,HARD,6.0,15.0,119.988,0,0.0,2022,Australia,15.0,1,21.337000000000003,-0.4,0.41379310344827586,2.0
TSU,26.0,HARD,8.0,15.0,143.361,0,0.0,2022,Australia,15.0,1,40.856,-0.4,0.4482758620689655,2.0
TSU,27.0,HARD,9.0,15.0,87.282,0,0.0,2022,Australia,15.0,1,33.535,-0.4,0.46551724137931033,2.0
TSU,28.0,HARD,10.0,15.0,86.404,0,0.0,2022,Australia,15.0,1,22.34033333333333,-0.2,0.4827586206896552,2.0
TSU,29.0,HARD,11.0,15.0,85.661,0,0.0,2022,Australia,15.0,1,3.1069999999999993,0.0,0.5,2.0
TSU,30.0,HARD,12.0,15.0,85.026,0,0.0,2022,Australia,15.0,1,2.354999999999999,0.0,0.5172413793103449,2.0
TSU,31.0,HARD,13.0,16.0,85.711,0,0.0,2022,Australia,15.0,1,2.124,0.2,0.5344827586206896,2.0
TSU,32.0,HARD,14.0,16.0,85.218,0,0.0,2022,Australia,15.0,1,1.976333333333334,0.2,0.5517241379310345,2.0
TSU,33.0,HARD,15.0,16.0,84.51,0,0.0,2022,Australia,15.0,1,1.804333333333337,0.2,0.5689655172413793,2.0
TSU,34.0,HARD,16.0,17.0,86.119,0,0.0,2022,Australia,15.0,1,1.9403333333333375,0.4,0.5862068965517241,2.0
TSU,35.0,HARD,17.0,17.0,84.758,0,0.0,2022,Australia,15.0,1,1.7870000000000015,0.4,0.603448275862069,2.0
TSU,36.0,HARD,18.0,17.0,84.884,0,0.0,2022,Australia,15.0,1,1.9116666666666664,0.2,0.6206896551724138,2.0
TSU,37.0,HARD,19.0,17.0,84.45,0,0.0,2022,Australia,15.0,1,1.3553333333333342,0.2,0.6379310344827587,2.0
TSU,38.0,HARD,20.0,17.0,84.949,0,0.0,2022,Australia,15.0,1,1.4190000000000016,0.2,0.6551724137931034,2.0
TSU,39.0,HARD,21.0,15.0,114.067,0,0.0,2022,Australia,15.0,1,11.146666666666667,-0.4,0.6724137931034483,2.0
TSU,40.0,HARD,22.0,15.0,88.378,0,0.0,2022,Australia,15.0,1,12.455999999999998,-0.4,0.6896551724137931,2.0
TSU,41.0,HARD,23.0,15.0,84.103,0,0.0,2022,Australia,15.0,1,12.173999999999998,-0.4,0.7068965517241379,2.0
TSU,42.0,HARD,24.0,15.0,83.596,0,0.0,2022,Australia,15.0,1,2.017000000000001,-0.4,0.7241379310344828,2.0
TSU,43.0,HARD,25.0,15.0,83.852,0,0.0,2022,Australia,15.0,1,0.5083333333333352,-0.4,0.7413793103448276,2.0
TSU,44.0,HARD,26.0,15.0,83.986,0,0.0,2022,Australia,15.0,1,0.4693333333333385,0.0,0.7586206896551724,2.0
TSU,45.0,HARD,27.0,16.0,84.945,0,0.0,2022,Australia,15.0,1,0.9190000000000017,0.2,0.7758620689655172,2.0
TSU,46.0,HARD,28.0,16.0,85.528,0,0.0,2022,Australia,15.0,1,1.477666666666669,0.2,0.7931034482758621,2.0
TSU,47.0,HARD,29.0,16.0,84.101,0,0.0,2022,Australia,15.0,1,1.5160000000000007,0.2,0.8103448275862069,2.0
TSU,48.0,HARD,30.0,16.0,83.8,0,0.0,2022,Australia,15.0,1,1.1343333333333352,0.2,0.8275862068965517,2.0
TSU,49.0,HARD,31.0,16.0,83.921,0,0.0,2022,Australia,15.0,1,0.5986666666666688,0.2,0.8448275862068966,2.0
TSU,50.0,HARD,32.0,16.0,83.979,0,0.0,2022,Australia,15.0,1,0.5580000000000022,0.0,0.8620689655172413,2.0
TSU,51.0,HARD,33.0,16.0,83.806,0,0.0,2022,Australia,15.0,1,0.5600000000000023,0.0,0.8793103448275862,2.0
TSU,52.0,HARD,34.0,16.0,83.942,0,0.0,2022,Australia,15.0,1,0.5669999999999978,0.0,0.896551724137931,2.0
TSU,53.0,HARD,35.0,15.0,85.307,0,0.0,2022,Australia,15.0,1,1.0096666666666654,-0.2,0.9137931034482759,2.0
TSU,54.0,HARD,36.0,15.0,83.579,0,0.0,2022,Australia,15.0,1,0.9339999999999975,-0.2,0.9310344827586207,2.0
TSU,55.0,HARD,37.0,15.0,85.428,0,0.0,2022,Australia,15.0,1,1.4293333333333322,-0.2,0.9482758620689655,2.0
TSU,56.0,HARD,38.0,15.0,83.342,0,0.0,2022,Australia,15.0,1,0.7743333333333311,-0.2,0.9655172413793104,2.0
TSU,57.0,HARD,39.0,15.0,83.808,0,0.0,2022,Australia,15.0,1,0.8506666666666689,-0.2,0.9827586206896551,2.0
VER,2.0,MEDIUM,2.0,2.0,84.831,0,0.0,2022,Australia,2.0,0,3.832499999999996,0.0,0.034482758620689655,1.0
VER,3.0,MEDIUM,3.0,2.0,106.175,0,0.0,2022,Australia,2.0,0,10.02866666666666,0.0,0.05172413793103448,1.0
VER,4.0,MEDIUM,4.0,2.0,134.272,0,0.0,2022,Australia,2.0,0,24.671999999999993,0.0,0.06896551724137931,1.0
VER,5.0,MEDIUM,5.0,2.0,133.529,0,0.0,2022,Australia,2.0,0,40.90466666666666,0.0,0.08620689655172414,1.0
VER,6.0,MEDIUM,6.0,2.0,144.064,0,0.0,2022,Australia,2.0,0,53.534333333333315,0.0,0.10344827586206896,1.0
VER,7.0,MEDIUM,7.0,2.0,84.167,0,0.0,2022,Australia,2.0,0,36.83266666666666,0.0,0.1206896551724138,1.0
VER,8.0,MEDIUM,8.0,2.0,83.966,0,0.0,2022,Australia,2.0,0,20.311666666666657,0.0,0.13793103448275862,1.0
VER,9.0,MEDIUM,9.0,2.0,83.78,0,0.0,2022,Australia,2.0,0,0.216999999999994,0.0,0.15517241379310345,1.0
VER,10.0,MEDIUM,10.0,2.0,83.754,0,0.0,2022,Australia,2.0,0,0.07933333333332844,0.0,0.1724137931034483,1.0
VER,11.0,MEDIUM,11.0,2.0,84.634,0,0.0,2022,Australia,2.0,0,0.3019999999999972,0.0,0.1896551724137931,1.0
VER,12.0,MEDIUM,12.0,2.0,84.554,0,0.0,2022,Australia,2.0,0,0.5599999999999975,0.0,0.20689655172413793,1.0
VER,13.0,MEDIUM,13.0,2.0,84.658,0,0.0,2022,Australia,2.0,0,0.8613333333333296,0.0,0.22413793103448276,1.0
VER,14.0,MEDIUM,14.0,2.0,84.525,0,0.0,2022,Australia,2.0,0,0.8249999999999981,0.0,0.2413793103448276,1.0
VER,15.0,MEDIUM,15.0,2.0,84.556,0,0.0,2022,Australia,2.0,0,0.8256666666666632,0.0,0.25862068965517243,1.0
VER,16.0,MEDIUM,16.0,2.0,84.572,0,0.0,2022,Australia,2.0,0,0.796999999999997,0.0,0.27586206896551724,1.0
VER,17.0,MEDIUM,17.0,2.0,84.508,0,0.0,2022,Australia,2.0,0,0.791333333333327,0.0,0.29310344827586204,1.0
VER,18.0,MEDIUM,18.0,7.0,99.466,1,0.0,2022,Australia,2.0,1,6.453666666666659,1.0,0.3103448275862069,1.0
VER,19.0,HARD,1.0,7.0,89.085,0,0.0,2022,Australia,2.0,1,8.650333333333322,1.0,0.3275862068965517,2.0
VER,20.0,HARD,2.0,5.0,83.217,0,0.0,2022,Australia,2.0,1,8.912333333333322,0.6,0.3448275862068966,2.0
VER,21.0,HARD,3.0,4.0,83.129,0,0.0,2022,Australia,2.0,1,3.4666666666666592,0.4,0.3620689655172414,2.0
VER,22.0,HARD,4.0,3.0,82.533,0,0.0,2022,Australia,2.0,1,1.2826666666666615,0.2,0.3793103448275862,2.0
VER,23.0,HARD,5.0,2.0,89.765,0,0.0,2022,Australia,2.0,1,3.4653333333333287,-1.0,0.39655172413793105,2.0
VER,25.0,HARD,7.0,2.0,149.037,0,0.0,2022,Australia,2.0,1,25.43466666666666,-1.0,0.43103448275862066,2.0
VER,27.0,HARD,9.0,2.0,86.331,0,0.0,2022,Australia,2.0,1,26.700666666666663,-0.6,0.46551724137931033,2.0
VER,28.0,HARD,10.0,2.0,84.187,0,0.0,2022,Australia,2.0,1,24.841333333333328,-0.4,0.4827586206896552,2.0
VER,29.0,HARD,11.0,2.0,83.448,0,0.0,2022,Australia,2.0,1,2.9783333333333246,-0.2,0.5,2.0
VER,30.0,HARD,12.0,2.0,83.125,0,0.0,2022,Australia,2.0,1,1.9096666666666569,0.0,0.5172413793103449,2.0
VER,31.0,HARD,13.0,2.0,82.981,0,0.0,2022,Australia,2.0,1,1.5076666666666558,0.0,0.5344827586206896,2.0
VER,32.0,HARD,14.0,2.0,82.657,0,0.0,2022,Australia,2.0,1,1.2439999999999902,0.0,0.5517241379310345,2.0
VER,33.0,HARD,15.0,2.0,82.752,0,0.0,2022,Australia,2.0,1,1.1196666666666555,0.0,0.5689655172413793,2.0
VER,34.0,HARD,16.0,2.0,82.46,0,0.0,2022,Australia,2.0,1,0.9459999999999885,0.0,0.5862068965517241,2.0
VER,35.0,HARD,17.0,2.0,82.846,0,0.0,2022,Australia,2.0,1,1.0089999999999908,0.0,0.603448275862069,2.0
VER,36.0,HARD,18.0,2.0,82.335,0,0.0,2022,Australia,2.0,1,0.8699999999999903,0.0,0.6206896551724138,2.0
VER,37.0,HARD,19.0,2.0,81.677,0,0.0,2022,Australia,2.0,1,0.6089999999999947,0.0,0.6379310344827587,2.0
VER,38.0,HARD,20.0,2.0,83.306,0,0.0,2022,Australia,2.0,1,0.7623333333333259,0.0,0.6551724137931034,2.0
VET,2.0,HARD,3.0,16.0,88.34,0,0.0,2022,Australia,12.0,0,9.049000000000007,-1.0,0.034482758620689655,2.0
VET,3.0,HARD,4.0,16.0,115.92,0,0.0,2022,Australia,12.0,0,16.27633333333334,-0.5,0.05172413793103448,2.0
VET,4.0,HARD,5.0,16.0,132.726,0,0.0,2022,Australia,12.0,0,27.139666666666674,-0.3333333333333333,0.06896551724137931,2.0
VET,5.0,HARD,6.0,16.0,135.917,0,0.0,2022,Australia,12.0,0,42.99866666666668,-0.25,0.08620689655172414,2.0
VET,6.0,HARD,7.0,16.0,127.088,0,0.0,2022,Australia,12.0,0,46.72133333333334,-0.2,0.10344827586206896,2.0
VET,7.0,HARD,8.0,16.0,87.194,0,0.0,2022,Australia,12.0,0,31.544000000000008,0.0,0.1206896551724138,2.0
VET,8.0,HARD,9.0,16.0,86.763,0,0.0,2022,Australia,12.0,0,15.159333333333342,0.0,0.13793103448275862,2.0
VET,9.0,HARD,10.0,16.0,86.179,0,0.0,2022,Australia,12.0,0,1.5230000000000103,0.0,0.15517241379310345,2.0
VET,10.0,HARD,11.0,19.0,93.354,0,0.0,2022,Australia,12.0,0,3.5763333333333427,0.6,0.1724137931034483,2.0
VET,11.0,HARD,12.0,19.0,85.984,0,0.0,2022,Australia,12.0,0,3.316666666666672,0.6,0.1896551724137931,2.0
VET,12.0,HARD,13.0,19.0,86.15,0,0.0,2022,Australia,12.0,0,3.307000000000007,0.6,0.20689655172413793,2.0
VET,13.0,HARD,14.0,18.0,86.423,0,0.0,2022,Australia,12.0,0,0.9966666666666745,0.4,0.22413793103448276,2.0
VET,14.0,HARD,15.0,17.0,86.074,0,0.0,2022,Australia,12.0,0,1.0266666666666755,0.2,0.2413793103448276,2.0
VET,15.0,HARD,16.0,17.0,85.575,0,0.0,2022,Australia,12.0,0,0.835000000000008,-0.4,0.25862068965517243,2.0
VET,16.0,HARD,17.0,17.0,85.554,0,0.0,2022,Australia,12.0,0,0.5453333333333413,-0.4,0.27586206896551724,2.0
VET,17.0,HARD,18.0,16.0,85.189,0,0.0,2022,Australia,12.0,0,0.2503333333333397,-0.6,0.29310344827586204,2.0
VET,18.0,HARD,19.0,15.0,85.367,0,0.0,2022,Australia,12.0,0,0.18100000000000685,-0.6,0.3103448275862069,2.0
VET,19.0,HARD,20.0,15.0,85.503,0,0.0,2022,Australia,12.0,0,0.16400000000000622,-0.4,0.3275862068965517,2.0
VET,20.0,HARD,21.0,15.0,85.398,0,0.0,2022,Australia,12.0,0,0.23366666666667393,-0.4,0.3448275862068966,2.0
VET,21.0,HARD,22.0,13.0,85.505,0,0.0,2022,Australia,12.0,0,0.27966666666667095,-0.8,0.3620689655172414,2.0
VET,22.0,HARD,23.0,12.0,87.005,0,0.0,2022,Australia,12.0,0,0.7803333333333361,-0.8,0.3793103448275862,2.0
ZHO,2.0,MEDIUM,2.0,14.0,88.015,0,0.0,2022,Australia,11.0,0,8.734500000000004,-1.0,0.034482758620689655,1.0
ZHO,3.0,MEDIUM,3.0,14.0,114.475,0,0.0,2022,Australia,11.0,0,15.685000000000002,-0.5,0.05172413793103448,1.0
ZHO,4.0,MEDIUM,4.0,14.0,131.263,0,0.0,2022,Australia,11.0,0,26.362000000000005,-0.3333333333333333,0.06896551724137931,1.0
ZHO,5.0,MEDIUM,5.0,14.0,137.704,0,0.0,2022,Australia,11.0,0,42.92500000000001,-0.25,0.08620689655172414,1.0
ZHO,6.0,MEDIUM,6.0,14.0,128.526,0,0.0,2022,Australia,11.0,0,47.60866666666667,-0.2,0.10344827586206896,1.0
ZHO,7.0,MEDIUM,7.0,14.0,87.25,0,0.0,2022,Australia,11.0,0,32.93766666666668,0.0,0.1206896551724138,1.0
ZHO,8.0,MEDIUM,8.0,14.0,86.285,0,0.0,2022,Australia,11.0,0,15.798000000000007,0.0,0.13793103448275862,1.0
ZHO,9.0,MEDIUM,9.0,14.0,85.675,0,0.0,2022,Australia,11.0,0,1.5143333333333355,0.0,0.15517241379310345,1.0
ZHO,10.0,MEDIUM,10.0,14.0,85.138,0,0.0,2022,Australia,11.0,0,0.8103333333333372,0.0,0.1724137931034483,1.0
ZHO,11.0,MEDIUM,11.0,15.0,87.044,0,0.0,2022,Australia,11.0,0,1.0633333333333372,0.2,0.1896551724137931,1.0
ZHO,12.0,MEDIUM,12.0,14.0,86.964,0,0.0,2022,Australia,11.0,0,1.4930000000000045,0.0,0.20689655172413793,1.0
ZHO,13.0,MEDIUM,13.0,14.0,84.889,0,0.0,2022,Australia,11.0,0,1.4100000000000013,0.0,0.22413793103448276,1.0
ZHO,14.0,MEDIUM,14.0,14.0,85.44,0,0.0,2022,Australia,11.0,0,0.875333333333335,0.0,0.2413793103448276,1.0
ZHO,15.0,MEDIUM,15.0,14.0,85.594,0,0.0,2022,Australia,11.0,0,0.41866666666666674,0.0,0.25862068965517243,1.0
ZHO,16.0,MEDIUM,16.0,13.0,86.49,0,0.0,2022,Australia,11.0,0,0.9523333333333331,-0.4,0.27586206896551724,1.0
ZHO,17.0,MEDIUM,17.0,12.0,85.511,0,0.0,2022,Australia,11.0,0,0.9759999999999991,-0.4,0.29310344827586204,1.0
ZHO,18.0,MEDIUM,18.0,11.0,86.118,0,0.0,2022,Australia,11.0,0,1.150666666666666,-0.6,0.3103448275862069,1.0
ZHO,19.0,MEDIUM,19.0,12.0,86.697,0,0.0,2022,Australia,11.0,0,1.2196666666666687,-0.4,0.3275862068965517,1.0
ZHO,20.0,MEDIUM,20.0,12.0,86.45,0,0.0,2022,Australia,11.0,0,1.532666666666671,-0.4,0.3448275862068966,1.0
ZHO,21.0,MEDIUM,21.0,16.0,100.432,1,0.0,2022,Australia,11.0,1,7.086666666666673,0.6,0.3620689655172414,1.0
ZHO,22.0,HARD,1.0,18.0,92.26,0,0.0,2022,Australia,11.0,1,9.723666666666674,1.2,0.3793103448275862,2.0
ZHO,23.0,HARD,2.0,17.0,106.634,0,0.0,2022,Australia,11.0,1,17.23433333333334,1.2,0.39655172413793105,2.0
ZHO,24.0,HARD,3.0,17.0,119.485,0,0.0,2022,Australia,11.0,1,23.585333333333338,1.0,0.41379310344827586,2.0
ZHO,25.0,HARD,4.0,17.0,149.368,0,0.0,2022,Australia,11.0,1,42.62133333333333,1.0,0.43103448275862066,2.0
ZHO,26.0,HARD,5.0,17.0,142.522,0,0.0,2022,Australia,11.0,1,54.584,0.2,0.4482758620689655,2.0
ZHO,27.0,HARD,6.0,17.0,87.518,0,0.0,2022,Australia,11.0,1,43.928333333333335,-0.2,0.46551724137931033,2.0
ZHO,28.0,HARD,7.0,17.0,85.919,0,0.0,2022,Australia,11.0,1,22.778666666666666,0.0,0.4827586206896552,2.0
ZHO,29.0,HARD,8.0,17.0,85.858,0,0.0,2022,Australia,11.0,1,3.8906666666666703,0.0,0.5,2.0
ZHO,30.0,HARD,9.0,17.0,84.778,0,0.0,2022,Australia,11.0,1,2.977333333333339,0.0,0.5172413793103449,2.0
ZHO,31.0,HARD,10.0,17.0,85.097,0,0.0,2022,Australia,11.0,1,2.703333333333338,0.0,0.5344827586206896,2.0
ZHO,32.0,HARD,11.0,17.0,85.339,0,0.0,2022,Australia,11.0,1,2.530333333333336,0.0,0.5517241379310345,2.0
ZHO,33.0,HARD,12.0,17.0,84.517,0,0.0,2022,Australia,11.0,1,2.443333333333333,0.0,0.5689655172413793,2.0
ZHO,34.0,HARD,13.0,16.0,84.845,0,0.0,2022,Australia,11.0,1,2.359333333333334,-0.2,0.5862068965517241,2.0
ZHO,35.0,HARD,14.0,16.0,84.246,0,0.0,2022,Australia,11.0,1,1.9949999999999999,-0.2,0.603448275862069,2.0
ZHO,36.0,HARD,15.0,16.0,83.681,0,0.0,2022,Australia,11.0,1,1.7163333333333337,-0.2,0.6206896551724138,2.0
ZHO,37.0,HARD,16.0,16.0,83.892,0,0.0,2022,Australia,11.0,1,1.398666666666666,-0.2,0.6379310344827587,2.0
ZHO,38.0,HARD,17.0,16.0,84.429,0,0.0,2022,Australia,11.0,1,1.4596666666666682,-0.2,0.6551724137931034,2.0
ZHO,39.0,HARD,18.0,14.0,112.793,0,0.0,2022,Australia,11.0,1,11.163666666666671,-0.4,0.6724137931034483,2.0
ZHO,40.0,HARD,19.0,14.0,91.118,0,0.0,2022,Australia,11.0,1,13.572333333333338,-0.4,0.6896551724137931,2.0
ZHO,41.0,HARD,20.0,14.0,83.432,0,0.0,2022,Australia,11.0,1,13.240000000000004,-0.4,0.7068965517241379,2.0
ZHO,42.0,HARD,21.0,14.0,83.723,0,0.0,2022,Australia,11.0,1,3.550000000000002,-0.4,0.7241379310344828,2.0
ZHO,43.0,HARD,22.0,14.0,83.731,0,0.0,2022,Australia,11.0,1,1.0876666666666683,-0.4,0.7413793103448276,2.0
ZHO,44.0,HARD,23.0,14.0,83.594,0,0.0,2022,Australia,11.0,1,1.1416666666666657,0.0,0.7586206896551724,2.0
ZHO,45.0,HARD,24.0,14.0,84.805,0,0.0,2022,Australia,11.0,1,1.502333333333335,0.0,0.7758620689655172,2.0
ZHO,46.0,HARD,25.0,14.0,84.311,0,0.0,2022,Australia,11.0,1,1.6956666666666724,0.0,0.7931034482758621,2.0
ZHO,47.0,HARD,26.0,14.0,83.153,0,0.0,2022,Australia,11.0,1,1.5486666666666764,0.0,0.8103448275862069,2.0
ZHO,48.0,HARD,27.0,14.0,83.561,0,0.0,2022,Australia,11.0,1,1.13400000000001,0.0,0.8275862068965517,2.0
ZHO,49.0,HARD,28.0,14.0,84.219,0,0.0,2022,Australia,11.0,1,1.1033333333333388,0.0,0.8448275862068966,2.0
ZHO,50.0,HARD,29.0,13.0,84.815,0,0.0,2022,Australia,11.0,1,1.6573333333333362,-0.2,0.8620689655172413,2.0
ZHO,51.0,HARD,30.0,13.0,85.05,0,0.0,2022,Australia,11.0,1,2.153666666666666,-0.2,0.8793103448275862,2.0
ZHO,52.0,HARD,31.0,12.0,84.063,0,0.0,2022,Australia,11.0,1,2.101666666666669,-0.4,0.896551724137931,2.0
ZHO,53.0,HARD,32.0,12.0,83.314,0,0.0,2022,Australia,11.0,1,1.601333333333334,-0.4,0.9137931034482759,2.0
ZHO,54.0,HARD,33.0,12.0,82.706,0,0.0,2022,Australia,11.0,1,0.8200000000000026,-0.4,0.9310344827586207,2.0
ZHO,55.0,HARD,34.0,12.0,82.541,0,0.0,2022,Australia,11.0,1,0.3126666666666675,-0.2,0.9482758620689655,2.0
ZHO,56.0,HARD,35.0,11.0,82.893,0,0.0,2022,Australia,11.0,1,0.1723333333333367,-0.4,0.9655172413793104,2.0
ZHO,57.0,HARD,36.0,11.0,82.744,0,0.0,2022,Australia,11.0,1,0.18500000000000227,-0.2,0.9827586206896551,2.0
ZHO,58.0,HARD,37.0,11.0,86.097,0,0.0,2022,Australia,11.0,1,1.3703333333333347,-0.2,1.0,2.0
ALB,2.0,SOFT,2.0,11.0,100.548,0,0.0,2022,Bahrain,13.0,0,3.543999999999997,0.0,0.03508771929824561,0.0
ALB,3.0,SOFT,3.0,11.0,100.664,0,0.0,2022,Bahrain,13.0,0,2.4013333333333313,0.0,0.05263157894736842,0.0
ALB,4.0,SOFT,4.0,11.0,101.126,0,0.0,2022,Bahrain,13.0,0,0.2313333333333342,0.0,0.07017543859649122,0.0
ALB,5.0,SOFT,5.0,12.0,102.303,0,0.0,2022,Bahrain,13.0,0,0.8163333333333327,0.25,0.08771929824561403,0.0
ALB,6.0,SOFT,6.0,12.0,101.708,0,0.0,2022,Bahrain,13.0,0,1.1643333333333317,0.2,0.10526315789473684,0.0
ALB,7.0,SOFT,7.0,12.0,101.561,0,0.0,2022,Bahrain,13.0,0,1.3093333333333323,0.2,0.12280701754385964,0.0
ALB,8.0,SOFT,8.0,13.0,103.097,0,0.0,2022,Bahrain,13.0,0,1.573999999999998,0.4,0.14035087719298245,0.0
ALB,9.0,SOFT,9.0,13.0,102.149,0,0.0,2022,Bahrain,13.0,0,1.720999999999999,0.4,0.15789473684210525,0.0
ALB,10.0,SOFT,10.0,14.0,103.5,0,0.0,2022,Bahrain,13.0,0,2.3673333333333297,0.4,0.17543859649122806,0.0
ALB,11.0,SOFT,11.0,14.0,102.588,0,0.0,2022,Bahrain,13.0,0,2.197666666666663,0.4,0.19298245614035087,0.0
ALB,12.0,SOFT,12.0,13.0,102.505,0,0.0,2022,Bahrain,13.0,0,2.316333333333328,0.2,0.21052631578947367,0.0
ALB,13.0,SOFT,13.0,14.0,104.752,1,0.0,2022,Bahrain,13.0,1,3.0773333333333284,0.2,0.22807017543859648,0.0
ALB,14.0,MEDIUM,1.0,20.0,121.075,0,0.0,2022,Bahrain,13.0,1,9.583333333333334,1.4,0.24561403508771928,1.0
ALB,15.0,MEDIUM,2.0,19.0,99.517,0,0.0,2022,Bahrain,13.0,1,8.931000000000003,1.0,0.2631578947368421,1.0
ALB,16.0,MEDIUM,3.0,19.0,100.164,0,0.0,2022,Bahrain,13.0,1,7.401666666666671,1.0,0.2807017543859649,1.0
ALB,17.0,MEDIUM,4.0,19.0,100.265,0,0.0,2022,Bahrain,13.0,1,0.4650000000000034,1.2,0.2982456140350877,1.0
ALB,18.0,MEDIUM,5.0,18.0,100.225,0,0.0,2022,Bahrain,13.0,1,0.7010000000000028,0.8,0.3157894736842105,1.0
ALB,19.0,MEDIUM,6.0,16.0,100.8,0,0.0,2022,Bahrain,13.0,1,0.9130000000000015,-0.8,0.3333333333333333,1.0
ALB,20.0,MEDIUM,7.0,16.0,100.239,0,0.0,2022,Bahrain,13.0,1,0.904333333333336,-0.6,0.3508771929824561,1.0
ALB,21.0,MEDIUM,8.0,16.0,101.181,0,0.0,2022,Bahrain,13.0,1,1.2230000000000036,-0.6,0.3684210526315789,1.0
ALB,22.0,MEDIUM,9.0,15.0,100.816,0,0.0,2022,Bahrain,13.0,1,1.2283333333333388,-0.8,0.38596491228070173,1.0
ALB,23.0,MEDIUM,10.0,15.0,100.736,0,0.0,2022,Bahrain,13.0,1,1.3940000000000055,-0.6,0.40350877192982454,1.0
ALB,24.0,MEDIUM,11.0,15.0,100.669,0,0.0,2022,Bahrain,13.0,1,1.2233333333333387,-0.2,0.42105263157894735,1.0
ALB,25.0,MEDIUM,12.0,15.0,101.032,0,0.0,2022,Bahrain,13.0,1,1.2953333333333366,-0.2,0.43859649122807015,1.0
ALB,26.0,MEDIUM,13.0,15.0,101.628,0,0.0,2022,Bahrain,13.0,1,1.5926666666666687,-0.2,0.45614035087719296,1.0
ALB,27.0,MEDIUM,14.0,16.0,102.053,0,0.0,2022,Bahrain,13.0,1,2.054000000000002,0.2,0.47368421052631576,1.0
ALB,28.0,MEDIUM,15.0,16.0,101.355,0,0.0,2022,Bahrain,13.0,1,2.161666666666671,0.2,0.49122807017543857,1.0
ALB,29.0,MEDIUM,16.0,16.0,101.505,0,0.0,2022,Bahrain,13.0,1,2.12066666666667,0.2,0.5087719298245614,1.0
ALB,30.0,MEDIUM,17.0,16.0,101.02,0,0.0,2022,Bahrain,13.0,1,1.776333333333336,0.2,0.5263157894736842,1.0
ALB,31.0,MEDIUM,18.0,16.0,101.23,0,0.0,2022,Bahrain,13.0,1,1.7346666666666692,0.2,0.543859649122807,1.0
ALB,32.0,MEDIUM,19.0,16.0,101.241,0,0.0,2022,Bahrain,13.0,1,1.6466666666666707,0.0,0.5614035087719298,1.0
ALB,33.0,MEDIUM,20.0,16.0,100.863,0,0.0,2022,Bahrain,13.0,1,1.5943333333333385,0.0,0.5789473684210527,1.0
ALB,34.0,MEDIUM,21.0,16.0,101.203,0,0.0,2022,Bahrain,13.0,1,1.5853333333333381,0.0,0.5964912280701754,1.0
ALB,35.0,MEDIUM,22.0,16.0,103.965,1,0.0,2022,Bahrain,13.0,2,2.657333333333336,0.0,0.6140350877192983,1.0
ALB,36.0,MEDIUM,3.0,18.0,123.311,0,0.0,2022,Bahrain,13.0,2,10.304000000000002,0.4,0.631578947368421,1.0
ALB,37.0,MEDIUM,4.0,18.0,99.165,0,0.0,2022,Bahrain,13.0,2,9.788666666666666,0.4,0.6491228070175439,1.0
ALB,38.0,MEDIUM,5.0,17.0,99.127,0,0.0,2022,Bahrain,13.0,2,8.175999999999997,0.2,0.6666666666666666,1.0
ALB,39.0,MEDIUM,6.0,17.0,99.025,0,0.0,2022,Bahrain,13.0,2,0.0806666666666634,0.2,0.6842105263157895,1.0
ALB,40.0,MEDIUM,7.0,17.0,99.14,0,0.0,2022,Bahrain,13.0,2,0.07233333333332818,0.2,0.7017543859649122,1.0
ALB,41.0,MEDIUM,8.0,17.0,99.285,0,0.0,2022,Bahrain,13.0,2,0.12499999999999527,-0.2,0.7192982456140351,1.0
ALB,42.0,MEDIUM,9.0,16.0,99.255,0,0.0,2022,Bahrain,13.0,2,0.20166666666665853,-0.4,0.7368421052631579,1.0
ALB,43.0,MEDIUM,10.0,16.0,99.325,0,0.0,2022,Bahrain,13.0,2,0.2633333333333259,-0.2,0.7543859649122807,1.0
ALB,44.0,MEDIUM,11.0,16.0,106.225,0,0.0,2022,Bahrain,13.0,2,2.5766666666666587,-0.2,0.7719298245614035,1.0
ALB,45.0,MEDIUM,12.0,15.0,128.156,0,0.0,2022,Bahrain,13.0,2,12.21033333333333,-0.4,0.7894736842105263,1.0
ALB,46.0,MEDIUM,13.0,14.0,132.997,1,0.0,2022,Bahrain,13.0,3,23.991,-0.6,0.8070175438596491,1.0
ALB,47.0,SOFT,4.0,15.0,141.354,0,0.0,2022,Bahrain,13.0,3,36.25733333333334,-0.2,0.8245614035087719,0.0
ALB,48.0,SOFT,5.0,15.0,116.756,0,0.0,2022,Bahrain,13.0,3,33.014,-0.2,0.8421052631578947,0.0
ALB,49.0,SOFT,6.0,15.0,100.113,0,0.0,2022,Bahrain,13.0,3,22.052666666666667,-0.2,0.8596491228070176,0.0
ALB,50.0,SOFT,7.0,15.0,97.355,0,0.0,2022,Bahrain,13.0,3,7.38633333333333,0.0,0.8771929824561403,0.0
ALB,51.0,SOFT,8.0,15.0,97.702,0,0.0,2022,Bahrain,13.0,3,1.0349999999999966,0.2,0.8947368421052632,0.0
ALB,52.0,SOFT,9.0,15.0,97.717,0,0.0,2022,Bahrain,13.0,3,0.23633333333332965,0.0,0.9122807017543859,0.0
ALB,53.0,SOFT,10.0,15.0,98.073,0,0.0,2022,Bahrain,13.0,3,0.4756666666666594,0.0,0.9298245614035088,0.0
ALB,54.0,SOFT,11.0,15.0,98.356,0,0.0,2022,Bahrain,13.0,3,0.6936666666666582,0.0,0.9473684210526315,0.0
ALB,55.0,SOFT,12.0,14.0,98.826,0,0.0,2022,Bahrain,13.0,3,1.063333333333323,-0.2,0.9649122807017544,0.0
ALB,56.0,SOFT,13.0,14.0,99.202,0,0.0,2022,Bahrain,13.0,3,1.439666666666658,-0.2,0.9824561403508771,0.0
ALB,57.0,SOFT,14.0,13.0,100.132,0,0.0,2022,Bahrain,13.0,3,2.0316666666666614,-0.4,1.0,0.0
ALO,2.0,SOFT,5.0,9.0,100.412,0,0.0,2022,Bahrain,9.0,0,2.696000000000012,0.0,0.03508771929824561,0.0
ALO,3.0,SOFT,6.0,9.0,100.226,0,0.0,2022,Bahrain,9.0,0,1.8403333333333431,0.0,0.05263157894736842,0.0
ALO,4.0,SOFT,7.0,9.0,100.097,0,0.0,2022,Bahrain,9.0,0,0.1480000000000056,0.0,0.07017543859649122,0.0
ALO,5.0,SOFT,8.0,9.0,100.465,0,0.0,2022,Bahrain,9.0,0,0.16566666666667137,0.0,0.08771929824561403,0.0
ALO,6.0,SOFT,9.0,9.0,100.658,0,0.0,2022,Bahrain,9.0,0,0.3096666666666721,0.0,0.10526315789473684,0.0
ALO,7.0,SOFT,10.0,9.0,100.823,0,0.0,2022,Bahrain,9.0,0,0.5516666666666717,0.0,0.12280701754385964,0.0
ALO,8.0,SOFT,11.0,10.0,102.371,0,0.0,2022,Bahrain,9.0,0,1.1870000000000023,0.2,0.14035087719298245,0.0
ALO,9.0,SOFT,12.0,10.0,101.448,0,0.0,2022,Bahrain,9.0,0,1.450333333333333,0.2,0.15789473684210525,0.0
ALO,10.0,SOFT,13.0,10.0,101.873,0,0.0,2022,Bahrain,9.0,0,1.800333333333337,0.2,0.17543859649122806,0.0
ALO,11.0,SOFT,14.0,11.0,104.265,1,0.0,2022,Bahrain,9.0,1,2.780666666666671,0.4,0.19298245614035087,0.0
ALO,12.0,MEDIUM,1.0,20.0,120.053,0,0.0,2022,Bahrain,9.0,1,9.331333333333339,2.2,0.21052631578947367,1.0
ALO,13.0,MEDIUM,2.0,17.0,99.05,0,0.0,2022,Bahrain,9.0,1,8.739333333333335,1.4,0.22807017543859648,1.0
ALO,14.0,MEDIUM,3.0,14.0,99.704,0,0.0,2022,Bahrain,9.0,1,7.2189999999999985,0.8,0.24561403508771928,1.0
ALO,15.0,MEDIUM,4.0,11.0,100.256,0,0.0,2022,Bahrain,9.0,1,0.6199999999999998,0.2,0.2631578947368421,1.0
ALO,16.0,MEDIUM,5.0,9.0,100.572,0,0.0,2022,Bahrain,9.0,1,1.127333333333335,-0.4,0.2807017543859649,1.0
ALO,17.0,MEDIUM,6.0,9.0,99.434,0,0.0,2022,Bahrain,9.0,1,1.0373333333333363,-2.2,0.2982456140350877,1.0
ALO,18.0,MEDIUM,7.0,9.0,99.809,0,0.0,2022,Bahrain,9.0,1,0.8883333333333354,-1.6,0.3157894736842105,1.0
ALO,19.0,MEDIUM,8.0,9.0,99.785,0,0.0,2022,Bahrain,9.0,1,0.626,-1.0,0.3333333333333333,1.0
ALO,20.0,MEDIUM,9.0,9.0,99.874,0,0.0,2022,Bahrain,9.0,1,0.772666666666666,-0.4,0.3508771929824561,1.0
ALO,21.0,MEDIUM,10.0,9.0,100.087,0,0.0,2022,Bahrain,9.0,1,0.8653333333333345,0.0,0.3684210526315789,1.0
ALO,22.0,MEDIUM,11.0,9.0,100.504,0,0.0,2022,Bahrain,9.0,1,1.105000000000004,0.0,0.38596491228070173,1.0
ALO,23.0,MEDIUM,12.0,9.0,99.922,0,0.0,2022,Bahrain,9.0,1,1.1210000000000047,0.0,0.40350877192982454,1.0
ALO,24.0,MEDIUM,13.0,9.0,100.496,0,0.0,2022,Bahrain,9.0,1,1.2573333333333352,0.0,0.42105263157894735,1.0
ALO,25.0,MEDIUM,14.0,10.0,102.836,1,0.0,2022,Bahrain,9.0,2,2.3863333333333308,0.2,0.43859649122807015,1.0
ALO,26.0,HARD,1.0,14.0,120.922,0,0.0,2022,Bahrain,9.0,2,9.737999999999994,1.0,0.45614035087719296,2.0
ALO,27.0,HARD,2.0,14.0,97.995,0,0.0,2022,Bahrain,9.0,2,9.255999999999995,1.0,0.47368421052631576,2.0
ALO,28.0,HARD,3.0,14.0,98.908,0,0.0,2022,Bahrain,9.0,2,7.946666666666663,1.0,0.49122807017543857,2.0
ALO,29.0,HARD,4.0,14.0,98.68,0,0.0,2022,Bahrain,9.0,2,0.5326666666666663,1.0,0.5087719298245614,2.0
ALO,30.0,HARD,5.0,12.0,98.626,0,0.0,2022,Bahrain,9.0,2,0.7429999999999998,0.4,0.5263157894736842,2.0
ALO,31.0,HARD,6.0,11.0,98.958,0,0.0,2022,Bahrain,9.0,2,0.7596666666666655,-0.6,0.543859649122807,2.0
ALO,32.0,HARD,7.0,11.0,99.153,0,0.0,2022,Bahrain,9.0,2,0.9173333333333318,-0.6,0.5614035087719298,2.0
ALO,33.0,HARD,8.0,11.0,99.686,0,0.0,2022,Bahrain,9.0,2,1.270666666666666,-0.6,0.5789473684210527,2.0
ALO,34.0,HARD,9.0,11.0,99.208,0,0.0,2022,Bahrain,9.0,2,1.3539999999999992,-0.6,0.5964912280701754,2.0
ALO,35.0,HARD,10.0,11.0,99.214,0,0.0,2022,Bahrain,9.0,2,1.37433333333333,-0.2,0.6140350877192983,2.0
ALO,36.0,HARD,11.0,11.0,99.389,0,0.0,2022,Bahrain,9.0,2,1.2753333333333263,0.0,0.631578947368421,2.0
ALO,37.0,HARD,12.0,10.0,99.426,0,0.0,2022,Bahrain,9.0,2,1.3479999999999943,-0.2,0.6491228070175439,2.0
ALO,38.0,HARD,13.0,10.0,100.034,0,0.0,2022,Bahrain,9.0,2,1.62133333333333,-0.2,0.6666666666666666,2.0
ALO,39.0,HARD,14.0,10.0,100.009,0,0.0,2022,Bahrain,9.0,2,1.8279999999999983,-0.2,0.6842105263157895,2.0
ALO,40.0,HARD,15.0,11.0,100.295,0,0.0,2022,Bahrain,9.0,2,2.117666666666665,0.0,0.7017543859649122,2.0
ALO,41.0,HARD,16.0,11.0,99.854,0,0.0,2022,Bahrain,9.0,2,2.0576666666666625,0.0,0.7192982456140351,2.0
ALO,42.0,HARD,17.0,12.0,102.925,1,0.0,2022,Bahrain,9.0,3,3.450333333333328,0.4,0.7368421052631579,2.0
ALO,43.0,SOFT,1.0,14.0,117.366,0,0.0,2022,Bahrain,9.0,3,9.561333333333328,0.8,0.7543859649122807,0.0
ALO,44.0,SOFT,2.0,14.0,96.733,0,0.0,2022,Bahrain,9.0,3,8.941666666666663,0.8,0.7719298245614035,0.0
ALO,45.0,SOFT,3.0,13.0,127.867,0,0.0,2022,Bahrain,9.0,3,17.255666666666666,0.4,0.7894736842105263,0.0
ALO,46.0,SOFT,4.0,12.0,130.714,0,0.0,2022,Bahrain,9.0,3,21.705,0.2,0.8070175438596491,0.0
ALO,47.0,SOFT,5.0,12.0,111.463,0,0.0,2022,Bahrain,9.0,3,26.614999999999995,0.0,0.8245614035087719,0.0
ALO,48.0,SOFT,6.0,12.0,105.574,0,0.0,2022,Bahrain,9.0,3,19.183999999999994,-0.4,0.8421052631578947,0.0
ALO,49.0,SOFT,7.0,12.0,113.977,0,0.0,2022,Bahrain,9.0,3,13.604999999999995,-0.4,0.8596491228070176,0.0
ALO,50.0,SOFT,8.0,12.0,133.261,0,0.0,2022,Bahrain,9.0,3,20.870999999999995,-0.2,0.8771929824561403,0.0
ALO,51.0,SOFT,9.0,11.0,99.006,0,0.0,2022,Bahrain,9.0,3,18.68166666666666,-0.2,0.8947368421052632,0.0
ALO,52.0,SOFT,10.0,11.0,97.538,0,0.0,2022,Bahrain,9.0,3,13.201999999999993,-0.2,0.9122807017543859,0.0
ALO,53.0,SOFT,11.0,11.0,97.396,0,0.0,2022,Bahrain,9.0,3,1.2469999999999952,-0.2,0.9298245614035088,0.0
ALO,54.0,SOFT,12.0,10.0,97.303,0,0.0,2022,Bahrain,9.0,3,0.6793333333333275,-0.4,0.9473684210526315,0.0
ALO,55.0,SOFT,13.0,10.0,97.672,0,0.0,2022,Bahrain,9.0,3,0.7239999999999943,-0.4,0.9649122807017544,0.0
ALO,56.0,SOFT,14.0,10.0,97.642,0,0.0,2022,Bahrain,9.0,3,0.8059999999999926,-0.2,0.9824561403508771,0.0
ALO,57.0,SOFT,15.0,9.0,98.986,0,0.0,2022,Bahrain,9.0,3,1.3669999999999949,-0.4,1.0,0.0
BOT,2.0,SOFT,5.0,14.0,100.817,0,0.0,2022,Bahrain,6.0,0,4.419999999999995,0.0,0.03508771929824561,0.0
BOT,3.0,SOFT,6.0,14.0,100.732,0,0.0,2022,Bahrain,6.0,0,2.99533333333333,0.0,0.05263157894736842,0.0
BOT,4.0,SOFT,7.0,14.0,101.127,0,0.0,2022,Bahrain,6.0,0,0.3059999999999974,0.0,0.07017543859649122,0.0
BOT,5.0,SOFT,8.0,14.0,101.817,0,0.0,2022,Bahrain,6.0,0,0.6393333333333308,0.0,0.08771929824561403,0.0
BOT,6.0,SOFT,9.0,13.0,101.003,0,0.0,2022,Bahrain,6.0,0,0.7296666666666644,-0.2,0.10526315789473684,0.0
BOT,7.0,SOFT,10.0,13.0,101.287,0,0.0,2022,Bahrain,6.0,0,0.7830000000000013,-0.2,0.12280701754385964,0.0
BOT,8.0,SOFT,11.0,12.0,101.606,0,0.0,2022,Bahrain,6.0,0,0.7126666666666684,-0.4,0.14035087719298245,0.0
BOT,9.0,SOFT,12.0,12.0,100.586,0,0.0,2022,Bahrain,6.0,0,0.5736666666666679,-0.4,0.15789473684210525,0.0
BOT,10.0,SOFT,13.0,12.0,100.788,0,0.0,2022,Bahrain,6.0,0,0.4073333333333314,-0.4,0.17543859649122806,0.0
BOT,11.0,SOFT,14.0,12.0,101.075,0,0.0,2022,Bahrain,6.0,0,0.23033333333333417,-0.2,0.19298245614035087,0.0
BOT,12.0,SOFT,15.0,10.0,101.073,0,0.0,2022,Bahrain,6.0,0,0.3926666666666658,-0.6,0.21052631578947367,0.0
BOT,13.0,SOFT,16.0,10.0,101.291,0,0.0,2022,Bahrain,6.0,0,0.5603333333333325,-0.4,0.22807017543859648,0.0
BOT,14.0,SOFT,17.0,11.0,103.736,1,0.0,2022,Bahrain,6.0,1,2.0323333333333315,-0.2,0.24561403508771928,0.0
BOT,15.0,MEDIUM,1.0,17.0,120.669,0,0.0,2022,Bahrain,6.0,1,9.149333333333331,1.0,0.2631578947368421,1.0
BOT,16.0,MEDIUM,2.0,16.0,100.259,0,0.0,2022,Bahrain,6.0,1,9.39033333333333,0.8,0.2807017543859649,1.0
BOT,17.0,MEDIUM,3.0,13.0,100.103,0,0.0,2022,Bahrain,6.0,1,8.179333333333327,0.6,0.2982456140350877,1.0
BOT,18.0,MEDIUM,4.0,13.0,98.901,0,0.0,2022,Bahrain,6.0,1,0.9233333333333272,0.6,0.3157894736842105,1.0
BOT,19.0,MEDIUM,5.0,12.0,98.831,0,0.0,2022,Bahrain,6.0,1,0.4473333333333282,0.2,0.3333333333333333,1.0
BOT,20.0,MEDIUM,6.0,12.0,98.96,0,0.0,2022,Bahrain,6.0,1,0.06633333333332796,-1.0,0.3508771929824561,1.0
BOT,21.0,MEDIUM,7.0,12.0,99.279,0,0.0,2022,Bahrain,6.0,1,0.192333333333328,-0.8,0.3684210526315789,1.0
BOT,22.0,MEDIUM,8.0,12.0,99.774,0,0.0,2022,Bahrain,6.0,1,0.5066666666666606,-0.2,0.38596491228070173,1.0
BOT,23.0,MEDIUM,9.0,12.0,99.339,0,0.0,2022,Bahrain,6.0,1,0.6329999999999956,-0.2,0.40350877192982454,1.0
BOT,24.0,MEDIUM,10.0,12.0,99.65,0,0.0,2022,Bahrain,6.0,1,0.7566666666666654,0.0,0.42105263157894735,1.0
BOT,25.0,MEDIUM,11.0,12.0,100.341,0,0.0,2022,Bahrain,6.0,1,0.945666666666663,0.0,0.43859649122807015,1.0
BOT,26.0,MEDIUM,12.0,11.0,99.777,0,0.0,2022,Bahrain,6.0,1,1.091666666666664,-0.2,0.45614035087719296,1.0
BOT,27.0,MEDIUM,13.0,11.0,100.338,0,0.0,2022,Bahrain,6.0,1,1.3209999999999933,-0.2,0.47368421052631576,1.0
BOT,28.0,MEDIUM,14.0,11.0,99.88,0,0.0,2022,Bahrain,6.0,1,1.1673333333333271,-0.2,0.49122807017543857,1.0
BOT,29.0,MEDIUM,15.0,10.0,100.641,0,0.0,2022,Bahrain,6.0,1,1.4553333333333285,-0.4,0.5087719298245614,1.0
BOT,30.0,MEDIUM,16.0,10.0,99.268,0,0.0,2022,Bahrain,6.0,1,1.098666666666664,-0.4,0.5263157894736842,1.0
BOT,31.0,MEDIUM,17.0,9.0,99.806,0,0.0,2022,Bahrain,6.0,1,1.073999999999998,-0.4,0.543859649122807,1.0
BOT,32.0,MEDIUM,18.0,9.0,99.65,0,0.0,2022,Bahrain,6.0,1,0.7436666666666648,-0.4,0.5614035087719298,1.0
BOT,33.0,MEDIUM,19.0,8.0,99.815,0,0.0,2022,Bahrain,6.0,1,0.9259999999999972,-0.6,0.5789473684210527,1.0
BOT,34.0,MEDIUM,20.0,8.0,99.739,0,0.0,2022,Bahrain,6.0,1,0.9036666666666662,-0.4,0.5964912280701754,1.0
BOT,35.0,MEDIUM,21.0,7.0,99.619,0,0.0,2022,Bahrain,6.0,1,0.8933333333333309,-0.6,0.6140350877192983,1.0
BOT,36.0,MEDIUM,22.0,7.0,102.299,1,0.0,2022,Bahrain,6.0,2,2.451333333333333,-0.4,0.631578947368421,1.0
BOT,37.0,MEDIUM,1.0,13.0,118.899,0,0.0,2022,Bahrain,6.0,2,9.567999999999998,0.8,0.6491228070175439,1.0
BOT,38.0,MEDIUM,2.0,12.0,96.641,0,0.0,2022,Bahrain,6.0,2,9.305333333333332,0.8,0.6666666666666666,1.0
BOT,39.0,MEDIUM,3.0,12.0,97.067,0,0.0,2022,Bahrain,6.0,2,7.5613333333333275,0.8,0.6842105263157895,1.0
BOT,40.0,MEDIUM,4.0,12.0,97.497,0,0.0,2022,Bahrain,6.0,2,0.4273333333333274,1.0,0.7017543859649122,1.0
BOT,41.0,MEDIUM,5.0,12.0,97.687,0,0.0,2022,Bahrain,6.0,2,0.7759999999999915,1.0,0.7192982456140351,1.0
BOT,42.0,MEDIUM,6.0,11.0,97.498,0,0.0,2022,Bahrain,6.0,2,0.9196666666666621,-0.4,0.7368421052631579,1.0
BOT,43.0,MEDIUM,7.0,11.0,98.681,0,0.0,2022,Bahrain,6.0,2,1.3143333333333278,-0.2,0.7543859649122807,1.0
BOT,44.0,MEDIUM,8.0,9.0,98.386,0,0.0,2022,Bahrain,6.0,2,1.5473333333333272,-0.6,0.7719298245614035,1.0
BOT,45.0,MEDIUM,9.0,8.0,121.176,1,0.0,2022,Bahrain,6.0,3,9.453999999999994,-0.8,0.7894736842105263,1.0
BOT,46.0,SOFT,3.0,8.0,148.768,0,0.0,2022,Bahrain,6.0,3,26.16366666666666,-0.8,0.8070175438596491,0.0
BOT,47.0,SOFT,4.0,8.0,106.02,0,0.0,2022,Bahrain,6.0,3,28.722333333333328,-0.6,0.8245614035087719,0.0
BOT,48.0,SOFT,5.0,8.0,105.024,0,0.0,2022,Bahrain,6.0,3,23.338333333333328,-0.6,0.8421052631578947,0.0
BOT,49.0,SOFT,6.0,8.0,126.323,0,0.0,2022,Bahrain,6.0,3,15.85666666666666,-0.2,0.8596491228070176,0.0
BOT,50.0,SOFT,7.0,8.0,136.411,0,0.0,2022,Bahrain,6.0,3,25.986999999999995,0.0,0.8771929824561403,0.0
BOT,51.0,SOFT,8.0,8.0,97.589,0,0.0,2022,Bahrain,6.0,3,23.50866666666666,0.0,0.8947368421052632,0.0
BOT,52.0,SOFT,9.0,8.0,97.06,0,0.0,2022,Bahrain,6.0,3,13.75433333333333,0.0,0.9122807017543859,0.0
BOT,53.0,SOFT,10.0,8.0,96.599,0,0.0,2022,Bahrain,6.0,3,0.48366666666666447,0.0,0.9298245614035088,0.0
BOT,54.0,SOFT,11.0,7.0,96.959,0,0.0,2022,Bahrain,6.0,3,0.273666666666666,-0.2,0.9473684210526315,0.0
BOT,55.0,SOFT,12.0,7.0,97.217,0,0.0,2022,Bahrain,6.0,3,0.3259999999999981,-0.2,0.9649122807017544,0.0
BOT,56.0,SOFT,13.0,7.0,97.26,0,0.0,2022,Bahrain,6.0,3,0.5463333333333319,-0.2,0.9824561403508771,0.0
BOT,57.0,SOFT,14.0,6.0,97.87,0,0.0,2022,Bahrain,6.0,3,0.8499999999999991,-0.4,1.0,0.0
GAS,2.0,SOFT,5.0,8.0,100.169,0,0.0,2022,Bahrain,8.0,0,2.251499999999993,0.0,0.03508771929824561,0.0
GAS,3.0,SOFT,6.0,8.0,99.968,0,0.0,2022,Bahrain,8.0,0,1.5009999999999952,0.0,0.05263157894736842,0.0
GAS,4.0,SOFT,7.0,8.0,100.158,0,0.0,2022,Bahrain,8.0,0,0.1303333333333304,0.0,0.07017543859649122,0.0
GAS,5.0,SOFT,8.0,8.0,100.249,0,0.0,2022,Bahrain,8.0,0,0.15699999999999648,0.0,0.08771929824561403,0.0
GAS,6.0,SOFT,9.0,8.0,100.474,0,0.0,2022,Bahrain,8.0,0,0.3256666666666632,0.0,0.10526315789473684,0.0
GAS,7.0,SOFT,10.0,8.0,100.433,0,0.0,2022,Bahrain,8.0,0,0.4173333333333318,0.0,0.12280701754385964,0.0
GAS,8.0,SOFT,11.0,8.0,100.684,0,0.0,2022,Bahrain,8.0,0,0.5623333333333326,0.0,0.14035087719298245,0.0
GAS,9.0,SOFT,12.0,8.0,100.844,0,0.0,2022,Bahrain,8.0,0,0.6856666666666626,0.0,0.15789473684210525,0.0
GAS,10.0,SOFT,13.0,8.0,100.981,0,0.0,2022,Bahrain,8.0,0,0.8683333333333252,0.0,0.17543859649122806,0.0
GAS,11.0,SOFT,14.0,8.0,101.089,0,0.0,2022,Bahrain,8.0,0,1.0033333333333256,0.0,0.19298245614035087,0.0
GAS,12.0,SOFT,15.0,7.0,101.347,0,0.0,2022,Bahrain,8.0,0,1.1709999999999923,-0.2,0.21052631578947367,0.0
GAS,13.0,SOFT,16.0,7.0,101.256,0,0.0,2022,Bahrain,8.0,0,1.2626666666666608,-0.2,0.22807017543859648,0.0
GAS,14.0,SOFT,17.0,7.0,104.005,1,0.0,2022,Bahrain,8.0,1,2.6556666666666615,-0.2,0.24561403508771928,0.0
GAS,15.0,MEDIUM,1.0,12.0,121.397,0,0.0,2022,Bahrain,8.0,1,9.76,0.8,0.2631578947368421,1.0
GAS,16.0,MEDIUM,2.0,8.0,98.705,0,0.0,2022,Bahrain,8.0,1,9.330666666666668,0.0,0.2807017543859649,1.0
GAS,17.0,MEDIUM,3.0,8.0,98.868,0,0.0,2022,Bahrain,8.0,1,7.618333333333335,0.2,0.2982456140350877,1.0
GAS,18.0,MEDIUM,4.0,8.0,98.888,0,0.0,2022,Bahrain,8.0,1,0.11533333333333455,0.2,0.3157894736842105,1.0
GAS,19.0,MEDIUM,5.0,8.0,99.416,0,0.0,2022,Bahrain,8.0,1,0.35233333333333405,0.2,0.3333333333333333,1.0
GAS,20.0,MEDIUM,6.0,8.0,99.134,0,0.0,2022,Bahrain,8.0,1,0.4410000000000025,-0.8,0.3508771929824561,1.0
GAS,21.0,MEDIUM,7.0,8.0,99.083,0,0.0,2022,Bahrain,8.0,1,0.5060000000000002,0.0,0.3684210526315789,1.0
GAS,22.0,MEDIUM,8.0,8.0,99.152,0,0.0,2022,Bahrain,8.0,1,0.41800000000000165,0.0,0.38596491228070173,1.0
GAS,23.0,MEDIUM,9.0,8.0,99.31,0,0.0,2022,Bahrain,8.0,1,0.47666666666666896,0.0,0.40350877192982454,1.0
GAS,24.0,MEDIUM,10.0,8.0,99.363,0,0.0,2022,Bahrain,8.0,1,0.5700000000000026,0.0,0.42105263157894735,1.0
GAS,25.0,MEDIUM,11.0,8.0,99.485,0,0.0,2022,Bahrain,8.0,1,0.6810000000000022,0.0,0.43859649122807015,1.0
GAS,26.0,MEDIUM,12.0,8.0,99.513,0,0.0,2022,Bahrain,8.0,1,0.7486666666666698,0.0,0.45614035087719296,1.0
GAS,27.0,MEDIUM,13.0,8.0,99.919,0,0.0,2022,Bahrain,8.0,1,0.9340000000000023,0.0,0.47368421052631576,1.0
GAS,28.0,MEDIUM,14.0,7.0,99.665,0,0.0,2022,Bahrain,8.0,1,0.9940000000000045,-0.2,0.49122807017543857,1.0
GAS,29.0,MEDIUM,15.0,7.0,99.677,0,0.0,2022,Bahrain,8.0,1,1.0486666666666717,-0.2,0.5087719298245614,1.0
GAS,30.0,MEDIUM,16.0,7.0,99.8,0,0.0,2022,Bahrain,8.0,1,1.009000000000005,-0.2,0.5263157894736842,1.0
GAS,31.0,MEDIUM,17.0,8.0,100.874,0,0.0,2022,Bahrain,8.0,1,1.4120000000000015,0.0,0.543859649122807,1.0
GAS,32.0,MEDIUM,18.0,8.0,102.305,1,0.0,2022,Bahrain,8.0,2,2.748333333333335,0.0,0.5614035087719298,1.0
GAS,33.0,HARD,1.0,10.0,120.808,0,0.0,2022,Bahrain,8.0,2,10.211333333333338,0.6,0.5789473684210527,2.0
GAS,34.0,HARD,2.0,10.0,97.324,0,0.0,2022,Bahrain,8.0,2,9.488333333333339,0.6,0.5964912280701754,2.0
GAS,35.0,HARD,3.0,9.0,97.54,0,0.0,2022,Bahrain,8.0,2,7.900000000000006,0.4,0.6140350877192983,2.0
GAS,36.0,HARD,4.0,10.0,99.827,0,0.0,2022,Bahrain,8.0,2,0.9063333333333361,0.4,0.631578947368421,2.0
GAS,37.0,HARD,5.0,8.0,99.596,0,0.0,2022,Bahrain,8.0,2,1.6636666666666713,0.0,0.6491228070175439,2.0
GAS,38.0,HARD,6.0,8.0,98.221,0,0.0,2022,Bahrain,8.0,2,1.8906666666666705,-0.4,0.6666666666666666,2.0
GAS,39.0,HARD,7.0,8.0,98.552,0,0.0,2022,Bahrain,8.0,2,1.4656666666666733,-0.4,0.6842105263157895,2.0
GAS,40.0,HARD,8.0,8.0,98.204,0,0.0,2022,Bahrain,8.0,2,1.0016666666666698,-0.2,0.7017543859649122,2.0
GAS,41.0,HARD,9.0,8.0,98.301,0,0.0,2022,Bahrain,8.0,2,1.028333333333336,-0.4,0.7192982456140351,2.0
GAS,42.0,HARD,10.0,8.0,98.329,0,0.0,2022,Bahrain,8.0,2,0.9539999999999983,0.0,0.7368421052631579,2.0
GAS,43.0,HARD,11.0,8.0,98.478,0,0.0,2022,Bahrain,8.0,2,1.045333333333332,0.0,0.7543859649122807,2.0
GAS,44.0,HARD,12.0,8.0,98.704,0,0.0,2022,Bahrain,8.0,2,1.1796666666666624,0.0,0.7719298245614035,2.0
HAM,2.0,SOFT,4.0,4.0,99.002,0,0.0,2022,Bahrain,3.0,0,1.3865000000000052,0.0,0.03508771929824561,0.0
HAM,3.0,SOFT,5.0,4.0,99.075,0,0.0,2022,Bahrain,3.0,0,0.9853333333333391,0.0,0.05263157894736842,0.0
HAM,4.0,SOFT,6.0,4.0,98.892,0,0.0,2022,Bahrain,3.0,0,0.09766666666666879,0.0,0.07017543859649122,0.0
HAM,5.0,SOFT,7.0,4.0,98.923,0,0.0,2022,Bahrain,3.0,0,0.07133333333333762,0.0,0.08771929824561403,0.0
HAM,6.0,SOFT,8.0,4.0,99.707,0,0.0,2022,Bahrain,3.0,0,0.2820000000000012,0.0,0.10526315789473684,0.0
HAM,7.0,SOFT,9.0,4.0,99.682,0,0.0,2022,Bahrain,3.0,0,0.5453333333333367,0.0,0.12280701754385964,0.0
HAM,8.0,SOFT,10.0,4.0,99.758,0,0.0,2022,Bahrain,3.0,0,0.8236666666666679,0.0,0.14035087719298245,0.0
HAM,9.0,SOFT,11.0,4.0,100.274,0,0.0,2022,Bahrain,3.0,0,1.0126666666666704,0.0,0.15789473684210525,0.0
HAM,10.0,SOFT,12.0,5.0,101.581,0,0.0,2022,Bahrain,3.0,0,1.6456666666666706,0.2,0.17543859649122806,0.0
HAM,11.0,SOFT,13.0,5.0,102.945,1,0.0,2022,Bahrain,3.0,1,2.926666666666667,0.2,0.19298245614035087,0.0
HAM,12.0,HARD,2.0,12.0,123.697,0,0.0,2022,Bahrain,3.0,1,10.952999999999998,1.6,0.21052631578947367,2.0
HAM,13.0,HARD,3.0,11.0,99.33,0,0.0,2022,Bahrain,3.0,1,10.421333333333328,1.4,0.22807017543859648,2.0
HAM,14.0,HARD,4.0,10.0,99.309,0,0.0,2022,Bahrain,3.0,1,9.209333333333328,1.2,0.24561403508771928,2.0
HAM,15.0,HARD,5.0,6.0,98.587,0,0.0,2022,Bahrain,3.0,1,0.8393333333333288,0.2,0.2631578947368421,2.0
HAM,16.0,HARD,6.0,5.0,98.236,0,0.0,2022,Bahrain,3.0,1,0.4746666666666641,0.0,0.2807017543859649,2.0
HAM,17.0,HARD,7.0,5.0,98.644,0,0.0,2022,Bahrain,3.0,1,0.2530000000000001,-1.4,0.2982456140350877,2.0
HAM,18.0,HARD,8.0,5.0,98.368,0,0.0,2022,Bahrain,3.0,1,0.17999999999999736,-1.2,0.3157894736842105,2.0
HAM,19.0,HARD,9.0,5.0,98.393,0,0.0,2022,Bahrain,3.0,1,0.2323333333333295,-1.0,0.3333333333333333,2.0
HAM,20.0,HARD,10.0,5.0,98.606,0,0.0,2022,Bahrain,3.0,1,0.2196666666666592,-0.2,0.3508771929824561,2.0
HAM,21.0,HARD,11.0,5.0,98.542,0,0.0,2022,Bahrain,3.0,1,0.2776666666666614,0.0,0.3684210526315789,2.0
HAM,22.0,HARD,12.0,5.0,99.407,0,0.0,2022,Bahrain,3.0,1,0.61566666666666,0.0,0.38596491228070173,2.0
HAM,23.0,HARD,13.0,5.0,99.109,0,0.0,2022,Bahrain,3.0,1,0.7833333333333267,0.0,0.40350877192982454,2.0
HAM,24.0,HARD,14.0,5.0,99.342,0,0.0,2022,Bahrain,3.0,1,1.0499999999999925,0.0,0.42105263157894735,2.0
HAM,25.0,HARD,15.0,5.0,99.186,0,0.0,2022,Bahrain,3.0,1,0.9763333333333293,0.0,0.43859649122807015,2.0
HAM,26.0,HARD,16.0,5.0,99.255,0,0.0,2022,Bahrain,3.0,1,1.0249999999999961,0.0,0.45614035087719296,2.0
HAM,27.0,HARD,17.0,5.0,101.666,1,0.0,2022,Bahrain,3.0,2,2.324999999999998,0.0,0.47368421052631576,2.0
HAM,28.0,MEDIUM,1.0,8.0,121.276,0,0.0,2022,Bahrain,3.0,2,10.213666666666663,0.6,0.49122807017543857,1.0
HAM,29.0,MEDIUM,2.0,8.0,97.871,0,0.0,2022,Bahrain,3.0,2,10.277666666666667,0.6,0.5087719298245614,1.0
HAM,30.0,MEDIUM,3.0,8.0,97.506,0,0.0,2022,Bahrain,3.0,2,8.891,0.6,0.5263157894736842,1.0
HAM,31.0,MEDIUM,4.0,7.0,96.66,0,0.0,2022,Bahrain,3.0,2,0.6856666666666674,0.4,0.543859649122807,1.0
HAM,32.0,MEDIUM,5.0,7.0,98.29,0,0.0,2022,Bahrain,3.0,2,0.8253333333333378,0.4,0.5614035087719298,1.0
HAM,33.0,MEDIUM,6.0,6.0,97.085,0,0.0,2022,Bahrain,3.0,2,0.6850000000000023,-0.4,0.5789473684210527,1.0
HAM,34.0,MEDIUM,7.0,5.0,97.593,0,0.0,2022,Bahrain,3.0,2,0.9960000000000045,-0.6,0.5964912280701754,1.0
HAM,35.0,MEDIUM,8.0,5.0,97.47,0,0.0,2022,Bahrain,3.0,2,0.7226666666666688,-0.6,0.6140350877192983,1.0
HAM,36.0,MEDIUM,9.0,5.0,97.66,0,0.0,2022,Bahrain,3.0,2,0.9143333333333364,-0.4,0.631578947368421,1.0
HAM,37.0,MEDIUM,10.0,5.0,97.771,0,0.0,2022,Bahrain,3.0,2,0.9736666666666688,-0.4,0.6491228070175439,1.0
HAM,38.0,MEDIUM,11.0,5.0,97.942,0,0.0,2022,Bahrain,3.0,2,1.1310000000000002,-0.2,0.6666666666666666,1.0
HAM,39.0,MEDIUM,12.0,5.0,97.668,0,0.0,2022,Bahrain,3.0,2,1.1336666666666702,0.0,0.6842105263157895,1.0
HAM,40.0,MEDIUM,13.0,5.0,97.898,0,0.0,2022,Bahrain,3.0,2,1.176000000000002,0.0,0.7017543859649122,1.0
HAM,41.0,MEDIUM,14.0,5.0,97.912,0,0.0,2022,Bahrain,3.0,2,1.1660000000000064,0.0,0.7192982456140351,1.0
HAM,42.0,MEDIUM,15.0,5.0,98.422,0,0.0,2022,Bahrain,3.0,2,1.4173333333333364,0.0,0.7368421052631579,1.0
HAM,43.0,MEDIUM,16.0,5.0,98.205,0,0.0,2022,Bahrain,3.0,2,1.5196666666666705,0.0,0.7543859649122807,1.0
HAM,44.0,MEDIUM,17.0,4.0,101.007,1,0.0,2022,Bahrain,3.0,3,2.6953333333333376,-0.2,0.7719298245614035,1.0
HAM,45.0,SOFT,4.0,6.0,131.741,0,0.0,2022,Bahrain,3.0,3,13.945666666666677,0.2,0.7894736842105263,0.0
HAM,46.0,SOFT,5.0,5.0,131.044,0,0.0,2022,Bahrain,3.0,3,25.036000000000016,0.0,0.8070175438596491,0.0
HAM,47.0,SOFT,6.0,5.0,126.318,0,0.0,2022,Bahrain,3.0,3,33.47300000000001,0.0,0.8245614035087719,0.0
HAM,48.0,SOFT,7.0,5.0,119.093,0,0.0,2022,Bahrain,3.0,3,29.25700000000001,0.0,0.8421052631578947,0.0
HAM,49.0,SOFT,8.0,5.0,139.798,0,0.0,2022,Bahrain,3.0,3,32.175000000000004,0.2,0.8596491228070176,0.0
HAM,50.0,SOFT,9.0,5.0,140.564,0,0.0,2022,Bahrain,3.0,3,36.92366666666667,-0.2,0.8771929824561403,0.0
HAM,51.0,SOFT,10.0,5.0,96.487,0,0.0,2022,Bahrain,3.0,3,29.388333333333335,0.0,0.8947368421052632,0.0
HAM,52.0,SOFT,11.0,5.0,96.36,0,0.0,2022,Bahrain,3.0,3,14.909,0.0,0.9122807017543859,0.0
HAM,53.0,SOFT,12.0,5.0,96.228,0,0.0,2022,Bahrain,3.0,3,0.1303333333333351,0.0,0.9298245614035088,0.0
HAM,54.0,SOFT,13.0,4.0,96.354,0,0.0,2022,Bahrain,3.0,3,0.08600000000000325,-0.2,0.9473684210526315,0.0
HAM,55.0,SOFT,14.0,4.0,96.566,0,0.0,2022,Bahrain,3.0,3,0.15466666666667095,-0.2,0.9649122807017544,0.0
HAM,56.0,SOFT,15.0,4.0,96.481,0,0.0,2022,Bahrain,3.0,3,0.23900000000000432,-0.2,0.9824561403508771,0.0
HAM,57.0,SOFT,16.0,3.0,96.918,0,0.0,2022,Bahrain,3.0,3,0.4270000000000067,-0.4,1.0,0.0
HUL,2.0,SOFT,2.0,15.0,101.077,0,0.0,2022,Bahrain,17.0,0,4.7494999999999905,0.0,0.03508771929824561,0.0
HUL,3.0,SOFT,3.0,15.0,100.638,0,0.0,2022,Bahrain,17.0,0,3.166333333333327,0.0,0.05263157894736842,0.0
HUL,4.0,SOFT,4.0,15.0,101.189,0,0.0,2022,Bahrain,17.0,0,0.3299999999999936,0.0,0.07017543859649122,0.0
HUL,5.0,SOFT,5.0,16.0,102.49,0,0.0,2022,Bahrain,17.0,0,0.8009999999999925,0.25,0.08771929824561403,0.0
HUL,6.0,SOFT,6.0,16.0,101.995,0,0.0,2022,Bahrain,17.0,0,1.2533333333333256,0.2,0.10526315789473684,0.0
HUL,7.0,SOFT,7.0,16.0,101.912,0,0.0,2022,Bahrain,17.0,0,1.49433333333333,0.2,0.12280701754385964,0.0
HUL,8.0,SOFT,8.0,16.0,102.177,0,0.0,2022,Bahrain,17.0,0,1.3900000000000006,0.2,0.14035087719298245,0.0
HUL,9.0,SOFT,9.0,17.0,103.773,0,0.0,2022,Bahrain,17.0,0,1.9826666666666644,0.4,0.15789473684210525,0.0
HUL,10.0,SOFT,10.0,17.0,103.228,0,0.0,2022,Bahrain,17.0,0,2.4213333333333273,0.2,0.17543859649122806,0.0
HUL,11.0,SOFT,11.0,17.0,102.603,0,0.0,2022,Bahrain,17.0,0,2.5633333333333232,0.2,0.19298245614035087,0.0
HUL,12.0,SOFT,12.0,15.0,102.821,0,0.0,2022,Bahrain,17.0,0,2.2459999999999902,-0.2,0.21052631578947367,0.0
HUL,13.0,SOFT,13.0,15.0,101.942,0,0.0,2022,Bahrain,17.0,0,1.8173333333333233,-0.2,0.22807017543859648,0.0
HUL,14.0,SOFT,14.0,15.0,102.959,0,0.0,2022,Bahrain,17.0,0,1.9359999999999928,-0.4,0.24561403508771928,0.0
HUL,15.0,SOFT,15.0,13.0,102.819,0,0.0,2022,Bahrain,17.0,0,1.9353333333333278,-0.8,0.2631578947368421,0.0
HUL,16.0,SOFT,16.0,12.0,103.615,0,0.0,2022,Bahrain,17.0,0,2.492999999999995,-1.0,0.2807017543859649,0.0
HUL,17.0,SOFT,17.0,15.0,104.45,0,0.0,2022,Bahrain,17.0,0,2.989999999999995,0.0,0.2982456140350877,0.0
HUL,18.0,SOFT,18.0,17.0,103.59,0,0.0,2022,Bahrain,17.0,0,3.246999999999995,0.4,0.3157894736842105,0.0
HUL,19.0,SOFT,19.0,17.0,105.242,1,0.0,2022,Bahrain,17.0,1,4.275333333333331,0.4,0.3333333333333333,0.0
HUL,20.0,SOFT,1.0,20.0,123.711,0,0.0,2022,Bahrain,17.0,1,11.181666666666663,1.4,0.3508771929824561,0.0
HUL,21.0,SOFT,2.0,20.0,99.18,0,0.0,2022,Bahrain,17.0,1,10.197666666666663,1.6,0.3684210526315789,0.0
HUL,22.0,SOFT,3.0,20.0,99.307,0,0.0,2022,Bahrain,17.0,1,8.21933333333333,1.0,0.38596491228070173,0.0
HUL,23.0,SOFT,4.0,20.0,99.22,0,0.0,2022,Bahrain,17.0,1,0.05566666666666246,0.6,0.40350877192982454,0.0
HUL,24.0,SOFT,5.0,20.0,99.307,0,0.0,2022,Bahrain,17.0,1,0.09799999999999424,0.6,0.42105263157894735,0.0
HUL,25.0,SOFT,6.0,19.0,99.689,0,0.0,2022,Bahrain,17.0,1,0.2253333333333245,-0.2,0.43859649122807015,0.0
HUL,26.0,SOFT,7.0,19.0,99.506,0,0.0,2022,Bahrain,17.0,1,0.3206666666666583,-0.2,0.45614035087719296,0.0
HUL,27.0,SOFT,8.0,19.0,99.84,0,0.0,2022,Bahrain,17.0,1,0.49833333333332536,-0.2,0.47368421052631576,0.0
HUL,28.0,SOFT,9.0,19.0,102.651,0,0.0,2022,Bahrain,17.0,1,1.4856666666666598,-0.2,0.49122807017543857,0.0
HUL,29.0,SOFT,10.0,19.0,102.181,0,0.0,2022,Bahrain,17.0,1,2.3773333333333255,-0.2,0.5087719298245614,0.0
HUL,30.0,SOFT,11.0,19.0,100.483,0,0.0,2022,Bahrain,17.0,1,2.5916666666666592,0.0,0.5263157894736842,0.0
HUL,31.0,SOFT,12.0,19.0,100.473,0,0.0,2022,Bahrain,17.0,1,1.86566666666666,0.0,0.543859649122807,0.0
HUL,32.0,SOFT,13.0,18.0,101.036,0,0.0,2022,Bahrain,17.0,1,1.4839999999999947,-0.2,0.5614035087719298,0.0
HUL,33.0,SOFT,14.0,18.0,100.07,0,0.0,2022,Bahrain,17.0,1,1.3463333333333243,-0.2,0.5789473684210527,0.0
HUL,34.0,SOFT,15.0,18.0,104.369,0,0.0,2022,Bahrain,17.0,1,2.644999999999991,-0.2,0.5964912280701754,0.0
HUL,35.0,SOFT,16.0,18.0,100.815,0,0.0,2022,Bahrain,17.0,1,2.5713333333333233,-0.2,0.6140350877192983,0.0
HUL,36.0,SOFT,17.0,17.0,100.658,0,0.0,2022,Bahrain,17.0,1,2.767333333333326,-0.4,0.631578947368421,0.0
HUL,37.0,SOFT,18.0,17.0,103.481,1,0.0,2022,Bahrain,17.0,2,2.744333333333325,-0.2,0.6491228070175439,0.0
HUL,38.0,MEDIUM,1.0,20.0,122.368,0,0.0,2022,Bahrain,17.0,2,10.201666666666659,0.4,0.6666666666666666,1.0
HUL,39.0,MEDIUM,2.0,20.0,98.819,0,0.0,2022,Bahrain,17.0,2,9.86166666666666,0.4,0.6842105263157895,1.0
HUL,40.0,MEDIUM,3.0,20.0,98.751,0,0.0,2022,Bahrain,17.0,2,8.284999999999997,0.4,0.7017543859649122,1.0
HUL,41.0,MEDIUM,4.0,20.0,98.361,0,0.0,2022,Bahrain,17.0,2,0.28266666666666634,0.6,0.7192982456140351,1.0
HUL,42.0,MEDIUM,5.0,20.0,99.671,0,0.0,2022,Bahrain,17.0,2,0.5666666666666677,0.6,0.7368421052631579,1.0
HUL,43.0,MEDIUM,6.0,20.0,100.222,0,0.0,2022,Bahrain,17.0,2,1.0569999999999975,0.0,0.7543859649122807,1.0
HUL,44.0,MEDIUM,7.0,20.0,113.374,1,0.0,2022,Bahrain,17.0,3,6.114666666666665,0.0,0.7719298245614035,1.0
HUL,45.0,SOFT,1.0,19.0,148.352,0,0.0,2022,Bahrain,17.0,3,22.395,-0.2,0.7894736842105263,0.0
HUL,46.0,SOFT,2.0,19.0,119.839,0,0.0,2022,Bahrain,17.0,3,28.98733333333334,-0.2,0.8070175438596491,0.0
HUL,47.0,SOFT,3.0,19.0,119.877,0,0.0,2022,Bahrain,17.0,3,31.155000000000005,-0.2,0.8245614035087719,0.0
HUL,48.0,SOFT,4.0,19.0,113.739,0,0.0,2022,Bahrain,17.0,3,19.617333333333338,-0.2,0.8421052631578947,0.0
HUL,49.0,SOFT,5.0,19.0,98.201,0,0.0,2022,Bahrain,17.0,3,12.404666666666671,-0.2,0.8596491228070176,0.0
HUL,50.0,SOFT,6.0,19.0,98.299,0,0.0,2022,Bahrain,17.0,3,5.212000000000008,0.0,0.8771929824561403,0.0
HUL,51.0,SOFT,7.0,19.0,98.243,0,0.0,2022,Bahrain,17.0,3,0.046666666666671595,0.0,0.8947368421052632,0.0
HUL,52.0,SOFT,8.0,19.0,98.599,0,0.0,2022,Bahrain,17.0,3,0.1793333333333417,0.0,0.9122807017543859,0.0
HUL,53.0,SOFT,9.0,19.0,98.452,0,0.0,2022,Bahrain,17.0,3,0.2303333333333389,0.0,0.9298245614035088,0.0
HUL,54.0,SOFT,10.0,19.0,98.533,0,0.0,2022,Bahrain,17.0,3,0.3270000000000077,0.0,0.9473684210526315,0.0
HUL,55.0,SOFT,11.0,18.0,99.236,0,0.0,2022,Bahrain,17.0,3,0.5393333333333411,-0.2,0.9649122807017544,0.0
HUL,56.0,SOFT,12.0,18.0,99.102,0,0.0,2022,Bahrain,17.0,3,0.7560000000000097,-0.2,0.9824561403508771,0.0
HUL,57.0,SOFT,13.0,17.0,101.18,0,0.0,2022,Bahrain,17.0,3,1.638333333333345,-0.4,1.0,0.0
LAT,2.0,SOFT,2.0,19.0,102.298,0,0.0,2022,Bahrain,16.0,0,5.047999999999995,1.0,0.03508771929824561,0.0
LAT,3.0,SOFT,3.0,19.0,101.668,0,0.0,2022,Bahrain,16.0,0,3.36533333333333,0.5,0.05263157894736842,0.0
LAT,4.0,SOFT,4.0,19.0,101.947,0,0.0,2022,Bahrain,16.0,0,0.30299999999999727,0.3333333333333333,0.07017543859649122,0.0
LAT,5.0,SOFT,5.0,19.0,101.678,0,0.0,2022,Bahrain,16.0,0,0.0963333333333291,0.25,0.08771929824561403,0.0
LAT,6.0,SOFT,6.0,20.0,102.945,0,0.0,2022,Bahrain,16.0,0,0.5219999999999914,0.4,0.10526315789473684,0.0
LAT,7.0,SOFT,7.0,19.0,102.065,0,0.0,2022,Bahrain,16.0,0,0.561333333333323,0.0,0.12280701754385964,0.0
LAT,8.0,SOFT,8.0,19.0,101.931,0,0.0,2022,Bahrain,16.0,0,0.6456666666666564,0.0,0.14035087719298245,0.0
LAT,9.0,SOFT,9.0,19.0,102.473,0,0.0,2022,Bahrain,16.0,0,0.488333333333325,0.0,0.15789473684210525,0.0
LAT,10.0,SOFT,10.0,19.0,102.678,0,0.0,2022,Bahrain,16.0,0,0.6926666666666582,0.0,0.17543859649122806,0.0
LAT,11.0,SOFT,11.0,19.0,102.822,0,0.0,2022,Bahrain,16.0,0,0.9896666666666599,-0.2,0.19298245614035087,0.0
LAT,12.0,SOFT,12.0,19.0,103.492,0,0.0,2022,Bahrain,16.0,0,1.3293333333333284,0.0,0.21052631578947367,0.0
LAT,13.0,SOFT,13.0,19.0,103.36,0,0.0,2022,Bahrain,16.0,0,1.5566666666666624,0.0,0.22807017543859648,0.0
LAT,14.0,SOFT,14.0,18.0,105.315,1,0.0,2022,Bahrain,16.0,1,3.197333333333328,-0.2,0.24561403508771928,0.0
LAT,15.0,SOFT,1.0,20.0,118.534,0,0.0,2022,Bahrain,16.0,1,9.020999999999995,0.2,0.2631578947368421,0.0
LAT,16.0,SOFT,2.0,20.0,99.239,0,0.0,2022,Bahrain,16.0,1,8.456999999999999,0.2,0.2807017543859649,0.0
LAT,17.0,SOFT,3.0,20.0,99.655,0,0.0,2022,Bahrain,16.0,1,6.570333333333333,0.2,0.2982456140350877,0.0
LAT,18.0,SOFT,4.0,19.0,100.272,0,0.0,2022,Bahrain,16.0,1,0.4829999999999994,0.0,0.3157894736842105,0.0
LAT,19.0,SOFT,5.0,18.0,100.245,0,0.0,2022,Bahrain,16.0,1,0.8183333333333328,0.0,0.3333333333333333,0.0
LAT,20.0,SOFT,6.0,17.0,100.489,0,0.0,2022,Bahrain,16.0,1,1.0963333333333338,-0.6,0.3508771929824561,0.0
LAT,21.0,SOFT,7.0,18.0,101.735,0,0.0,2022,Bahrain,16.0,1,1.5839999999999985,-0.4,0.3684210526315789,0.0
LAT,22.0,SOFT,8.0,18.0,101.036,0,0.0,2022,Bahrain,16.0,1,1.8476666666666641,-0.4,0.38596491228070173,0.0
LAT,23.0,SOFT,9.0,18.0,101.284,0,0.0,2022,Bahrain,16.0,1,2.1126666666666645,-0.2,0.40350877192982454,0.0
LAT,24.0,SOFT,10.0,18.0,101.118,0,0.0,2022,Bahrain,16.0,1,1.9069999999999965,0.0,0.42105263157894735,0.0
LAT,25.0,SOFT,11.0,17.0,101.031,0,0.0,2022,Bahrain,16.0,1,1.9053333333333313,0.0,0.43859649122807015,0.0
LAT,26.0,SOFT,12.0,17.0,101.161,0,0.0,2022,Bahrain,16.0,1,1.8643333333333298,-0.2,0.45614035087719296,0.0
LAT,27.0,SOFT,13.0,17.0,101.182,0,0.0,2022,Bahrain,16.0,1,1.8856666666666655,-0.2,0.47368421052631576,0.0
LAT,28.0,SOFT,14.0,18.0,102.81,0,0.0,2022,Bahrain,16.0,1,2.478666666666664,0.0,0.49122807017543857,0.0
LAT,29.0,SOFT,15.0,18.0,102.572,0,0.0,2022,Bahrain,16.0,1,2.948999999999998,0.0,0.5087719298245614,0.0
LAT,30.0,SOFT,16.0,18.0,102.106,0,0.0,2022,Bahrain,16.0,1,3.2569999999999957,0.2,0.5263157894736842,0.0
LAT,31.0,SOFT,17.0,18.0,101.888,0,0.0,2022,Bahrain,16.0,1,2.9496666666666633,0.2,0.543859649122807,0.0
LAT,32.0,SOFT,18.0,20.0,104.577,1,0.0,2022,Bahrain,16.0,2,3.6026666666666642,0.6,0.5614035087719298,0.0
LAT,33.0,MEDIUM,1.0,20.0,123.32,0,0.0,2022,Bahrain,16.0,2,10.658666666666667,0.4,0.5789473684210527,1.0
LAT,34.0,MEDIUM,2.0,20.0,99.285,0,0.0,2022,Bahrain,16.0,2,9.775666666666666,0.4,0.5964912280701754,1.0
LAT,35.0,MEDIUM,3.0,20.0,99.763,0,0.0,2022,Bahrain,16.0,2,8.171000000000001,0.4,0.6140350877192983,1.0
LAT,36.0,MEDIUM,4.0,20.0,99.455,0,0.0,2022,Bahrain,16.0,2,0.21600000000000344,0.4,0.631578947368421,1.0
LAT,37.0,MEDIUM,5.0,20.0,101.384,0,0.0,2022,Bahrain,16.0,2,0.9156666666666714,0.0,0.6491228070175439,1.0
LAT,38.0,MEDIUM,6.0,19.0,99.891,0,0.0,2022,Bahrain,16.0,2,0.958333333333338,-0.2,0.6666666666666666,1.0
LAT,39.0,MEDIUM,7.0,19.0,100.258,0,0.0,2022,Bahrain,16.0,2,1.2260000000000038,-0.2,0.6842105263157895,1.0
LAT,40.0,MEDIUM,8.0,19.0,100.219,0,0.0,2022,Bahrain,16.0,2,0.8376666666666684,-0.2,0.7017543859649122,1.0
LAT,41.0,MEDIUM,9.0,19.0,99.797,0,0.0,2022,Bahrain,16.0,2,0.8063333333333323,-0.2,0.7192982456140351,1.0
LAT,42.0,MEDIUM,10.0,18.0,99.937,0,0.0,2022,Bahrain,16.0,2,0.699333333333333,-0.4,0.7368421052631579,1.0
LAT,43.0,MEDIUM,11.0,19.0,100.899,0,0.0,2022,Bahrain,16.0,2,0.9260000000000019,0.0,0.7543859649122807,1.0
LAT,44.0,MEDIUM,12.0,19.0,111.928,0,0.0,2022,Bahrain,16.0,2,4.969666666666669,0.0,0.7719298245614035,1.0
LAT,45.0,MEDIUM,13.0,17.0,131.603,1,0.0,2022,Bahrain,16.0,3,15.869666666666669,-0.4,0.7894736842105263,1.0
LAT,46.0,SOFT,4.0,18.0,138.301,0,0.0,2022,Bahrain,16.0,3,28.68166666666666,-0.2,0.8070175438596491,0.0
LAT,47.0,SOFT,5.0,18.0,120.201,0,0.0,2022,Bahrain,16.0,3,31.783999999999992,0.0,0.8245614035087719,0.0
LAT,48.0,SOFT,6.0,18.0,113.396,0,0.0,2022,Bahrain,16.0,3,25.71499999999999,-0.2,0.8421052631578947,0.0
LAT,49.0,SOFT,7.0,18.0,98.651,0,0.0,2022,Bahrain,16.0,3,12.498333333333326,-0.2,0.8596491228070176,0.0
LAT,50.0,SOFT,8.0,18.0,98.335,0,0.0,2022,Bahrain,16.0,3,5.209666666666659,0.2,0.8771929824561403,0.0
LAT,51.0,SOFT,9.0,18.0,98.251,0,0.0,2022,Bahrain,16.0,3,0.1613333333333268,0.0,0.8947368421052632,0.0
LAT,52.0,SOFT,10.0,18.0,98.466,0,0.0,2022,Bahrain,16.0,3,0.0996666666666594,0.0,0.9122807017543859,0.0
LAT,53.0,SOFT,11.0,18.0,98.452,0,0.0,2022,Bahrain,16.0,3,0.13866666666666086,0.0,0.9298245614035088,0.0
LAT,54.0,SOFT,12.0,18.0,98.707,0,0.0,2022,Bahrain,16.0,3,0.29066666666665714,0.0,0.9473684210526315,0.0
LAT,55.0,SOFT,13.0,17.0,99.119,0,0.0,2022,Bahrain,16.0,3,0.5083333333333258,-0.2,0.9649122807017544,0.0
LAT,56.0,SOFT,14.0,17.0,99.145,0,0.0,2022,Bahrain,16.0,3,0.7393333333333251,-0.2,0.9824561403508771,0.0
LAT,57.0,SOFT,15.0,16.0,99.876,0,0.0,2022,Bahrain,16.0,3,1.1289999999999953,-0.4,1.0,0.0
LEC,2.0,SOFT,2.0,1.0,97.853,0,0.0,2022,Bahrain,1.0,0,0.6084999999999994,0.0,0.03508771929824561,0.0
LEC,3.0,SOFT,3.0,1.0,98.272,0,0.0,2022,Bahrain,1.0,0,0.5453333333333367,0.0,0.05263157894736842,0.0
LEC,4.0,SOFT,4.0,1.0,98.414,0,0.0,2022,Bahrain,1.0,0,0.3266666666666727,0.0,0.07017543859649122,0.0
LEC,5.0,SOFT,5.0,1.0,98.471,0,0.0,2022,Bahrain,1.0,0,0.5326666666666758,0.0,0.08771929824561403,0.0
LEC,6.0,SOFT,6.0,1.0,98.712,0,0.0,2022,Bahrain,1.0,0,0.6793333333333417,0.0,0.10526315789473684,0.0
LEC,7.0,SOFT,7.0,1.0,98.835,0,0.0,2022,Bahrain,1.0,0,0.8196666666666724,0.0,0.12280701754385964,0.0
LEC,8.0,SOFT,8.0,1.0,98.951,0,0.0,2022,Bahrain,1.0,0,0.979666666666669,0.0,0.14035087719298245,0.0
LEC,9.0,SOFT,9.0,1.0,98.807,0,0.0,2022,Bahrain,1.0,0,1.0113333333333354,0.0,0.15789473684210525,0.0
LEC,10.0,SOFT,10.0,1.0,99.123,0,0.0,2022,Bahrain,1.0,0,1.107333333333339,0.0,0.17543859649122806,0.0
LEC,11.0,SOFT,11.0,1.0,99.306,0,0.0,2022,Bahrain,1.0,0,1.2256666666666736,0.0,0.19298245614035087,0.0
LEC,12.0,SOFT,12.0,1.0,99.256,0,0.0,2022,Bahrain,1.0,0,1.3753333333333397,0.0,0.21052631578947367,0.0
LEC,13.0,SOFT,13.0,1.0,99.279,0,0.0,2022,Bahrain,1.0,0,1.427333333333337,0.0,0.22807017543859648,0.0
LEC,14.0,SOFT,14.0,1.0,99.629,0,0.0,2022,Bahrain,1.0,0,1.5350000000000061,0.0,0.24561403508771928,0.0
LEC,15.0,SOFT,15.0,1.0,102.041,1,0.0,2022,Bahrain,1.0,1,2.6116666666666695,0.0,0.2631578947368421,0.0
LEC,16.0,SOFT,4.0,1.0,117.66,0,0.0,2022,Bahrain,1.0,1,8.887,0.0,0.2807017543859649,0.0
LEC,17.0,SOFT,5.0,1.0,97.52,0,0.0,2022,Bahrain,1.0,1,8.33233333333333,0.0,0.2982456140350877,0.0
LEC,18.0,SOFT,6.0,1.0,97.634,0,0.0,2022,Bahrain,1.0,1,6.86333333333333,0.0,0.3157894736842105,0.0
LEC,19.0,SOFT,7.0,1.0,97.408,0,0.0,2022,Bahrain,1.0,1,0.11266666666666462,0.0,0.3333333333333333,0.0
LEC,20.0,SOFT,8.0,1.0,97.562,0,0.0,2022,Bahrain,1.0,1,0.12666666666666515,0.0,0.3508771929824561,0.0
LEC,21.0,SOFT,9.0,1.0,97.807,0,0.0,2022,Bahrain,1.0,1,0.18433333333333243,0.0,0.3684210526315789,0.0
LEC,22.0,SOFT,10.0,1.0,97.752,0,0.0,2022,Bahrain,1.0,1,0.2989999999999971,0.0,0.38596491228070173,0.0
LEC,23.0,SOFT,11.0,1.0,97.774,0,0.0,2022,Bahrain,1.0,1,0.36966666666666487,0.0,0.40350877192982454,0.0
LEC,24.0,SOFT,12.0,1.0,97.913,0,0.0,2022,Bahrain,1.0,1,0.4049999999999964,0.0,0.42105263157894735,0.0
LEC,25.0,SOFT,13.0,1.0,98.061,0,0.0,2022,Bahrain,1.0,1,0.5080000000000003,0.0,0.43859649122807015,0.0
LEC,26.0,SOFT,14.0,1.0,98.371,0,0.0,2022,Bahrain,1.0,1,0.7069999999999984,0.0,0.45614035087719296,0.0
LEC,27.0,SOFT,15.0,1.0,98.785,0,0.0,2022,Bahrain,1.0,1,0.997666666666665,0.0,0.47368421052631576,0.0
LEC,28.0,SOFT,16.0,1.0,99.051,0,0.0,2022,Bahrain,1.0,1,1.3276666666666632,0.0,0.49122807017543857,0.0
LEC,29.0,SOFT,17.0,1.0,98.887,0,0.0,2022,Bahrain,1.0,1,1.4996666666666651,0.0,0.5087719298245614,0.0
LEC,30.0,SOFT,18.0,1.0,99.354,0,0.0,2022,Bahrain,1.0,1,1.6893333333333327,0.0,0.5263157894736842,0.0
LEC,31.0,SOFT,19.0,1.0,101.545,1,0.0,2022,Bahrain,1.0,2,2.8569999999999993,0.0,0.543859649122807,0.0
LEC,32.0,MEDIUM,1.0,3.0,116.325,0,0.0,2022,Bahrain,1.0,2,9.006,0.4,0.5614035087719298,1.0
LEC,33.0,MEDIUM,2.0,3.0,96.674,0,0.0,2022,Bahrain,1.0,2,8.449000000000003,0.4,0.5789473684210527,1.0
LEC,34.0,MEDIUM,3.0,1.0,96.399,0,0.0,2022,Bahrain,1.0,2,6.733666666666669,0.0,0.5964912280701754,1.0
LEC,35.0,MEDIUM,4.0,1.0,96.501,0,0.0,2022,Bahrain,1.0,2,0.12566666666666984,0.0,0.6140350877192983,1.0
LEC,36.0,MEDIUM,5.0,1.0,96.561,0,0.0,2022,Bahrain,1.0,2,0.08800000000000334,0.0,0.631578947368421,1.0
LEC,37.0,MEDIUM,6.0,1.0,96.663,0,0.0,2022,Bahrain,1.0,2,0.17600000000000193,-0.4,0.6491228070175439,1.0
LEC,38.0,MEDIUM,7.0,1.0,96.623,0,0.0,2022,Bahrain,1.0,2,0.21666666666666856,-0.4,0.6666666666666666,1.0
LEC,39.0,MEDIUM,8.0,1.0,96.939,0,0.0,2022,Bahrain,1.0,2,0.34266666666666384,0.0,0.6842105263157895,1.0
LEC,40.0,MEDIUM,9.0,1.0,96.807,0,0.0,2022,Bahrain,1.0,2,0.39066666666666566,0.0,0.7017543859649122,1.0
LEC,41.0,MEDIUM,10.0,1.0,97.044,0,0.0,2022,Bahrain,1.0,2,0.5309999999999965,0.0,0.7192982456140351,1.0
LEC,42.0,MEDIUM,11.0,1.0,97.04,0,0.0,2022,Bahrain,1.0,2,0.5646666666666675,0.0,0.7368421052631579,1.0
LEC,43.0,MEDIUM,12.0,1.0,97.346,0,0.0,2022,Bahrain,1.0,2,0.7443333333333347,0.0,0.7543859649122807,1.0
LEC,44.0,MEDIUM,13.0,1.0,97.509,0,0.0,2022,Bahrain,1.0,2,0.8993333333333359,0.0,0.7719298245614035,1.0
LEC,45.0,MEDIUM,14.0,1.0,97.413,0,0.0,2022,Bahrain,1.0,2,1.023666666666666,0.0,0.7894736842105263,1.0
LEC,46.0,MEDIUM,15.0,1.0,125.151,1,0.0,2022,Bahrain,1.0,3,10.901666666666666,0.0,0.8070175438596491,1.0
LEC,49.0,SOFT,6.0,1.0,146.221,0,0.0,2022,Bahrain,1.0,3,27.74866666666667,0.0,0.8596491228070176,0.0
LEC,50.0,SOFT,7.0,1.0,144.429,0,0.0,2022,Bahrain,1.0,3,44.03033333333334,0.0,0.8771929824561403,0.0
LEC,51.0,SOFT,8.0,1.0,94.57,0,0.0,2022,Bahrain,1.0,3,33.83666666666667,0.0,0.8947368421052632,0.0
LEC,52.0,SOFT,9.0,1.0,95.027,0,0.0,2022,Bahrain,1.0,3,16.772000000000006,0.0,0.9122807017543859,0.0
LEC,53.0,SOFT,10.0,1.0,95.127,0,0.0,2022,Bahrain,1.0,3,0.33800000000000335,0.0,0.9298245614035088,0.0
LEC,54.0,SOFT,11.0,1.0,95.429,0,0.0,2022,Bahrain,1.0,3,0.6243333333333396,0.0,0.9473684210526315,0.0
LEC,55.0,SOFT,12.0,1.0,95.427,0,0.0,2022,Bahrain,1.0,3,0.7576666666666748,0.0,0.9649122807017544,0.0
LEC,56.0,SOFT,13.0,1.0,95.673,0,0.0,2022,Bahrain,1.0,3,0.939666666666677,0.0,0.9824561403508771,0.0
LEC,57.0,SOFT,14.0,1.0,96.373,0,0.0,2022,Bahrain,1.0,3,1.2543333333333446,0.0,1.0,0.0
MAG,2.0,SOFT,2.0,5.0,98.993,0,0.0,2022,Bahrain,5.0,0,1.6700000000000017,0.0,0.03508771929824561,0.0
MAG,3.0,SOFT,3.0,6.0,101.224,0,0.0,2022,Bahrain,5.0,0,1.857000000000004,0.5,0.05263157894736842,0.0
MAG,4.0,SOFT,4.0,6.0,99.642,0,0.0,2022,Bahrain,5.0,0,0.9600000000000032,0.3333333333333333,0.07017543859649122,0.0
MAG,5.0,SOFT,5.0,7.0,101.169,0,0.0,2022,Bahrain,5.0,0,1.6853333333333371,0.5,0.08771929824561403,0.0
MAG,6.0,SOFT,6.0,7.0,100.338,0,0.0,2022,Bahrain,5.0,0,1.3900000000000006,0.4,0.10526315789473684,0.0
MAG,7.0,SOFT,7.0,7.0,100.555,0,0.0,2022,Bahrain,5.0,0,1.6943333333333375,0.4,0.12280701754385964,0.0
MAG,8.0,SOFT,8.0,7.0,100.451,0,0.0,2022,Bahrain,5.0,0,1.455000000000003,0.2,0.14035087719298245,0.0
MAG,9.0,SOFT,9.0,7.0,100.756,0,0.0,2022,Bahrain,5.0,0,1.5943333333333385,0.2,0.15789473684210525,0.0
MAG,10.0,SOFT,10.0,7.0,101.195,0,0.0,2022,Bahrain,5.0,0,1.8076666666666672,0.0,0.17543859649122806,0.0
MAG,11.0,SOFT,11.0,7.0,101.064,0,0.0,2022,Bahrain,5.0,0,2.0120000000000005,0.0,0.19298245614035087,0.0
MAG,12.0,SOFT,12.0,6.0,101.37,0,0.0,2022,Bahrain,5.0,0,2.2166666666666686,-0.2,0.21052631578947367,0.0
MAG,13.0,SOFT,13.0,6.0,101.283,0,0.0,2022,Bahrain,5.0,0,2.2460000000000044,-0.2,0.22807017543859648,0.0
MAG,14.0,SOFT,14.0,6.0,104.244,1,0.0,2022,Bahrain,5.0,1,3.647666666666671,-0.2,0.24561403508771928,0.0
MAG,15.0,SOFT,4.0,9.0,119.764,0,0.0,2022,Bahrain,5.0,1,10.120666666666665,0.4,0.2631578947368421,0.0
MAG,16.0,SOFT,5.0,7.0,97.968,0,0.0,2022,Bahrain,5.0,1,9.35733333333333,0.0,0.2807017543859649,0.0
MAG,17.0,SOFT,6.0,7.0,98.216,0,0.0,2022,Bahrain,5.0,1,7.3479999999999945,0.2,0.2982456140350877,0.0
MAG,18.0,SOFT,7.0,7.0,98.442,0,0.0,2022,Bahrain,5.0,1,0.24066666666666,0.2,0.3157894736842105,0.0
MAG,19.0,SOFT,8.0,7.0,98.539,0,0.0,2022,Bahrain,5.0,1,0.43099999999999267,0.2,0.3333333333333333,0.0
MAG,20.0,SOFT,9.0,7.0,98.883,0,0.0,2022,Bahrain,5.0,1,0.6533333333333265,-0.4,0.3508771929824561,0.0
MAG,21.0,SOFT,10.0,7.0,98.859,0,0.0,2022,Bahrain,5.0,1,0.792333333333327,0.0,0.3684210526315789,0.0
MAG,22.0,SOFT,11.0,7.0,99.058,0,0.0,2022,Bahrain,5.0,1,0.9653333333333288,0.0,0.38596491228070173,0.0
MAG,23.0,SOFT,12.0,7.0,99.12,0,0.0,2022,Bahrain,5.0,1,1.0443333333333318,0.0,0.40350877192982454,0.0
MAG,24.0,SOFT,13.0,7.0,99.384,0,0.0,2022,Bahrain,5.0,1,1.2193333333333338,0.0,0.42105263157894735,0.0
MAG,25.0,SOFT,14.0,7.0,99.52,0,0.0,2022,Bahrain,5.0,1,1.3733333333333302,0.0,0.43859649122807015,0.0
MAG,26.0,SOFT,15.0,7.0,99.756,0,0.0,2022,Bahrain,5.0,1,1.5853333333333286,0.0,0.45614035087719296,0.0
MAG,27.0,SOFT,16.0,7.0,99.796,0,0.0,2022,Bahrain,5.0,1,1.7226666666666641,0.0,0.47368421052631576,0.0
MAG,28.0,SOFT,17.0,6.0,99.774,0,0.0,2022,Bahrain,5.0,1,1.8073333333333323,-0.2,0.49122807017543857,0.0
MAG,29.0,SOFT,18.0,6.0,99.984,0,0.0,2022,Bahrain,5.0,1,1.8833333333333304,-0.2,0.5087719298245614,0.0
MAG,30.0,SOFT,19.0,6.0,100.174,0,0.0,2022,Bahrain,5.0,1,2.0093333333333305,-0.2,0.5263157894736842,0.0
MAG,31.0,SOFT,20.0,6.0,100.233,0,0.0,2022,Bahrain,5.0,1,2.1623333333333314,-0.2,0.543859649122807,0.0
MAG,32.0,SOFT,21.0,6.0,100.522,0,0.0,2022,Bahrain,5.0,1,2.3416666666666686,-0.2,0.5614035087719298,0.0
MAG,33.0,SOFT,22.0,7.0,100.523,0,0.0,2022,Bahrain,5.0,1,2.4579999999999984,0.2,0.5789473684210527,0.0
MAG,34.0,SOFT,23.0,6.0,103.256,1,0.0,2022,Bahrain,5.0,2,3.820666666666663,0.0,0.5964912280701754,0.0
MAG,35.0,MEDIUM,1.0,10.0,120.375,0,0.0,2022,Bahrain,5.0,2,10.793333333333328,0.8,0.6140350877192983,1.0
MAG,36.0,MEDIUM,2.0,9.0,97.941,0,0.0,2022,Bahrain,5.0,2,10.287666666666661,0.6,0.631578947368421,1.0
MAG,37.0,MEDIUM,3.0,7.0,96.903,0,0.0,2022,Bahrain,5.0,2,8.169999999999996,0.2,0.6491228070175439,1.0
MAG,38.0,MEDIUM,4.0,7.0,97.636,0,0.0,2022,Bahrain,5.0,2,0.5903333333333288,0.0,0.6666666666666666,1.0
MAG,39.0,MEDIUM,5.0,7.0,97.566,0,0.0,2022,Bahrain,5.0,2,0.4653333333333289,0.2,0.6842105263157895,1.0
MAG,40.0,MEDIUM,6.0,7.0,97.901,0,0.0,2022,Bahrain,5.0,2,0.7979999999999924,-0.6,0.7017543859649122,1.0
MAG,41.0,MEDIUM,7.0,7.0,97.726,0,0.0,2022,Bahrain,5.0,2,0.8279999999999935,-0.4,0.7192982456140351,1.0
MAG,42.0,MEDIUM,8.0,7.0,98.006,0,0.0,2022,Bahrain,5.0,2,0.9746666666666594,0.0,0.7368421052631579,1.0
MAG,43.0,MEDIUM,9.0,7.0,98.178,0,0.0,2022,Bahrain,5.0,2,1.066999999999993,0.0,0.7543859649122807,1.0
MAG,44.0,MEDIUM,10.0,7.0,98.688,0,0.0,2022,Bahrain,5.0,2,1.3876666666666608,0.0,0.7719298245614035,1.0
MAG,45.0,MEDIUM,11.0,7.0,123.463,0,0.0,2022,Bahrain,5.0,2,9.873333333333326,0.0,0.7894736842105263,1.0
MAG,46.0,MEDIUM,12.0,7.0,126.178,1,0.0,2022,Bahrain,5.0,3,19.299999999999994,0.0,0.8070175438596491,1.0
MAG,47.0,SOFT,4.0,7.0,127.721,0,0.0,2022,Bahrain,5.0,3,29.070999999999994,0.0,0.8245614035087719,0.0
MAG,48.0,SOFT,5.0,7.0,110.334,0,0.0,2022,Bahrain,5.0,3,24.787999999999997,0.0,0.8421052631578947,0.0
MAG,49.0,SOFT,6.0,7.0,136.149,0,0.0,2022,Bahrain,5.0,3,28.111666666666665,0.0,0.8596491228070176,0.0
MAG,50.0,SOFT,7.0,7.0,137.63,0,0.0,2022,Bahrain,5.0,3,31.414666666666662,0.0,0.8771929824561403,0.0
MAG,51.0,SOFT,8.0,7.0,97.343,0,0.0,2022,Bahrain,5.0,3,27.08433333333333,0.0,0.8947368421052632,0.0
MAG,52.0,SOFT,9.0,7.0,96.86,0,0.0,2022,Bahrain,5.0,3,13.987999999999994,0.0,0.9122807017543859,0.0
MAG,53.0,SOFT,10.0,7.0,96.623,0,0.0,2022,Bahrain,5.0,3,0.3189999999999979,0.0,0.9298245614035088,0.0
MAG,54.0,SOFT,11.0,6.0,96.96,0,0.0,2022,Bahrain,5.0,3,0.19133333333332794,-0.2,0.9473684210526315,0.0
MAG,55.0,SOFT,12.0,6.0,96.937,0,0.0,2022,Bahrain,5.0,3,0.216999999999994,-0.2,0.9649122807017544,0.0
MAG,56.0,SOFT,13.0,6.0,97.091,0,0.0,2022,Bahrain,5.0,3,0.37299999999999045,-0.2,0.9824561403508771,0.0
MAG,57.0,SOFT,14.0,5.0,97.741,0,0.0,2022,Bahrain,5.0,3,0.6333333333333258,-0.4,1.0,0.0
MSC,2.0,SOFT,2.0,13.0,100.722,0,0.0,2022,Bahrain,11.0,0,4.052,0.0,0.03508771929824561,0.0
MSC,3.0,SOFT,3.0,13.0,100.747,0,0.0,2022,Bahrain,11.0,0,2.7096666666666684,0.0,0.05263157894736842,0.0
MSC,4.0,SOFT,4.0,13.0,101.163,0,0.0,2022,Bahrain,11.0,0,0.15533333333333607,0.0,0.07017543859649122,0.0
MSC,5.0,SOFT,5.0,13.0,102.049,0,0.0,2022,Bahrain,11.0,0,0.5976666666666736,0.0,0.08771929824561403,0.0
MSC,6.0,SOFT,6.0,14.0,102.447,0,0.0,2022,Bahrain,11.0,0,1.1643333333333412,0.2,0.10526315789473684,0.0
MSC,7.0,SOFT,7.0,15.0,102.512,0,0.0,2022,Bahrain,11.0,0,1.614000000000009,0.4,0.12280701754385964,0.0
MSC,8.0,SOFT,8.0,15.0,102.304,0,0.0,2022,Bahrain,11.0,0,1.6990000000000076,0.4,0.14035087719298245,0.0
MSC,9.0,SOFT,9.0,15.0,102.158,0,0.0,2022,Bahrain,11.0,0,1.6026666666666738,0.4,0.15789473684210525,0.0
MSC,10.0,SOFT,10.0,16.0,103.969,0,0.0,2022,Bahrain,11.0,0,2.0883333333333383,0.6,0.17543859649122806,0.0
MSC,11.0,SOFT,11.0,16.0,102.809,0,0.0,2022,Bahrain,11.0,0,2.25666666666667,0.4,0.19298245614035087,0.0
MSC,12.0,SOFT,12.0,17.0,105.949,1,0.0,2022,Bahrain,11.0,1,4.367999999999999,0.4,0.21052631578947367,0.0
MSC,13.0,MEDIUM,1.0,20.0,119.469,0,0.0,2022,Bahrain,11.0,1,10.38233333333333,1.0,0.22807017543859648,1.0
MSC,14.0,MEDIUM,2.0,19.0,98.179,0,0.0,2022,Bahrain,11.0,1,9.686666666666662,0.8,0.24561403508771928,1.0
MSC,15.0,MEDIUM,3.0,18.0,99.109,0,0.0,2022,Bahrain,11.0,1,7.406666666666662,0.4,0.2631578947368421,1.0
MSC,16.0,MEDIUM,4.0,17.0,99.406,0,0.0,2022,Bahrain,11.0,1,0.7189999999999989,0.2,0.2807017543859649,1.0
MSC,17.0,MEDIUM,5.0,17.0,100.565,0,0.0,2022,Bahrain,11.0,1,1.5143333333333306,0.0,0.2982456140350877,1.0
MSC,18.0,MEDIUM,6.0,16.0,99.878,0,0.0,2022,Bahrain,11.0,1,1.770666666666666,-0.8,0.3157894736842105,1.0
MSC,19.0,MEDIUM,7.0,14.0,100.091,0,0.0,2022,Bahrain,11.0,1,1.9989999999999952,-1.0,0.3333333333333333,1.0
MSC,20.0,MEDIUM,8.0,14.0,99.295,0,0.0,2022,Bahrain,11.0,1,1.5756666666666632,-0.8,0.3508771929824561,1.0
MSC,21.0,MEDIUM,9.0,14.0,99.816,0,0.0,2022,Bahrain,11.0,1,1.5549999999999973,-0.6,0.3684210526315789,1.0
MSC,22.0,MEDIUM,10.0,14.0,99.964,0,0.0,2022,Bahrain,11.0,1,1.5126666666666655,-0.6,0.38596491228070173,1.0
MSC,23.0,MEDIUM,11.0,14.0,100.636,0,0.0,2022,Bahrain,11.0,1,1.9596666666666636,-0.4,0.40350877192982454,1.0
MSC,24.0,MEDIUM,12.0,14.0,100.154,0,0.0,2022,Bahrain,11.0,1,2.072333333333328,0.0,0.42105263157894735,1.0
MSC,25.0,MEDIUM,13.0,14.0,100.62,0,0.0,2022,Bahrain,11.0,1,2.290999999999997,0.0,0.43859649122807015,1.0
MSC,26.0,MEDIUM,14.0,13.0,100.547,0,0.0,2022,Bahrain,11.0,1,2.2613333333333308,-0.2,0.45614035087719296,1.0
MSC,27.0,MEDIUM,15.0,13.0,100.987,0,0.0,2022,Bahrain,11.0,1,2.5389999999999966,-0.2,0.47368421052631576,1.0
MSC,28.0,MEDIUM,16.0,13.0,100.69,0,0.0,2022,Bahrain,11.0,1,2.562333333333328,-0.2,0.49122807017543857,1.0
MSC,29.0,MEDIUM,17.0,13.0,100.919,0,0.0,2022,Bahrain,11.0,1,2.686333333333328,-0.2,0.5087719298245614,1.0
MSC,30.0,MEDIUM,18.0,13.0,101.606,0,0.0,2022,Bahrain,11.0,1,2.892666666666661,-0.2,0.5263157894736842,1.0
MSC,31.0,MEDIUM,19.0,12.0,100.914,0,0.0,2022,Bahrain,11.0,1,2.967333333333329,-0.2,0.543859649122807,1.0
MSC,32.0,MEDIUM,20.0,13.0,100.916,0,0.0,2022,Bahrain,11.0,1,2.966333333333329,0.0,0.5614035087719298,1.0
MSC,33.0,MEDIUM,21.0,14.0,101.34,0,0.0,2022,Bahrain,11.0,1,2.877666666666665,0.2,0.5789473684210527,1.0
MSC,34.0,MEDIUM,22.0,14.0,101.178,0,0.0,2022,Bahrain,11.0,1,2.965666666666664,0.2,0.5964912280701754,1.0
MSC,35.0,MEDIUM,23.0,14.0,103.748,1,0.0,2022,Bahrain,11.0,2,4.317333333333333,0.2,0.6140350877192983,1.0
MSC,36.0,SOFT,3.0,15.0,118.5,0,0.0,2022,Bahrain,11.0,2,10.444999999999999,0.6,0.631578947368421,0.0
MSC,37.0,SOFT,4.0,15.0,96.956,0,0.0,2022,Bahrain,11.0,2,9.445333333333332,0.4,0.6491228070175439,0.0
MSC,38.0,SOFT,5.0,15.0,97.176,0,0.0,2022,Bahrain,11.0,2,7.254666666666665,0.2,0.6666666666666666,0.0
MSC,39.0,SOFT,6.0,14.0,97.433,0,0.0,2022,Bahrain,11.0,2,0.23233333333333425,0.0,0.6842105263157895,0.0
MSC,40.0,SOFT,7.0,14.0,97.947,0,0.0,2022,Bahrain,11.0,2,0.5626666666666674,0.0,0.7017543859649122,0.0
MSC,41.0,SOFT,8.0,14.0,98.182,0,0.0,2022,Bahrain,11.0,2,0.8980000000000009,-0.2,0.7192982456140351,0.0
MSC,42.0,SOFT,9.0,14.0,97.957,0,0.0,2022,Bahrain,11.0,2,1.072666666666663,-0.2,0.7368421052631579,0.0
MSC,43.0,SOFT,10.0,13.0,98.137,0,0.0,2022,Bahrain,11.0,2,1.1359999999999957,-0.4,0.7543859649122807,0.0
MSC,44.0,SOFT,11.0,13.0,98.279,0,0.0,2022,Bahrain,11.0,2,1.168333333333327,-0.2,0.7719298245614035,0.0
MSC,45.0,SOFT,12.0,11.0,127.252,0,0.0,2022,Bahrain,11.0,2,10.933333333333328,-0.6,0.7894736842105263,0.0
MSC,46.0,SOFT,13.0,10.0,130.214,0,0.0,2022,Bahrain,11.0,2,21.62566666666666,-0.8,0.8070175438596491,0.0
MSC,47.0,SOFT,14.0,10.0,105.856,0,0.0,2022,Bahrain,11.0,2,24.151333333333326,-0.8,0.8245614035087719,0.0
MSC,48.0,SOFT,15.0,10.0,103.51,0,0.0,2022,Bahrain,11.0,2,16.23733333333333,-0.6,0.8421052631578947,0.0
MSC,49.0,SOFT,16.0,10.0,121.897,0,0.0,2022,Bahrain,11.0,2,13.464999999999998,-0.6,0.8596491228070176,0.0
MSC,50.0,SOFT,17.0,10.0,135.042,0,0.0,2022,Bahrain,11.0,2,23.19366666666667,-0.2,0.8771929824561403,0.0
MSC,51.0,SOFT,18.0,12.0,100.528,0,0.0,2022,Bahrain,11.0,2,22.19966666666667,0.4,0.8947368421052632,0.0
MSC,52.0,SOFT,19.0,13.0,99.537,0,0.0,2022,Bahrain,11.0,2,14.746333333333334,0.6,0.9122807017543859,0.0
MSC,53.0,SOFT,20.0,13.0,98.537,0,0.0,2022,Bahrain,11.0,2,2.578000000000003,0.6,0.9298245614035088,0.0
MSC,54.0,SOFT,21.0,12.0,98.747,0,0.0,2022,Bahrain,11.0,2,1.9843333333333344,0.4,0.9473684210526315,0.0
MSC,55.0,SOFT,22.0,12.0,99.201,0,0.0,2022,Bahrain,11.0,2,1.87233333333333,0.4,0.9649122807017544,0.0
MSC,56.0,SOFT,23.0,12.0,99.09,0,0.0,2022,Bahrain,11.0,2,2.0566666666666626,0.0,0.9824561403508771,0.0
MSC,57.0,SOFT,24.0,11.0,100.498,0,0.0,2022,Bahrain,11.0,2,2.6403333333333308,-0.4,1.0,0.0
NOR,2.0,MEDIUM,2.0,17.0,102.279,0,0.0,2022,Bahrain,15.0,0,4.724499999999992,1.0,0.03508771929824561,1.0
NOR,3.0,MEDIUM,3.0,18.0,101.785,0,0.0,2022,Bahrain,15.0,0,3.2583333333333258,1.0,0.05263157894736842,1.0
NOR,4.0,MEDIUM,4.0,18.0,101.459,0,0.0,2022,Bahrain,15.0,0,0.3819999999999955,0.6666666666666666,0.07017543859649122,1.0
NOR,5.0,MEDIUM,5.0,18.0,101.713,0,0.0,2022,Bahrain,15.0,0,0.19333333333332803,0.5,0.08771929824561403,1.0
NOR,6.0,MEDIUM,6.0,18.0,101.658,0,0.0,2022,Bahrain,15.0,0,0.15099999999999625,0.4,0.10526315789473684,1.0
NOR,7.0,MEDIUM,7.0,18.0,102.192,0,0.0,2022,Bahrain,15.0,0,0.3953333333333262,0.2,0.12280701754385964,1.0
NOR,8.0,MEDIUM,8.0,18.0,101.86,0,0.0,2022,Bahrain,15.0,0,0.4443333333333281,0.0,0.14035087719298245,1.0
NOR,9.0,MEDIUM,9.0,18.0,102.492,0,0.0,2022,Bahrain,15.0,0,0.7223333333333292,0.0,0.15789473684210525,1.0
NOR,10.0,MEDIUM,10.0,18.0,103.42,0,0.0,2022,Bahrain,15.0,0,1.1316666666666653,0.0,0.17543859649122806,1.0
NOR,11.0,MEDIUM,11.0,18.0,102.833,0,0.0,2022,Bahrain,15.0,0,1.4559999999999984,0.0,0.19298245614035087,1.0
NOR,12.0,MEDIUM,12.0,16.0,102.645,0,0.0,2022,Bahrain,15.0,0,1.5069999999999955,-0.4,0.21052631578947367,1.0
NOR,13.0,MEDIUM,13.0,16.0,102.041,0,0.0,2022,Bahrain,15.0,0,1.0473333333333272,-0.4,0.22807017543859648,1.0
NOR,14.0,MEDIUM,14.0,16.0,102.794,0,0.0,2022,Bahrain,15.0,0,1.0343333333333267,-0.4,0.24561403508771928,1.0
NOR,15.0,MEDIUM,15.0,14.0,102.83,0,0.0,2022,Bahrain,15.0,0,1.095999999999994,-0.8,0.2631578947368421,1.0
NOR,16.0,MEDIUM,16.0,13.0,103.031,0,0.0,2022,Bahrain,15.0,0,1.4259999999999973,-1.0,0.2807017543859649,1.0
NOR,17.0,MEDIUM,17.0,14.0,103.396,0,0.0,2022,Bahrain,15.0,0,1.6266666666666652,-0.4,0.2982456140350877,1.0
NOR,18.0,MEDIUM,18.0,14.0,101.828,0,0.0,2022,Bahrain,15.0,0,1.2926666666666666,-0.4,0.3157894736842105,1.0
NOR,19.0,MEDIUM,19.0,15.0,103.166,0,0.0,2022,Bahrain,15.0,0,1.3376666666666637,-0.2,0.3333333333333333,1.0
NOR,20.0,MEDIUM,20.0,15.0,101.881,0,0.0,2022,Bahrain,15.0,0,0.8326666666666634,0.2,0.3508771929824561,1.0
NOR,21.0,MEDIUM,21.0,15.0,101.816,0,0.0,2022,Bahrain,15.0,0,0.8286666666666633,0.4,0.3684210526315789,1.0
NOR,22.0,MEDIUM,22.0,16.0,102.876,0,0.0,2022,Bahrain,15.0,0,0.7319999999999993,0.4,0.38596491228070173,1.0
NOR,23.0,MEDIUM,23.0,16.0,102.186,0,0.0,2022,Bahrain,15.0,0,0.8336666666666682,0.4,0.40350877192982454,1.0
NOR,24.0,MEDIUM,24.0,17.0,105.759,1,0.0,2022,Bahrain,15.0,1,3.00966666666667,0.4,0.42105263157894735,1.0
NOR,25.0,HARD,1.0,20.0,122.145,0,0.0,2022,Bahrain,15.0,1,10.294333333333336,1.0,0.43859649122807015,2.0
NOR,26.0,HARD,2.0,20.0,99.351,0,0.0,2022,Bahrain,15.0,1,10.211000000000004,1.0,0.45614035087719296,2.0
NOR,27.0,HARD,3.0,20.0,99.175,0,0.0,2022,Bahrain,15.0,1,8.016333333333336,0.8,0.47368421052631576,2.0
NOR,28.0,HARD,4.0,20.0,99.042,0,0.0,2022,Bahrain,15.0,1,0.3153333333333374,0.8,0.49122807017543857,2.0
NOR,29.0,HARD,5.0,20.0,98.874,0,0.0,2022,Bahrain,15.0,1,0.1563333333333361,0.6,0.5087719298245614,2.0
NOR,30.0,HARD,6.0,20.0,99.184,0,0.0,2022,Bahrain,15.0,1,0.1593333333333362,0.0,0.5263157894736842,2.0
NOR,31.0,HARD,7.0,20.0,99.251,0,0.0,2022,Bahrain,15.0,1,0.22900000000000395,0.0,0.543859649122807,2.0
NOR,32.0,HARD,8.0,19.0,101.449,0,0.0,2022,Bahrain,15.0,1,1.0873333333333381,-0.2,0.5614035087719298,2.0
NOR,33.0,HARD,9.0,19.0,99.161,0,0.0,2022,Bahrain,15.0,1,1.0796666666666728,-0.2,0.5789473684210527,2.0
NOR,34.0,HARD,10.0,17.0,100.104,0,0.0,2022,Bahrain,15.0,1,1.3640000000000043,-0.6,0.5964912280701754,2.0
NOR,35.0,HARD,11.0,17.0,100.844,0,0.0,2022,Bahrain,15.0,1,1.1623333333333363,-0.6,0.6140350877192983,2.0
NOR,36.0,HARD,12.0,16.0,100.766,0,0.0,2022,Bahrain,15.0,1,1.6973333333333376,-0.8,0.631578947368421,2.0
NOR,37.0,HARD,13.0,16.0,99.657,0,0.0,2022,Bahrain,15.0,1,1.5483333333333367,-0.6,0.6491228070175439,2.0
NOR,38.0,HARD,14.0,16.0,99.679,0,0.0,2022,Bahrain,15.0,1,1.1600000000000061,-0.6,0.6666666666666666,2.0
NOR,39.0,HARD,15.0,15.0,99.677,0,0.0,2022,Bahrain,15.0,1,0.7970000000000065,-0.4,0.6842105263157895,2.0
NOR,40.0,HARD,16.0,15.0,101.799,0,0.0,2022,Bahrain,15.0,1,1.51100000000001,-0.4,0.7017543859649122,2.0
NOR,41.0,HARD,17.0,16.0,102.153,1,0.0,2022,Bahrain,15.0,2,2.892333333333345,0.0,0.7192982456140351,2.0
NOR,42.0,SOFT,1.0,19.0,120.713,0,0.0,2022,Bahrain,15.0,2,10.461000000000007,0.6,0.7368421052631579,0.0
NOR,43.0,SOFT,2.0,18.0,97.204,0,0.0,2022,Bahrain,15.0,2,9.486000000000004,0.4,0.7543859649122807,0.0
NOR,44.0,SOFT,3.0,18.0,105.936,0,0.0,2022,Bahrain,15.0,2,10.747000000000005,0.6,0.7719298245614035,0.0
NOR,45.0,SOFT,4.0,16.0,132.35,1,0.0,2022,Bahrain,15.0,3,14.698000000000002,0.2,0.7894736842105263,0.0
NOR,46.0,SOFT,4.0,17.0,143.748,0,0.0,2022,Bahrain,15.0,3,30.284666666666666,0.2,0.8070175438596491,0.0
NOR,47.0,SOFT,5.0,17.0,119.069,0,0.0,2022,Bahrain,15.0,3,34.73433333333333,-0.4,0.8245614035087719,0.0
NOR,48.0,SOFT,6.0,17.0,114.67,0,0.0,2022,Bahrain,15.0,3,28.840999999999998,-0.2,0.8421052631578947,0.0
NOR,49.0,SOFT,7.0,17.0,99.907,0,0.0,2022,Bahrain,15.0,3,14.227333333333334,-0.2,0.8596491228070176,0.0
NOR,50.0,SOFT,8.0,17.0,98.098,0,0.0,2022,Bahrain,15.0,3,7.236999999999999,0.2,0.8771929824561403,0.0
NOR,51.0,SOFT,9.0,17.0,96.988,0,0.0,2022,Bahrain,15.0,3,1.3429999999999989,0.0,0.8947368421052632,0.0
NOR,52.0,SOFT,10.0,17.0,97.208,0,0.0,2022,Bahrain,15.0,3,0.44333333333333275,0.0,0.9122807017543859,0.0
NOR,53.0,SOFT,11.0,17.0,97.468,0,0.0,2022,Bahrain,15.0,3,0.23333333333333428,0.0,0.9298245614035088,0.0
NOR,54.0,SOFT,12.0,17.0,98.018,0,0.0,2022,Bahrain,15.0,3,0.576666666666668,0.0,0.9473684210526315,0.0
NOR,55.0,SOFT,13.0,16.0,98.66,0,0.0,2022,Bahrain,15.0,3,1.0606666666666673,-0.2,0.9649122807017544,0.0
NOR,56.0,SOFT,14.0,16.0,98.987,0,0.0,2022,Bahrain,15.0,3,1.5669999999999977,-0.2,0.9824561403508771,0.0
NOR,57.0,SOFT,15.0,15.0,100.556,0,0.0,2022,Bahrain,15.0,3,2.4129999999999967,-0.4,1.0,0.0
OCO,2.0,SOFT,2.0,10.0,100.111,0,0.0,2022,Bahrain,7.0,0,3.0294999999999987,0.0,0.03508771929824561,0.0
OCO,3.0,SOFT,3.0,10.0,100.248,0,0.0,2022,Bahrain,7.0,0,2.065333333333333,0.0,0.05263157894736842,0.0
OCO,4.0,SOFT,4.0,10.0,100.209,0,0.0,2022,Bahrain,7.0,0,0.07833333333333314,0.0,0.07017543859649122,0.0
OCO,5.0,SOFT,5.0,10.0,100.483,0,0.0,2022,Bahrain,7.0,0,0.20233333333333312,0.0,0.08771929824561403,0.0
OCO,6.0,SOFT,6.0,10.0,100.558,0,0.0,2022,Bahrain,7.0,0,0.3056666666666672,0.0,0.10526315789473684,0.0
OCO,7.0,SOFT,7.0,10.0,100.782,0,0.0,2022,Bahrain,7.0,0,0.496666666666665,0.0,0.12280701754385964,0.0
OCO,8.0,SOFT,8.0,9.0,100.442,0,0.0,2022,Bahrain,7.0,0,0.4829999999999946,-0.2,0.14035087719298245,0.0
OCO,9.0,SOFT,9.0,9.0,100.819,0,0.0,2022,Bahrain,7.0,0,0.5699999999999932,-0.2,0.15789473684210525,0.0
OCO,10.0,SOFT,10.0,9.0,100.992,0,0.0,2022,Bahrain,7.0,0,0.6399999999999958,-0.2,0.17543859649122806,0.0
OCO,11.0,SOFT,11.0,9.0,101.082,0,0.0,2022,Bahrain,7.0,0,0.8533333333333294,-0.2,0.19298245614035087,0.0
OCO,12.0,SOFT,12.0,8.0,101.094,0,0.0,2022,Bahrain,7.0,0,0.9449999999999932,-0.4,0.21052631578947367,0.0
OCO,13.0,SOFT,13.0,8.0,101.395,0,0.0,2022,Bahrain,7.0,0,1.0793333333333237,-0.2,0.22807017543859648,0.0
OCO,14.0,SOFT,14.0,8.0,104.08,1,0.0,2022,Bahrain,7.0,1,2.634999999999996,-0.2,0.24561403508771928,0.0
OCO,15.0,MEDIUM,1.0,16.0,125.634,0,0.0,2022,Bahrain,7.0,1,11.371333333333334,1.4,0.2631578947368421,1.0
OCO,16.0,MEDIUM,2.0,11.0,100.079,0,0.0,2022,Bahrain,7.0,1,11.489000000000004,0.4,0.2807017543859649,1.0
OCO,17.0,MEDIUM,3.0,11.0,98.82,0,0.0,2022,Bahrain,7.0,1,9.735666666666669,0.6,0.2982456140350877,1.0
OCO,18.0,MEDIUM,4.0,10.0,100.025,0,0.0,2022,Bahrain,7.0,1,1.1993333333333378,0.4,0.3157894736842105,1.0
OCO,19.0,MEDIUM,5.0,10.0,98.442,0,0.0,2022,Bahrain,7.0,1,0.653666666666671,0.4,0.3333333333333333,1.0
OCO,20.0,MEDIUM,6.0,10.0,98.917,0,0.0,2022,Bahrain,7.0,1,0.686000000000007,-1.2,0.3508771929824561,1.0
OCO,21.0,MEDIUM,7.0,10.0,99.183,0,0.0,2022,Bahrain,7.0,1,0.4053333333333408,-0.2,0.3684210526315789,1.0
OCO,22.0,MEDIUM,8.0,10.0,99.304,0,0.0,2022,Bahrain,7.0,1,0.6926666666666771,-0.2,0.38596491228070173,1.0
OCO,23.0,MEDIUM,9.0,10.0,99.495,0,0.0,2022,Bahrain,7.0,1,0.8853333333333447,0.0,0.40350877192982454,1.0
OCO,24.0,MEDIUM,10.0,10.0,99.886,0,0.0,2022,Bahrain,7.0,1,1.1196666666666744,0.0,0.42105263157894735,1.0
OCO,25.0,MEDIUM,11.0,9.0,100.278,0,0.0,2022,Bahrain,7.0,1,1.4443333333333424,-0.2,0.43859649122807015,1.0
OCO,26.0,MEDIUM,12.0,9.0,99.188,0,0.0,2022,Bahrain,7.0,1,1.3420000000000083,-0.2,0.45614035087719296,1.0
OCO,27.0,MEDIUM,13.0,9.0,99.789,0,0.0,2022,Bahrain,7.0,1,1.3096666666666767,-0.2,0.47368421052631576,1.0
OCO,28.0,MEDIUM,14.0,9.0,99.766,0,0.0,2022,Bahrain,7.0,1,1.13900000000001,-0.2,0.49122807017543857,1.0
OCO,29.0,MEDIUM,15.0,9.0,99.877,0,0.0,2022,Bahrain,7.0,1,1.3686666666666742,-0.2,0.5087719298245614,1.0
OCO,30.0,MEDIUM,16.0,9.0,102.618,1,0.0,2022,Bahrain,7.0,2,2.4223333333333366,0.0,0.5263157894736842,1.0
OCO,31.0,HARD,1.0,13.0,120.824,0,0.0,2022,Bahrain,7.0,2,9.552333333333332,0.8,0.543859649122807,2.0
OCO,32.0,HARD,2.0,12.0,98.298,0,0.0,2022,Bahrain,7.0,2,9.136666666666665,0.6,0.5614035087719298,2.0
OCO,33.0,HARD,3.0,12.0,98.11,0,0.0,2022,Bahrain,7.0,2,7.634,0.6,0.5789473684210527,2.0
OCO,34.0,HARD,4.0,12.0,98.155,0,0.0,2022,Bahrain,7.0,2,0.07766666666666804,0.6,0.5964912280701754,2.0
OCO,35.0,HARD,5.0,12.0,98.307,0,0.0,2022,Bahrain,7.0,2,0.08066666666666815,0.6,0.6140350877192983,2.0
OCO,36.0,HARD,6.0,12.0,98.515,0,0.0,2022,Bahrain,7.0,2,0.21566666666666853,-0.2,0.631578947368421,2.0
OCO,37.0,HARD,7.0,11.0,98.851,0,0.0,2022,Bahrain,7.0,2,0.4476666666666678,-0.2,0.6491228070175439,2.0
OCO,38.0,HARD,8.0,9.0,98.21,0,0.0,2022,Bahrain,7.0,2,0.4153333333333317,-0.6,0.6666666666666666,2.0
OCO,39.0,HARD,9.0,9.0,98.612,0,0.0,2022,Bahrain,7.0,2,0.4476666666666631,-0.6,0.6842105263157895,2.0
OCO,40.0,HARD,10.0,9.0,98.641,0,0.0,2022,Bahrain,7.0,2,0.3776666666666652,-0.6,0.7017543859649122,2.0
OCO,41.0,HARD,11.0,9.0,98.584,0,0.0,2022,Bahrain,7.0,2,0.502333333333335,-0.6,0.7192982456140351,2.0
OCO,42.0,HARD,12.0,9.0,99.064,0,0.0,2022,Bahrain,7.0,2,0.653000000000001,-0.4,0.7368421052631579,2.0
OCO,43.0,HARD,13.0,9.0,101.631,1,0.0,2022,Bahrain,7.0,3,1.9829999999999994,0.0,0.7543859649122807,2.0
OCO,44.0,SOFT,4.0,12.0,116.78,0,0.0,2022,Bahrain,7.0,3,8.381666666666666,0.6,0.7719298245614035,0.0
OCO,45.0,SOFT,5.0,10.0,124.785,0,0.0,2022,Bahrain,7.0,3,17.288666666666668,0.2,0.7894736842105263,0.0
OCO,46.0,SOFT,6.0,9.0,131.055,0,0.0,2022,Bahrain,7.0,3,27.096666666666668,0.0,0.8070175438596491,0.0
OCO,47.0,SOFT,7.0,9.0,104.365,0,0.0,2022,Bahrain,7.0,3,22.958333333333332,0.0,0.8245614035087719,0.0
OCO,48.0,SOFT,8.0,9.0,105.075,0,0.0,2022,Bahrain,7.0,3,16.388333333333335,0.0,0.8421052631578947,0.0
OCO,49.0,SOFT,9.0,9.0,126.437,0,0.0,2022,Bahrain,7.0,3,14.848999999999998,-0.6,0.8596491228070176,0.0
OCO,50.0,SOFT,10.0,9.0,135.414,0,0.0,2022,Bahrain,7.0,3,25.198666666666664,-0.2,0.8771929824561403,0.0
OCO,51.0,SOFT,11.0,9.0,98.145,0,0.0,2022,Bahrain,7.0,3,22.888666666666662,0.0,0.8947368421052632,0.0
OCO,52.0,SOFT,12.0,9.0,97.367,0,0.0,2022,Bahrain,7.0,3,13.198666666666663,0.0,0.9122807017543859,0.0
OCO,53.0,SOFT,13.0,9.0,97.11,0,0.0,2022,Bahrain,7.0,3,0.4306666666666672,0.0,0.9298245614035088,0.0
OCO,54.0,SOFT,14.0,8.0,97.299,0,0.0,2022,Bahrain,7.0,3,0.14866666666667072,-0.2,0.9473684210526315,0.0
OCO,55.0,SOFT,15.0,8.0,97.251,0,0.0,2022,Bahrain,7.0,3,0.11000000000000416,-0.2,0.9649122807017544,0.0
OCO,56.0,SOFT,16.0,8.0,97.68,0,0.0,2022,Bahrain,7.0,3,0.30000000000000665,-0.2,0.9824561403508771,0.0
OCO,57.0,SOFT,17.0,7.0,98.676,0,0.0,2022,Bahrain,7.0,3,0.7590000000000051,-0.4,1.0,0.0
PER,2.0,SOFT,5.0,6.0,99.092,0,0.0,2022,Bahrain,3.0,0,2.301499999999997,0.0,0.03508771929824561,0.0
PER,3.0,SOFT,6.0,5.0,99.473,0,0.0,2022,Bahrain,3.0,0,1.7783333333333313,-0.5,0.05263157894736842,0.0
PER,4.0,SOFT,7.0,5.0,98.741,0,0.0,2022,Bahrain,3.0,0,0.3609999999999995,-0.3333333333333333,0.07017543859649122,0.0
PER,5.0,SOFT,8.0,5.0,98.861,0,0.0,2022,Bahrain,3.0,0,0.2840000000000013,-0.25,0.08771929824561403,0.0
PER,6.0,SOFT,9.0,5.0,99.218,0,0.0,2022,Bahrain,3.0,0,0.1990000000000028,-0.2,0.10526315789473684,0.0
PER,7.0,SOFT,10.0,5.0,99.264,0,0.0,2022,Bahrain,3.0,0,0.37333333333333485,-0.2,0.12280701754385964,0.0
PER,8.0,SOFT,11.0,5.0,99.825,0,0.0,2022,Bahrain,3.0,0,0.6946666666666678,0.0,0.14035087719298245,0.0
PER,9.0,SOFT,12.0,5.0,100.215,0,0.0,2022,Bahrain,3.0,0,1.027000000000001,0.0,0.15789473684210525,0.0
PER,10.0,SOFT,13.0,4.0,99.806,0,0.0,2022,Bahrain,3.0,0,1.2076666666666682,-0.2,0.17543859649122806,0.0
PER,11.0,SOFT,14.0,4.0,99.931,0,0.0,2022,Bahrain,3.0,0,1.2429999999999997,-0.2,0.19298245614035087,0.0
PER,12.0,SOFT,15.0,4.0,99.754,0,0.0,2022,Bahrain,3.0,0,1.0893333333333335,-0.2,0.21052631578947367,0.0
PER,13.0,SOFT,16.0,4.0,99.992,0,0.0,2022,Bahrain,3.0,0,1.151333333333336,-0.2,0.22807017543859648,0.0
PER,14.0,SOFT,17.0,3.0,100.035,0,0.0,2022,Bahrain,3.0,0,1.1860000000000024,-0.4,0.24561403508771928,0.0
PER,15.0,SOFT,18.0,2.0,102.445,1,0.0,2022,Bahrain,3.0,1,2.7853333333333317,-0.4,0.2631578947368421,0.0
PER,16.0,MEDIUM,1.0,4.0,118.858,0,0.0,2022,Bahrain,3.0,1,9.776333333333332,0.0,0.2807017543859649,1.0
PER,17.0,MEDIUM,2.0,4.0,96.634,0,0.0,2022,Bahrain,3.0,1,9.344999999999999,0.0,0.2982456140350877,1.0
PER,18.0,MEDIUM,3.0,4.0,96.852,0,0.0,2022,Bahrain,3.0,1,7.480666666666669,0.0,0.3157894736842105,1.0
PER,19.0,MEDIUM,4.0,4.0,97.214,0,0.0,2022,Bahrain,3.0,1,0.2660000000000006,0.2,0.3333333333333333,1.0
PER,20.0,MEDIUM,5.0,4.0,97.532,0,0.0,2022,Bahrain,3.0,1,0.5653333333333327,0.4,0.3508771929824561,1.0
PER,21.0,MEDIUM,6.0,4.0,97.629,0,0.0,2022,Bahrain,3.0,1,0.824333333333333,0.0,0.3684210526315789,1.0
PER,22.0,MEDIUM,7.0,4.0,97.862,0,0.0,2022,Bahrain,3.0,1,1.0403333333333318,0.0,0.38596491228070173,1.0
PER,23.0,MEDIUM,8.0,4.0,97.96,0,0.0,2022,Bahrain,3.0,1,1.1829999999999974,0.0,0.40350877192982454,1.0
PER,24.0,MEDIUM,9.0,4.0,98.155,0,0.0,2022,Bahrain,3.0,1,1.3583333333333296,0.0,0.42105263157894735,1.0
PER,25.0,MEDIUM,10.0,4.0,98.419,0,0.0,2022,Bahrain,3.0,1,1.543999999999997,0.0,0.43859649122807015,1.0
PER,26.0,MEDIUM,11.0,4.0,98.693,0,0.0,2022,Bahrain,3.0,1,1.7883333333333316,0.0,0.45614035087719296,1.0
PER,27.0,MEDIUM,12.0,4.0,98.563,0,0.0,2022,Bahrain,3.0,1,1.9243333333333321,0.0,0.47368421052631576,1.0
PER,28.0,MEDIUM,13.0,4.0,98.697,0,0.0,2022,Bahrain,3.0,1,2.017000000000001,0.0,0.49122807017543857,1.0
PER,29.0,MEDIUM,14.0,4.0,98.99,0,0.0,2022,Bahrain,3.0,1,2.1159999999999997,0.0,0.5087719298245614,1.0
PER,30.0,MEDIUM,15.0,4.0,98.879,0,0.0,2022,Bahrain,3.0,1,2.221333333333334,0.0,0.5263157894736842,1.0
PER,31.0,MEDIUM,16.0,3.0,99.292,0,0.0,2022,Bahrain,3.0,1,2.4196666666666666,-0.2,0.543859649122807,1.0
PER,32.0,MEDIUM,17.0,2.0,99.222,0,0.0,2022,Bahrain,3.0,1,2.497,-0.4,0.5614035087719298,1.0
PER,33.0,MEDIUM,18.0,2.0,101.868,1,0.0,2022,Bahrain,3.0,2,3.6039999999999943,-0.4,0.5789473684210527,1.0
PER,34.0,SOFT,4.0,4.0,117.056,0,0.0,2022,Bahrain,3.0,2,9.63599999999999,0.0,0.5964912280701754,0.0
PER,35.0,SOFT,5.0,4.0,96.302,0,0.0,2022,Bahrain,3.0,2,8.773333333333326,0.0,0.6140350877192983,0.0
PER,36.0,SOFT,6.0,4.0,96.511,0,0.0,2022,Bahrain,3.0,2,6.98766666666666,0.2,0.631578947368421,0.0
PER,37.0,SOFT,7.0,4.0,97.119,0,0.0,2022,Bahrain,3.0,2,0.34199999999999403,0.4,0.6491228070175439,0.0
PER,38.0,SOFT,8.0,4.0,96.755,0,0.0,2022,Bahrain,3.0,2,0.4929999999999903,0.4,0.6666666666666666,0.0
PER,39.0,SOFT,9.0,4.0,96.987,0,0.0,2022,Bahrain,3.0,2,0.6516666666666566,0.0,0.6842105263157895,0.0
PER,40.0,SOFT,10.0,4.0,97.178,0,0.0,2022,Bahrain,3.0,2,0.6713333333333225,0.0,0.7017543859649122,0.0
PER,41.0,SOFT,11.0,4.0,97.639,0,0.0,2022,Bahrain,3.0,2,0.9659999999999892,0.0,0.7192982456140351,0.0
PER,42.0,SOFT,12.0,4.0,97.255,0,0.0,2022,Bahrain,3.0,2,1.0553333333333228,0.0,0.7368421052631579,0.0
PER,43.0,SOFT,13.0,4.0,100.228,1,0.0,2022,Bahrain,3.0,3,2.1429999999999914,0.0,0.7543859649122807,0.0
PER,44.0,SOFT,4.0,5.0,116.521,0,0.0,2022,Bahrain,3.0,3,8.507999999999996,0.2,0.7719298245614035,0.0
PER,45.0,SOFT,5.0,4.0,103.562,0,0.0,2022,Bahrain,3.0,3,10.681333333333333,0.0,0.7894736842105263,0.0
PER,46.0,SOFT,6.0,4.0,128.4,0,0.0,2022,Bahrain,3.0,3,20.072000000000003,0.0,0.8070175438596491,0.0
PER,47.0,SOFT,7.0,4.0,132.05,0,0.0,2022,Bahrain,3.0,3,25.24833333333334,0.0,0.8245614035087719,0.0
PER,48.0,SOFT,8.0,4.0,136.085,0,0.0,2022,Bahrain,3.0,3,36.08933333333334,0.0,0.8421052631578947,0.0
PER,49.0,SOFT,9.0,4.0,145.098,0,0.0,2022,Bahrain,3.0,3,41.655333333333346,-0.2,0.8596491228070176,0.0
PER,50.0,SOFT,10.0,4.0,141.747,0,0.0,2022,Bahrain,3.0,3,44.88766666666668,0.0,0.8771929824561403,0.0
PER,51.0,SOFT,11.0,4.0,96.389,0,0.0,2022,Bahrain,3.0,3,31.655666666666676,0.0,0.8947368421052632,0.0
PER,52.0,SOFT,12.0,4.0,96.089,0,0.0,2022,Bahrain,3.0,3,15.319333333333338,0.0,0.9122807017543859,0.0
PER,53.0,SOFT,13.0,4.0,96.113,0,0.0,2022,Bahrain,3.0,3,0.10799999999999936,0.0,0.9298245614035088,0.0
PER,54.0,SOFT,14.0,3.0,96.755,0,0.0,2022,Bahrain,3.0,3,0.22999999999999923,-0.2,0.9473684210526315,0.0
PER,55.0,SOFT,15.0,3.0,96.436,0,0.0,2022,Bahrain,3.0,3,0.34566666666666873,-0.2,0.9649122807017544,0.0
PER,56.0,SOFT,16.0,3.0,96.286,0,0.0,2022,Bahrain,3.0,3,0.403333333333336,-0.2,0.9824561403508771,0.0
RIC,2.0,MEDIUM,2.0,20.0,102.59,0,0.0,2022,Bahrain,14.0,0,5.474500000000006,0.0,0.03508771929824561,1.0
RIC,3.0,MEDIUM,3.0,20.0,101.711,0,0.0,2022,Bahrain,14.0,0,3.6796666666666717,0.0,0.05263157894736842,1.0
RIC,4.0,MEDIUM,4.0,20.0,101.803,0,0.0,2022,Bahrain,14.0,0,0.4136666666666713,0.0,0.07017543859649122,1.0
RIC,5.0,MEDIUM,5.0,20.0,101.818,0,0.0,2022,Bahrain,14.0,0,0.1563333333333361,0.0,0.08771929824561403,1.0
RIC,6.0,MEDIUM,6.0,19.0,101.77,0,0.0,2022,Bahrain,14.0,0,0.17600000000000193,-0.2,0.10526315789473684,1.0
RIC,7.0,MEDIUM,7.0,20.0,103.137,0,0.0,2022,Bahrain,14.0,0,0.6206666666666697,0.0,0.12280701754385964,1.0
RIC,8.0,MEDIUM,8.0,20.0,101.894,0,0.0,2022,Bahrain,14.0,0,0.6460000000000056,0.0,0.14035087719298245,1.0
RIC,9.0,MEDIUM,9.0,20.0,102.746,0,0.0,2022,Bahrain,14.0,0,0.9713333333333386,0.0,0.15789473684210525,1.0
RIC,10.0,MEDIUM,10.0,20.0,102.777,0,0.0,2022,Bahrain,14.0,0,0.8513333333333387,0.0,0.17543859649122806,1.0
RIC,11.0,MEDIUM,11.0,20.0,102.641,0,0.0,2022,Bahrain,14.0,0,1.1003333333333387,0.2,0.19298245614035087,1.0
RIC,12.0,MEDIUM,12.0,18.0,101.621,0,0.0,2022,Bahrain,14.0,0,0.7253333333333387,-0.4,0.21052631578947367,1.0
RIC,13.0,MEDIUM,13.0,18.0,102.461,0,0.0,2022,Bahrain,14.0,0,0.6200000000000045,-0.4,0.22807017543859648,1.0
RIC,14.0,MEDIUM,14.0,17.0,102.375,0,0.0,2022,Bahrain,14.0,0,0.5313333333333361,-0.6,0.24561403508771928,1.0
RIC,15.0,MEDIUM,15.0,15.0,102.543,0,0.0,2022,Bahrain,14.0,0,0.8386666666666732,-1.0,0.2631578947368421,1.0
RIC,16.0,MEDIUM,16.0,15.0,103.515,0,0.0,2022,Bahrain,14.0,0,1.1900000000000073,-1.0,0.2807017543859649,1.0
RIC,17.0,MEDIUM,17.0,18.0,106.215,1,0.0,2022,Bahrain,14.0,1,3.227333333333339,0.0,0.2982456140350877,1.0
RIC,18.0,SOFT,1.0,20.0,120.056,0,0.0,2022,Bahrain,14.0,1,9.822333333333333,0.4,0.3157894736842105,0.0
RIC,19.0,SOFT,2.0,20.0,99.374,0,0.0,2022,Bahrain,14.0,1,9.199333333333328,0.6,0.3333333333333333,0.0
RIC,20.0,SOFT,3.0,19.0,99.349,0,0.0,2022,Bahrain,14.0,1,6.910666666666661,0.8,0.3508771929824561,0.0
RIC,21.0,SOFT,4.0,19.0,99.722,0,0.0,2022,Bahrain,14.0,1,0.13266666666666063,0.8,0.3684210526315789,0.0
RIC,22.0,SOFT,5.0,19.0,99.715,0,0.0,2022,Bahrain,14.0,1,0.24633333333333005,0.2,0.38596491228070173,0.0
RIC,23.0,SOFT,6.0,19.0,99.832,0,0.0,2022,Bahrain,14.0,1,0.40733333333332666,-0.2,0.40350877192982454,0.0
RIC,24.0,SOFT,7.0,19.0,100.273,0,0.0,2022,Bahrain,14.0,1,0.590999999999994,-0.2,0.42105263157894735,0.0
RIC,25.0,SOFT,8.0,18.0,100.367,0,0.0,2022,Bahrain,14.0,1,0.8083333333333277,-0.2,0.43859649122807015,0.0
RIC,26.0,SOFT,9.0,18.0,100.521,0,0.0,2022,Bahrain,14.0,1,1.0379999999999967,-0.2,0.45614035087719296,0.0
RIC,27.0,SOFT,10.0,18.0,100.869,0,0.0,2022,Bahrain,14.0,1,1.2366666666666646,-0.2,0.47368421052631576,0.0
RIC,28.0,SOFT,11.0,17.0,101.188,0,0.0,2022,Bahrain,14.0,1,1.5103333333333306,-0.4,0.49122807017543857,0.0
RIC,29.0,SOFT,12.0,17.0,100.627,0,0.0,2022,Bahrain,14.0,1,1.545666666666662,-0.4,0.5087719298245614,0.0
RIC,30.0,SOFT,13.0,17.0,100.647,0,0.0,2022,Bahrain,14.0,1,1.471666666666664,-0.2,0.5263157894736842,0.0
RIC,31.0,SOFT,14.0,17.0,100.631,0,0.0,2022,Bahrain,14.0,1,1.2859999999999967,-0.2,0.543859649122807,0.0
RIC,32.0,SOFT,15.0,17.0,100.686,0,0.0,2022,Bahrain,14.0,1,1.3056666666666672,-0.2,0.5614035087719298,0.0
RIC,33.0,SOFT,16.0,17.0,103.359,1,0.0,2022,Bahrain,14.0,2,2.3503333333333294,0.0,0.5789473684210527,0.0
RIC,34.0,HARD,1.0,19.0,122.85,0,0.0,2022,Bahrain,14.0,2,9.897333333333327,0.4,0.5964912280701754,2.0
RIC,35.0,HARD,2.0,19.0,100.424,0,0.0,2022,Bahrain,14.0,2,9.950666666666658,0.4,0.6140350877192983,2.0
RIC,36.0,HARD,3.0,19.0,98.927,0,0.0,2022,Bahrain,14.0,2,8.47333333333333,0.4,0.631578947368421,2.0
RIC,37.0,HARD,4.0,19.0,98.988,0,0.0,2022,Bahrain,14.0,2,0.5193333333333309,0.4,0.6491228070175439,2.0
RIC,38.0,HARD,5.0,18.0,99.146,0,0.0,2022,Bahrain,14.0,2,0.09333333333332898,0.2,0.6666666666666666,2.0
RIC,39.0,HARD,6.0,18.0,99.32,0,0.0,2022,Bahrain,14.0,2,0.22433333333332448,-0.2,0.6842105263157895,2.0
RIC,40.0,HARD,7.0,18.0,99.157,0,0.0,2022,Bahrain,14.0,2,0.2806666666666568,-0.2,0.7017543859649122,2.0
RIC,41.0,HARD,8.0,18.0,99.054,0,0.0,2022,Bahrain,14.0,2,0.24999999999999054,-0.2,0.7192982456140351,2.0
RIC,42.0,HARD,9.0,17.0,101.069,0,0.0,2022,Bahrain,14.0,2,0.8329999999999936,-0.4,0.7368421052631579,2.0
RIC,43.0,HARD,10.0,17.0,99.421,0,0.0,2022,Bahrain,14.0,2,0.920999999999997,-0.2,0.7543859649122807,2.0
RIC,44.0,HARD,11.0,17.0,109.227,1,0.0,2022,Bahrain,14.0,3,4.867333333333335,-0.2,0.7719298245614035,2.0
RIC,45.0,SOFT,1.0,18.0,148.703,0,0.0,2022,Bahrain,14.0,3,21.30066666666667,0.0,0.7894736842105263,0.0
RIC,46.0,SOFT,2.0,16.0,130.812,0,0.0,2022,Bahrain,14.0,3,32.31966666666668,-0.4,0.8070175438596491,0.0
RIC,47.0,SOFT,3.0,16.0,118.607,0,0.0,2022,Bahrain,14.0,3,35.44633333333334,-0.2,0.8245614035087719,0.0
RIC,48.0,SOFT,4.0,16.0,117.098,0,0.0,2022,Bahrain,14.0,3,24.911333333333342,-0.2,0.8421052631578947,0.0
RIC,49.0,SOFT,5.0,16.0,99.453,0,0.0,2022,Bahrain,14.0,3,14.458333333333337,-0.2,0.8596491228070176,0.0
RIC,50.0,SOFT,6.0,16.0,97.261,0,0.0,2022,Bahrain,14.0,3,7.3430000000000035,-0.4,0.8771929824561403,0.0
RIC,51.0,SOFT,7.0,16.0,97.58,0,0.0,2022,Bahrain,14.0,3,0.8370000000000033,0.0,0.8947368421052632,0.0
RIC,52.0,SOFT,8.0,16.0,97.654,0,0.0,2022,Bahrain,14.0,3,0.23733333333333442,0.0,0.9122807017543859,0.0
RIC,53.0,SOFT,9.0,16.0,97.671,0,0.0,2022,Bahrain,14.0,3,0.3740000000000047,0.0,0.9298245614035088,0.0
RIC,54.0,SOFT,10.0,16.0,98.12,0,0.0,2022,Bahrain,14.0,3,0.5540000000000068,0.0,0.9473684210526315,0.0
RIC,55.0,SOFT,11.0,15.0,98.639,0,0.0,2022,Bahrain,14.0,3,0.88233333333334,-0.2,0.9649122807017544,0.0
RIC,56.0,SOFT,12.0,15.0,98.86,0,0.0,2022,Bahrain,14.0,3,1.2786666666666708,-0.2,0.9824561403508771,0.0
RIC,57.0,SOFT,13.0,14.0,100.084,0,0.0,2022,Bahrain,14.0,3,1.9333333333333371,-0.4,1.0,0.0
RUS,2.0,SOFT,5.0,7.0,99.694,0,0.0,2022,Bahrain,4.0,0,2.528500000000001,0.0,0.03508771929824561,0.0
RUS,3.0,SOFT,6.0,7.0,99.725,0,0.0,2022,Bahrain,4.0,0,1.9136666666666666,0.0,0.05263157894736842,0.0
RUS,4.0,SOFT,7.0,7.0,99.772,0,0.0,2022,Bahrain,4.0,0,0.6893333333333374,0.0,0.07017543859649122,0.0
RUS,5.0,SOFT,8.0,6.0,99.041,0,0.0,2022,Bahrain,4.0,0,0.47166666666666873,-0.25,0.08771929824561403,0.0
RUS,6.0,SOFT,9.0,6.0,99.605,0,0.0,2022,Bahrain,4.0,0,0.43166666666667197,-0.2,0.10526315789473684,0.0
RUS,7.0,SOFT,10.0,6.0,99.934,0,0.0,2022,Bahrain,4.0,0,0.4856666666666693,-0.2,0.12280701754385964,0.0
RUS,8.0,SOFT,11.0,6.0,99.729,0,0.0,2022,Bahrain,4.0,0,0.7150000000000034,-0.2,0.14035087719298245,0.0
RUS,9.0,SOFT,12.0,6.0,100.158,0,0.0,2022,Bahrain,4.0,0,0.8993333333333359,-0.2,0.15789473684210525,0.0
RUS,10.0,SOFT,13.0,6.0,100.236,0,0.0,2022,Bahrain,4.0,0,1.0000000000000047,0.0,0.17543859649122806,0.0
RUS,11.0,SOFT,14.0,6.0,100.358,0,0.0,2022,Bahrain,4.0,0,1.209666666666673,0.0,0.19298245614035087,0.0
RUS,12.0,SOFT,15.0,5.0,100.215,0,0.0,2022,Bahrain,4.0,0,1.2286666666666737,-0.2,0.21052631578947367,0.0
RUS,13.0,SOFT,16.0,5.0,100.448,0,0.0,2022,Bahrain,4.0,0,1.2993333333333368,-0.2,0.22807017543859648,0.0
RUS,14.0,SOFT,17.0,5.0,100.409,0,0.0,2022,Bahrain,4.0,0,1.3163333333333374,-0.2,0.24561403508771928,0.0
RUS,15.0,SOFT,18.0,3.0,103.097,1,0.0,2022,Bahrain,4.0,1,2.5943333333333336,-0.6,0.2631578947368421,0.0
RUS,16.0,HARD,2.0,6.0,122.37,0,0.0,2022,Bahrain,4.0,1,10.219000000000003,0.0,0.2807017543859649,2.0
RUS,17.0,HARD,3.0,6.0,98.089,0,0.0,2022,Bahrain,4.0,1,9.763,0.2,0.2982456140350877,2.0
RUS,18.0,HARD,4.0,6.0,98.114,0,0.0,2022,Bahrain,4.0,1,8.102000000000004,0.2,0.3157894736842105,2.0
RUS,19.0,HARD,5.0,6.0,98.307,0,0.0,2022,Bahrain,4.0,1,0.08100000000000307,0.2,0.3333333333333333,2.0
RUS,20.0,HARD,6.0,6.0,98.148,0,0.0,2022,Bahrain,4.0,1,0.1006666666666689,0.6,0.3508771929824561,2.0
RUS,21.0,HARD,7.0,6.0,98.633,0,0.0,2022,Bahrain,4.0,1,0.273666666666666,0.0,0.3684210526315789,2.0
RUS,22.0,HARD,8.0,6.0,98.567,0,0.0,2022,Bahrain,4.0,1,0.3603333333333296,0.0,0.38596491228070173,2.0
RUS,23.0,HARD,9.0,6.0,98.896,0,0.0,2022,Bahrain,4.0,1,0.6096666666666645,0.0,0.40350877192982454,2.0
RUS,24.0,HARD,10.0,6.0,99.286,0,0.0,2022,Bahrain,4.0,1,0.8273333333333331,0.0,0.42105263157894735,2.0
RUS,25.0,HARD,11.0,6.0,99.165,0,0.0,2022,Bahrain,4.0,1,1.0266666666666708,0.0,0.43859649122807015,2.0
RUS,26.0,HARD,12.0,6.0,99.306,0,0.0,2022,Bahrain,4.0,1,1.1633333333333364,0.0,0.45614035087719296,2.0
RUS,27.0,HARD,13.0,6.0,99.096,0,0.0,2022,Bahrain,4.0,1,1.1000000000000039,0.0,0.47368421052631576,2.0
RUS,28.0,HARD,14.0,5.0,99.297,0,0.0,2022,Bahrain,4.0,1,1.1440000000000008,-0.2,0.49122807017543857,2.0
RUS,29.0,HARD,15.0,5.0,99.274,0,0.0,2022,Bahrain,4.0,1,1.1333333333333353,-0.2,0.5087719298245614,2.0
RUS,30.0,HARD,16.0,5.0,99.454,0,0.0,2022,Bahrain,4.0,1,1.2526666666666653,-0.2,0.5263157894736842,2.0
RUS,31.0,HARD,17.0,5.0,99.438,0,0.0,2022,Bahrain,4.0,1,1.299666666666667,-0.2,0.543859649122807,2.0
RUS,32.0,HARD,18.0,5.0,99.738,0,0.0,2022,Bahrain,4.0,1,1.4543333333333333,-0.2,0.5614035087719298,2.0
RUS,33.0,HARD,19.0,5.0,101.83,1,0.0,2022,Bahrain,4.0,2,2.5373333333333363,0.0,0.5789473684210527,2.0
RUS,34.0,MEDIUM,1.0,7.0,119.638,0,0.0,2022,Bahrain,4.0,2,9.561666666666673,0.4,0.5964912280701754,1.0
RUS,35.0,MEDIUM,2.0,6.0,97.216,0,0.0,2022,Bahrain,4.0,2,9.012000000000006,0.2,0.6140350877192983,1.0
RUS,36.0,MEDIUM,3.0,6.0,97.527,0,0.0,2022,Bahrain,4.0,2,7.577666666666673,0.2,0.631578947368421,1.0
RUS,37.0,MEDIUM,4.0,6.0,97.753,0,0.0,2022,Bahrain,4.0,2,0.28266666666667106,0.2,0.6491228070175439,1.0
RUS,38.0,MEDIUM,5.0,6.0,97.792,0,0.0,2022,Bahrain,4.0,2,0.4746666666666736,0.2,0.6666666666666666,1.0
RUS,39.0,MEDIUM,6.0,6.0,97.721,0,0.0,2022,Bahrain,4.0,2,0.5393333333333411,-0.2,0.6842105263157895,1.0
RUS,40.0,MEDIUM,7.0,6.0,97.79,0,0.0,2022,Bahrain,4.0,2,0.5516666666666765,0.0,0.7017543859649122,1.0
RUS,41.0,MEDIUM,8.0,6.0,97.783,0,0.0,2022,Bahrain,4.0,2,0.5486666666666764,0.0,0.7192982456140351,1.0
RUS,42.0,MEDIUM,9.0,6.0,98.111,0,0.0,2022,Bahrain,4.0,2,0.6786666666666766,0.0,0.7368421052631579,1.0
RUS,43.0,MEDIUM,10.0,6.0,98.747,0,0.0,2022,Bahrain,4.0,2,0.9976666666666745,0.0,0.7543859649122807,1.0
RUS,44.0,MEDIUM,11.0,6.0,98.297,0,0.0,2022,Bahrain,4.0,2,1.1690000000000065,0.0,0.7719298245614035,1.0
RUS,45.0,MEDIUM,12.0,5.0,108.988,1,0.0,2022,Bahrain,4.0,3,5.099333333333334,-0.2,0.7894736842105263,1.0
RUS,47.0,SOFT,4.0,6.0,120.695,0,0.0,2022,Bahrain,4.0,3,12.719999999999994,0.0,0.8245614035087719,0.0
RUS,48.0,SOFT,5.0,6.0,120.209,0,0.0,2022,Bahrain,4.0,3,20.32866666666666,0.0,0.8421052631578947,0.0
RUS,49.0,SOFT,6.0,6.0,138.375,0,0.0,2022,Bahrain,4.0,3,30.124333333333325,0.0,0.8596491228070176,0.0
RUS,50.0,SOFT,7.0,6.0,138.204,0,0.0,2022,Bahrain,4.0,3,35.96066666666666,0.0,0.8771929824561403,0.0
RUS,51.0,SOFT,8.0,6.0,96.94,0,0.0,2022,Bahrain,4.0,3,28.204333333333327,0.2,0.8947368421052632,0.0
RUS,52.0,SOFT,9.0,6.0,96.529,0,0.0,2022,Bahrain,4.0,3,14.255666666666661,0.0,0.9122807017543859,0.0
RUS,53.0,SOFT,10.0,6.0,96.367,0,0.0,2022,Bahrain,4.0,3,0.3099999999999928,0.0,0.9298245614035088,0.0
RUS,54.0,SOFT,11.0,5.0,96.592,0,0.0,2022,Bahrain,4.0,3,0.19399999999999315,-0.2,0.9473684210526315,0.0
RUS,55.0,SOFT,12.0,5.0,96.395,0,0.0,2022,Bahrain,4.0,3,0.14933333333332635,-0.2,0.9649122807017544,0.0
RUS,56.0,SOFT,13.0,5.0,96.302,0,0.0,2022,Bahrain,4.0,3,0.12766666666666046,-0.2,0.9824561403508771,0.0
RUS,57.0,SOFT,14.0,4.0,97.401,0,0.0,2022,Bahrain,4.0,3,0.39733333333332627,-0.4,1.0,0.0
SAI,2.0,SOFT,5.0,3.0,98.649,0,0.0,2022,Bahrain,2.0,0,1.1784999999999997,0.0,0.03508771929824561,0.0
SAI,3.0,SOFT,6.0,3.0,99.049,0,0.0,2022,Bahrain,2.0,0,0.9190000000000017,0.0,0.05263157894736842,0.0
SAI,4.0,SOFT,7.0,3.0,98.923,0,0.0,2022,Bahrain,2.0,0,0.22466666666666887,0.0,0.07017543859649122,0.0
SAI,5.0,SOFT,8.0,3.0,99.101,0,0.0,2022,Bahrain,2.0,0,0.3753333333333349,0.0,0.08771929824561403,0.0
SAI,6.0,SOFT,9.0,3.0,99.594,0,0.0,2022,Bahrain,2.0,0,0.5569999999999974,0.0,0.10526315789473684,0.0
SAI,7.0,SOFT,10.0,3.0,99.588,0,0.0,2022,Bahrain,2.0,0,0.7786666666666614,0.0,0.12280701754385964,0.0
SAI,8.0,SOFT,11.0,3.0,99.275,0,0.0,2022,Bahrain,2.0,0,0.8366666666666637,0.0,0.14035087719298245,0.0
SAI,9.0,SOFT,12.0,3.0,99.424,0,0.0,2022,Bahrain,2.0,0,0.7800000000000011,0.0,0.15789473684210525,0.0
SAI,10.0,SOFT,13.0,3.0,99.682,0,0.0,2022,Bahrain,2.0,0,0.8113333333333372,0.0,0.17543859649122806,0.0
SAI,11.0,SOFT,14.0,3.0,99.942,0,0.0,2022,Bahrain,2.0,0,1.0336666666666663,0.0,0.19298245614035087,0.0
SAI,12.0,SOFT,15.0,3.0,100.097,0,0.0,2022,Bahrain,2.0,0,1.2579999999999956,0.0,0.21052631578947367,0.0
SAI,13.0,SOFT,16.0,3.0,100.165,0,0.0,2022,Bahrain,2.0,0,1.418999999999997,0.0,0.22807017543859648,0.0
SAI,14.0,SOFT,17.0,4.0,103.029,1,0.0,2022,Bahrain,2.0,1,2.940333333333333,0.2,0.24561403508771928,0.0
SAI,15.0,SOFT,1.0,5.0,118.327,0,0.0,2022,Bahrain,2.0,1,9.509333333333336,0.4,0.2631578947368421,0.0
SAI,16.0,SOFT,2.0,3.0,97.477,0,0.0,2022,Bahrain,2.0,1,9.10566666666667,0.0,0.2807017543859649,0.0
SAI,17.0,SOFT,3.0,3.0,97.172,0,0.0,2022,Bahrain,2.0,1,7.153333333333336,0.0,0.2982456140350877,0.0
SAI,18.0,SOFT,4.0,3.0,97.561,0,0.0,2022,Bahrain,2.0,1,0.23133333333333894,0.0,0.3157894736842105,0.0
SAI,19.0,SOFT,5.0,3.0,97.581,0,0.0,2022,Bahrain,2.0,1,0.26600000000000534,-0.2,0.3333333333333333,0.0
SAI,20.0,SOFT,6.0,3.0,98.059,0,0.0,2022,Bahrain,2.0,1,0.5616666666666722,-0.4,0.3508771929824561,0.0
SAI,21.0,SOFT,7.0,3.0,97.721,0,0.0,2022,Bahrain,2.0,1,0.6150000000000043,0.0,0.3684210526315789,0.0
SAI,22.0,SOFT,8.0,3.0,97.914,0,0.0,2022,Bahrain,2.0,1,0.7260000000000039,0.0,0.38596491228070173,0.0
SAI,23.0,SOFT,9.0,3.0,98.244,0,0.0,2022,Bahrain,2.0,1,0.7876666666666713,0.0,0.40350877192982454,0.0
SAI,24.0,SOFT,10.0,3.0,98.242,0,0.0,2022,Bahrain,2.0,1,0.9613333333333381,0.0,0.42105263157894735,0.0
SAI,25.0,SOFT,11.0,3.0,98.264,0,0.0,2022,Bahrain,2.0,1,1.078000000000003,0.0,0.43859649122807015,0.0
SAI,26.0,SOFT,12.0,3.0,98.444,0,0.0,2022,Bahrain,2.0,1,1.1446666666666705,0.0,0.45614035087719296,0.0
SAI,27.0,SOFT,13.0,3.0,98.846,0,0.0,2022,Bahrain,2.0,1,1.3460000000000036,0.0,0.47368421052631576,0.0
SAI,28.0,SOFT,14.0,3.0,98.729,0,0.0,2022,Bahrain,2.0,1,1.5010000000000048,0.0,0.49122807017543857,0.0
SAI,29.0,SOFT,15.0,3.0,98.953,0,0.0,2022,Bahrain,2.0,1,1.6706666666666716,0.0,0.5087719298245614,0.0
SAI,30.0,SOFT,16.0,3.0,99.004,0,0.0,2022,Bahrain,2.0,1,1.7233333333333387,0.0,0.5263157894736842,0.0
SAI,31.0,SOFT,17.0,2.0,99.105,0,0.0,2022,Bahrain,2.0,1,1.8486666666666736,-0.2,0.543859649122807,0.0
SAI,32.0,SOFT,18.0,1.0,99.386,0,0.0,2022,Bahrain,2.0,1,1.9930000000000045,-0.4,0.5614035087719298,0.0
SAI,33.0,SOFT,19.0,1.0,101.915,1,0.0,2022,Bahrain,2.0,2,3.2026666666666728,-0.4,0.5789473684210527,0.0
SAI,34.0,MEDIUM,1.0,3.0,117.101,0,0.0,2022,Bahrain,2.0,2,9.440666666666672,0.0,0.5964912280701754,1.0
SAI,35.0,MEDIUM,2.0,3.0,96.454,0,0.0,2022,Bahrain,2.0,2,8.702666666666673,0.0,0.6140350877192983,1.0
SAI,36.0,MEDIUM,3.0,3.0,96.6,0,0.0,2022,Bahrain,2.0,2,6.931000000000002,0.2,0.631578947368421,1.0
SAI,37.0,MEDIUM,4.0,3.0,96.893,0,0.0,2022,Bahrain,2.0,2,0.19500000000000264,0.4,0.6491228070175439,1.0
SAI,38.0,MEDIUM,5.0,3.0,97.012,0,0.0,2022,Bahrain,2.0,2,0.38100000000000495,0.4,0.6666666666666666,1.0
SAI,39.0,MEDIUM,6.0,3.0,97.044,0,0.0,2022,Bahrain,2.0,2,0.5290000000000058,0.0,0.6842105263157895,1.0
SAI,40.0,MEDIUM,7.0,3.0,97.271,0,0.0,2022,Bahrain,2.0,2,0.6550000000000059,0.0,0.7017543859649122,1.0
SAI,41.0,MEDIUM,8.0,3.0,96.771,0,0.0,2022,Bahrain,2.0,2,0.5746666666666727,0.0,0.7192982456140351,1.0
SAI,42.0,MEDIUM,9.0,3.0,97.269,0,0.0,2022,Bahrain,2.0,2,0.6496666666666755,0.0,0.7368421052631579,1.0
SAI,43.0,MEDIUM,10.0,3.0,97.26,0,0.0,2022,Bahrain,2.0,2,0.6460000000000102,0.0,0.7543859649122807,1.0
SAI,44.0,MEDIUM,11.0,2.0,99.699,1,0.0,2022,Bahrain,2.0,3,1.860000000000009,-0.2,0.7719298245614035,1.0
SAI,45.0,SOFT,4.0,3.0,123.686,0,0.0,2022,Bahrain,2.0,3,10.903666666666675,0.0,0.7894736842105263,0.0
SAI,46.0,SOFT,5.0,3.0,128.331,0,0.0,2022,Bahrain,2.0,3,21.49866666666667,0.0,0.8070175438596491,0.0
SAI,47.0,SOFT,6.0,3.0,132.959,0,0.0,2022,Bahrain,2.0,3,32.58533333333334,0.0,0.8245614035087719,0.0
SAI,48.0,SOFT,7.0,3.0,135.797,0,0.0,2022,Bahrain,2.0,3,36.62233333333334,0.0,0.8421052631578947,0.0
SAI,49.0,SOFT,8.0,3.0,144.765,0,0.0,2022,Bahrain,2.0,3,42.10033333333333,0.2,0.8596491228070176,0.0
SAI,50.0,SOFT,9.0,3.0,143.514,0,0.0,2022,Bahrain,2.0,3,45.61866666666666,0.0,0.8771929824561403,0.0
SAI,51.0,SOFT,10.0,3.0,95.992,0,0.0,2022,Bahrain,2.0,3,32.35033333333334,0.0,0.8947368421052632,0.0
SAI,52.0,SOFT,11.0,3.0,95.74,0,0.0,2022,Bahrain,2.0,3,16.008666666666674,0.0,0.9122807017543859,0.0
SAI,53.0,SOFT,12.0,3.0,95.88,0,0.0,2022,Bahrain,2.0,3,0.13066666666667004,0.0,0.9298245614035088,0.0
SAI,54.0,SOFT,13.0,2.0,96.565,0,0.0,2022,Bahrain,2.0,3,0.3216666666666678,-0.2,0.9473684210526315,0.0
SAI,55.0,SOFT,14.0,2.0,96.075,0,0.0,2022,Bahrain,2.0,3,0.4333333333333371,-0.2,0.9649122807017544,0.0
SAI,56.0,SOFT,15.0,2.0,95.767,0,0.0,2022,Bahrain,2.0,3,0.3956666666666706,-0.2,0.9824561403508771,0.0
SAI,57.0,SOFT,16.0,2.0,96.269,0,0.0,2022,Bahrain,2.0,3,0.29700000000000654,-0.2,1.0,0.0
STR,2.0,SOFT,2.0,16.0,101.019,0,0.0,2022,Bahrain,12.0,0,4.841999999999999,-1.0,0.03508771929824561,0.0
STR,3.0,SOFT,3.0,16.0,100.887,0,0.0,2022,Bahrain,12.0,0,3.2279999999999993,-0.5,0.05263157894736842,0.0
STR,4.0,SOFT,4.0,17.0,101.931,0,0.0,2022,Bahrain,12.0,0,0.3920000000000006,0.0,0.07017543859649122,0.0
STR,5.0,SOFT,5.0,17.0,101.715,0,0.0,2022,Bahrain,12.0,0,0.624,0.0,0.08771929824561403,0.0
STR,6.0,SOFT,6.0,17.0,101.897,0,0.0,2022,Bahrain,12.0,0,0.9606666666666683,0.0,0.10526315789473684,0.0
STR,7.0,SOFT,7.0,17.0,101.827,0,0.0,2022,Bahrain,12.0,0,0.9260000000000019,0.2,0.12280701754385964,0.0
STR,8.0,SOFT,8.0,17.0,102.174,0,0.0,2022,Bahrain,12.0,0,1.079000000000003,0.2,0.14035087719298245,0.0
STR,9.0,SOFT,9.0,16.0,101.557,0,0.0,2022,Bahrain,12.0,0,0.9656666666666686,-0.2,0.15789473684210525,0.0
STR,10.0,SOFT,10.0,15.0,102.35,0,0.0,2022,Bahrain,12.0,0,1.1400000000000006,-0.4,0.17543859649122806,0.0
STR,11.0,SOFT,11.0,15.0,102.343,0,0.0,2022,Bahrain,12.0,0,1.1963333333333328,-0.4,0.19298245614035087,0.0
STR,12.0,SOFT,12.0,14.0,102.462,0,0.0,2022,Bahrain,12.0,0,1.498,-0.6,0.21052631578947367,0.0
STR,13.0,SOFT,13.0,13.0,102.235,0,0.0,2022,Bahrain,12.0,0,1.4596666666666682,-0.8,0.22807017543859648,0.0
STR,14.0,SOFT,14.0,13.0,101.803,0,0.0,2022,Bahrain,12.0,0,1.2796666666666663,-0.6,0.24561403508771928,0.0
STR,15.0,SOFT,15.0,10.0,101.875,0,0.0,2022,Bahrain,12.0,0,1.0839999999999985,-1.0,0.2631578947368421,0.0
STR,16.0,SOFT,16.0,10.0,102.592,0,0.0,2022,Bahrain,12.0,0,1.2029999999999983,-1.0,0.2807017543859649,0.0
STR,17.0,SOFT,17.0,10.0,101.858,0,0.0,2022,Bahrain,12.0,0,1.2213333333333338,-0.8,0.2982456140350877,0.0
STR,18.0,SOFT,18.0,12.0,104.384,1,0.0,2022,Bahrain,12.0,1,2.782333333333336,-0.2,0.3157894736842105,0.0
STR,19.0,SOFT,1.0,19.0,120.651,0,0.0,2022,Bahrain,12.0,1,9.52666666666667,1.2,0.3333333333333333,0.0
STR,20.0,SOFT,2.0,18.0,98.94,0,0.0,2022,Bahrain,12.0,1,9.278666666666672,1.6,0.3508771929824561,0.0
STR,21.0,SOFT,3.0,17.0,98.713,0,0.0,2022,Bahrain,12.0,1,7.388333333333335,1.4,0.3684210526315789,0.0
STR,22.0,SOFT,4.0,17.0,99.655,0,0.0,2022,Bahrain,12.0,1,0.3896666666666704,1.4,0.38596491228070173,0.0
STR,23.0,SOFT,5.0,17.0,99.811,0,0.0,2022,Bahrain,12.0,1,0.6800000000000068,1.0,0.40350877192982454,0.0
STR,24.0,SOFT,6.0,16.0,99.887,0,0.0,2022,Bahrain,12.0,1,1.0713333333333424,-0.6,0.42105263157894735,0.0
STR,25.0,SOFT,7.0,16.0,99.774,0,0.0,2022,Bahrain,12.0,1,1.1110000000000089,-0.4,0.43859649122807015,0.0
STR,26.0,SOFT,8.0,16.0,100.445,0,0.0,2022,Bahrain,12.0,1,1.3223333333333376,-0.2,0.45614035087719296,0.0
STR,27.0,SOFT,9.0,15.0,100.371,0,0.0,2022,Bahrain,12.0,1,1.4836666666666691,-0.4,0.47368421052631576,0.0
STR,28.0,SOFT,10.0,15.0,100.181,0,0.0,2022,Bahrain,12.0,1,1.6193333333333346,-0.4,0.49122807017543857,0.0
STR,29.0,SOFT,11.0,15.0,100.054,0,0.0,2022,Bahrain,12.0,1,1.4890000000000043,-0.2,0.5087719298245614,0.0
STR,30.0,SOFT,12.0,15.0,100.85,0,0.0,2022,Bahrain,12.0,1,1.6486666666666707,-0.2,0.5263157894736842,0.0
STR,31.0,SOFT,13.0,15.0,100.855,0,0.0,2022,Bahrain,12.0,1,1.8733333333333395,-0.2,0.543859649122807,0.0
STR,32.0,SOFT,14.0,15.0,100.037,0,0.0,2022,Bahrain,12.0,1,1.8676666666666744,0.0,0.5614035087719298,0.0
STR,33.0,SOFT,15.0,15.0,100.347,0,0.0,2022,Bahrain,12.0,1,1.7000000000000075,0.0,0.5789473684210527,0.0
STR,34.0,SOFT,16.0,15.0,100.363,0,0.0,2022,Bahrain,12.0,1,1.536000000000006,0.0,0.5964912280701754,0.0
STR,35.0,SOFT,17.0,15.0,100.452,0,0.0,2022,Bahrain,12.0,1,1.6743333333333368,0.0,0.6140350877192983,0.0
STR,36.0,SOFT,18.0,14.0,100.484,0,0.0,2022,Bahrain,12.0,1,1.7200000000000035,-0.2,0.631578947368421,0.0
STR,37.0,SOFT,19.0,14.0,100.487,0,0.0,2022,Bahrain,12.0,1,1.7613333333333354,-0.2,0.6491228070175439,0.0
STR,38.0,SOFT,20.0,14.0,103.895,1,0.0,2022,Bahrain,12.0,2,3.192999999999998,-0.2,0.6666666666666666,0.0
STR,39.0,MEDIUM,1.0,16.0,121.514,0,0.0,2022,Bahrain,12.0,2,10.486999999999995,0.2,0.6842105263157895,1.0
STR,40.0,MEDIUM,2.0,16.0,97.861,0,0.0,2022,Bahrain,12.0,2,9.895666666666662,0.2,0.7017543859649122,1.0
STR,41.0,MEDIUM,3.0,15.0,98.363,0,0.0,2022,Bahrain,12.0,2,8.051666666666662,0.2,0.7192982456140351,1.0
STR,42.0,MEDIUM,4.0,15.0,98.127,0,0.0,2022,Bahrain,12.0,2,0.2559999999999955,0.2,0.7368421052631579,1.0
STR,43.0,MEDIUM,5.0,15.0,99.462,0,0.0,2022,Bahrain,12.0,2,0.7896666666666619,0.2,0.7543859649122807,1.0
STR,44.0,MEDIUM,6.0,15.0,98.281,0,0.0,2022,Bahrain,12.0,2,0.7623333333333306,-0.2,0.7719298245614035,1.0
STR,45.0,MEDIUM,7.0,14.0,133.896,1,0.0,2022,Bahrain,12.0,3,12.923666666666662,-0.4,0.7894736842105263,1.0
STR,46.0,SOFT,1.0,15.0,149.264,0,0.0,2022,Bahrain,12.0,3,29.762666666666664,0.0,0.8070175438596491,0.0
STR,47.0,SOFT,2.0,14.0,133.815,0,0.0,2022,Bahrain,12.0,3,41.845666666666666,-0.2,0.8245614035087719,0.0
STR,48.0,SOFT,3.0,14.0,113.799,0,0.0,2022,Bahrain,12.0,3,35.14666666666667,-0.2,0.8421052631578947,0.0
STR,49.0,SOFT,4.0,14.0,97.146,0,0.0,2022,Bahrain,12.0,3,17.774,-0.2,0.8596491228070176,0.0
STR,50.0,SOFT,5.0,14.0,97.326,0,0.0,2022,Bahrain,12.0,3,5.611,0.0,0.8771929824561403,0.0
STR,51.0,SOFT,6.0,14.0,97.274,0,0.0,2022,Bahrain,12.0,3,0.10266666666666424,-0.2,0.8947368421052632,0.0
STR,52.0,SOFT,7.0,14.0,97.622,0,0.0,2022,Bahrain,12.0,3,0.2613333333333306,0.0,0.9122807017543859,0.0
STR,53.0,SOFT,8.0,14.0,98.678,0,0.0,2022,Bahrain,12.0,3,0.7119999999999985,0.0,0.9298245614035088,0.0
STR,54.0,SOFT,9.0,14.0,97.877,0,0.0,2022,Bahrain,12.0,3,0.9129999999999967,0.0,0.9473684210526315,0.0
STR,55.0,SOFT,10.0,13.0,98.328,0,0.0,2022,Bahrain,12.0,3,1.148333333333331,-0.2,0.9649122807017544,0.0
STR,56.0,SOFT,11.0,13.0,98.829,0,0.0,2022,Bahrain,12.0,3,1.1986666666666632,-0.2,0.9824561403508771,0.0
STR,57.0,SOFT,12.0,12.0,100.395,0,0.0,2022,Bahrain,12.0,3,2.0379999999999967,-0.4,1.0,0.0
TSU,2.0,SOFT,2.0,12.0,100.697,0,0.0,2022,Bahrain,8.0,0,4.049500000000002,0.0,0.03508771929824561,0.0
TSU,3.0,SOFT,3.0,12.0,100.618,0,0.0,2022,Bahrain,8.0,0,2.7846666666666664,0.0,0.05263157894736842,0.0
TSU,4.0,SOFT,4.0,12.0,100.958,0,0.0,2022,Bahrain,8.0,0,0.39466666666666583,0.0,0.07017543859649122,0.0
TSU,5.0,SOFT,5.0,11.0,100.363,0,0.0,2022,Bahrain,8.0,0,0.28333333333333144,-0.25,0.08771929824561403,0.0
TSU,6.0,SOFT,6.0,11.0,100.611,0,0.0,2022,Bahrain,8.0,0,0.2810000000000012,-0.2,0.10526315789473684,0.0
TSU,7.0,SOFT,7.0,11.0,100.754,0,0.0,2022,Bahrain,8.0,0,0.21300000000000333,-0.2,0.12280701754385964,0.0
TSU,8.0,SOFT,8.0,11.0,101.351,0,0.0,2022,Bahrain,8.0,0,0.5423333333333366,-0.2,0.14035087719298245,0.0
TSU,9.0,SOFT,9.0,11.0,100.9,0,0.0,2022,Bahrain,8.0,0,0.6386666666666704,-0.2,0.15789473684210525,0.0
TSU,10.0,SOFT,10.0,11.0,101.182,0,0.0,2022,Bahrain,8.0,0,0.7813333333333361,0.0,0.17543859649122806,0.0
TSU,11.0,SOFT,11.0,10.0,101.313,0,0.0,2022,Bahrain,8.0,0,0.7686666666666705,-0.2,0.19298245614035087,0.0
TSU,12.0,SOFT,12.0,9.0,101.096,0,0.0,2022,Bahrain,8.0,0,0.8340000000000032,-0.4,0.21052631578947367,0.0
TSU,13.0,SOFT,13.0,9.0,101.337,0,0.0,2022,Bahrain,8.0,0,0.8856666666666703,-0.4,0.22807017543859648,0.0
TSU,14.0,SOFT,14.0,9.0,101.352,0,0.0,2022,Bahrain,8.0,0,0.8986666666666707,-0.4,0.24561403508771928,0.0
TSU,15.0,SOFT,15.0,7.0,103.687,1,0.0,2022,Bahrain,8.0,1,2.296666666666667,-0.8,0.2631578947368421,0.0
TSU,16.0,MEDIUM,1.0,14.0,121.989,0,0.0,2022,Bahrain,8.0,1,9.714999999999998,0.8,0.2807017543859649,1.0
TSU,17.0,MEDIUM,2.0,12.0,99.939,0,0.0,2022,Bahrain,8.0,1,9.778333333333327,0.6,0.2982456140350877,1.0
TSU,18.0,MEDIUM,3.0,11.0,98.76,0,0.0,2022,Bahrain,8.0,1,8.135999999999996,0.4,0.3157894736842105,1.0
TSU,19.0,MEDIUM,4.0,11.0,99.011,0,0.0,2022,Bahrain,8.0,1,0.47666666666665947,0.4,0.3333333333333333,1.0
TSU,20.0,MEDIUM,5.0,11.0,99.069,0,0.0,2022,Bahrain,8.0,1,0.18666666666666268,0.8,0.3508771929824561,1.0
TSU,21.0,MEDIUM,6.0,11.0,99.294,0,0.0,2022,Bahrain,8.0,1,0.36466666666666,-0.6,0.3684210526315789,1.0
TSU,22.0,MEDIUM,7.0,11.0,99.574,0,0.0,2022,Bahrain,8.0,1,0.5523333333333275,-0.2,0.38596491228070173,1.0
TSU,23.0,MEDIUM,8.0,11.0,99.569,0,0.0,2022,Bahrain,8.0,1,0.7189999999999941,0.0,0.40350877192982454,1.0
TSU,24.0,MEDIUM,9.0,11.0,99.576,0,0.0,2022,Bahrain,8.0,1,0.812999999999993,0.0,0.42105263157894735,1.0
TSU,25.0,MEDIUM,10.0,11.0,100.376,0,0.0,2022,Bahrain,8.0,1,1.0803333333333285,0.0,0.43859649122807015,1.0
TSU,26.0,MEDIUM,11.0,10.0,99.871,0,0.0,2022,Bahrain,8.0,1,1.1809999999999927,-0.2,0.45614035087719296,1.0
TSU,27.0,MEDIUM,12.0,10.0,100.325,0,0.0,2022,Bahrain,8.0,1,1.4306666666666625,-0.2,0.47368421052631576,1.0
TSU,28.0,MEDIUM,13.0,10.0,99.952,0,0.0,2022,Bahrain,8.0,1,1.289333333333327,-0.2,0.49122807017543857,1.0
TSU,29.0,MEDIUM,14.0,11.0,102.805,1,0.0,2022,Bahrain,8.0,2,2.5589999999999975,0.0,0.5087719298245614,1.0
TSU,30.0,SOFT,1.0,14.0,119.21,0,0.0,2022,Bahrain,8.0,2,9.145666666666662,0.6,0.5263157894736842,0.0
TSU,31.0,SOFT,2.0,14.0,98.722,0,0.0,2022,Bahrain,8.0,2,9.027333333333326,0.8,0.543859649122807,0.0
TSU,32.0,SOFT,3.0,14.0,97.885,0,0.0,2022,Bahrain,8.0,2,7.387333333333326,0.8,0.5614035087719298,0.0
TSU,33.0,SOFT,4.0,13.0,98.98,0,0.0,2022,Bahrain,8.0,2,0.643999999999996,0.6,0.5789473684210527,0.0
TSU,34.0,SOFT,5.0,13.0,98.484,0,0.0,2022,Bahrain,8.0,2,0.5646666666666628,0.4,0.5964912280701754,0.0
TSU,35.0,SOFT,6.0,13.0,98.523,0,0.0,2022,Bahrain,8.0,2,0.7773333333333264,-0.2,0.6140350877192983,0.0
TSU,36.0,SOFT,7.0,13.0,98.647,0,0.0,2022,Bahrain,8.0,2,0.666333333333327,-0.2,0.631578947368421,0.0
TSU,37.0,SOFT,8.0,12.0,98.289,0,0.0,2022,Bahrain,8.0,2,0.6013333333333293,-0.4,0.6491228070175439,0.0
TSU,38.0,SOFT,9.0,11.0,98.713,0,0.0,2022,Bahrain,8.0,2,0.6646666666666619,-0.4,0.6666666666666666,0.0
TSU,39.0,SOFT,10.0,11.0,98.912,0,0.0,2022,Bahrain,8.0,2,0.7529999999999953,-0.4,0.6842105263157895,0.0
TSU,40.0,SOFT,11.0,10.0,98.377,0,0.0,2022,Bahrain,8.0,2,0.7823333333333267,-0.6,0.7017543859649122,0.0
TSU,41.0,SOFT,12.0,10.0,98.693,0,0.0,2022,Bahrain,8.0,2,0.7756666666666613,-0.6,0.7192982456140351,0.0
TSU,42.0,SOFT,13.0,10.0,98.772,0,0.0,2022,Bahrain,8.0,2,0.7289999999999944,-0.4,0.7368421052631579,0.0
TSU,43.0,SOFT,14.0,10.0,98.93,0,0.0,2022,Bahrain,8.0,2,0.9133333333333317,-0.2,0.7543859649122807,0.0
TSU,44.0,SOFT,15.0,10.0,101.039,1,0.0,2022,Bahrain,8.0,3,1.9556666666666682,-0.2,0.7719298245614035,0.0
TSU,45.0,SOFT,4.0,12.0,147.999,0,0.0,2022,Bahrain,8.0,3,18.625,0.4,0.7894736842105263,0.0
TSU,46.0,SOFT,5.0,11.0,130.216,0,0.0,2022,Bahrain,8.0,3,29.314000000000004,0.2,0.8070175438596491,0.0
TSU,47.0,SOFT,6.0,11.0,109.994,0,0.0,2022,Bahrain,8.0,3,32.299,0.2,0.8245614035087719,0.0
TSU,48.0,SOFT,7.0,11.0,106.67,0,0.0,2022,Bahrain,8.0,3,18.52266666666667,0.2,0.8421052631578947,0.0
TSU,49.0,SOFT,8.0,11.0,114.405,0,0.0,2022,Bahrain,8.0,3,13.252333333333334,0.2,0.8596491228070176,0.0
TSU,50.0,SOFT,9.0,11.0,134.32,0,0.0,2022,Bahrain,8.0,3,21.361,-0.2,0.8771929824561403,0.0
TSU,51.0,SOFT,10.0,10.0,98.166,0,0.0,2022,Bahrain,8.0,3,18.52633333333333,-0.2,0.8947368421052632,0.0
TSU,52.0,SOFT,11.0,10.0,97.475,0,0.0,2022,Bahrain,8.0,3,12.882999999999996,-0.2,0.9122807017543859,0.0
TSU,53.0,SOFT,12.0,10.0,97.104,0,0.0,2022,Bahrain,8.0,3,0.47766666666666424,-0.2,0.9298245614035088,0.0
TSU,54.0,SOFT,13.0,9.0,97.268,0,0.0,2022,Bahrain,8.0,3,0.1783333333333322,-0.4,0.9473684210526315,0.0
TSU,55.0,SOFT,14.0,9.0,97.264,0,0.0,2022,Bahrain,8.0,3,0.10799999999999936,-0.4,0.9649122807017544,0.0
TSU,56.0,SOFT,15.0,9.0,97.565,0,0.0,2022,Bahrain,8.0,3,0.26166666666666555,-0.2,0.9824561403508771,0.0
TSU,57.0,SOFT,16.0,8.0,98.891,0,0.0,2022,Bahrain,8.0,3,0.8026666666666671,-0.4,1.0,0.0
VER,2.0,SOFT,5.0,2.0,97.88,0,0.0,2022,Bahrain,13.0,0,1.1780000000000044,0.0,0.03508771929824561,0.0
VER,3.0,SOFT,6.0,2.0,98.357,0,0.0,2022,Bahrain,13.0,0,0.9443333333333376,0.0,0.05263157894736842,0.0
VER,4.0,SOFT,7.0,2.0,98.566,0,0.0,2022,Bahrain,13.0,0,0.3876666666666703,0.0,0.07017543859649122,0.0
VER,5.0,SOFT,8.0,2.0,98.877,0,0.0,2022,Bahrain,13.0,0,0.7200000000000036,0.0,0.08771929824561403,0.0
VER,6.0,SOFT,9.0,2.0,98.94,0,0.0,2022,Bahrain,13.0,0,0.9143333333333364,0.0,0.10526315789473684,0.0
VER,7.0,SOFT,10.0,2.0,99.062,0,0.0,2022,Bahrain,13.0,0,1.079666666666668,0.0,0.12280701754385964,0.0
VER,8.0,SOFT,11.0,2.0,99.092,0,0.0,2022,Bahrain,13.0,0,1.151333333333336,0.0,0.14035087719298245,0.0
VER,9.0,SOFT,12.0,2.0,99.251,0,0.0,2022,Bahrain,13.0,0,1.255000000000005,0.0,0.15789473684210525,0.0
VER,10.0,SOFT,13.0,2.0,99.392,0,0.0,2022,Bahrain,13.0,0,1.3650000000000044,0.0,0.17543859649122806,0.0
VER,11.0,SOFT,14.0,2.0,99.479,0,0.0,2022,Bahrain,13.0,0,1.4940000000000044,0.0,0.19298245614035087,0.0
VER,12.0,SOFT,15.0,2.0,99.41,0,0.0,2022,Bahrain,13.0,0,1.5470000000000017,0.0,0.21052631578947367,0.0
VER,13.0,SOFT,16.0,2.0,99.534,0,0.0,2022,Bahrain,13.0,0,1.5943333333333385,0.0,0.22807017543859648,0.0
VER,14.0,SOFT,17.0,2.0,102.05,1,0.0,2022,Bahrain,13.0,1,2.7763333333333358,0.0,0.24561403508771928,0.0
VER,15.0,SOFT,1.0,4.0,117.409,0,0.0,2022,Bahrain,13.0,1,9.101000000000004,0.4,0.2631578947368421,0.0
VER,16.0,SOFT,2.0,2.0,96.905,0,0.0,2022,Bahrain,13.0,1,8.549666666666667,0.0,0.2807017543859649,0.0
VER,17.0,SOFT,3.0,2.0,97.587,0,0.0,2022,Bahrain,13.0,1,7.062000000000002,0.0,0.2982456140350877,0.0
VER,18.0,SOFT,4.0,2.0,97.717,0,0.0,2022,Bahrain,13.0,1,0.49799999999999994,0.0,0.3157894736842105,0.0
VER,19.0,SOFT,5.0,2.0,97.728,0,0.0,2022,Bahrain,13.0,1,0.772333333333331,0.0,0.3333333333333333,0.0
VER,20.0,SOFT,6.0,2.0,98.257,0,0.0,2022,Bahrain,13.0,1,0.9956666666666649,-0.4,0.3508771929824561,0.0
VER,21.0,SOFT,7.0,2.0,98.294,0,0.0,2022,Bahrain,13.0,1,1.1879999999999977,0.0,0.3684210526315789,0.0
VER,22.0,SOFT,8.0,2.0,98.243,0,0.0,2022,Bahrain,13.0,1,1.3596666666666646,0.0,0.38596491228070173,0.0
VER,23.0,SOFT,9.0,2.0,98.091,0,0.0,2022,Bahrain,13.0,1,1.3043333333333276,0.0,0.40350877192982454,0.0
VER,24.0,SOFT,10.0,2.0,98.187,0,0.0,2022,Bahrain,13.0,1,1.268666666666661,0.0,0.42105263157894735,0.0
VER,25.0,SOFT,11.0,2.0,98.372,0,0.0,2022,Bahrain,13.0,1,1.3116666666666628,0.0,0.43859649122807015,0.0
VER,26.0,SOFT,12.0,2.0,98.476,0,0.0,2022,Bahrain,13.0,1,1.4399999999999977,0.0,0.45614035087719296,0.0
VER,27.0,SOFT,13.0,2.0,98.823,0,0.0,2022,Bahrain,13.0,1,1.6519999999999964,0.0,0.47368421052631576,0.0
VER,28.0,SOFT,14.0,2.0,98.782,0,0.0,2022,Bahrain,13.0,1,1.7886666666666617,0.0,0.49122807017543857,0.0
VER,29.0,SOFT,15.0,2.0,99.384,0,0.0,2022,Bahrain,13.0,1,2.091333333333329,0.0,0.5087719298245614,0.0
VER,30.0,SOFT,16.0,2.0,101.537,1,0.0,2022,Bahrain,13.0,2,3.182000000000002,0.0,0.5263157894736842,0.0
VER,31.0,MEDIUM,1.0,4.0,117.239,0,0.0,2022,Bahrain,13.0,2,9.52033333333334,0.4,0.543859649122807,1.0
VER,32.0,MEDIUM,2.0,4.0,96.527,0,0.0,2022,Bahrain,13.0,2,8.75400000000001,0.4,0.5614035087719298,1.0
VER,33.0,MEDIUM,3.0,4.0,96.347,0,0.0,2022,Bahrain,13.0,2,7.024000000000005,0.4,0.5789473684210527,1.0
VER,34.0,MEDIUM,4.0,2.0,96.384,0,0.0,2022,Bahrain,13.0,2,0.07233333333333765,0.0,0.5964912280701754,1.0
VER,35.0,MEDIUM,5.0,2.0,96.731,0,0.0,2022,Bahrain,13.0,2,0.1403333333333355,0.0,0.6140350877192983,1.0
VER,36.0,MEDIUM,6.0,2.0,96.92,0,0.0,2022,Bahrain,13.0,2,0.331333333333338,-0.4,0.631578947368421,1.0
VER,37.0,MEDIUM,7.0,2.0,96.962,0,0.0,2022,Bahrain,13.0,2,0.5240000000000057,-0.4,0.6491228070175439,1.0
VER,38.0,MEDIUM,8.0,2.0,96.898,0,0.0,2022,Bahrain,13.0,2,0.5796666666666729,-0.4,0.6666666666666666,1.0
VER,39.0,MEDIUM,9.0,2.0,97.255,0,0.0,2022,Bahrain,13.0,2,0.6913333333333375,0.0,0.6842105263157895,1.0
VER,40.0,MEDIUM,10.0,2.0,97.308,0,0.0,2022,Bahrain,13.0,2,0.806666666666672,0.0,0.7017543859649122,1.0
VER,41.0,MEDIUM,11.0,2.0,97.284,0,0.0,2022,Bahrain,13.0,2,0.9353333333333419,0.0,0.7192982456140351,1.0
VER,42.0,MEDIUM,12.0,2.0,97.855,0,0.0,2022,Bahrain,13.0,2,1.1353333333333449,0.0,0.7368421052631579,1.0
VER,43.0,MEDIUM,13.0,2.0,99.787,1,0.0,2022,Bahrain,13.0,3,2.26400000000001,0.0,0.7543859649122807,1.0
VER,44.0,SOFT,4.0,3.0,117.242,0,0.0,2022,Bahrain,13.0,3,9.219000000000008,0.2,0.7719298245614035,0.0
VER,45.0,SOFT,5.0,2.0,95.747,0,0.0,2022,Bahrain,13.0,3,8.818666666666672,0.0,0.7894736842105263,0.0
VER,46.0,SOFT,6.0,2.0,129.941,0,0.0,2022,Bahrain,13.0,3,18.870000000000005,0.0,0.8070175438596491,0.0
VER,47.0,SOFT,7.0,2.0,134.782,0,0.0,2022,Bahrain,13.0,3,24.716666666666672,0.0,0.8245614035087719,0.0
VER,49.0,SOFT,9.0,2.0,145.374,0,0.0,2022,Bahrain,13.0,3,41.25900000000001,0.0,0.8596491228070176,0.0
VER,50.0,SOFT,10.0,2.0,144.508,0,0.0,2022,Bahrain,13.0,3,46.11466666666667,-0.2,0.8771929824561403,0.0
VER,51.0,SOFT,11.0,2.0,95.44,0,0.0,2022,Bahrain,13.0,3,33.00066666666667,0.0,0.8947368421052632,0.0
VER,52.0,SOFT,12.0,2.0,95.462,0,0.0,2022,Bahrain,13.0,3,16.36333333333334,0.0,0.9122807017543859,0.0
VER,53.0,SOFT,13.0,2.0,95.927,0,0.0,2022,Bahrain,13.0,3,0.16966666666667152,0.0,0.9298245614035088,0.0
VER,54.0,SOFT,14.0,13.0,124.094,1,0.0,2022,Bahrain,13.0,4,0.16966666666667152,2.2,0.9473684210526315,0.0
ZHO,2.0,SOFT,2.0,18.0,101.229,0,0.0,2022,Bahrain,10.0,0,6.11849999999999,-1.0,0.03508771929824561,0.0
ZHO,3.0,SOFT,3.0,17.0,100.183,0,0.0,2022,Bahrain,10.0,0,4.0789999999999935,-1.0,0.05263157894736842,0.0
ZHO,4.0,SOFT,4.0,16.0,100.393,0,0.0,2022,Bahrain,10.0,0,0.418666666666662,-1.0,0.07017543859649122,0.0
ZHO,5.0,SOFT,5.0,15.0,101.574,0,0.0,2022,Bahrain,10.0,0,0.5336666666666616,-1.0,0.08771929824561403,0.0
ZHO,6.0,SOFT,6.0,15.0,101.461,0,0.0,2022,Bahrain,10.0,0,0.9596666666666588,-0.8,0.10526315789473684,0.0
ZHO,7.0,SOFT,7.0,14.0,100.62,0,0.0,2022,Bahrain,10.0,0,1.0353333333333268,-0.8,0.12280701754385964,0.0
ZHO,8.0,SOFT,8.0,14.0,102.11,0,0.0,2022,Bahrain,10.0,0,1.213999999999994,-0.6,0.14035087719298245,0.0
ZHO,9.0,SOFT,9.0,14.0,102.258,0,0.0,2022,Bahrain,10.0,0,1.4796666666666596,-0.4,0.15789473684210525,0.0
ZHO,10.0,SOFT,10.0,13.0,101.339,0,0.0,2022,Bahrain,10.0,0,1.7193333333333243,-0.4,0.17543859649122806,0.0
ZHO,11.0,SOFT,11.0,13.0,101.057,0,0.0,2022,Bahrain,10.0,0,1.3683333333333252,-0.4,0.19298245614035087,0.0
ZHO,12.0,SOFT,12.0,11.0,101.281,0,0.0,2022,Bahrain,10.0,0,1.042666666666662,-0.6,0.21052631578947367,0.0
ZHO,13.0,SOFT,13.0,12.0,101.4,0,0.0,2022,Bahrain,10.0,0,1.0629999999999977,-0.4,0.22807017543859648,0.0
ZHO,14.0,SOFT,14.0,12.0,101.185,0,0.0,2022,Bahrain,10.0,0,1.1056666666666644,-0.4,0.24561403508771928,0.0
ZHO,15.0,SOFT,15.0,8.0,103.106,1,0.0,2022,Bahrain,10.0,1,2.325666666666663,-1.0,0.2631578947368421,0.0
ZHO,16.0,MEDIUM,1.0,18.0,121.722,0,0.0,2022,Bahrain,10.0,1,9.711333333333329,1.0,0.2807017543859649,1.0
ZHO,17.0,MEDIUM,2.0,16.0,98.348,0,0.0,2022,Bahrain,10.0,1,9.37733333333333,1.0,0.2982456140350877,1.0
ZHO,18.0,MEDIUM,3.0,15.0,99.814,0,0.0,2022,Bahrain,10.0,1,8.279999999999996,0.6,0.3157894736842105,1.0
ZHO,19.0,MEDIUM,4.0,13.0,98.63,0,0.0,2022,Bahrain,10.0,1,0.5826666666666634,0.2,0.3333333333333333,1.0
ZHO,20.0,MEDIUM,5.0,13.0,98.954,0,0.0,2022,Bahrain,10.0,1,0.7846666666666616,1.0,0.3508771929824561,1.0
ZHO,21.0,MEDIUM,6.0,13.0,99.047,0,0.0,2022,Bahrain,10.0,1,0.5289999999999964,-1.0,0.3684210526315789,1.0
ZHO,22.0,MEDIUM,7.0,13.0,99.351,0,0.0,2022,Bahrain,10.0,1,0.7693333333333309,-0.6,0.38596491228070173,1.0
ZHO,23.0,MEDIUM,8.0,13.0,99.304,0,0.0,2022,Bahrain,10.0,1,0.8860000000000005,-0.4,0.40350877192982454,1.0
ZHO,24.0,MEDIUM,9.0,13.0,99.582,0,0.0,2022,Bahrain,10.0,1,1.0643333333333327,0.0,0.42105263157894735,1.0
ZHO,25.0,MEDIUM,10.0,13.0,99.849,0,0.0,2022,Bahrain,10.0,1,1.2303333333333342,0.0,0.43859649122807015,1.0
ZHO,26.0,MEDIUM,11.0,12.0,99.742,0,0.0,2022,Bahrain,10.0,1,1.376333333333335,-0.2,0.45614035087719296,1.0
ZHO,27.0,MEDIUM,12.0,12.0,100.07,0,0.0,2022,Bahrain,10.0,1,1.5390000000000015,-0.2,0.47368421052631576,1.0
ZHO,28.0,MEDIUM,13.0,12.0,100.004,0,0.0,2022,Bahrain,10.0,1,1.5906666666666684,-0.2,0.49122807017543857,1.0
ZHO,29.0,MEDIUM,14.0,12.0,100.446,0,0.0,2022,Bahrain,10.0,1,1.825333333333333,-0.2,0.5087719298245614,1.0
ZHO,30.0,MEDIUM,15.0,11.0,99.836,0,0.0,2022,Bahrain,10.0,1,1.7473333333333347,-0.4,0.5263157894736842,1.0
ZHO,31.0,MEDIUM,16.0,10.0,99.748,0,0.0,2022,Bahrain,10.0,1,1.6620000000000015,-0.4,0.543859649122807,1.0
ZHO,32.0,MEDIUM,17.0,10.0,99.814,0,0.0,2022,Bahrain,10.0,1,1.4513333333333331,-0.4,0.5614035087719298,1.0
ZHO,33.0,MEDIUM,18.0,9.0,99.842,0,0.0,2022,Bahrain,10.0,1,1.4533333333333331,-0.6,0.5789473684210527,1.0
ZHO,34.0,MEDIUM,19.0,9.0,99.851,0,0.0,2022,Bahrain,10.0,1,1.4876666666666647,-0.6,0.5964912280701754,1.0
ZHO,35.0,MEDIUM,20.0,8.0,99.954,0,0.0,2022,Bahrain,10.0,1,1.5343333333333316,-0.6,0.6140350877192983,1.0
ZHO,36.0,MEDIUM,21.0,8.0,100.185,0,0.0,2022,Bahrain,10.0,1,1.648666666666666,-0.4,0.631578947368421,1.0
ZHO,37.0,MEDIUM,22.0,9.0,102.7,1,0.0,2022,Bahrain,10.0,2,3.1526666666666663,-0.2,0.6491228070175439,1.0
ZHO,38.0,MEDIUM,1.0,13.0,120.031,0,0.0,2022,Bahrain,10.0,2,10.399333333333336,0.8,0.6666666666666666,1.0
ZHO,39.0,MEDIUM,2.0,13.0,96.685,0,0.0,2022,Bahrain,10.0,2,9.787,0.8,0.6842105263157895,1.0
ZHO,40.0,MEDIUM,3.0,13.0,96.742,0,0.0,2022,Bahrain,10.0,2,7.801000000000002,1.0,0.7017543859649122,1.0
ZHO,41.0,MEDIUM,4.0,13.0,96.745,0,0.0,2022,Bahrain,10.0,2,0.03900000000000148,1.0,0.7192982456140351,1.0
ZHO,42.0,MEDIUM,5.0,13.0,97.522,0,0.0,2022,Bahrain,10.0,2,0.31800000000000256,0.8,0.7368421052631579,1.0
ZHO,43.0,MEDIUM,6.0,12.0,97.667,0,0.0,2022,Bahrain,10.0,2,0.626333333333335,-0.2,0.7543859649122807,1.0
ZHO,44.0,MEDIUM,7.0,11.0,97.785,0,0.0,2022,Bahrain,10.0,2,0.972999999999999,-0.4,0.7719298245614035,1.0
ZHO,45.0,MEDIUM,8.0,9.0,121.756,1,0.0,2022,Bahrain,10.0,3,8.901999999999996,-0.8,0.7894736842105263,1.0
ZHO,47.0,SOFT,5.0,13.0,112.222,0,0.0,2022,Bahrain,10.0,3,13.60466666666666,0.0,0.8245614035087719,0.0
ZHO,48.0,SOFT,6.0,13.0,106.95,0,0.0,2022,Bahrain,10.0,3,16.510666666666662,0.0,0.8421052631578947,0.0
ZHO,49.0,SOFT,7.0,13.0,111.232,0,0.0,2022,Bahrain,10.0,3,13.002666666666661,0.2,0.8596491228070176,0.0
ZHO,50.0,SOFT,8.0,13.0,132.681,0,0.0,2022,Bahrain,10.0,3,19.822333333333333,0.4,0.8771929824561403,0.0
ZHO,51.0,SOFT,9.0,13.0,99.725,0,0.0,2022,Bahrain,10.0,3,17.413999999999998,0.8,0.8947368421052632,0.0
ZHO,52.0,SOFT,10.0,12.0,98.278,0,0.0,2022,Bahrain,10.0,3,13.095999999999998,-0.2,0.9122807017543859,0.0
ZHO,53.0,SOFT,11.0,12.0,97.162,0,0.0,2022,Bahrain,10.0,3,1.2563333333333304,-0.2,0.9298245614035088,0.0
ZHO,54.0,SOFT,12.0,11.0,97.247,0,0.0,2022,Bahrain,10.0,3,0.4303333333333323,-0.4,0.9473684210526315,0.0
ZHO,55.0,SOFT,13.0,11.0,97.132,0,0.0,2022,Bahrain,10.0,3,0.04833333333333201,-0.4,0.9649122807017544,0.0
ZHO,56.0,SOFT,14.0,11.0,97.154,0,0.0,2022,Bahrain,10.0,3,0.04566666666666208,-0.4,0.9824561403508771,0.0
ZHO,57.0,SOFT,15.0,10.0,98.941,0,0.0,2022,Bahrain,10.0,3,0.6103333333333296,-0.4,1.0,0.0
ALB,3.0,WET,3.0,16.0,108.888,0,0.0,2022,Monaco,18.0,0,23.57650000000001,0.0,0.046875,4.0
ALB,4.0,WET,4.0,15.0,105.755,0,0.0,2022,Monaco,18.0,0,19.069000000000006,-0.5,0.0625,4.0
ALB,5.0,WET,5.0,15.0,103.313,0,0.0,2022,Monaco,18.0,0,10.284333333333342,-0.3333333333333333,0.078125,4.0
ALB,6.0,WET,6.0,13.0,103.887,0,0.0,2022,Monaco,18.0,0,8.61733333333334,-0.75,0.09375,4.0
ALB,7.0,WET,7.0,13.0,101.663,0,0.0,2022,Monaco,18.0,0,7.25333333333334,-0.6,0.109375,4.0
ALB,8.0,WET,8.0,13.0,100.829,0,0.0,2022,Monaco,18.0,0,6.425333333333337,-0.6,0.125,4.0
ALB,9.0,WET,9.0,13.0,100.302,0,0.0,2022,Monaco,18.0,0,5.230333333333339,-0.4,0.140625,4.0
ALB,10.0,WET,10.0,13.0,98.978,0,0.0,2022,Monaco,18.0,0,4.335333333333338,-0.4,0.15625,4.0
ALB,11.0,WET,11.0,16.0,107.093,0,0.0,2022,Monaco,18.0,0,6.423333333333342,0.6,0.171875,4.0
ALB,12.0,WET,12.0,16.0,98.689,0,0.0,2022,Monaco,18.0,0,5.88566666666667,0.6,0.1875,4.0
ALB,13.0,WET,13.0,16.0,97.351,0,0.0,2022,Monaco,18.0,0,5.343333333333338,0.6,0.203125,4.0
ALB,14.0,WET,14.0,16.0,96.601,0,0.0,2022,Monaco,18.0,0,1.8460000000000036,0.6,0.21875,4.0
ALB,15.0,WET,15.0,16.0,96.171,0,0.0,2022,Monaco,18.0,0,1.0066666666666748,0.6,0.234375,4.0
ALB,16.0,WET,16.0,16.0,95.705,0,0.0,2022,Monaco,18.0,0,0.4580000000000079,0.0,0.25,4.0
ALB,17.0,WET,17.0,16.0,95.701,0,0.0,2022,Monaco,18.0,0,0.158000000000006,0.0,0.265625,4.0
ALB,18.0,WET,18.0,19.0,114.036,1,0.0,2022,Monaco,18.0,1,8.224333333333334,0.6,0.28125,4.0
ALB,19.0,HARD,18.0,18.0,93.467,0,0.0,2022,Monaco,18.0,1,9.589666666666664,0.4,0.296875,2.0
ALB,20.0,HARD,18.0,18.0,98.902,0,0.0,2022,Monaco,18.0,1,12.767999999999995,0.4,0.3125,2.0
ALB,21.0,HARD,18.0,16.0,89.367,0,0.0,2022,Monaco,18.0,1,4.544999999999997,0.0,0.328125,2.0
ALB,22.0,HARD,18.0,19.0,130.065,1,0.0,2022,Monaco,18.0,2,20.525666666666666,0.6,0.34375,2.0
ALB,23.0,MEDIUM,1.0,19.0,93.811,0,0.0,2022,Monaco,18.0,2,22.610000000000003,0.0,0.359375,1.0
ALB,24.0,MEDIUM,2.0,19.0,83.506,0,0.0,2022,Monaco,18.0,2,24.437666666666672,0.2,0.375,1.0
ALB,25.0,MEDIUM,3.0,18.0,101.078,0,0.0,2022,Monaco,18.0,2,14.775333333333341,0.0,0.390625,1.0
ALB,26.0,MEDIUM,4.0,18.0,116.315,0,0.0,2022,Monaco,18.0,2,22.27666666666667,0.4,0.40625,1.0
ALB,27.0,MEDIUM,5.0,18.0,111.993,0,0.0,2022,Monaco,18.0,2,31.772333333333336,-0.2,0.421875,1.0
ALB,28.0,MEDIUM,6.0,18.0,98.218,0,0.0,2022,Monaco,18.0,2,30.819000000000003,-0.2,0.4375,1.0
ALB,30.0,MEDIUM,8.0,18.0,113.564,0,0.0,2022,Monaco,18.0,2,29.902,-0.2,0.46875,1.0
ALB,31.0,MEDIUM,9.0,18.0,89.773,0,0.0,2022,Monaco,18.0,2,22.495333333333335,0.0,0.484375,1.0
ALB,32.0,MEDIUM,10.0,18.0,84.931,0,0.0,2022,Monaco,18.0,2,18.066333333333333,0.0,0.5,1.0
ALB,33.0,MEDIUM,11.0,18.0,80.929,0,0.0,2022,Monaco,18.0,2,7.188000000000002,0.0,0.515625,1.0
ALB,34.0,MEDIUM,12.0,18.0,80.511,0,0.0,2022,Monaco,18.0,2,4.100666666666669,0.0,0.53125,1.0
ALB,35.0,MEDIUM,13.0,18.0,79.677,0,0.0,2022,Monaco,18.0,2,2.349333333333339,0.0,0.546875,1.0
ALB,36.0,MEDIUM,14.0,18.0,78.835,0,0.0,2022,Monaco,18.0,2,1.651333333333336,0.0,0.5625,1.0
ALB,37.0,MEDIUM,15.0,18.0,78.504,0,0.0,2022,Monaco,18.0,2,0.9823333333333389,0.0,0.578125,1.0
ALB,38.0,MEDIUM,16.0,18.0,78.289,0,0.0,2022,Monaco,18.0,2,0.5196666666666706,0.0,0.59375,1.0
ALB,39.0,MEDIUM,17.0,18.0,78.105,0,0.0,2022,Monaco,18.0,2,0.27633333333334065,0.0,0.609375,1.0
ALB,40.0,MEDIUM,18.0,18.0,78.023,0,0.0,2022,Monaco,18.0,2,0.11600000000000439,0.0,0.625,1.0
ALB,41.0,MEDIUM,19.0,18.0,78.283,0,0.0,2022,Monaco,18.0,2,0.11400000000000432,0.0,0.640625,1.0
ALB,42.0,MEDIUM,20.0,18.0,78.776,0,0.0,2022,Monaco,18.0,2,0.3376666666666684,0.0,0.65625,1.0
ALB,43.0,MEDIUM,21.0,18.0,78.772,0,0.0,2022,Monaco,18.0,2,0.5873333333333383,0.0,0.671875,1.0
ALB,44.0,MEDIUM,22.0,18.0,79.296,0,0.0,2022,Monaco,18.0,2,0.9250000000000066,0.0,0.6875,1.0
ALB,45.0,MEDIUM,23.0,18.0,79.039,0,0.0,2022,Monaco,18.0,2,1.012666666666675,0.0,0.703125,1.0
ALB,46.0,MEDIUM,24.0,18.0,79.242,0,0.0,2022,Monaco,18.0,2,1.1693333333333413,0.0,0.71875,1.0
ALB,47.0,MEDIUM,25.0,18.0,79.508,0,0.0,2022,Monaco,18.0,2,1.2400000000000044,0.0,0.734375,1.0
ALB,48.0,MEDIUM,26.0,18.0,79.909,0,0.0,2022,Monaco,18.0,2,1.5300000000000058,0.0,0.75,1.0
ALO,3.0,WET,3.0,7.0,106.608,0,0.0,2022,Monaco,7.0,0,30.927999999999997,0.0,0.046875,4.0
ALO,4.0,WET,4.0,7.0,102.916,0,0.0,2022,Monaco,7.0,0,24.44366666666666,0.0,0.0625,4.0
ALO,5.0,WET,5.0,7.0,101.549,0,0.0,2022,Monaco,7.0,0,12.25,0.0,0.078125,4.0
ALO,6.0,WET,6.0,7.0,100.29,0,0.0,2022,Monaco,7.0,0,10.144,0.0,0.09375,4.0
ALO,7.0,WET,7.0,7.0,99.052,0,0.0,2022,Monaco,7.0,0,8.856000000000003,0.0,0.109375,4.0
ALO,8.0,WET,8.0,7.0,99.213,0,0.0,2022,Monaco,7.0,0,8.077333333333334,0.0,0.125,4.0
ALO,9.0,WET,9.0,7.0,98.678,0,0.0,2022,Monaco,7.0,0,7.5399999999999965,0.0,0.140625,4.0
ALO,10.0,WET,10.0,7.0,97.601,0,0.0,2022,Monaco,7.0,0,7.056333333333328,0.0,0.15625,4.0
ALO,11.0,WET,11.0,7.0,97.206,0,0.0,2022,Monaco,7.0,0,6.387333333333331,0.0,0.171875,4.0
ALO,12.0,WET,12.0,7.0,95.884,0,0.0,2022,Monaco,7.0,0,5.455999999999999,0.0,0.1875,4.0
ALO,13.0,WET,13.0,7.0,95.158,0,0.0,2022,Monaco,7.0,0,4.641666666666666,0.0,0.203125,4.0
ALO,14.0,WET,14.0,7.0,94.137,0,0.0,2022,Monaco,7.0,0,3.6186666666666647,0.0,0.21875,4.0
ALO,15.0,WET,15.0,7.0,93.484,0,0.0,2022,Monaco,7.0,0,2.818666666666663,0.0,0.234375,4.0
ALO,16.0,WET,16.0,7.0,94.171,0,0.0,2022,Monaco,7.0,0,2.4896666666666647,0.0,0.25,4.0
ALO,17.0,WET,17.0,6.0,93.349,0,0.0,2022,Monaco,7.0,0,2.226999999999999,-0.2,0.265625,4.0
ALO,18.0,WET,18.0,6.0,92.356,0,0.0,2022,Monaco,7.0,0,1.850999999999999,-0.2,0.28125,4.0
ALO,19.0,WET,19.0,6.0,92.069,0,0.0,2022,Monaco,7.0,0,1.1503333333333312,-0.2,0.296875,4.0
ALO,20.0,WET,20.0,6.0,91.441,0,0.0,2022,Monaco,7.0,0,0.5143333333333308,-0.2,0.3125,4.0
ALO,21.0,WET,21.0,7.0,109.636,1,0.0,2022,Monaco,7.0,1,11.460666666666663,0.0,0.328125,4.0
ALO,22.0,HARD,21.0,7.0,93.462,0,0.0,2022,Monaco,7.0,1,17.11133333333333,0.2,0.34375,2.0
ALO,23.0,HARD,21.0,7.0,88.168,0,0.0,2022,Monaco,7.0,1,21.206666666666663,0.2,0.359375,2.0
ALO,24.0,HARD,21.0,7.0,86.044,0,0.0,2022,Monaco,7.0,1,13.342666666666664,0.2,0.375,2.0
ALO,25.0,HARD,21.0,7.0,84.807,0,0.0,2022,Monaco,7.0,1,10.457666666666663,0.2,0.390625,2.0
ALO,26.0,HARD,21.0,7.0,95.981,0,0.0,2022,Monaco,7.0,1,13.061999999999992,0.0,0.40625,2.0
ALO,27.0,HARD,21.0,7.0,116.309,0,0.0,2022,Monaco,7.0,1,23.150333333333325,0.0,0.421875,2.0
ALO,28.0,HARD,21.0,7.0,115.588,0,0.0,2022,Monaco,7.0,1,33.41066666666666,0.0,0.4375,2.0
ALO,29.0,HARD,21.0,7.0,109.581,0,0.0,2022,Monaco,7.0,1,37.943999999999996,0.0,0.453125,2.0
ALO,31.0,MEDIUM,1.0,7.0,140.85,0,0.0,2022,Monaco,7.0,1,46.12433333333333,0.0,0.484375,1.0
ALO,32.0,MEDIUM,2.0,7.0,116.128,0,0.0,2022,Monaco,7.0,1,46.304333333333325,0.0,0.5,1.0
ALO,33.0,MEDIUM,3.0,7.0,84.805,0,0.0,2022,Monaco,7.0,1,38.04566666666666,0.0,0.515625,1.0
ALO,34.0,MEDIUM,4.0,7.0,82.897,0,0.0,2022,Monaco,7.0,1,18.727999999999998,0.0,0.53125,1.0
ALO,35.0,MEDIUM,5.0,7.0,82.751,0,0.0,2022,Monaco,7.0,1,7.602333333333334,0.0,0.546875,1.0
ALO,36.0,MEDIUM,6.0,7.0,82.259,0,0.0,2022,Monaco,7.0,1,6.753666666666665,0.0,0.5625,1.0
ALO,37.0,MEDIUM,7.0,7.0,81.752,0,0.0,2022,Monaco,7.0,1,6.3719999999999954,0.0,0.578125,1.0
ALO,38.0,MEDIUM,8.0,7.0,81.452,0,0.0,2022,Monaco,7.0,1,5.938999999999993,0.0,0.59375,1.0
ALO,39.0,MEDIUM,9.0,7.0,80.332,0,0.0,2022,Monaco,7.0,1,5.296666666666657,0.0,0.609375,1.0
ALO,40.0,MEDIUM,10.0,7.0,79.709,0,0.0,2022,Monaco,7.0,1,4.61566666666666,0.0,0.625,1.0
ALO,41.0,MEDIUM,11.0,7.0,80.009,0,0.0,2022,Monaco,7.0,1,4.134666666666661,0.0,0.640625,1.0
ALO,42.0,MEDIUM,12.0,7.0,80.075,0,0.0,2022,Monaco,7.0,1,4.048999999999997,0.0,0.65625,1.0
ALO,43.0,MEDIUM,13.0,7.0,79.76,0,0.0,2022,Monaco,7.0,1,4.065999999999998,0.0,0.671875,1.0
ALO,44.0,MEDIUM,14.0,7.0,79.373,0,0.0,2022,Monaco,7.0,1,3.853999999999999,0.0,0.6875,1.0
ALO,45.0,MEDIUM,15.0,7.0,79.046,0,0.0,2022,Monaco,7.0,1,3.5110000000000006,0.0,0.703125,1.0
ALO,46.0,MEDIUM,16.0,7.0,78.73,0,0.0,2022,Monaco,7.0,1,3.167666666666667,0.0,0.71875,1.0
ALO,47.0,MEDIUM,17.0,7.0,78.501,0,0.0,2022,Monaco,7.0,1,2.8770000000000002,0.0,0.734375,1.0
ALO,48.0,MEDIUM,18.0,7.0,78.623,0,0.0,2022,Monaco,7.0,1,2.7359999999999993,0.0,0.75,1.0
ALO,49.0,MEDIUM,19.0,7.0,77.542,0,0.0,2022,Monaco,7.0,1,2.3399999999999985,0.0,0.765625,1.0
ALO,50.0,MEDIUM,20.0,7.0,75.882,0,0.0,2022,Monaco,7.0,1,1.4669999999999987,0.0,0.78125,1.0
ALO,51.0,MEDIUM,21.0,7.0,78.634,0,0.0,2022,Monaco,7.0,1,1.470666666666664,0.0,0.796875,1.0
ALO,52.0,MEDIUM,22.0,7.0,78.812,0,0.0,2022,Monaco,7.0,1,1.893999999999996,0.0,0.8125,1.0
ALO,53.0,MEDIUM,23.0,7.0,78.911,0,0.0,2022,Monaco,7.0,1,2.9036666666666613,0.0,0.828125,1.0
ALO,54.0,MEDIUM,24.0,7.0,77.135,0,0.0,2022,Monaco,7.0,1,2.4039999999999964,0.0,0.84375,1.0
ALO,55.0,MEDIUM,25.0,7.0,77.324,0,0.0,2022,Monaco,7.0,1,1.9079999999999966,0.0,0.859375,1.0
ALO,56.0,MEDIUM,26.0,7.0,77.799,0,0.0,2022,Monaco,7.0,1,1.5373333333333317,0.0,0.875,1.0
ALO,57.0,MEDIUM,27.0,7.0,78.792,0,0.0,2022,Monaco,7.0,1,2.089666666666664,0.0,0.890625,1.0
ALO,58.0,MEDIUM,28.0,7.0,78.53,0,0.0,2022,Monaco,7.0,1,2.491666666666665,0.0,0.90625,1.0
ALO,59.0,MEDIUM,29.0,7.0,75.944,0,0.0,2022,Monaco,7.0,1,1.8733333333333302,0.0,0.921875,1.0
ALO,60.0,MEDIUM,30.0,7.0,77.772,0,0.0,2022,Monaco,7.0,1,1.5333333333333314,0.0,0.9375,1.0
ALO,61.0,MEDIUM,31.0,7.0,77.698,0,0.0,2022,Monaco,7.0,1,1.2559999999999956,0.0,0.953125,1.0
ALO,62.0,MEDIUM,32.0,7.0,77.473,0,0.0,2022,Monaco,7.0,1,1.765666666666661,0.0,0.96875,1.0
ALO,63.0,MEDIUM,33.0,7.0,79.209,0,0.0,2022,Monaco,7.0,1,2.24466666666666,0.0,0.984375,1.0
ALO,64.0,MEDIUM,34.0,7.0,79.654,0,0.0,2022,Monaco,7.0,1,2.896666666666661,0.0,1.0,1.0
BOT,3.0,WET,3.0,12.0,109.266,0,0.0,2022,Monaco,10.0,0,28.6175,0.0,0.046875,4.0
BOT,4.0,WET,4.0,12.0,105.433,0,0.0,2022,Monaco,10.0,0,23.312,0.0,0.0625,4.0
BOT,5.0,WET,5.0,12.0,103.769,0,0.0,2022,Monaco,10.0,0,13.424000000000007,0.0,0.078125,4.0
BOT,6.0,WET,6.0,10.0,104.176,0,0.0,2022,Monaco,10.0,0,11.72733333333334,-0.5,0.09375,4.0
BOT,7.0,WET,7.0,10.0,100.501,0,0.0,2022,Monaco,10.0,0,10.083333333333337,-0.4,0.109375,4.0
BOT,8.0,WET,8.0,10.0,99.476,0,0.0,2022,Monaco,10.0,0,8.652333333333337,-0.4,0.125,4.0
BOT,9.0,WET,9.0,10.0,99.635,0,0.0,2022,Monaco,10.0,0,7.13866666666667,-0.4,0.140625,4.0
BOT,10.0,WET,10.0,10.0,98.943,0,0.0,2022,Monaco,10.0,0,6.619333333333334,-0.4,0.15625,4.0
BOT,11.0,WET,11.0,10.0,98.841,0,0.0,2022,Monaco,10.0,0,6.407666666666667,0.0,0.171875,4.0
BOT,12.0,WET,12.0,10.0,98.123,0,0.0,2022,Monaco,10.0,0,5.903666666666666,0.0,0.1875,4.0
BOT,13.0,WET,13.0,10.0,97.268,0,0.0,2022,Monaco,10.0,0,5.3453333333333335,0.0,0.203125,4.0
BOT,14.0,WET,14.0,10.0,95.836,0,0.0,2022,Monaco,10.0,0,4.343666666666668,0.0,0.21875,4.0
BOT,15.0,WET,15.0,10.0,95.23,0,0.0,2022,Monaco,10.0,0,3.379333333333335,0.0,0.234375,4.0
BOT,16.0,WET,16.0,10.0,95.037,0,0.0,2022,Monaco,10.0,0,2.6356666666666704,0.0,0.25,4.0
BOT,17.0,WET,17.0,10.0,94.451,0,0.0,2022,Monaco,10.0,0,2.1740000000000017,0.0,0.265625,4.0
BOT,18.0,WET,18.0,10.0,94.208,0,0.0,2022,Monaco,10.0,0,1.8333333333333333,0.0,0.28125,4.0
BOT,19.0,WET,19.0,10.0,92.732,0,0.0,2022,Monaco,10.0,0,1.0649999999999977,0.0,0.296875,4.0
BOT,20.0,WET,20.0,14.0,109.539,1,0.0,2022,Monaco,10.0,1,11.138333333333335,0.8,0.3125,4.0
BOT,21.0,HARD,20.0,13.0,95.899,0,0.0,2022,Monaco,10.0,1,16.746000000000006,0.6,0.328125,2.0
BOT,22.0,HARD,20.0,12.0,89.113,0,0.0,2022,Monaco,10.0,1,20.583666666666673,0.4,0.34375,2.0
BOT,23.0,HARD,20.0,11.0,87.4,0,0.0,2022,Monaco,10.0,1,13.204000000000008,0.2,0.359375,2.0
BOT,24.0,HARD,20.0,10.0,85.597,0,0.0,2022,Monaco,10.0,1,9.770000000000005,0.0,0.375,2.0
BOT,25.0,HARD,20.0,10.0,84.056,0,0.0,2022,Monaco,10.0,1,8.084333333333339,-0.8,0.390625,2.0
BOT,26.0,HARD,20.0,10.0,110.905,0,0.0,2022,Monaco,10.0,1,15.919333333333336,-0.6,0.40625,2.0
BOT,27.0,HARD,20.0,10.0,114.094,0,0.0,2022,Monaco,10.0,1,25.418333333333337,-0.4,0.421875,2.0
BOT,28.0,HARD,20.0,10.0,112.511,0,0.0,2022,Monaco,10.0,1,34.903333333333336,-0.2,0.4375,2.0
BOT,29.0,HARD,20.0,10.0,95.895,0,0.0,2022,Monaco,10.0,1,29.900000000000002,0.0,0.453125,2.0
BOT,31.0,HARD,11.0,10.0,135.332,0,0.0,2022,Monaco,10.0,1,36.97933333333334,0.0,0.484375,2.0
BOT,32.0,HARD,12.0,10.0,113.705,0,0.0,2022,Monaco,10.0,1,37.37733333333333,0.0,0.5,2.0
BOT,33.0,HARD,13.0,10.0,85.003,0,0.0,2022,Monaco,10.0,1,33.74666666666667,0.0,0.515625,2.0
BOT,34.0,HARD,14.0,10.0,82.896,0,0.0,2022,Monaco,10.0,1,16.268000000000004,0.0,0.53125,2.0
BOT,35.0,HARD,15.0,10.0,82.314,0,0.0,2022,Monaco,10.0,1,5.804333333333337,0.0,0.546875,2.0
BOT,36.0,HARD,16.0,10.0,82.169,0,0.0,2022,Monaco,10.0,1,4.859666666666669,0.0,0.5625,2.0
BOT,37.0,HARD,17.0,10.0,81.903,0,0.0,2022,Monaco,10.0,1,4.528666666666671,0.0,0.578125,2.0
BOT,38.0,HARD,18.0,10.0,81.132,0,0.0,2022,Monaco,10.0,1,4.134666666666675,0.0,0.59375,2.0
BOT,39.0,HARD,19.0,10.0,80.778,0,0.0,2022,Monaco,10.0,1,3.6710000000000114,0.0,0.609375,2.0
BOT,40.0,HARD,20.0,10.0,79.779,0,0.0,2022,Monaco,10.0,1,2.963000000000008,0.0,0.625,2.0
BOT,41.0,HARD,21.0,10.0,79.856,0,0.0,2022,Monaco,10.0,1,2.5376666666666714,0.0,0.640625,2.0
BOT,42.0,HARD,22.0,10.0,80.037,0,0.0,2022,Monaco,10.0,1,2.2906666666666715,0.0,0.65625,2.0
BOT,43.0,HARD,23.0,10.0,79.545,0,0.0,2022,Monaco,10.0,1,2.212666666666673,0.0,0.671875,2.0
BOT,44.0,HARD,24.0,10.0,79.573,0,0.0,2022,Monaco,10.0,1,2.1183333333333394,0.0,0.6875,2.0
BOT,45.0,HARD,25.0,10.0,79.52,0,0.0,2022,Monaco,10.0,1,1.9460000000000026,0.0,0.703125,2.0
BOT,46.0,HARD,26.0,10.0,78.818,0,0.0,2022,Monaco,10.0,1,1.703666666666668,0.0,0.71875,2.0
BOT,47.0,HARD,27.0,10.0,78.419,0,0.0,2022,Monaco,10.0,1,1.3190000000000026,0.0,0.734375,2.0
BOT,48.0,HARD,28.0,10.0,78.432,0,0.0,2022,Monaco,10.0,1,0.956333333333338,0.0,0.75,2.0
BOT,49.0,HARD,29.0,10.0,78.615,0,0.0,2022,Monaco,10.0,1,0.8886666666666704,0.0,0.765625,2.0
BOT,50.0,HARD,30.0,10.0,78.709,0,0.0,2022,Monaco,10.0,1,0.9853333333333391,0.0,0.78125,2.0
BOT,51.0,HARD,31.0,10.0,78.117,0,0.0,2022,Monaco,10.0,1,0.8803333333333399,0.0,0.796875,2.0
BOT,52.0,HARD,32.0,10.0,77.993,0,0.0,2022,Monaco,10.0,1,0.6730000000000066,0.0,0.8125,2.0
BOT,53.0,HARD,33.0,10.0,77.865,0,0.0,2022,Monaco,10.0,1,0.39166666666667044,0.0,0.828125,2.0
BOT,54.0,HARD,34.0,10.0,77.688,0,0.0,2022,Monaco,10.0,1,0.24866666666666978,0.0,0.84375,2.0
BOT,55.0,HARD,35.0,10.0,78.061,0,0.0,2022,Monaco,10.0,1,0.2713333333333405,0.0,0.859375,2.0
BOT,56.0,HARD,36.0,10.0,78.037,0,0.0,2022,Monaco,10.0,1,0.32866666666667754,0.0,0.875,2.0
BOT,57.0,HARD,37.0,10.0,77.6,0,0.0,2022,Monaco,10.0,1,0.2993333333333415,0.0,0.890625,2.0
BOT,58.0,HARD,38.0,10.0,78.069,0,0.0,2022,Monaco,10.0,1,0.3020000000000067,0.0,0.90625,2.0
BOT,59.0,HARD,39.0,10.0,78.196,0,0.0,2022,Monaco,10.0,1,0.355000000000004,0.0,0.921875,2.0
BOT,60.0,HARD,40.0,10.0,77.749,0,0.0,2022,Monaco,10.0,1,0.40466666666667095,0.0,0.9375,2.0
BOT,61.0,HARD,41.0,10.0,77.891,0,0.0,2022,Monaco,10.0,1,0.34533333333333854,0.0,0.953125,2.0
BOT,62.0,HARD,42.0,10.0,78.428,0,0.0,2022,Monaco,10.0,1,0.42266666666667163,0.0,0.96875,2.0
BOT,63.0,HARD,43.0,10.0,78.411,0,0.0,2022,Monaco,10.0,1,0.6433333333333403,0.0,0.984375,2.0
BOT,64.0,HARD,44.0,10.0,78.275,0,0.0,2022,Monaco,10.0,1,0.7713333333333404,0.0,1.0,2.0
GAS,4.0,INTERMEDIATE,3.0,18.0,102.417,0,0.0,2022,Monaco,12.0,0,11.954499999999996,0.0,0.0625,3.0
GAS,5.0,INTERMEDIATE,4.0,17.0,99.431,0,0.0,2022,Monaco,12.0,0,10.696333333333328,-0.5,0.078125,3.0
GAS,6.0,INTERMEDIATE,5.0,15.0,98.346,0,0.0,2022,Monaco,12.0,0,8.813666666666663,-1.0,0.09375,3.0
GAS,7.0,INTERMEDIATE,6.0,15.0,97.686,0,0.0,2022,Monaco,12.0,0,7.236666666666665,-0.75,0.109375,3.0
GAS,8.0,INTERMEDIATE,7.0,15.0,98.733,0,0.0,2022,Monaco,12.0,0,7.0040000000000004,-0.6,0.125,3.0
GAS,9.0,INTERMEDIATE,8.0,15.0,98.489,0,0.0,2022,Monaco,12.0,0,7.051666666666667,-0.6,0.140625,3.0
GAS,10.0,INTERMEDIATE,9.0,15.0,99.615,0,0.0,2022,Monaco,12.0,0,7.694666666666663,-0.4,0.15625,3.0
GAS,11.0,INTERMEDIATE,10.0,14.0,98.408,0,0.0,2022,Monaco,12.0,0,7.586333333333329,-0.2,0.171875,3.0
GAS,12.0,INTERMEDIATE,11.0,13.0,98.79,0,0.0,2022,Monaco,12.0,0,7.686666666666663,-0.4,0.1875,3.0
GAS,13.0,INTERMEDIATE,12.0,12.0,96.803,0,0.0,2022,Monaco,12.0,0,6.74933333333333,-0.6,0.203125,3.0
GAS,14.0,INTERMEDIATE,13.0,12.0,91.251,0,0.0,2022,Monaco,12.0,0,4.363666666666664,-0.6,0.21875,3.0
GAS,15.0,INTERMEDIATE,14.0,12.0,92.928,0,0.0,2022,Monaco,12.0,0,2.4096666666666615,-0.6,0.234375,3.0
GAS,16.0,INTERMEDIATE,15.0,12.0,95.031,0,0.0,2022,Monaco,12.0,0,1.818999999999998,-0.4,0.25,3.0
GAS,17.0,INTERMEDIATE,16.0,12.0,95.185,0,0.0,2022,Monaco,12.0,0,3.1303333333333305,-0.2,0.265625,3.0
GAS,18.0,INTERMEDIATE,17.0,12.0,93.628,0,0.0,2022,Monaco,12.0,0,3.363666666666665,0.0,0.28125,3.0
GAS,19.0,INTERMEDIATE,18.0,11.0,93.413,0,0.0,2022,Monaco,12.0,0,2.8243333333333283,-0.2,0.296875,3.0
GAS,20.0,INTERMEDIATE,19.0,11.0,92.164,0,0.0,2022,Monaco,12.0,0,1.817333333333328,-0.2,0.3125,3.0
GAS,21.0,INTERMEDIATE,20.0,10.0,92.326,0,0.0,2022,Monaco,12.0,0,1.3833333333333258,-0.4,0.328125,3.0
GAS,22.0,INTERMEDIATE,21.0,13.0,113.986,1,0.0,2022,Monaco,12.0,1,12.876666666666665,0.2,0.34375,3.0
GAS,23.0,HARD,21.0,13.0,92.315,0,0.0,2022,Monaco,12.0,1,17.56266666666667,0.2,0.359375,2.0
GAS,24.0,HARD,21.0,12.0,84.537,0,0.0,2022,Monaco,12.0,1,19.602000000000007,0.2,0.375,2.0
GAS,25.0,HARD,21.0,12.0,82.886,0,0.0,2022,Monaco,12.0,1,9.235333333333339,0.2,0.390625,2.0
GAS,26.0,HARD,21.0,12.0,112.949,0,0.0,2022,Monaco,12.0,1,16.11333333333334,0.4,0.40625,2.0
GAS,27.0,HARD,21.0,12.0,113.66,0,0.0,2022,Monaco,12.0,1,25.821,-0.2,0.421875,2.0
GAS,28.0,HARD,21.0,12.0,116.331,0,0.0,2022,Monaco,12.0,1,36.96933333333334,-0.2,0.4375,2.0
GAS,29.0,HARD,21.0,12.0,97.816,0,0.0,2022,Monaco,12.0,1,31.925000000000008,0.0,0.453125,2.0
GAS,31.0,HARD,9.0,12.0,133.363,0,0.0,2022,Monaco,12.0,1,38.49266666666667,0.0,0.484375,2.0
GAS,32.0,HARD,10.0,12.0,112.018,0,0.0,2022,Monaco,12.0,1,37.05500000000001,0.0,0.5,2.0
GAS,33.0,HARD,11.0,12.0,85.049,0,0.0,2022,Monaco,12.0,1,32.799333333333344,0.0,0.515625,2.0
GAS,34.0,HARD,12.0,12.0,82.744,0,0.0,2022,Monaco,12.0,1,15.926333333333341,0.0,0.53125,2.0
GAS,35.0,HARD,13.0,12.0,82.421,0,0.0,2022,Monaco,12.0,1,6.060666666666677,0.0,0.546875,2.0
GAS,36.0,HARD,14.0,12.0,82.393,0,0.0,2022,Monaco,12.0,1,5.175333333333342,0.0,0.5625,2.0
GAS,37.0,HARD,15.0,12.0,81.62,0,0.0,2022,Monaco,12.0,1,4.800666666666676,0.0,0.578125,2.0
GAS,38.0,HARD,16.0,12.0,81.656,0,0.0,2022,Monaco,12.0,1,4.545666666666676,0.0,0.59375,2.0
GAS,39.0,HARD,17.0,12.0,80.527,0,0.0,2022,Monaco,12.0,1,3.9236666666666764,0.0,0.609375,2.0
GAS,40.0,HARD,18.0,12.0,80.13,0,0.0,2022,Monaco,12.0,1,3.4270000000000067,0.0,0.625,2.0
GAS,41.0,HARD,19.0,12.0,80.09,0,0.0,2022,Monaco,12.0,1,2.905000000000006,0.0,0.640625,2.0
GAS,42.0,HARD,20.0,12.0,79.773,0,0.0,2022,Monaco,12.0,1,2.653666666666671,0.0,0.65625,2.0
GAS,43.0,HARD,21.0,12.0,79.343,0,0.0,2022,Monaco,12.0,1,2.3913333333333404,0.0,0.671875,2.0
GAS,44.0,HARD,22.0,12.0,79.202,0,0.0,2022,Monaco,12.0,1,2.0953333333333384,0.0,0.6875,2.0
GAS,45.0,HARD,23.0,12.0,79.925,0,0.0,2022,Monaco,12.0,1,2.1460000000000057,0.0,0.703125,2.0
GAS,46.0,HARD,24.0,12.0,79.4,0,0.0,2022,Monaco,12.0,1,2.1650000000000063,0.0,0.71875,2.0
GAS,47.0,HARD,25.0,12.0,79.018,0,0.0,2022,Monaco,12.0,1,2.103666666666674,0.0,0.734375,2.0
GAS,48.0,HARD,26.0,12.0,78.022,0,0.0,2022,Monaco,12.0,1,1.4693333333333432,0.0,0.75,2.0
GAS,49.0,HARD,27.0,12.0,78.315,0,0.0,2022,Monaco,12.0,1,1.107666666666674,0.0,0.765625,2.0
GAS,50.0,HARD,28.0,12.0,78.564,0,0.0,2022,Monaco,12.0,1,0.956333333333338,0.0,0.78125,2.0
GAS,51.0,HARD,29.0,12.0,78.073,0,0.0,2022,Monaco,12.0,1,0.9733333333333339,0.0,0.796875,2.0
GAS,52.0,HARD,30.0,12.0,78.232,0,0.0,2022,Monaco,12.0,1,0.9456666666666678,0.0,0.8125,2.0
GAS,53.0,HARD,31.0,12.0,77.696,0,0.0,2022,Monaco,12.0,1,0.6563333333333361,0.0,0.828125,2.0
GAS,54.0,HARD,32.0,12.0,78.031,0,0.0,2022,Monaco,12.0,1,0.6423333333333403,0.0,0.84375,2.0
GAS,55.0,HARD,33.0,12.0,77.514,0,0.0,2022,Monaco,12.0,1,0.4030000000000058,0.0,0.859375,2.0
GAS,56.0,HARD,34.0,12.0,77.871,0,0.0,2022,Monaco,12.0,1,0.4613333333333382,0.0,0.875,2.0
GAS,57.0,HARD,35.0,12.0,77.997,0,0.0,2022,Monaco,12.0,1,0.45000000000000284,0.0,0.890625,2.0
GAS,58.0,HARD,36.0,12.0,78.092,0,0.0,2022,Monaco,12.0,1,0.6426666666666705,0.0,0.90625,2.0
GAS,59.0,HARD,37.0,12.0,77.966,0,0.0,2022,Monaco,12.0,1,0.6743333333333368,0.0,0.921875,2.0
GAS,60.0,HARD,38.0,12.0,77.582,0,0.0,2022,Monaco,12.0,1,0.5360000000000014,0.0,0.9375,2.0
GAS,61.0,HARD,39.0,12.0,77.344,0,0.0,2022,Monaco,12.0,1,0.28666666666666646,0.0,0.953125,2.0
GAS,62.0,HARD,40.0,12.0,78.122,0,0.0,2022,Monaco,12.0,1,0.33866666666666845,0.0,0.96875,2.0
GAS,63.0,HARD,41.0,12.0,78.478,0,0.0,2022,Monaco,12.0,1,0.6373333333333354,0.0,0.984375,2.0
GAS,64.0,HARD,42.0,12.0,78.151,0,0.0,2022,Monaco,12.0,1,0.9063333333333361,0.0,1.0,2.0
HAM,3.0,WET,3.0,8.0,106.997,0,0.0,2022,Monaco,8.0,0,27.326,0.0,0.046875,4.0
HAM,4.0,WET,4.0,8.0,103.309,0,0.0,2022,Monaco,8.0,0,21.044666666666668,0.0,0.0625,4.0
HAM,5.0,WET,5.0,8.0,101.762,0,0.0,2022,Monaco,8.0,0,9.195666666666668,0.0,0.078125,4.0
HAM,6.0,WET,6.0,8.0,101.114,0,0.0,2022,Monaco,8.0,0,7.234666666666669,0.0,0.09375,4.0
HAM,7.0,WET,7.0,8.0,100.478,0,0.0,2022,Monaco,8.0,0,6.291000000000001,0.0,0.109375,4.0
HAM,8.0,WET,8.0,8.0,99.745,0,0.0,2022,Monaco,8.0,0,5.61866666666667,0.0,0.125,4.0
HAM,9.0,WET,9.0,8.0,97.546,0,0.0,2022,Monaco,8.0,0,4.429333333333337,0.0,0.140625,4.0
HAM,10.0,WET,10.0,8.0,97.38,0,0.0,2022,Monaco,8.0,0,3.3966666666666705,0.0,0.15625,4.0
HAM,11.0,WET,11.0,8.0,96.138,0,0.0,2022,Monaco,8.0,0,2.1943333333333377,0.0,0.171875,4.0
HAM,12.0,WET,12.0,8.0,96.562,0,0.0,2022,Monaco,8.0,0,1.8663333333333345,0.0,0.1875,4.0
HAM,13.0,WET,13.0,8.0,96.75,0,0.0,2022,Monaco,8.0,0,1.656333333333336,0.0,0.203125,4.0
HAM,14.0,WET,14.0,8.0,94.827,0,0.0,2022,Monaco,8.0,0,1.2193333333333338,0.0,0.21875,4.0
HAM,15.0,WET,15.0,9.0,110.385,1,0.0,2022,Monaco,8.0,1,7.354000000000004,0.2,0.234375,4.0
HAM,16.0,INTERMEDIATE,15.0,9.0,92.152,0,0.0,2022,Monaco,8.0,1,7.348333333333339,0.2,0.25,3.0
HAM,17.0,INTERMEDIATE,15.0,9.0,90.246,0,0.0,2022,Monaco,8.0,1,7.348333333333339,0.2,0.265625,3.0
HAM,18.0,INTERMEDIATE,15.0,9.0,94.549,0,0.0,2022,Monaco,8.0,1,2.0696666666666723,0.2,0.28125,3.0
HAM,19.0,INTERMEDIATE,15.0,9.0,92.564,0,0.0,2022,Monaco,8.0,1,2.207000000000003,0.2,0.296875,3.0
HAM,20.0,INTERMEDIATE,15.0,9.0,91.503,0,0.0,2022,Monaco,8.0,1,2.6260000000000048,0.0,0.3125,3.0
HAM,21.0,INTERMEDIATE,15.0,8.0,91.078,0,0.0,2022,Monaco,8.0,1,1.4690000000000036,-0.2,0.328125,3.0
HAM,22.0,INTERMEDIATE,15.0,8.0,105.059,1,0.0,2022,Monaco,8.0,2,9.98166666666667,-0.2,0.34375,3.0
HAM,23.0,HARD,1.0,8.0,89.726,0,0.0,2022,Monaco,8.0,2,13.737,-0.2,0.359375,2.0
HAM,24.0,HARD,2.0,8.0,82.826,0,0.0,2022,Monaco,8.0,2,15.333999999999994,-0.2,0.375,2.0
HAM,25.0,HARD,3.0,8.0,81.987,0,0.0,2022,Monaco,8.0,2,7.643333333333326,-0.2,0.390625,2.0
HAM,26.0,HARD,4.0,8.0,96.12,0,0.0,2022,Monaco,8.0,2,9.774666666666661,0.0,0.40625,2.0
HAM,27.0,HARD,5.0,8.0,116.347,0,0.0,2022,Monaco,8.0,2,20.948333333333327,0.0,0.421875,2.0
HAM,28.0,HARD,6.0,8.0,114.807,0,0.0,2022,Monaco,8.0,2,31.888333333333332,0.0,0.4375,2.0
HAM,29.0,HARD,7.0,8.0,105.367,0,0.0,2022,Monaco,8.0,2,34.970666666666666,0.0,0.453125,2.0
HAM,31.0,MEDIUM,1.0,8.0,138.144,0,0.0,2022,Monaco,8.0,2,42.236333333333334,0.0,0.484375,1.0
HAM,32.0,MEDIUM,2.0,8.0,114.161,0,0.0,2022,Monaco,8.0,2,42.021,0.0,0.5,1.0
HAM,33.0,MEDIUM,3.0,8.0,84.258,0,0.0,2022,Monaco,8.0,2,34.98466666666666,0.0,0.515625,1.0
HAM,34.0,MEDIUM,4.0,8.0,82.828,0,0.0,2022,Monaco,8.0,2,16.545999999999996,0.0,0.53125,1.0
HAM,35.0,MEDIUM,5.0,8.0,82.929,0,0.0,2022,Monaco,8.0,2,6.135333333333331,0.0,0.546875,1.0
HAM,36.0,MEDIUM,6.0,8.0,82.305,0,0.0,2022,Monaco,8.0,2,5.484333333333335,0.0,0.5625,1.0
HAM,37.0,MEDIUM,7.0,8.0,81.74,0,0.0,2022,Monaco,8.0,2,5.121666666666665,0.0,0.578125,1.0
HAM,38.0,MEDIUM,8.0,8.0,81.167,0,0.0,2022,Monaco,8.0,2,4.534333333333332,0.0,0.59375,1.0
HAM,39.0,MEDIUM,9.0,8.0,80.145,0,0.0,2022,Monaco,8.0,2,3.814333333333328,0.0,0.609375,1.0
HAM,40.0,MEDIUM,10.0,8.0,79.943,0,0.0,2022,Monaco,8.0,2,3.2153333333333287,0.0,0.625,1.0
HAM,41.0,MEDIUM,11.0,8.0,80.391,0,0.0,2022,Monaco,8.0,2,2.9566666666666634,0.0,0.640625,1.0
HAM,42.0,MEDIUM,12.0,8.0,80.153,0,0.0,2022,Monaco,8.0,2,2.9593333333333334,0.0,0.65625,1.0
HAM,43.0,MEDIUM,13.0,8.0,79.535,0,0.0,2022,Monaco,8.0,2,2.823333333333333,0.0,0.671875,1.0
HAM,44.0,MEDIUM,14.0,8.0,79.557,0,0.0,2022,Monaco,8.0,2,2.545333333333332,0.0,0.6875,1.0
HAM,45.0,MEDIUM,15.0,8.0,78.99,0,0.0,2022,Monaco,8.0,2,2.1576666666666617,0.0,0.703125,1.0
HAM,46.0,MEDIUM,16.0,8.0,78.647,0,0.0,2022,Monaco,8.0,2,1.8616666666666646,0.0,0.71875,1.0
HAM,47.0,MEDIUM,17.0,8.0,78.534,0,0.0,2022,Monaco,8.0,2,1.520666666666666,0.0,0.734375,1.0
HAM,48.0,MEDIUM,18.0,8.0,78.713,0,0.0,2022,Monaco,8.0,2,1.4283333333333321,0.0,0.75,1.0
HAM,49.0,MEDIUM,19.0,8.0,78.479,0,0.0,2022,Monaco,8.0,2,1.37233333333333,0.0,0.765625,1.0
HAM,50.0,MEDIUM,20.0,8.0,77.21,0,0.0,2022,Monaco,8.0,2,0.9309999999999926,0.0,0.78125,1.0
HAM,51.0,MEDIUM,21.0,8.0,77.203,0,0.0,2022,Monaco,8.0,2,0.42766666666666237,0.0,0.796875,1.0
HAM,52.0,MEDIUM,22.0,8.0,78.479,0,0.0,2022,Monaco,8.0,2,0.42766666666666237,0.0,0.8125,1.0
HAM,53.0,MEDIUM,23.0,8.0,78.525,0,0.0,2022,Monaco,8.0,2,0.8659999999999997,0.0,0.828125,1.0
HAM,54.0,MEDIUM,24.0,8.0,78.472,0,0.0,2022,Monaco,8.0,2,1.2889999999999968,0.0,0.84375,1.0
HAM,55.0,MEDIUM,25.0,8.0,78.416,0,0.0,2022,Monaco,8.0,2,1.267999999999996,0.0,0.859375,1.0
HAM,56.0,MEDIUM,26.0,8.0,78.099,0,0.0,2022,Monaco,8.0,2,1.1259999999999952,0.0,0.875,1.0
HAM,57.0,MEDIUM,27.0,8.0,77.754,0,0.0,2022,Monaco,8.0,2,0.8866666666666655,0.0,0.890625,1.0
HAM,58.0,MEDIUM,28.0,8.0,78.025,0,0.0,2022,Monaco,8.0,2,0.7563333333333352,0.0,0.90625,1.0
HAM,59.0,MEDIUM,29.0,8.0,77.982,0,0.0,2022,Monaco,8.0,2,0.7173333333333337,0.0,0.921875,1.0
HAM,60.0,MEDIUM,30.0,8.0,78.147,0,0.0,2022,Monaco,8.0,2,0.8483333333333339,0.0,0.9375,1.0
HAM,61.0,MEDIUM,31.0,8.0,78.123,0,0.0,2022,Monaco,8.0,2,0.8810000000000002,0.0,0.953125,1.0
HAM,62.0,MEDIUM,32.0,8.0,78.309,0,0.0,2022,Monaco,8.0,2,0.9899999999999997,0.0,0.96875,1.0
HAM,63.0,MEDIUM,33.0,8.0,78.078,0,0.0,2022,Monaco,8.0,2,0.9669999999999987,0.0,0.984375,1.0
HAM,64.0,MEDIUM,34.0,8.0,78.927,0,0.0,2022,Monaco,8.0,2,1.2349999999999994,0.0,1.0,1.0
LAT,3.0,HARD,1.0,20.0,105.134,0,0.0,2022,Monaco,15.0,1,24.305,0.0,0.046875,2.0
LAT,4.0,HARD,2.0,20.0,104.039,0,0.0,2022,Monaco,15.0,1,19.892666666666667,0.0,0.0625,2.0
LAT,5.0,HARD,3.0,20.0,100.616,0,0.0,2022,Monaco,15.0,1,10.291999999999996,0.0,0.078125,2.0
LAT,6.0,HARD,4.0,20.0,99.637,0,0.0,2022,Monaco,15.0,1,8.459666666666664,0.0,0.09375,2.0
LAT,7.0,HARD,5.0,20.0,99.51,0,0.0,2022,Monaco,15.0,1,6.949999999999998,0.0,0.109375,2.0
LAT,8.0,HARD,6.0,20.0,97.724,0,0.0,2022,Monaco,15.0,1,5.986,0.0,0.125,2.0
LAT,9.0,HARD,7.0,20.0,97.213,0,0.0,2022,Monaco,15.0,1,5.177999999999997,0.0,0.140625,2.0
LAT,10.0,HARD,8.0,20.0,104.874,0,0.0,2022,Monaco,15.0,1,6.965999999999994,0.0,0.15625,2.0
LAT,11.0,HARD,9.0,20.0,97.432,0,0.0,2022,Monaco,15.0,1,6.86866666666666,0.0,0.171875,2.0
LAT,12.0,HARD,10.0,20.0,95.502,0,0.0,2022,Monaco,15.0,1,6.298333333333328,0.0,0.1875,2.0
LAT,13.0,HARD,11.0,20.0,94.75,0,0.0,2022,Monaco,15.0,1,2.923666666666662,0.0,0.203125,2.0
LAT,14.0,HARD,12.0,20.0,93.9,0,0.0,2022,Monaco,15.0,1,1.74633333333333,0.0,0.21875,2.0
LAT,15.0,HARD,13.0,20.0,93.195,0,0.0,2022,Monaco,15.0,1,0.9773333333333293,0.0,0.234375,2.0
LAT,16.0,HARD,14.0,20.0,92.971,0,0.0,2022,Monaco,15.0,1,0.38433333333333053,0.0,0.25,2.0
LAT,17.0,HARD,15.0,19.0,93.177,0,0.0,2022,Monaco,15.0,1,0.14333333333333087,-0.2,0.265625,2.0
LAT,18.0,HARD,16.0,18.0,93.414,0,0.0,2022,Monaco,15.0,1,0.21633333333333363,-0.4,0.28125,2.0
LAT,19.0,HARD,17.0,19.0,113.355,1,0.0,2022,Monaco,15.0,2,11.808333333333337,-0.2,0.296875,2.0
LAT,20.0,HARD,18.0,20.0,100.1,0,0.0,2022,Monaco,15.0,2,18.913333333333338,0.0,0.3125,2.0
LAT,21.0,HARD,19.0,19.0,99.08,0,0.0,2022,Monaco,15.0,2,25.599333333333337,-0.2,0.328125,2.0
LAT,22.0,HARD,20.0,18.0,92.702,0,0.0,2022,Monaco,15.0,2,18.715000000000003,-0.2,0.34375,2.0
LAT,23.0,MEDIUM,20.0,18.0,93.421,0,0.0,2022,Monaco,15.0,2,16.488666666666674,0.0,0.359375,1.0
LAT,24.0,MEDIUM,20.0,18.0,87.618,0,0.0,2022,Monaco,15.0,2,12.668000000000006,-0.2,0.375,1.0
LAT,25.0,MEDIUM,20.0,17.0,97.673,0,0.0,2022,Monaco,15.0,2,14.325000000000008,-0.6,0.390625,1.0
LAT,26.0,MEDIUM,20.0,17.0,114.972,0,0.0,2022,Monaco,15.0,2,21.50866666666667,-0.4,0.40625,1.0
LAT,27.0,MEDIUM,20.0,17.0,114.034,0,0.0,2022,Monaco,15.0,2,30.314000000000007,-0.2,0.421875,1.0
LAT,28.0,MEDIUM,20.0,17.0,113.471,0,0.0,2022,Monaco,15.0,2,35.580000000000005,-0.2,0.4375,1.0
LAT,30.0,MEDIUM,20.0,17.0,103.0,0,0.0,2022,Monaco,15.0,2,31.589333333333343,-0.2,0.46875,1.0
LAT,31.0,MEDIUM,20.0,17.0,91.777,0,0.0,2022,Monaco,15.0,2,24.170333333333343,0.0,0.484375,1.0
LAT,32.0,MEDIUM,20.0,17.0,84.087,0,0.0,2022,Monaco,15.0,2,14.375666666666675,0.0,0.5,1.0
LAT,33.0,MEDIUM,20.0,17.0,83.573,0,0.0,2022,Monaco,15.0,2,7.900000000000006,0.0,0.515625,1.0
LAT,34.0,MEDIUM,20.0,17.0,82.935,0,0.0,2022,Monaco,15.0,2,4.952666666666673,0.0,0.53125,1.0
LAT,35.0,MEDIUM,20.0,17.0,81.39,0,0.0,2022,Monaco,15.0,2,4.053666666666672,0.0,0.546875,1.0
LAT,36.0,MEDIUM,20.0,17.0,80.097,0,0.0,2022,Monaco,15.0,2,2.8950000000000053,0.0,0.5625,1.0
LAT,37.0,MEDIUM,20.0,17.0,80.665,0,0.0,2022,Monaco,15.0,2,2.1383333333333403,0.0,0.578125,1.0
LAT,38.0,MEDIUM,20.0,17.0,80.281,0,0.0,2022,Monaco,15.0,2,1.7686666666666753,0.0,0.59375,1.0
LAT,39.0,MEDIUM,20.0,17.0,80.374,0,0.0,2022,Monaco,15.0,2,1.8610000000000089,0.0,0.609375,1.0
LAT,40.0,MEDIUM,20.0,17.0,80.262,0,0.0,2022,Monaco,15.0,2,1.7266666666666737,0.0,0.625,1.0
LAT,41.0,MEDIUM,20.0,17.0,79.827,0,0.0,2022,Monaco,15.0,2,1.5753333333333377,0.0,0.640625,1.0
LAT,42.0,MEDIUM,20.0,17.0,79.289,0,0.0,2022,Monaco,15.0,2,1.213666666666673,0.0,0.65625,1.0
LAT,43.0,MEDIUM,20.0,17.0,78.579,0,0.0,2022,Monaco,15.0,2,0.6526666666666708,0.0,0.671875,1.0
LAT,44.0,MEDIUM,20.0,17.0,78.846,0,0.0,2022,Monaco,15.0,2,0.3256666666666727,0.0,0.6875,1.0
LAT,45.0,MEDIUM,20.0,17.0,79.143,0,0.0,2022,Monaco,15.0,2,0.27700000000000574,0.0,0.703125,1.0
LAT,46.0,MEDIUM,20.0,17.0,80.117,0,0.0,2022,Monaco,15.0,2,0.7896666666666761,0.0,0.71875,1.0
LAT,47.0,MEDIUM,20.0,17.0,79.089,0,0.0,2022,Monaco,15.0,2,0.8706666666666744,0.0,0.734375,1.0
LAT,48.0,MEDIUM,20.0,17.0,79.675,0,0.0,2022,Monaco,15.0,2,1.0480000000000065,0.0,0.75,1.0
LAT,49.0,MEDIUM,20.0,16.0,81.748,0,0.0,2022,Monaco,15.0,2,1.5916666666666732,-0.2,0.765625,1.0
LAT,50.0,MEDIUM,20.0,16.0,78.87,0,0.0,2022,Monaco,15.0,2,1.5186666666666753,-0.2,0.78125,1.0
LAT,51.0,MEDIUM,20.0,16.0,78.779,0,0.0,2022,Monaco,15.0,2,1.2200000000000084,-0.2,0.796875,1.0
LAT,52.0,MEDIUM,20.0,16.0,78.73,0,0.0,2022,Monaco,15.0,2,0.2140000000000081,-0.2,0.8125,1.0
LAT,53.0,MEDIUM,20.0,16.0,79.169,0,0.0,2022,Monaco,15.0,2,0.31366666666667226,-0.2,0.828125,1.0
LAT,54.0,MEDIUM,20.0,16.0,79.06,0,0.0,2022,Monaco,15.0,2,0.4073333333333409,0.0,0.84375,1.0
LAT,55.0,MEDIUM,20.0,16.0,79.453,0,0.0,2022,Monaco,15.0,2,0.6483333333333405,0.0,0.859375,1.0
LAT,56.0,MEDIUM,20.0,15.0,79.681,0,0.0,2022,Monaco,15.0,2,0.8190000000000074,-0.2,0.875,1.0
LAT,57.0,MEDIUM,20.0,15.0,79.288,0,0.0,2022,Monaco,15.0,2,0.8950000000000055,-0.2,0.890625,1.0
LAT,58.0,MEDIUM,20.0,15.0,79.446,0,0.0,2022,Monaco,15.0,2,0.8926666666666705,-0.2,0.90625,1.0
LAT,59.0,MEDIUM,20.0,15.0,79.024,0,0.0,2022,Monaco,15.0,2,0.6736666666666716,-0.2,0.921875,1.0
LAT,60.0,MEDIUM,20.0,15.0,80.867,0,0.0,2022,Monaco,15.0,2,1.2000000000000075,-0.2,0.9375,1.0
LAT,61.0,MEDIUM,20.0,15.0,84.442,0,0.0,2022,Monaco,15.0,2,2.8653333333333393,0.0,0.953125,1.0
LAT,62.0,MEDIUM,20.0,15.0,79.629,0,0.0,2022,Monaco,15.0,2,3.0670000000000073,0.0,0.96875,1.0
LAT,63.0,MEDIUM,20.0,15.0,79.479,0,0.0,2022,Monaco,15.0,2,2.6043333333333387,0.0,0.984375,1.0
LEC,3.0,WET,3.0,1.0,103.218,0,0.0,2022,Monaco,4.0,0,32.608500000000014,0.0,0.046875,4.0
LEC,4.0,WET,4.0,1.0,101.885,0,0.0,2022,Monaco,4.0,0,25.20400000000001,0.0,0.0625,4.0
LEC,5.0,WET,5.0,1.0,99.679,0,0.0,2022,Monaco,4.0,0,10.104000000000008,0.0,0.078125,4.0
LEC,6.0,WET,6.0,1.0,98.046,0,0.0,2022,Monaco,4.0,0,8.38000000000001,0.0,0.09375,4.0
LEC,7.0,WET,7.0,1.0,97.181,0,0.0,2022,Monaco,4.0,0,6.812000000000007,0.0,0.109375,4.0
LEC,8.0,WET,8.0,1.0,97.426,0,0.0,2022,Monaco,4.0,0,6.061000000000007,0.0,0.125,4.0
LEC,9.0,WET,9.0,1.0,96.588,0,0.0,2022,Monaco,4.0,0,5.575000000000003,0.0,0.140625,4.0
LEC,10.0,WET,10.0,1.0,96.299,0,0.0,2022,Monaco,4.0,0,5.281000000000006,0.0,0.15625,4.0
LEC,11.0,WET,11.0,1.0,95.323,0,0.0,2022,Monaco,4.0,0,4.580000000000003,0.0,0.171875,4.0
LEC,12.0,WET,12.0,1.0,95.077,0,0.0,2022,Monaco,4.0,0,4.076333333333338,0.0,0.1875,4.0
LEC,13.0,WET,13.0,1.0,93.665,0,0.0,2022,Monaco,4.0,0,3.1983333333333377,0.0,0.203125,4.0
LEC,14.0,WET,14.0,1.0,93.314,0,0.0,2022,Monaco,4.0,0,2.528666666666671,0.0,0.21875,4.0
LEC,15.0,WET,15.0,1.0,92.098,0,0.0,2022,Monaco,4.0,0,1.5356666666666712,0.0,0.234375,4.0
LEC,16.0,WET,16.0,1.0,92.133,0,0.0,2022,Monaco,4.0,0,1.025000000000001,0.0,0.25,4.0
LEC,17.0,WET,17.0,1.0,91.49,0,0.0,2022,Monaco,4.0,0,0.4170000000000016,0.0,0.265625,4.0
LEC,18.0,WET,18.0,3.0,110.848,1,0.0,2022,Monaco,4.0,1,7.7783333333333315,0.4,0.28125,4.0
LEC,19.0,INTERMEDIATE,18.0,3.0,90.149,0,0.0,2022,Monaco,4.0,1,8.22833333333333,0.4,0.296875,3.0
LEC,20.0,INTERMEDIATE,18.0,3.0,88.156,0,0.0,2022,Monaco,4.0,1,8.22833333333333,0.4,0.3125,3.0
LEC,21.0,INTERMEDIATE,18.0,4.0,106.56,1,0.0,2022,Monaco,4.0,2,10.768,0.6,0.328125,3.0
LEC,22.0,HARD,1.0,4.0,92.589,0,0.0,2022,Monaco,4.0,2,15.550333333333336,0.6,0.34375,2.0
LEC,23.0,HARD,2.0,4.0,88.779,0,0.0,2022,Monaco,4.0,2,19.727000000000004,0.2,0.359375,2.0
LEC,24.0,HARD,3.0,4.0,84.159,0,0.0,2022,Monaco,4.0,2,12.260000000000005,0.2,0.375,2.0
LEC,25.0,HARD,4.0,4.0,83.136,0,0.0,2022,Monaco,4.0,2,9.109000000000004,0.2,0.390625,2.0
LEC,26.0,HARD,5.0,4.0,82.728,0,0.0,2022,Monaco,4.0,2,7.092000000000003,0.0,0.40625,2.0
LEC,27.0,HARD,6.0,4.0,122.476,0,0.0,2022,Monaco,4.0,2,19.864333333333335,0.0,0.421875,2.0
LEC,28.0,HARD,7.0,4.0,126.941,0,0.0,2022,Monaco,4.0,2,34.466,0.0,0.4375,2.0
LEC,29.0,HARD,8.0,4.0,117.746,0,0.0,2022,Monaco,4.0,2,46.138666666666666,0.0,0.453125,2.0
LEC,32.0,HARD,11.0,4.0,120.7,0,0.0,2022,Monaco,4.0,2,45.546666666666674,0.0,0.5,2.0
LEC,33.0,HARD,12.0,4.0,83.323,0,0.0,2022,Monaco,4.0,2,31.007333333333335,0.0,0.515625,2.0
LEC,34.0,HARD,13.0,4.0,81.669,0,0.0,2022,Monaco,4.0,2,18.98166666666667,0.0,0.53125,2.0
LEC,35.0,HARD,14.0,4.0,79.112,0,0.0,2022,Monaco,4.0,2,5.119,0.0,0.546875,2.0
LEC,36.0,HARD,15.0,4.0,79.394,0,0.0,2022,Monaco,4.0,2,3.809333333333337,0.0,0.5625,2.0
LEC,37.0,HARD,16.0,4.0,78.761,0,0.0,2022,Monaco,4.0,2,2.8400000000000034,0.0,0.578125,2.0
LEC,38.0,HARD,17.0,4.0,77.543,0,0.0,2022,Monaco,4.0,2,2.3170000000000073,0.0,0.59375,2.0
LEC,39.0,HARD,18.0,4.0,76.98,0,0.0,2022,Monaco,4.0,2,1.5123333333333402,0.0,0.609375,2.0
LEC,40.0,HARD,19.0,4.0,77.447,0,0.0,2022,Monaco,4.0,2,1.0743333333333425,0.0,0.625,2.0
LEC,41.0,HARD,20.0,4.0,76.861,0,0.0,2022,Monaco,4.0,2,0.8470000000000084,0.0,0.640625,2.0
LEC,42.0,HARD,21.0,4.0,76.987,0,0.0,2022,Monaco,4.0,2,0.8493333333333387,0.0,0.65625,2.0
LEC,43.0,HARD,22.0,4.0,77.006,0,0.0,2022,Monaco,4.0,2,0.7023333333333378,0.0,0.671875,2.0
LEC,44.0,HARD,23.0,4.0,76.919,0,0.0,2022,Monaco,4.0,2,0.7216666666666688,0.0,0.6875,2.0
LEC,45.0,HARD,24.0,4.0,76.479,0,0.0,2022,Monaco,4.0,2,0.5523333333333369,0.0,0.703125,2.0
LEC,46.0,HARD,25.0,4.0,76.249,0,0.0,2022,Monaco,4.0,2,0.3000000000000019,0.0,0.71875,2.0
LEC,47.0,HARD,26.0,4.0,76.492,0,0.0,2022,Monaco,4.0,2,0.15766666666667106,0.0,0.734375,2.0
LEC,48.0,HARD,27.0,4.0,76.896,0,0.0,2022,Monaco,4.0,2,0.2966666666666716,0.0,0.75,2.0
LEC,49.0,HARD,28.0,4.0,76.489,0,0.0,2022,Monaco,4.0,2,0.37666666666667464,0.0,0.765625,2.0
LEC,50.0,HARD,29.0,4.0,77.522,0,0.0,2022,Monaco,4.0,2,0.7200000000000083,0.0,0.78125,2.0
LEC,51.0,HARD,30.0,4.0,76.773,0,0.0,2022,Monaco,4.0,2,0.6790000000000068,0.0,0.796875,2.0
LEC,52.0,HARD,31.0,4.0,76.811,0,0.0,2022,Monaco,4.0,2,0.786333333333341,0.0,0.8125,2.0
LEC,53.0,HARD,32.0,4.0,77.135,0,0.0,2022,Monaco,4.0,2,0.6573333333333409,0.0,0.828125,2.0
LEC,54.0,HARD,33.0,4.0,77.709,0,0.0,2022,Monaco,4.0,2,0.9693333333333433,0.0,0.84375,2.0
LEC,55.0,HARD,34.0,4.0,77.94,0,0.0,2022,Monaco,4.0,2,1.3456666666666734,0.0,0.859375,2.0
LEC,56.0,HARD,35.0,4.0,78.622,0,0.0,2022,Monaco,4.0,2,1.8413333333333384,0.0,0.875,2.0
LEC,57.0,HARD,36.0,4.0,79.06,0,0.0,2022,Monaco,4.0,2,2.2916666666666714,0.0,0.890625,2.0
LEC,58.0,HARD,37.0,4.0,78.952,0,0.0,2022,Monaco,4.0,2,2.629000000000005,0.0,0.90625,2.0
LEC,59.0,HARD,38.0,4.0,79.024,0,0.0,2022,Monaco,4.0,2,2.7630000000000052,0.0,0.921875,2.0
LEC,60.0,HARD,39.0,4.0,78.678,0,0.0,2022,Monaco,4.0,2,2.6356666666666704,0.0,0.9375,2.0
LEC,61.0,HARD,40.0,4.0,78.832,0,0.0,2022,Monaco,4.0,2,2.5956666666666686,0.0,0.953125,2.0
LEC,62.0,HARD,41.0,4.0,78.539,0,0.0,2022,Monaco,4.0,2,2.4340000000000024,0.0,0.96875,2.0
LEC,63.0,HARD,42.0,4.0,77.729,0,0.0,2022,Monaco,4.0,2,2.1176666666666697,0.0,0.984375,2.0
LEC,64.0,HARD,43.0,4.0,78.338,0,0.0,2022,Monaco,4.0,2,1.953000000000003,0.0,1.0,2.0
MAG,3.0,WET,3.0,13.0,108.904,0,0.0,2022,Monaco,12.0,0,26.875,0.0,0.046875,4.0
MAG,4.0,WET,4.0,13.0,105.374,0,0.0,2022,Monaco,12.0,0,21.789999999999996,0.0,0.0625,4.0
MAG,5.0,WET,5.0,13.0,103.996,0,0.0,2022,Monaco,12.0,0,12.337333333333325,0.0,0.078125,4.0
MAG,6.0,WET,6.0,11.0,104.252,0,0.0,2022,Monaco,12.0,0,10.786666666666656,-0.5,0.09375,4.0
MAG,7.0,WET,7.0,11.0,100.441,0,0.0,2022,Monaco,12.0,0,9.142333333333326,-0.4,0.109375,4.0
MAG,8.0,WET,8.0,11.0,99.631,0,0.0,2022,Monaco,12.0,0,7.687333333333328,-0.4,0.125,4.0
MAG,9.0,WET,9.0,11.0,100.05,0,0.0,2022,Monaco,12.0,0,6.286666666666662,-0.4,0.140625,4.0
MAG,10.0,WET,10.0,11.0,99.137,0,0.0,2022,Monaco,12.0,0,5.851999999999994,-0.4,0.15625,4.0
MAG,11.0,WET,11.0,11.0,98.426,0,0.0,2022,Monaco,12.0,0,5.450333333333329,0.0,0.171875,4.0
MAG,12.0,WET,12.0,11.0,97.839,0,0.0,2022,Monaco,12.0,0,4.7133333333333285,0.0,0.1875,4.0
MAG,13.0,WET,13.0,11.0,97.181,0,0.0,2022,Monaco,12.0,0,4.0613333333333275,0.0,0.203125,4.0
MAG,14.0,WET,14.0,11.0,95.896,0,0.0,2022,Monaco,12.0,0,3.217999999999994,0.0,0.21875,4.0
MAG,15.0,WET,15.0,11.0,95.062,0,0.0,2022,Monaco,12.0,0,2.292333333333327,0.0,0.234375,4.0
MAG,16.0,WET,16.0,11.0,94.853,0,0.0,2022,Monaco,12.0,0,1.516333333333326,0.0,0.25,4.0
MAG,17.0,WET,17.0,11.0,95.034,0,0.0,2022,Monaco,12.0,0,1.2289999999999945,0.0,0.265625,4.0
MAG,18.0,WET,18.0,11.0,93.754,0,0.0,2022,Monaco,12.0,0,0.7929999999999969,0.0,0.28125,4.0
MAG,19.0,WET,19.0,12.0,97.629,0,0.0,2022,Monaco,12.0,0,1.7183333333333337,0.2,0.296875,4.0
MSC,3.0,WET,3.0,15.0,109.408,0,0.0,2022,Monaco,17.0,0,10.699000000000005,0.0,0.046875,4.0
MSC,4.0,WET,4.0,17.0,123.868,1,0.0,2022,Monaco,17.0,1,16.491,1.0,0.0625,4.0
MSC,5.0,INTERMEDIATE,1.0,18.0,103.339,0,0.0,2022,Monaco,17.0,1,11.87366666666666,1.0,0.078125,3.0
MSC,6.0,INTERMEDIATE,2.0,18.0,99.941,0,0.0,2022,Monaco,17.0,1,13.256333333333325,0.75,0.09375,3.0
MSC,7.0,INTERMEDIATE,3.0,17.0,101.173,0,0.0,2022,Monaco,17.0,1,5.691333333333328,0.4,0.109375,3.0
MSC,8.0,INTERMEDIATE,4.0,17.0,100.625,0,0.0,2022,Monaco,17.0,1,4.786666666666662,0.4,0.125,3.0
MSC,9.0,INTERMEDIATE,5.0,17.0,98.209,0,0.0,2022,Monaco,17.0,1,4.209333333333329,0.0,0.140625,3.0
MSC,10.0,INTERMEDIATE,6.0,17.0,97.612,0,0.0,2022,Monaco,17.0,1,3.0223333333333264,-0.2,0.15625,3.0
MSC,11.0,INTERMEDIATE,7.0,17.0,98.281,0,0.0,2022,Monaco,17.0,1,2.2409999999999948,-0.2,0.171875,3.0
MSC,12.0,INTERMEDIATE,8.0,17.0,98.482,0,0.0,2022,Monaco,17.0,1,2.3319999999999936,0.0,0.1875,3.0
MSC,13.0,INTERMEDIATE,9.0,17.0,97.373,0,0.0,2022,Monaco,17.0,1,2.2523333333333304,0.0,0.203125,3.0
MSC,14.0,INTERMEDIATE,10.0,17.0,96.271,0,0.0,2022,Monaco,17.0,1,1.5823333333333285,0.0,0.21875,3.0
MSC,15.0,INTERMEDIATE,11.0,17.0,96.308,0,0.0,2022,Monaco,17.0,1,0.8576666666666645,0.0,0.234375,3.0
MSC,16.0,INTERMEDIATE,12.0,17.0,95.793,0,0.0,2022,Monaco,17.0,1,0.33099999999999835,0.0,0.25,3.0
MSC,17.0,INTERMEDIATE,13.0,20.0,125.649,1,0.0,2022,Monaco,17.0,2,13.795333333333332,0.6,0.265625,3.0
MSC,18.0,HARD,13.0,20.0,98.024,0,0.0,2022,Monaco,17.0,2,18.038999999999998,0.6,0.28125,2.0
MSC,19.0,HARD,13.0,20.0,87.542,0,0.0,2022,Monaco,17.0,2,18.960333333333327,0.6,0.296875,2.0
MSC,20.0,HARD,13.0,19.0,91.355,0,0.0,2022,Monaco,17.0,2,7.528999999999996,0.4,0.3125,2.0
MSC,21.0,HARD,13.0,18.0,89.293,0,0.0,2022,Monaco,17.0,2,4.618666666666665,0.2,0.328125,2.0
MSC,22.0,HARD,13.0,17.0,94.264,0,0.0,2022,Monaco,17.0,2,6.859333333333329,-0.6,0.34375,2.0
MSC,23.0,HARD,13.0,17.0,90.256,0,0.0,2022,Monaco,17.0,2,6.492999999999995,-0.6,0.359375,2.0
MSC,24.0,HARD,13.0,17.0,84.778,0,0.0,2022,Monaco,17.0,2,4.987999999999995,-0.6,0.375,2.0
NOR,3.0,WET,3.0,5.0,106.29,0,0.0,2022,Monaco,6.0,0,30.079000000000015,0.0,0.046875,4.0
NOR,4.0,WET,4.0,5.0,102.012,0,0.0,2022,Monaco,6.0,0,22.82600000000001,0.0,0.0625,4.0
NOR,5.0,WET,5.0,5.0,101.122,0,0.0,2022,Monaco,6.0,0,9.449333333333342,0.0,0.078125,4.0
NOR,6.0,WET,6.0,5.0,99.975,0,0.0,2022,Monaco,6.0,0,7.3443333333333385,0.0,0.09375,4.0
NOR,7.0,WET,7.0,5.0,98.694,0,0.0,2022,Monaco,6.0,0,6.2383333333333395,0.0,0.109375,4.0
NOR,8.0,WET,8.0,5.0,98.673,0,0.0,2022,Monaco,6.0,0,5.422000000000007,0.0,0.125,4.0
NOR,9.0,WET,9.0,5.0,98.35,0,0.0,2022,Monaco,6.0,0,4.88033333333334,0.0,0.140625,4.0
NOR,10.0,WET,10.0,5.0,97.38,0,0.0,2022,Monaco,6.0,0,4.4423333333333375,0.0,0.15625,4.0
NOR,11.0,WET,11.0,5.0,96.416,0,0.0,2022,Monaco,6.0,0,3.6900000000000026,0.0,0.171875,4.0
NOR,12.0,WET,12.0,5.0,95.567,0,0.0,2022,Monaco,6.0,0,2.7623333333333355,0.0,0.1875,4.0
NOR,13.0,WET,13.0,5.0,94.623,0,0.0,2022,Monaco,6.0,0,1.8433333333333384,0.0,0.203125,4.0
NOR,14.0,WET,14.0,5.0,94.3,0,0.0,2022,Monaco,6.0,0,1.1380000000000052,0.0,0.21875,4.0
NOR,15.0,WET,15.0,5.0,94.306,0,0.0,2022,Monaco,6.0,0,0.7176666666666733,0.0,0.234375,4.0
NOR,16.0,WET,16.0,4.0,93.692,0,0.0,2022,Monaco,6.0,0,0.40733333333333616,-0.2,0.25,4.0
NOR,17.0,WET,17.0,7.0,109.364,1,0.0,2022,Monaco,6.0,1,7.892,0.4,0.265625,4.0
NOR,18.0,INTERMEDIATE,17.0,7.0,91.205,0,0.0,2022,Monaco,6.0,1,9.321666666666664,0.4,0.28125,3.0
NOR,19.0,INTERMEDIATE,17.0,7.0,86.302,0,0.0,2022,Monaco,6.0,1,9.321666666666664,0.4,0.296875,3.0
NOR,20.0,INTERMEDIATE,17.0,7.0,89.578,0,0.0,2022,Monaco,6.0,1,2.7263333333333293,0.4,0.3125,3.0
NOR,21.0,INTERMEDIATE,17.0,5.0,90.358,0,0.0,2022,Monaco,6.0,1,2.4439999999999977,0.2,0.328125,3.0
NOR,22.0,INTERMEDIATE,17.0,5.0,104.131,1,0.0,2022,Monaco,6.0,2,11.572666666666663,-0.4,0.34375,3.0
NOR,23.0,HARD,1.0,6.0,89.262,0,0.0,2022,Monaco,6.0,2,14.652999999999997,-0.2,0.359375,2.0
NOR,24.0,HARD,2.0,6.0,82.845,0,0.0,2022,Monaco,6.0,2,15.334333333333328,-0.2,0.375,2.0
NOR,25.0,HARD,3.0,6.0,82.424,0,0.0,2022,Monaco,6.0,2,8.098666666666665,-0.2,0.390625,2.0
NOR,26.0,HARD,4.0,6.0,93.488,0,0.0,2022,Monaco,6.0,2,9.50733333333333,0.2,0.40625,2.0
NOR,27.0,HARD,5.0,6.0,114.811,0,0.0,2022,Monaco,6.0,2,20.162666666666667,0.2,0.421875,2.0
NOR,28.0,HARD,6.0,6.0,120.766,0,0.0,2022,Monaco,6.0,2,32.943333333333335,0.0,0.4375,2.0
NOR,29.0,HARD,7.0,6.0,116.777,0,0.0,2022,Monaco,6.0,2,40.70633333333333,0.0,0.453125,2.0
NOR,31.0,HARD,9.0,6.0,142.602,0,0.0,2022,Monaco,6.0,2,49.97,0.0,0.484375,2.0
NOR,32.0,HARD,10.0,6.0,117.922,0,0.0,2022,Monaco,6.0,2,49.02199999999999,0.0,0.5,2.0
NOR,33.0,HARD,11.0,6.0,83.845,0,0.0,2022,Monaco,6.0,2,38.044666666666664,0.0,0.515625,2.0
NOR,34.0,HARD,12.0,6.0,82.279,0,0.0,2022,Monaco,6.0,2,17.936999999999994,0.0,0.53125,2.0
NOR,35.0,HARD,13.0,6.0,80.726,0,0.0,2022,Monaco,6.0,2,5.538333333333327,0.0,0.546875,2.0
NOR,36.0,HARD,14.0,6.0,79.504,0,0.0,2022,Monaco,6.0,2,4.091333333333329,0.0,0.5625,2.0
NOR,37.0,HARD,15.0,6.0,78.281,0,0.0,2022,Monaco,6.0,2,2.7586666666666653,0.0,0.578125,2.0
NOR,38.0,HARD,16.0,6.0,77.218,0,0.0,2022,Monaco,6.0,2,1.5893333333333335,0.0,0.59375,2.0
NOR,39.0,HARD,17.0,6.0,78.122,0,0.0,2022,Monaco,6.0,2,1.1286666666666652,0.0,0.609375,2.0
NOR,40.0,HARD,18.0,6.0,77.161,0,0.0,2022,Monaco,6.0,2,0.7553333333333304,0.0,0.625,2.0
NOR,41.0,HARD,19.0,6.0,78.284,0,0.0,2022,Monaco,6.0,2,1.1106666666666645,0.0,0.640625,2.0
NOR,42.0,HARD,20.0,6.0,77.291,0,0.0,2022,Monaco,6.0,2,0.8336666666666636,0.0,0.65625,2.0
NOR,43.0,HARD,21.0,6.0,76.745,0,0.0,2022,Monaco,6.0,2,0.694999999999998,0.0,0.671875,2.0
NOR,44.0,HARD,22.0,6.0,77.03,0,0.0,2022,Monaco,6.0,2,0.2769999999999963,0.0,0.6875,2.0
NOR,45.0,HARD,23.0,6.0,76.804,0,0.0,2022,Monaco,6.0,2,0.1146666666666647,0.0,0.703125,2.0
NOR,46.0,HARD,24.0,6.0,77.342,0,0.0,2022,Monaco,6.0,2,0.31366666666666276,0.0,0.71875,2.0
NOR,47.0,HARD,25.0,6.0,77.354,0,0.0,2022,Monaco,6.0,2,0.42166666666666214,0.0,0.734375,2.0
NOR,48.0,HARD,26.0,6.0,77.496,0,0.0,2022,Monaco,6.0,2,0.6523333333333264,0.0,0.75,2.0
NOR,49.0,HARD,27.0,6.0,78.667,0,0.0,2022,Monaco,6.0,2,1.093999999999994,0.0,0.765625,2.0
NOR,50.0,HARD,28.0,6.0,78.345,0,0.0,2022,Monaco,6.0,2,1.4243333333333272,0.0,0.78125,2.0
NOR,51.0,HARD,29.0,6.0,95.948,1,0.0,2022,Monaco,6.0,3,8.258999999999995,0.0,0.796875,2.0
NOR,52.0,MEDIUM,1.0,6.0,83.556,0,0.0,2022,Monaco,6.0,3,10.572666666666663,0.0,0.8125,1.0
NOR,53.0,MEDIUM,2.0,6.0,78.574,0,0.0,2022,Monaco,6.0,3,11.332999999999998,0.0,0.828125,1.0
NOR,54.0,MEDIUM,3.0,6.0,76.975,0,0.0,2022,Monaco,6.0,3,5.008666666666666,0.0,0.84375,1.0
NOR,55.0,MEDIUM,4.0,6.0,74.693,0,0.0,2022,Monaco,6.0,3,2.0543333333333322,0.0,0.859375,1.0
NOR,56.0,MEDIUM,5.0,6.0,76.057,0,0.0,2022,Monaco,6.0,3,1.2153333333333336,0.0,0.875,1.0
NOR,57.0,MEDIUM,6.0,6.0,75.402,0,0.0,2022,Monaco,6.0,3,0.6910000000000025,0.0,0.890625,1.0
NOR,58.0,MEDIUM,7.0,6.0,76.105,0,0.0,2022,Monaco,6.0,3,1.1616666666666713,0.0,0.90625,1.0
NOR,59.0,MEDIUM,8.0,6.0,74.848,0,0.0,2022,Monaco,6.0,3,0.7586666666666702,0.0,0.921875,1.0
NOR,60.0,MEDIUM,9.0,6.0,75.836,0,0.0,2022,Monaco,6.0,3,0.903333333333336,0.0,0.9375,1.0
NOR,61.0,MEDIUM,10.0,6.0,75.314,0,0.0,2022,Monaco,6.0,3,0.6396666666666656,0.0,0.953125,1.0
NOR,62.0,MEDIUM,11.0,6.0,75.383,0,0.0,2022,Monaco,6.0,3,0.8179999999999978,0.0,0.96875,1.0
NOR,63.0,MEDIUM,12.0,6.0,75.164,0,0.0,2022,Monaco,6.0,3,0.5939999999999989,0.0,0.984375,1.0
NOR,64.0,MEDIUM,13.0,6.0,77.069,0,0.0,2022,Monaco,6.0,3,1.179000000000002,0.0,1.0,1.0
OCO,3.0,WET,3.0,10.0,108.949,0,0.0,2022,Monaco,9.0,0,30.442500000000003,0.0,0.046875,4.0
OCO,4.0,WET,4.0,10.0,104.686,0,0.0,2022,Monaco,9.0,0,24.652000000000005,0.0,0.0625,4.0
OCO,5.0,WET,5.0,10.0,103.14,0,0.0,2022,Monaco,9.0,0,13.976666666666674,0.0,0.078125,4.0
OCO,6.0,WET,6.0,9.0,102.718,0,0.0,2022,Monaco,9.0,0,11.899666666666675,-0.25,0.09375,4.0
OCO,7.0,WET,7.0,9.0,101.388,0,0.0,2022,Monaco,9.0,0,10.800333333333342,-0.2,0.109375,4.0
OCO,8.0,WET,8.0,9.0,100.529,0,0.0,2022,Monaco,9.0,0,9.930000000000007,-0.2,0.125,4.0
OCO,9.0,WET,9.0,9.0,99.78,0,0.0,2022,Monaco,9.0,0,8.950666666666672,-0.2,0.140625,4.0
OCO,10.0,WET,10.0,9.0,98.873,0,0.0,2022,Monaco,9.0,0,8.11233333333334,-0.2,0.15625,4.0
OCO,11.0,WET,11.0,9.0,96.863,0,0.0,2022,Monaco,9.0,0,6.8903333333333405,0.0,0.171875,4.0
OCO,12.0,WET,12.0,9.0,95.796,0,0.0,2022,Monaco,9.0,0,5.562333333333342,0.0,0.1875,4.0
OCO,13.0,WET,13.0,9.0,94.912,0,0.0,2022,Monaco,9.0,0,4.242000000000009,0.0,0.203125,4.0
OCO,14.0,WET,14.0,9.0,94.487,0,0.0,2022,Monaco,9.0,0,3.4500000000000077,0.0,0.21875,4.0
OCO,15.0,WET,15.0,8.0,94.498,0,0.0,2022,Monaco,9.0,0,3.0173333333333403,-0.2,0.234375,4.0
OCO,16.0,WET,16.0,8.0,93.359,0,0.0,2022,Monaco,9.0,0,2.49966666666667,-0.2,0.25,4.0
OCO,17.0,WET,17.0,8.0,93.241,0,0.0,2022,Monaco,9.0,0,2.0843333333333383,-0.2,0.265625,4.0
OCO,18.0,WET,18.0,8.0,94.552,0,0.0,2022,Monaco,9.0,0,2.102333333333339,-0.2,0.28125,4.0
OCO,19.0,WET,19.0,8.0,92.411,0,0.0,2022,Monaco,9.0,0,1.786333333333341,-0.2,0.296875,4.0
OCO,20.0,WET,20.0,8.0,91.615,0,0.0,2022,Monaco,9.0,0,1.2443333333333395,0.0,0.3125,4.0
OCO,21.0,WET,21.0,9.0,107.323,1,0.0,2022,Monaco,9.0,1,10.182666666666668,0.2,0.328125,4.0
OCO,22.0,HARD,21.0,10.0,97.375,0,0.0,2022,Monaco,9.0,1,16.518666666666665,0.4,0.34375,2.0
OCO,23.0,HARD,21.0,9.0,88.133,0,0.0,2022,Monaco,9.0,1,20.03933333333333,0.2,0.359375,2.0
OCO,24.0,HARD,21.0,9.0,86.053,0,0.0,2022,Monaco,9.0,1,12.949333333333334,0.2,0.375,2.0
OCO,25.0,HARD,21.0,9.0,84.83,0,0.0,2022,Monaco,9.0,1,8.767666666666665,0.2,0.390625,2.0
OCO,26.0,HARD,21.0,9.0,105.123,0,0.0,2022,Monaco,9.0,1,14.431000000000003,0.0,0.40625,2.0
OCO,27.0,HARD,21.0,9.0,116.204,0,0.0,2022,Monaco,9.0,1,24.481333333333335,-0.2,0.421875,2.0
OCO,28.0,HARD,21.0,9.0,112.022,0,0.0,2022,Monaco,9.0,1,33.54533333333334,0.0,0.4375,2.0
OCO,29.0,HARD,21.0,9.0,91.507,0,0.0,2022,Monaco,9.0,1,29.00666666666667,0.0,0.453125,2.0
OCO,31.0,MEDIUM,1.0,9.0,135.492,0,0.0,2022,Monaco,9.0,1,35.436,0.0,0.484375,1.0
OCO,32.0,MEDIUM,2.0,9.0,114.222,0,0.0,2022,Monaco,9.0,1,36.169333333333334,0.0,0.5,1.0
OCO,33.0,MEDIUM,3.0,9.0,85.084,0,0.0,2022,Monaco,9.0,1,34.02833333333333,0.0,0.515625,1.0
OCO,34.0,MEDIUM,4.0,9.0,82.812,0,0.0,2022,Monaco,9.0,1,16.468333333333334,0.0,0.53125,1.0
OCO,35.0,MEDIUM,5.0,9.0,82.636,0,0.0,2022,Monaco,9.0,1,5.9396666666666675,0.0,0.546875,1.0
OCO,36.0,MEDIUM,6.0,9.0,82.32,0,0.0,2022,Monaco,9.0,1,5.018333333333331,0.0,0.5625,1.0
OCO,37.0,MEDIUM,7.0,9.0,81.74,0,0.0,2022,Monaco,9.0,1,4.660999999999997,0.0,0.578125,1.0
OCO,38.0,MEDIUM,8.0,9.0,81.071,0,0.0,2022,Monaco,9.0,1,4.13933333333333,0.0,0.59375,1.0
OCO,39.0,MEDIUM,9.0,9.0,80.336,0,0.0,2022,Monaco,9.0,1,3.4779999999999993,0.0,0.609375,1.0
OCO,40.0,MEDIUM,10.0,9.0,79.733,0,0.0,2022,Monaco,9.0,1,2.8090000000000024,0.0,0.625,1.0
OCO,41.0,MEDIUM,11.0,9.0,80.015,0,0.0,2022,Monaco,9.0,1,2.457000000000003,0.0,0.640625,1.0
OCO,42.0,MEDIUM,12.0,9.0,79.939,0,0.0,2022,Monaco,9.0,1,2.3246666666666678,0.0,0.65625,1.0
OCO,43.0,MEDIUM,13.0,9.0,79.489,0,0.0,2022,Monaco,9.0,1,2.2433333333333345,0.0,0.671875,1.0
OCO,44.0,MEDIUM,14.0,9.0,79.821,0,0.0,2022,Monaco,9.0,1,2.178666666666667,0.0,0.6875,1.0
OCO,45.0,MEDIUM,15.0,9.0,79.273,0,0.0,2022,Monaco,9.0,1,1.956666666666668,0.0,0.703125,1.0
OCO,46.0,MEDIUM,16.0,9.0,78.774,0,0.0,2022,Monaco,9.0,1,1.7183333333333337,0.0,0.71875,1.0
OCO,47.0,MEDIUM,17.0,9.0,78.402,0,0.0,2022,Monaco,9.0,1,1.2453333333333347,0.0,0.734375,1.0
OCO,48.0,MEDIUM,18.0,9.0,78.564,0,0.0,2022,Monaco,9.0,1,1.0090000000000003,0.0,0.75,1.0
OCO,49.0,MEDIUM,19.0,9.0,78.443,0,0.0,2022,Monaco,9.0,1,0.898666666666666,0.0,0.765625,1.0
OCO,50.0,MEDIUM,20.0,9.0,77.571,0,0.0,2022,Monaco,9.0,1,0.6216666666666649,0.0,0.78125,1.0
OCO,51.0,MEDIUM,21.0,9.0,77.592,0,0.0,2022,Monaco,9.0,1,0.2976666666666669,0.0,0.796875,1.0
OCO,52.0,MEDIUM,22.0,9.0,77.816,0,0.0,2022,Monaco,9.0,1,0.08866666666666845,0.0,0.8125,1.0
OCO,53.0,MEDIUM,23.0,9.0,78.059,0,0.0,2022,Monaco,9.0,1,0.25133333333333496,0.0,0.828125,1.0
OCO,54.0,MEDIUM,24.0,9.0,78.151,0,0.0,2022,Monaco,9.0,1,0.4376666666666675,0.0,0.84375,1.0
OCO,55.0,MEDIUM,25.0,9.0,78.239,0,0.0,2022,Monaco,9.0,1,0.5786666666666681,0.0,0.859375,1.0
OCO,56.0,MEDIUM,26.0,9.0,78.194,0,0.0,2022,Monaco,9.0,1,0.6236666666666698,0.0,0.875,1.0
OCO,57.0,MEDIUM,27.0,9.0,77.92,0,0.0,2022,Monaco,9.0,1,0.5466666666666716,0.0,0.890625,1.0
OCO,58.0,MEDIUM,28.0,9.0,78.07,0,0.0,2022,Monaco,9.0,1,0.49033333333333456,0.0,0.90625,1.0
OCO,59.0,MEDIUM,29.0,9.0,78.099,0,0.0,2022,Monaco,9.0,1,0.4586666666666683,0.0,0.921875,1.0
OCO,60.0,MEDIUM,30.0,9.0,78.077,0,0.0,2022,Monaco,9.0,1,0.5110000000000005,0.0,0.9375,1.0
OCO,61.0,MEDIUM,31.0,9.0,78.214,0,0.0,2022,Monaco,9.0,1,0.5590000000000023,0.0,0.953125,1.0
OCO,62.0,MEDIUM,32.0,9.0,78.162,0,0.0,2022,Monaco,9.0,1,0.5800000000000031,0.0,0.96875,1.0
OCO,63.0,MEDIUM,33.0,9.0,78.147,0,0.0,2022,Monaco,9.0,1,0.6033333333333388,0.0,0.984375,1.0
OCO,64.0,MEDIUM,34.0,9.0,78.371,0,0.0,2022,Monaco,9.0,1,0.655666666666671,0.0,1.0,1.0
PER,3.0,WET,3.0,3.0,104.57,0,0.0,2022,Monaco,1.0,0,31.0415,0.0,0.046875,4.0
PER,4.0,WET,4.0,3.0,102.377,0,0.0,2022,Monaco,1.0,0,23.881666666666664,0.0,0.0625,4.0
PER,5.0,WET,5.0,3.0,100.229,0,0.0,2022,Monaco,1.0,0,9.576999999999998,0.0,0.078125,4.0
PER,6.0,WET,6.0,3.0,98.27,0,0.0,2022,Monaco,1.0,0,7.476999999999999,0.0,0.09375,4.0
PER,7.0,WET,7.0,3.0,98.134,0,0.0,2022,Monaco,1.0,0,6.062666666666668,0.0,0.109375,4.0
PER,8.0,WET,8.0,3.0,97.285,0,0.0,2022,Monaco,1.0,0,5.081333333333333,0.0,0.125,4.0
PER,9.0,WET,9.0,3.0,96.854,0,0.0,2022,Monaco,1.0,0,4.609333333333335,0.0,0.140625,4.0
PER,10.0,WET,10.0,3.0,96.883,0,0.0,2022,Monaco,1.0,0,4.192333333333333,0.0,0.15625,4.0
PER,11.0,WET,11.0,3.0,95.987,0,0.0,2022,Monaco,1.0,0,3.7596666666666656,0.0,0.171875,4.0
PER,12.0,WET,12.0,3.0,95.597,0,0.0,2022,Monaco,1.0,0,3.340666666666664,0.0,0.1875,4.0
PER,13.0,WET,13.0,3.0,94.104,0,0.0,2022,Monaco,1.0,0,2.4143333333333317,0.0,0.203125,4.0
PER,14.0,WET,14.0,3.0,93.245,0,0.0,2022,Monaco,1.0,0,1.5003333333333349,0.0,0.21875,4.0
PER,15.0,WET,15.0,3.0,92.815,0,0.0,2022,Monaco,1.0,0,0.5730000000000027,0.0,0.234375,4.0
PER,16.0,WET,16.0,5.0,108.107,1,0.0,2022,Monaco,1.0,1,7.774000000000001,0.4,0.25,4.0
PER,17.0,INTERMEDIATE,16.0,4.0,92.141,0,0.0,2022,Monaco,1.0,1,9.939333333333332,0.2,0.265625,3.0
PER,18.0,INTERMEDIATE,16.0,2.0,85.215,0,0.0,2022,Monaco,1.0,1,9.939333333333332,-0.2,0.28125,3.0
PER,19.0,INTERMEDIATE,16.0,2.0,86.966,0,0.0,2022,Monaco,1.0,1,2.892333333333331,-0.2,0.296875,3.0
PER,20.0,INTERMEDIATE,16.0,2.0,88.792,0,0.0,2022,Monaco,1.0,1,1.7759999999999962,-0.2,0.3125,3.0
PER,21.0,INTERMEDIATE,16.0,1.0,89.371,0,0.0,2022,Monaco,1.0,1,3.1613333333333267,-0.8,0.328125,3.0
PER,22.0,INTERMEDIATE,16.0,1.0,103.44,1,0.0,2022,Monaco,1.0,2,11.714999999999995,-0.6,0.34375,3.0
PER,23.0,HARD,1.0,1.0,94.149,0,0.0,2022,Monaco,1.0,2,16.56299999999999,-0.2,0.359375,2.0
PER,24.0,HARD,2.0,1.0,85.539,0,0.0,2022,Monaco,1.0,2,18.347999999999995,-0.2,0.375,2.0
PER,25.0,HARD,3.0,1.0,82.206,0,0.0,2022,Monaco,1.0,2,11.269999999999996,-0.2,0.390625,2.0
PER,26.0,HARD,4.0,1.0,84.06,0,0.0,2022,Monaco,1.0,2,7.9069999999999965,0.0,0.40625,2.0
PER,27.0,HARD,5.0,1.0,117.255,0,0.0,2022,Monaco,1.0,2,18.478999999999996,0.0,0.421875,2.0
PER,28.0,HARD,6.0,1.0,128.097,0,0.0,2022,Monaco,1.0,2,33.775999999999996,0.0,0.4375,2.0
PER,29.0,HARD,7.0,1.0,119.039,0,0.0,2022,Monaco,1.0,2,45.43566666666666,0.0,0.453125,2.0
PER,32.0,MEDIUM,2.0,1.0,123.485,0,0.0,2022,Monaco,1.0,2,47.51233333333332,0.0,0.5,1.0
PER,33.0,MEDIUM,3.0,1.0,83.415,0,0.0,2022,Monaco,1.0,2,32.61833333333333,0.0,0.515625,1.0
PER,34.0,MEDIUM,4.0,1.0,80.677,0,0.0,2022,Monaco,1.0,2,19.831,0.0,0.53125,1.0
PER,35.0,MEDIUM,5.0,1.0,79.801,0,0.0,2022,Monaco,1.0,2,5.269666666666666,0.0,0.546875,1.0
PER,36.0,MEDIUM,6.0,1.0,79.027,0,0.0,2022,Monaco,1.0,2,3.8069999999999973,0.0,0.5625,1.0
PER,37.0,MEDIUM,7.0,1.0,78.347,0,0.0,2022,Monaco,1.0,2,3.0303333333333264,0.0,0.578125,1.0
PER,38.0,MEDIUM,8.0,1.0,77.081,0,0.0,2022,Monaco,1.0,2,2.12366666666666,0.0,0.59375,1.0
PER,39.0,MEDIUM,9.0,1.0,77.143,0,0.0,2022,Monaco,1.0,2,1.4956666666666603,0.0,0.609375,1.0
PER,40.0,MEDIUM,10.0,1.0,76.473,0,0.0,2022,Monaco,1.0,2,0.8709999999999951,0.0,0.625,1.0
PER,41.0,MEDIUM,11.0,1.0,76.434,0,0.0,2022,Monaco,1.0,2,0.6553333333333266,0.0,0.640625,1.0
PER,42.0,MEDIUM,12.0,1.0,76.26,0,0.0,2022,Monaco,1.0,2,0.3609999999999947,0.0,0.65625,1.0
PER,43.0,MEDIUM,13.0,1.0,76.479,0,0.0,2022,Monaco,1.0,2,0.3629999999999948,0.0,0.671875,1.0
PER,44.0,MEDIUM,14.0,1.0,76.73,0,0.0,2022,Monaco,1.0,2,0.4616666666666636,0.0,0.6875,1.0
PER,45.0,MEDIUM,15.0,1.0,76.773,0,0.0,2022,Monaco,1.0,2,0.6326666666666606,0.0,0.703125,1.0
PER,46.0,MEDIUM,16.0,1.0,76.028,0,0.0,2022,Monaco,1.0,2,0.4823333333333295,0.0,0.71875,1.0
PER,47.0,MEDIUM,17.0,1.0,76.682,0,0.0,2022,Monaco,1.0,2,0.4663333333333289,0.0,0.734375,1.0
PER,48.0,MEDIUM,18.0,1.0,76.227,0,0.0,2022,Monaco,1.0,2,0.2843333333333315,0.0,0.75,1.0
PER,49.0,MEDIUM,19.0,1.0,76.602,0,0.0,2022,Monaco,1.0,2,0.4756666666666642,0.0,0.765625,1.0
PER,50.0,MEDIUM,20.0,1.0,77.922,0,0.0,2022,Monaco,1.0,2,0.8889999999999958,0.0,0.78125,1.0
PER,51.0,MEDIUM,21.0,1.0,77.778,0,0.0,2022,Monaco,1.0,2,1.4059999999999964,0.0,0.796875,1.0
PER,52.0,MEDIUM,22.0,1.0,78.028,0,0.0,2022,Monaco,1.0,2,1.8813333333333304,0.0,0.8125,1.0
PER,53.0,MEDIUM,23.0,1.0,78.197,0,0.0,2022,Monaco,1.0,2,1.972999999999999,0.0,0.828125,1.0
PER,54.0,MEDIUM,24.0,1.0,78.205,0,0.0,2022,Monaco,1.0,2,2.11533333333333,0.0,0.84375,1.0
PER,55.0,MEDIUM,25.0,1.0,78.491,0,0.0,2022,Monaco,1.0,2,2.269666666666661,0.0,0.859375,1.0
PER,56.0,MEDIUM,26.0,1.0,78.898,0,0.0,2022,Monaco,1.0,2,2.5033333333333254,0.0,0.875,1.0
PER,57.0,MEDIUM,27.0,1.0,78.873,0,0.0,2022,Monaco,1.0,2,2.725999999999994,0.0,0.890625,1.0
PER,58.0,MEDIUM,28.0,1.0,79.457,0,0.0,2022,Monaco,1.0,2,3.0479999999999925,0.0,0.90625,1.0
PER,59.0,MEDIUM,29.0,1.0,78.77,0,0.0,2022,Monaco,1.0,2,3.0053333333333256,0.0,0.921875,1.0
PER,60.0,MEDIUM,30.0,1.0,78.977,0,0.0,2022,Monaco,1.0,2,3.039999999999992,0.0,0.9375,1.0
PER,61.0,MEDIUM,31.0,1.0,78.635,0,0.0,2022,Monaco,1.0,2,2.765999999999996,0.0,0.953125,1.0
PER,62.0,MEDIUM,32.0,1.0,77.997,0,0.0,2022,Monaco,1.0,2,2.5083333333333306,0.0,0.96875,1.0
PER,63.0,MEDIUM,33.0,1.0,77.7,0,0.0,2022,Monaco,1.0,2,2.0826666666666633,0.0,0.984375,1.0
PER,64.0,MEDIUM,34.0,1.0,77.917,0,0.0,2022,Monaco,1.0,2,1.843333333333329,0.0,1.0,1.0
RIC,3.0,WET,3.0,14.0,109.054,0,0.0,2022,Monaco,13.0,0,25.06750000000001,0.0,0.046875,4.0
RIC,4.0,WET,4.0,14.0,105.835,0,0.0,2022,Monaco,13.0,0,20.25233333333334,0.0,0.0625,4.0
RIC,5.0,WET,5.0,14.0,103.564,0,0.0,2022,Monaco,13.0,0,10.938000000000002,0.0,0.078125,4.0
RIC,6.0,WET,6.0,12.0,104.231,0,0.0,2022,Monaco,13.0,0,9.330333333333334,-0.5,0.09375,4.0
RIC,7.0,WET,7.0,12.0,101.62,0,0.0,2022,Monaco,13.0,0,7.925333333333337,-0.4,0.109375,4.0
RIC,8.0,WET,8.0,12.0,100.798,0,0.0,2022,Monaco,13.0,0,7.00333333333334,-0.4,0.125,4.0
RIC,9.0,WET,9.0,12.0,99.546,0,0.0,2022,Monaco,13.0,0,5.441666666666677,-0.4,0.140625,4.0
RIC,10.0,WET,10.0,12.0,99.411,0,0.0,2022,Monaco,13.0,0,4.705333333333343,-0.4,0.15625,4.0
RIC,11.0,WET,11.0,12.0,99.083,0,0.0,2022,Monaco,13.0,0,4.133666666666675,0.0,0.171875,4.0
RIC,12.0,WET,12.0,12.0,100.341,0,0.0,2022,Monaco,13.0,0,4.398666666666671,0.0,0.1875,4.0
RIC,13.0,WET,13.0,13.0,100.065,0,0.0,2022,Monaco,13.0,0,4.61666666666667,0.2,0.203125,4.0
RIC,14.0,WET,14.0,13.0,97.837,0,0.0,2022,Monaco,13.0,0,4.201333333333338,0.2,0.21875,4.0
RIC,15.0,WET,15.0,13.0,96.551,0,0.0,2022,Monaco,13.0,0,2.9380000000000073,0.2,0.234375,4.0
RIC,16.0,WET,16.0,13.0,95.422,0,0.0,2022,Monaco,13.0,0,1.3903333333333403,0.2,0.25,4.0
RIC,17.0,WET,17.0,13.0,95.839,0,0.0,2022,Monaco,13.0,0,0.7243333333333387,0.2,0.265625,4.0
RIC,18.0,WET,18.0,13.0,95.213,0,0.0,2022,Monaco,13.0,0,0.278333333333336,0.0,0.28125,4.0
RIC,19.0,WET,19.0,16.0,113.645,1,0.0,2022,Monaco,13.0,1,12.246333333333334,0.6,0.296875,4.0
RIC,20.0,HARD,19.0,16.0,99.04,0,0.0,2022,Monaco,13.0,1,19.207000000000004,0.6,0.3125,2.0
RIC,21.0,HARD,19.0,14.0,88.384,0,0.0,2022,Monaco,13.0,1,22.82433333333334,0.2,0.328125,2.0
RIC,22.0,HARD,19.0,14.0,86.516,0,0.0,2022,Monaco,13.0,1,13.781333333333341,0.2,0.34375,2.0
RIC,23.0,HARD,19.0,14.0,84.29,0,0.0,2022,Monaco,13.0,1,8.864666666666674,0.2,0.359375,2.0
RIC,24.0,HARD,19.0,13.0,83.294,0,0.0,2022,Monaco,13.0,1,7.168000000000006,-0.6,0.375,2.0
RIC,25.0,HARD,19.0,13.0,84.496,0,0.0,2022,Monaco,13.0,1,6.49466666666667,-0.6,0.390625,2.0
RIC,26.0,HARD,19.0,13.0,113.144,0,0.0,2022,Monaco,13.0,1,16.11266666666667,-0.2,0.40625,2.0
RIC,27.0,HARD,19.0,13.0,115.097,0,0.0,2022,Monaco,13.0,1,26.71366666666667,-0.2,0.421875,2.0
RIC,28.0,HARD,19.0,13.0,115.497,0,0.0,2022,Monaco,13.0,1,37.047333333333334,-0.2,0.4375,2.0
RIC,29.0,HARD,19.0,13.0,97.734,0,0.0,2022,Monaco,13.0,1,31.910666666666668,0.0,0.453125,2.0
RIC,31.0,HARD,12.0,13.0,132.868,0,0.0,2022,Monaco,13.0,1,37.83433333333333,0.0,0.484375,2.0
RIC,32.0,HARD,13.0,13.0,111.415,0,0.0,2022,Monaco,13.0,1,36.47366666666667,0.0,0.5,2.0
RIC,33.0,HARD,14.0,13.0,84.835,0,0.0,2022,Monaco,13.0,1,32.174,0.0,0.515625,2.0
RIC,34.0,HARD,15.0,13.0,82.656,0,0.0,2022,Monaco,13.0,1,15.436666666666673,0.0,0.53125,2.0
RIC,35.0,HARD,16.0,13.0,82.339,0,0.0,2022,Monaco,13.0,1,5.74466666666667,0.0,0.546875,2.0
RIC,36.0,HARD,17.0,13.0,82.229,0,0.0,2022,Monaco,13.0,1,4.876000000000005,0.0,0.5625,2.0
RIC,37.0,HARD,18.0,13.0,81.812,0,0.0,2022,Monaco,13.0,1,4.594666666666669,0.0,0.578125,2.0
RIC,38.0,HARD,19.0,13.0,81.673,0,0.0,2022,Monaco,13.0,1,4.37266666666667,0.0,0.59375,2.0
RIC,39.0,HARD,20.0,13.0,80.64,0,0.0,2022,Monaco,13.0,1,3.8430000000000035,0.0,0.609375,2.0
RIC,40.0,HARD,21.0,13.0,80.098,0,0.0,2022,Monaco,13.0,1,3.2716666666666705,0.0,0.625,2.0
RIC,41.0,HARD,22.0,13.0,80.179,0,0.0,2022,Monaco,13.0,1,2.7736666666666707,0.0,0.640625,2.0
RIC,42.0,HARD,23.0,13.0,79.716,0,0.0,2022,Monaco,13.0,1,2.4656666666666687,0.0,0.65625,2.0
RIC,43.0,HARD,24.0,13.0,79.292,0,0.0,2022,Monaco,13.0,1,2.1970000000000027,0.0,0.671875,2.0
RIC,44.0,HARD,25.0,13.0,79.587,0,0.0,2022,Monaco,13.0,1,1.9996666666666698,0.0,0.6875,2.0
RIC,45.0,HARD,26.0,13.0,79.654,0,0.0,2022,Monaco,13.0,1,1.9790000000000039,0.0,0.703125,2.0
RIC,46.0,HARD,27.0,13.0,79.455,0,0.0,2022,Monaco,13.0,1,2.0333333333333363,0.0,0.71875,2.0
RIC,47.0,HARD,28.0,13.0,79.712,0,0.0,2022,Monaco,13.0,1,2.075000000000003,0.0,0.734375,2.0
RIC,48.0,HARD,29.0,13.0,79.001,0,0.0,2022,Monaco,13.0,1,1.857333333333339,0.0,0.75,2.0
RIC,49.0,HARD,30.0,13.0,79.083,0,0.0,2022,Monaco,13.0,1,1.733333333333339,0.0,0.765625,2.0
RIC,50.0,HARD,31.0,13.0,78.208,0,0.0,2022,Monaco,13.0,1,1.232000000000004,0.0,0.78125,2.0
RIC,51.0,HARD,32.0,13.0,78.087,0,0.0,2022,Monaco,13.0,1,0.9273333333333369,0.0,0.796875,2.0
RIC,52.0,HARD,33.0,13.0,78.68,0,0.0,2022,Monaco,13.0,1,0.7930000000000064,0.0,0.8125,2.0
RIC,53.0,HARD,34.0,13.0,77.945,0,0.0,2022,Monaco,13.0,1,0.7053333333333379,0.0,0.828125,2.0
RIC,54.0,HARD,35.0,13.0,77.944,0,0.0,2022,Monaco,13.0,1,0.6576666666666711,0.0,0.84375,2.0
RIC,55.0,HARD,36.0,13.0,77.629,0,0.0,2022,Monaco,13.0,1,0.30733333333333707,0.0,0.859375,2.0
RIC,56.0,HARD,37.0,13.0,77.642,0,0.0,2022,Monaco,13.0,1,0.206333333333338,0.0,0.875,2.0
RIC,57.0,HARD,38.0,13.0,77.801,0,0.0,2022,Monaco,13.0,1,0.1586666666666711,0.0,0.890625,2.0
RIC,58.0,HARD,39.0,13.0,77.817,0,0.0,2022,Monaco,13.0,1,0.22133333333333383,0.0,0.90625,2.0
RIC,59.0,HARD,40.0,13.0,77.532,0,0.0,2022,Monaco,13.0,1,0.18466666666666734,0.0,0.921875,2.0
RIC,60.0,HARD,41.0,13.0,78.052,0,0.0,2022,Monaco,13.0,1,0.2683333333333356,0.0,0.9375,2.0
RIC,61.0,HARD,42.0,13.0,78.321,0,0.0,2022,Monaco,13.0,1,0.43633333333333724,0.0,0.953125,2.0
RIC,62.0,HARD,43.0,13.0,77.579,0,0.0,2022,Monaco,13.0,1,0.4520000000000029,0.0,0.96875,2.0
RIC,63.0,HARD,44.0,13.0,78.198,0,0.0,2022,Monaco,13.0,1,0.5006666666666651,0.0,0.984375,2.0
RIC,64.0,HARD,45.0,13.0,78.524,0,0.0,2022,Monaco,13.0,1,0.5683333333333328,0.0,1.0,2.0
RUS,3.0,WET,3.0,6.0,106.52,0,0.0,2022,Monaco,5.0,0,31.960500000000003,0.0,0.046875,4.0
RUS,4.0,WET,4.0,6.0,102.52,0,0.0,2022,Monaco,5.0,0,24.97666666666667,0.0,0.0625,4.0
RUS,5.0,WET,5.0,6.0,100.64,0,0.0,2022,Monaco,5.0,0,11.71566666666667,0.0,0.078125,4.0
RUS,6.0,WET,6.0,6.0,99.57,0,0.0,2022,Monaco,5.0,0,9.399000000000001,0.0,0.09375,4.0
RUS,7.0,WET,7.0,6.0,99.094,0,0.0,2022,Monaco,5.0,0,8.257,0.0,0.109375,4.0
RUS,8.0,WET,8.0,6.0,98.944,0,0.0,2022,Monaco,5.0,0,7.691666666666667,0.0,0.125,4.0
RUS,9.0,WET,9.0,6.0,98.127,0,0.0,2022,Monaco,5.0,0,7.210666666666668,0.0,0.140625,4.0
RUS,10.0,WET,10.0,6.0,97.852,0,0.0,2022,Monaco,5.0,0,6.796666666666671,0.0,0.15625,4.0
RUS,11.0,WET,11.0,6.0,96.531,0,0.0,2022,Monaco,5.0,0,5.992333333333339,0.0,0.171875,4.0
RUS,12.0,WET,12.0,6.0,96.456,0,0.0,2022,Monaco,5.0,0,5.435333333333342,0.0,0.1875,4.0
RUS,13.0,WET,13.0,6.0,95.796,0,0.0,2022,Monaco,5.0,0,4.75000000000001,0.0,0.203125,4.0
RUS,14.0,WET,14.0,6.0,94.818,0,0.0,2022,Monaco,5.0,0,4.1790000000000065,0.0,0.21875,4.0
RUS,15.0,WET,15.0,6.0,93.797,0,0.0,2022,Monaco,5.0,0,3.2926666666666713,0.0,0.234375,4.0
RUS,16.0,WET,16.0,6.0,93.663,0,0.0,2022,Monaco,5.0,0,2.5816666666666683,0.0,0.25,4.0
RUS,17.0,WET,17.0,5.0,93.571,0,0.0,2022,Monaco,5.0,0,2.1660000000000017,-0.2,0.265625,4.0
RUS,18.0,WET,18.0,5.0,92.969,0,0.0,2022,Monaco,5.0,0,1.8900000000000006,-0.2,0.28125,4.0
RUS,19.0,WET,19.0,5.0,92.241,0,0.0,2022,Monaco,5.0,0,1.4160000000000015,-0.2,0.296875,4.0
RUS,20.0,WET,20.0,5.0,91.511,0,0.0,2022,Monaco,5.0,0,0.7293333333333342,-0.2,0.3125,4.0
RUS,21.0,WET,21.0,6.0,108.014,1,0.0,2022,Monaco,5.0,1,10.638,0.0,0.328125,4.0
RUS,22.0,HARD,21.0,6.0,91.92,0,0.0,2022,Monaco,5.0,1,15.424666666666667,0.2,0.34375,2.0
RUS,23.0,HARD,21.0,5.0,83.633,0,0.0,2022,Monaco,5.0,1,17.692333333333334,0.0,0.359375,2.0
RUS,24.0,HARD,21.0,5.0,83.929,0,0.0,2022,Monaco,5.0,1,9.664000000000001,0.0,0.375,2.0
RUS,25.0,HARD,21.0,5.0,81.037,0,0.0,2022,Monaco,5.0,1,6.036333333333336,0.0,0.390625,2.0
RUS,26.0,HARD,21.0,5.0,86.528,0,0.0,2022,Monaco,5.0,1,7.001333333333339,-0.2,0.40625,2.0
RUS,27.0,HARD,21.0,5.0,118.336,0,0.0,2022,Monaco,5.0,1,18.47033333333334,-0.2,0.421875,2.0
RUS,28.0,HARD,21.0,5.0,122.776,0,0.0,2022,Monaco,5.0,1,32.38333333333333,0.0,0.4375,2.0
RUS,29.0,HARD,21.0,5.0,118.55,0,0.0,2022,Monaco,5.0,1,43.05733333333333,0.0,0.453125,2.0
RUS,31.0,MEDIUM,1.0,5.0,146.938,0,0.0,2022,Monaco,5.0,1,52.59133333333333,0.0,0.484375,1.0
RUS,32.0,MEDIUM,2.0,5.0,119.413,0,0.0,2022,Monaco,5.0,1,51.470333333333336,0.0,0.5,1.0
RUS,33.0,MEDIUM,3.0,5.0,84.302,0,0.0,2022,Monaco,5.0,1,40.05433333333333,0.0,0.515625,1.0
RUS,34.0,MEDIUM,4.0,5.0,81.524,0,0.0,2022,Monaco,5.0,1,18.24966666666667,0.0,0.53125,1.0
RUS,35.0,MEDIUM,5.0,5.0,79.379,0,0.0,2022,Monaco,5.0,1,4.905000000000006,0.0,0.546875,1.0
RUS,36.0,MEDIUM,6.0,5.0,79.332,0,0.0,2022,Monaco,5.0,1,3.248333333333335,0.0,0.5625,1.0
RUS,37.0,MEDIUM,7.0,5.0,78.807,0,0.0,2022,Monaco,5.0,1,2.3426666666666685,0.0,0.578125,1.0
RUS,38.0,MEDIUM,8.0,5.0,77.994,0,0.0,2022,Monaco,5.0,1,1.8810000000000002,0.0,0.59375,1.0
RUS,39.0,MEDIUM,9.0,5.0,77.323,0,0.0,2022,Monaco,5.0,1,1.2113333333333334,0.0,0.609375,1.0
RUS,40.0,MEDIUM,10.0,5.0,77.03,0,0.0,2022,Monaco,5.0,1,0.6189999999999998,0.0,0.625,1.0
RUS,41.0,MEDIUM,11.0,5.0,76.864,0,0.0,2022,Monaco,5.0,1,0.24233333333333462,0.0,0.640625,1.0
RUS,42.0,MEDIUM,12.0,5.0,76.83,0,0.0,2022,Monaco,5.0,1,0.07800000000000296,0.0,0.65625,1.0
RUS,43.0,MEDIUM,13.0,5.0,77.047,0,0.0,2022,Monaco,5.0,1,0.08366666666666826,0.0,0.671875,1.0
RUS,44.0,MEDIUM,14.0,5.0,77.025,0,0.0,2022,Monaco,5.0,1,0.1373333333333354,0.0,0.6875,1.0
RUS,45.0,MEDIUM,15.0,5.0,77.04,0,0.0,2022,Monaco,5.0,1,0.20733333333333803,0.0,0.703125,1.0
RUS,46.0,MEDIUM,16.0,5.0,77.024,0,0.0,2022,Monaco,5.0,1,0.19966666666667265,0.0,0.71875,1.0
RUS,47.0,MEDIUM,17.0,5.0,76.996,0,0.0,2022,Monaco,5.0,1,0.19000000000000247,0.0,0.734375,1.0
RUS,48.0,MEDIUM,18.0,5.0,77.442,0,0.0,2022,Monaco,5.0,1,0.32399999999999807,0.0,0.75,1.0
RUS,49.0,MEDIUM,19.0,5.0,77.272,0,0.0,2022,Monaco,5.0,1,0.4066666666666663,0.0,0.765625,1.0
RUS,50.0,MEDIUM,20.0,5.0,77.69,0,0.0,2022,Monaco,5.0,1,0.6380000000000005,0.0,0.78125,1.0
RUS,51.0,MEDIUM,21.0,5.0,77.41,0,0.0,2022,Monaco,5.0,1,0.627333333333335,0.0,0.796875,1.0
RUS,52.0,MEDIUM,22.0,5.0,77.92,0,0.0,2022,Monaco,5.0,1,0.8433333333333337,0.0,0.8125,1.0
RUS,53.0,MEDIUM,23.0,5.0,77.577,0,0.0,2022,Monaco,5.0,1,0.8056666666666672,0.0,0.828125,1.0
RUS,54.0,MEDIUM,24.0,5.0,78.259,0,0.0,2022,Monaco,5.0,1,1.0886666666666684,0.0,0.84375,1.0
RUS,55.0,MEDIUM,25.0,5.0,78.138,0,0.0,2022,Monaco,5.0,1,1.1613333333333362,0.0,0.859375,1.0
RUS,56.0,MEDIUM,26.0,5.0,78.088,0,0.0,2022,Monaco,5.0,1,1.331666666666668,0.0,0.875,1.0
RUS,57.0,MEDIUM,27.0,5.0,79.114,0,0.0,2022,Monaco,5.0,1,1.6166666666666696,0.0,0.890625,1.0
RUS,58.0,MEDIUM,28.0,5.0,78.921,0,0.0,2022,Monaco,5.0,1,1.87766666666667,0.0,0.90625,1.0
RUS,59.0,MEDIUM,29.0,5.0,78.85,0,0.0,2022,Monaco,5.0,1,2.13166666666667,0.0,0.921875,1.0
RUS,60.0,MEDIUM,30.0,5.0,79.066,0,0.0,2022,Monaco,5.0,1,2.1156666666666695,0.0,0.9375,1.0
RUS,61.0,MEDIUM,31.0,5.0,78.518,0,0.0,2022,Monaco,5.0,1,1.9813333333333343,0.0,0.953125,1.0
RUS,62.0,MEDIUM,32.0,5.0,78.063,0,0.0,2022,Monaco,5.0,1,1.7190000000000036,0.0,0.96875,1.0
RUS,63.0,MEDIUM,33.0,5.0,78.44,0,0.0,2022,Monaco,5.0,1,1.5103333333333353,0.0,0.984375,1.0
RUS,64.0,MEDIUM,34.0,5.0,79.0,0,0.0,2022,Monaco,5.0,1,1.6710000000000018,0.0,1.0,1.0
SAI,3.0,WET,3.0,2.0,104.323,0,0.0,2022,Monaco,2.0,0,32.5455,0.0,0.046875,4.0
SAI,4.0,WET,4.0,2.0,101.995,0,0.0,2022,Monaco,2.0,0,25.145,0.0,0.0625,4.0
SAI,5.0,WET,5.0,2.0,100.205,0,0.0,2022,Monaco,2.0,0,10.523333333333335,0.0,0.078125,4.0
SAI,6.0,WET,6.0,2.0,97.998,0,0.0,2022,Monaco,2.0,0,8.415000000000006,0.0,0.09375,4.0
SAI,7.0,WET,7.0,2.0,97.933,0,0.0,2022,Monaco,2.0,0,7.061000000000007,0.0,0.109375,4.0
SAI,8.0,WET,8.0,2.0,97.269,0,0.0,2022,Monaco,2.0,0,6.0823333333333425,0.0,0.125,4.0
SAI,9.0,WET,9.0,2.0,97.18,0,0.0,2022,Monaco,2.0,0,5.8096666666666765,0.0,0.140625,4.0
SAI,10.0,WET,10.0,2.0,96.881,0,0.0,2022,Monaco,2.0,0,5.459000000000008,0.0,0.15625,4.0
SAI,11.0,WET,11.0,2.0,95.887,0,0.0,2022,Monaco,2.0,0,4.998333333333339,0.0,0.171875,4.0
SAI,12.0,WET,12.0,2.0,95.375,0,0.0,2022,Monaco,2.0,0,4.396666666666671,0.0,0.1875,4.0
SAI,13.0,WET,13.0,2.0,93.679,0,0.0,2022,Monaco,2.0,0,3.329333333333338,0.0,0.203125,4.0
SAI,14.0,WET,14.0,2.0,92.995,0,0.0,2022,Monaco,2.0,0,2.3653333333333393,0.0,0.21875,4.0
SAI,15.0,WET,15.0,2.0,92.605,0,0.0,2022,Monaco,2.0,0,1.4420000000000073,0.0,0.234375,4.0
SAI,16.0,WET,16.0,2.0,92.305,0,0.0,2022,Monaco,2.0,0,0.9840000000000089,0.0,0.25,4.0
SAI,17.0,WET,17.0,2.0,92.36,0,0.0,2022,Monaco,2.0,0,0.7723333333333405,0.0,0.265625,4.0
SAI,18.0,WET,18.0,1.0,92.002,0,0.0,2022,Monaco,2.0,0,0.5713333333333376,-0.2,0.28125,4.0
SAI,19.0,WET,19.0,1.0,91.775,0,0.0,2022,Monaco,2.0,0,0.39466666666667055,-0.2,0.296875,4.0
SAI,20.0,WET,20.0,1.0,91.651,0,0.0,2022,Monaco,2.0,0,0.15833333333333618,-0.2,0.3125,4.0
SAI,21.0,WET,21.0,3.0,107.551,1,0.0,2022,Monaco,2.0,1,10.418000000000001,0.2,0.328125,4.0
SAI,22.0,HARD,21.0,2.0,94.073,0,0.0,2022,Monaco,2.0,1,16.260666666666662,0.0,0.34375,2.0
SAI,23.0,HARD,21.0,2.0,90.16,0,0.0,2022,Monaco,2.0,1,20.840333333333323,0.2,0.359375,2.0
SAI,24.0,HARD,21.0,2.0,86.153,0,0.0,2022,Monaco,2.0,1,13.70766666666666,0.2,0.375,2.0
SAI,25.0,HARD,21.0,2.0,82.698,0,0.0,2022,Monaco,2.0,1,9.915999999999991,0.2,0.390625,2.0
SAI,26.0,HARD,21.0,2.0,83.624,0,0.0,2022,Monaco,2.0,1,7.737333333333325,-0.2,0.40625,2.0
SAI,27.0,HARD,21.0,2.0,118.132,0,0.0,2022,Monaco,2.0,1,18.39699999999999,0.0,0.421875,2.0
SAI,28.0,HARD,21.0,2.0,126.778,0,0.0,2022,Monaco,2.0,1,33.09033333333333,0.0,0.4375,2.0
SAI,29.0,HARD,21.0,2.0,119.502,0,0.0,2022,Monaco,2.0,1,45.04966666666667,0.0,0.453125,2.0
SAI,32.0,HARD,11.0,2.0,122.838,0,0.0,2022,Monaco,2.0,1,46.61833333333332,0.0,0.5,2.0
SAI,33.0,HARD,12.0,2.0,83.776,0,0.0,2022,Monaco,2.0,1,32.28433333333332,0.0,0.515625,2.0
SAI,34.0,HARD,13.0,2.0,80.786,0,0.0,2022,Monaco,2.0,1,19.37899999999999,0.0,0.53125,2.0
SAI,35.0,HARD,14.0,2.0,79.838,0,0.0,2022,Monaco,2.0,1,5.045666666666658,0.0,0.546875,2.0
SAI,36.0,HARD,15.0,2.0,78.962,0,0.0,2022,Monaco,2.0,1,3.440999999999993,0.0,0.5625,2.0
SAI,37.0,HARD,16.0,2.0,78.15,0,0.0,2022,Monaco,2.0,1,2.562333333333328,0.0,0.578125,2.0
SAI,38.0,HARD,17.0,2.0,77.385,0,0.0,2022,Monaco,2.0,1,1.7446666666666648,0.0,0.59375,2.0
SAI,39.0,HARD,18.0,2.0,77.112,0,0.0,2022,Monaco,2.0,1,1.1279999999999955,0.0,0.609375,2.0
SAI,40.0,HARD,19.0,2.0,76.739,0,0.0,2022,Monaco,2.0,1,0.6576666666666616,0.0,0.625,2.0
SAI,41.0,HARD,20.0,2.0,76.583,0,0.0,2022,Monaco,2.0,1,0.39033333333332604,0.0,0.640625,2.0
SAI,42.0,HARD,21.0,2.0,76.764,0,0.0,2022,Monaco,2.0,1,0.2743333333333264,0.0,0.65625,2.0
SAI,43.0,HARD,22.0,2.0,76.701,0,0.0,2022,Monaco,2.0,1,0.26166666666665606,0.0,0.671875,2.0
SAI,44.0,HARD,23.0,2.0,76.619,0,0.0,2022,Monaco,2.0,1,0.2736666666666565,0.0,0.6875,2.0
SAI,45.0,HARD,24.0,2.0,76.828,0,0.0,2022,Monaco,2.0,1,0.2949999999999922,0.0,0.703125,2.0
SAI,46.0,HARD,25.0,2.0,76.465,0,0.0,2022,Monaco,2.0,1,0.2163333333333289,0.0,0.71875,2.0
SAI,47.0,HARD,26.0,2.0,76.421,0,0.0,2022,Monaco,2.0,1,0.15033333333333113,0.0,0.734375,2.0
SAI,48.0,HARD,27.0,2.0,77.439,0,0.0,2022,Monaco,2.0,1,0.3539999999999945,0.0,0.75,2.0
SAI,49.0,HARD,28.0,2.0,76.64,0,0.0,2022,Monaco,2.0,1,0.41233333333332683,0.0,0.765625,2.0
SAI,50.0,HARD,29.0,2.0,76.868,0,0.0,2022,Monaco,2.0,1,0.561333333333323,0.0,0.78125,2.0
SAI,51.0,HARD,30.0,2.0,77.245,0,0.0,2022,Monaco,2.0,1,0.4966666666666602,0.0,0.796875,2.0
SAI,52.0,HARD,31.0,2.0,77.515,0,0.0,2022,Monaco,2.0,1,0.7883333333333269,0.0,0.8125,2.0
SAI,53.0,HARD,32.0,2.0,77.599,0,0.0,2022,Monaco,2.0,1,1.0319999999999965,0.0,0.828125,2.0
SAI,54.0,HARD,33.0,2.0,77.97,0,0.0,2022,Monaco,2.0,1,1.2736666666666612,0.0,0.84375,2.0
SAI,55.0,HARD,34.0,2.0,78.476,0,0.0,2022,Monaco,2.0,1,1.593999999999994,0.0,0.859375,2.0
SAI,56.0,HARD,35.0,2.0,78.928,0,0.0,2022,Monaco,2.0,1,2.036999999999992,0.0,0.875,2.0
SAI,57.0,HARD,36.0,2.0,78.714,0,0.0,2022,Monaco,2.0,1,2.2849999999999917,0.0,0.890625,2.0
SAI,58.0,HARD,37.0,2.0,79.406,0,0.0,2022,Monaco,2.0,1,2.594999999999994,0.0,0.90625,2.0
SAI,59.0,HARD,38.0,2.0,78.896,0,0.0,2022,Monaco,2.0,1,2.5843333333333285,0.0,0.921875,2.0
SAI,60.0,HARD,39.0,2.0,78.747,0,0.0,2022,Monaco,2.0,1,2.595333333333329,0.0,0.9375,2.0
SAI,61.0,HARD,40.0,2.0,78.896,0,0.0,2022,Monaco,2.0,1,2.4253333333333273,0.0,0.953125,2.0
SAI,62.0,HARD,41.0,2.0,78.036,0,0.0,2022,Monaco,2.0,1,2.1386666666666607,0.0,0.96875,2.0
SAI,63.0,HARD,42.0,2.0,77.916,0,0.0,2022,Monaco,2.0,1,1.86166666666666,0.0,0.984375,2.0
SAI,64.0,HARD,43.0,2.0,78.132,0,0.0,2022,Monaco,2.0,1,1.6069999999999947,0.0,1.0,2.0
STR,3.0,INTERMEDIATE,1.0,19.0,108.179,0,0.0,2022,Monaco,14.0,1,35.00449999999999,0.0,0.046875,3.0
STR,4.0,INTERMEDIATE,2.0,19.0,103.171,0,0.0,2022,Monaco,14.0,1,28.592666666666663,0.0,0.0625,3.0
STR,5.0,INTERMEDIATE,3.0,19.0,101.963,0,0.0,2022,Monaco,14.0,1,17.035666666666668,0.0,0.078125,3.0
STR,6.0,INTERMEDIATE,4.0,19.0,101.294,0,0.0,2022,Monaco,14.0,1,14.740666666666664,0.0,0.09375,3.0
STR,7.0,INTERMEDIATE,5.0,19.0,100.2,0,0.0,2022,Monaco,14.0,1,13.75033333333333,0.0,0.109375,3.0
STR,8.0,INTERMEDIATE,6.0,19.0,99.795,0,0.0,2022,Monaco,14.0,1,13.027666666666667,0.0,0.125,3.0
STR,9.0,INTERMEDIATE,7.0,19.0,98.197,0,0.0,2022,Monaco,14.0,1,11.995333333333335,0.0,0.140625,3.0
STR,10.0,INTERMEDIATE,8.0,19.0,96.359,0,0.0,2022,Monaco,14.0,1,10.714999999999998,0.0,0.15625,3.0
STR,11.0,INTERMEDIATE,9.0,19.0,96.129,0,0.0,2022,Monaco,14.0,1,9.493,0.0,0.171875,3.0
STR,12.0,INTERMEDIATE,10.0,19.0,95.387,0,0.0,2022,Monaco,14.0,1,8.556333333333333,0.0,0.1875,3.0
STR,13.0,INTERMEDIATE,11.0,19.0,96.939,0,0.0,2022,Monaco,14.0,1,8.749666666666664,0.0,0.203125,3.0
STR,14.0,INTERMEDIATE,12.0,19.0,96.217,0,0.0,2022,Monaco,14.0,1,8.778999999999996,0.0,0.21875,3.0
STR,15.0,INTERMEDIATE,13.0,19.0,96.146,0,0.0,2022,Monaco,14.0,1,9.031999999999996,0.0,0.234375,3.0
STR,16.0,INTERMEDIATE,14.0,19.0,95.637,0,0.0,2022,Monaco,14.0,1,8.597999999999999,0.0,0.25,3.0
STR,17.0,INTERMEDIATE,15.0,18.0,95.247,0,0.0,2022,Monaco,14.0,1,8.274666666666667,-0.2,0.265625,3.0
STR,18.0,INTERMEDIATE,16.0,17.0,95.207,0,0.0,2022,Monaco,14.0,1,7.961666666666663,-0.4,0.28125,3.0
STR,19.0,INTERMEDIATE,17.0,14.0,93.972,0,0.0,2022,Monaco,14.0,1,7.406666666666662,-1.0,0.296875,3.0
STR,20.0,INTERMEDIATE,18.0,13.0,87.633,0,0.0,2022,Monaco,14.0,1,4.86866666666666,-1.2,0.3125,3.0
STR,21.0,INTERMEDIATE,19.0,12.0,87.402,0,0.0,2022,Monaco,14.0,1,2.266999999999996,-1.4,0.328125,3.0
STR,22.0,INTERMEDIATE,20.0,11.0,87.686,0,0.0,2022,Monaco,14.0,1,0.17166666666666686,-1.4,0.34375,3.0
STR,23.0,INTERMEDIATE,21.0,10.0,89.708,0,0.0,2022,Monaco,14.0,1,0.8633333333333345,-1.4,0.359375,3.0
STR,24.0,INTERMEDIATE,22.0,14.0,105.702,1,0.0,2022,Monaco,14.0,2,10.206666666666669,0.0,0.375,3.0
STR,25.0,HARD,2.0,14.0,96.439,0,0.0,2022,Monaco,14.0,2,16.367666666666665,0.2,0.390625,2.0
STR,26.0,HARD,3.0,14.0,121.694,0,0.0,2022,Monaco,14.0,2,30.273,0.4,0.40625,2.0
STR,27.0,HARD,4.0,14.0,126.196,0,0.0,2022,Monaco,14.0,2,37.10433333333334,0.6,0.421875,2.0
STR,28.0,HARD,5.0,14.0,118.927,0,0.0,2022,Monaco,14.0,2,44.60033333333334,0.8,0.4375,2.0
STR,30.0,,7.0,14.0,103.833,0,0.0,2022,Monaco,14.0,2,38.64666666666667,0.0,0.46875,1.0
STR,31.0,,8.0,14.0,84.515,0,0.0,2022,Monaco,14.0,2,24.753000000000004,0.0,0.484375,1.0
STR,32.0,,9.0,14.0,97.937,0,0.0,2022,Monaco,14.0,2,17.756333333333334,0.0,0.5,1.0
STR,33.0,,10.0,14.0,84.605,0,0.0,2022,Monaco,14.0,2,11.347000000000003,0.0,0.515625,1.0
STR,34.0,,11.0,14.0,82.704,0,0.0,2022,Monaco,14.0,2,10.743333333333334,0.0,0.53125,1.0
STR,35.0,,12.0,14.0,82.363,0,0.0,2022,Monaco,14.0,2,5.552000000000002,0.0,0.546875,1.0
STR,36.0,,13.0,14.0,82.264,0,0.0,2022,Monaco,14.0,2,4.771666666666666,0.0,0.5625,1.0
STR,37.0,,14.0,14.0,81.741,0,0.0,2022,Monaco,14.0,2,4.450666666666668,0.0,0.578125,1.0
STR,38.0,,15.0,14.0,81.665,0,0.0,2022,Monaco,14.0,2,4.2180000000000035,0.0,0.59375,1.0
STR,39.0,,16.0,14.0,80.557,0,0.0,2022,Monaco,14.0,2,3.649000000000006,0.0,0.609375,1.0
STR,40.0,,17.0,14.0,80.222,0,0.0,2022,Monaco,14.0,2,3.1426666666666705,0.0,0.625,1.0
STR,41.0,,18.0,14.0,79.988,0,0.0,2022,Monaco,14.0,2,2.583666666666668,0.0,0.640625,1.0
STR,42.0,,19.0,14.0,79.828,0,0.0,2022,Monaco,14.0,2,2.3406666666666687,0.0,0.65625,1.0
STR,43.0,,20.0,14.0,79.566,0,0.0,2022,Monaco,14.0,2,2.1220000000000048,0.0,0.671875,1.0
STR,44.0,,21.0,14.0,79.41,0,0.0,2022,Monaco,14.0,2,1.929333333333337,0.0,0.6875,1.0
STR,45.0,,22.0,14.0,79.53,0,0.0,2022,Monaco,14.0,2,1.830000000000003,0.0,0.703125,1.0
STR,46.0,,23.0,14.0,79.604,0,0.0,2022,Monaco,14.0,2,1.8426666666666687,0.0,0.71875,1.0
STR,47.0,,24.0,14.0,79.768,0,0.0,2022,Monaco,14.0,2,1.9620000000000033,0.0,0.734375,1.0
STR,48.0,,25.0,14.0,79.101,0,0.0,2022,Monaco,14.0,2,1.8190000000000026,0.0,0.75,1.0
STR,49.0,,26.0,14.0,79.182,0,0.0,2022,Monaco,14.0,2,1.678333333333337,0.0,0.765625,1.0
STR,50.0,,27.0,14.0,78.424,0,0.0,2022,Monaco,14.0,2,1.2303333333333388,0.0,0.78125,1.0
STR,51.0,,28.0,14.0,78.289,0,0.0,2022,Monaco,14.0,2,0.959666666666673,0.0,0.796875,1.0
STR,52.0,,29.0,14.0,78.309,0,0.0,2022,Monaco,14.0,2,0.6686666666666715,0.0,0.8125,1.0
STR,53.0,,30.0,14.0,78.057,0,0.0,2022,Monaco,14.0,2,0.5463333333333367,0.0,0.828125,1.0
STR,54.0,,31.0,14.0,78.044,0,0.0,2022,Monaco,14.0,2,0.4646666666666685,0.0,0.84375,1.0
STR,55.0,,32.0,14.0,77.831,0,0.0,2022,Monaco,14.0,2,0.305333333333337,0.0,0.859375,1.0
STR,56.0,,33.0,14.0,77.672,0,0.0,2022,Monaco,14.0,2,0.17700000000000196,0.0,0.875,1.0
STR,57.0,,34.0,14.0,77.849,0,0.0,2022,Monaco,14.0,2,0.11200000000000425,0.0,0.890625,1.0
STR,58.0,,35.0,14.0,78.024,0,0.0,2022,Monaco,14.0,2,0.17633333333333687,0.0,0.90625,1.0
STR,59.0,,36.0,14.0,77.967,0,0.0,2022,Monaco,14.0,2,0.2746666666666708,0.0,0.921875,1.0
STR,60.0,,37.0,14.0,78.138,0,0.0,2022,Monaco,14.0,2,0.3710000000000046,0.0,0.9375,1.0
STR,61.0,,38.0,14.0,78.096,0,0.0,2022,Monaco,14.0,2,0.3950000000000055,0.0,0.953125,1.0
STR,62.0,,39.0,14.0,78.281,0,0.0,2022,Monaco,14.0,2,0.49966666666667453,0.0,0.96875,1.0
STR,63.0,,40.0,14.0,78.411,0,0.0,2022,Monaco,14.0,2,0.5906666666666732,0.0,0.984375,1.0
STR,64.0,,41.0,14.0,78.996,0,0.0,2022,Monaco,14.0,2,0.8906666666666704,0.0,1.0,1.0
TSU,3.0,WET,3.0,11.0,109.028,0,0.0,2022,Monaco,17.0,0,17.744499999999995,0.0,0.046875,4.0
TSU,4.0,WET,4.0,11.0,105.664,0,0.0,2022,Monaco,17.0,0,12.403999999999996,0.0,0.0625,4.0
TSU,5.0,WET,5.0,11.0,103.941,0,0.0,2022,Monaco,17.0,0,2.270000000000001,0.0,0.078125,4.0
TSU,6.0,WET,6.0,17.0,120.171,1,0.0,2022,Monaco,17.0,1,10.079333333333333,1.5,0.09375,4.0
TSU,7.0,INTERMEDIATE,1.0,18.0,103.772,0,0.0,2022,Monaco,17.0,1,13.543666666666667,1.4,0.109375,3.0
TSU,8.0,INTERMEDIATE,2.0,18.0,101.028,0,0.0,2022,Monaco,17.0,1,16.667666666666666,1.4,0.125,3.0
TSU,9.0,INTERMEDIATE,3.0,18.0,98.476,0,0.0,2022,Monaco,17.0,1,9.435999999999998,1.4,0.140625,3.0
TSU,10.0,INTERMEDIATE,4.0,18.0,97.102,0,0.0,2022,Monaco,17.0,1,7.212666666666664,1.4,0.15625,3.0
TSU,11.0,INTERMEDIATE,5.0,18.0,97.693,0,0.0,2022,Monaco,17.0,1,6.100999999999995,0.2,0.171875,3.0
TSU,12.0,INTERMEDIATE,6.0,18.0,98.308,0,0.0,2022,Monaco,17.0,1,6.044999999999997,0.0,0.1875,3.0
TSU,13.0,INTERMEDIATE,7.0,18.0,97.371,0,0.0,2022,Monaco,17.0,1,6.134666666666661,0.0,0.203125,3.0
TSU,14.0,INTERMEDIATE,8.0,18.0,96.324,0,0.0,2022,Monaco,17.0,1,5.6783333333333275,0.0,0.21875,3.0
TSU,15.0,INTERMEDIATE,9.0,18.0,96.277,0,0.0,2022,Monaco,17.0,1,5.001333333333325,0.0,0.234375,3.0
TSU,16.0,INTERMEDIATE,10.0,18.0,95.619,0,0.0,2022,Monaco,17.0,1,4.417333333333327,0.0,0.25,3.0
TSU,17.0,INTERMEDIATE,11.0,17.0,95.165,0,0.0,2022,Monaco,17.0,1,4.030999999999996,-0.2,0.265625,3.0
TSU,18.0,INTERMEDIATE,12.0,16.0,95.461,0,0.0,2022,Monaco,17.0,1,3.7589999999999955,-0.4,0.28125,3.0
TSU,19.0,INTERMEDIATE,13.0,15.0,96.136,0,0.0,2022,Monaco,17.0,1,3.9313333333333276,-0.6,0.296875,3.0
TSU,20.0,INTERMEDIATE,14.0,15.0,91.656,0,0.0,2022,Monaco,17.0,1,2.761666666666661,-0.6,0.3125,3.0
TSU,21.0,INTERMEDIATE,15.0,15.0,109.85,1,0.0,2022,Monaco,17.0,2,11.974666666666659,-0.6,0.328125,3.0
TSU,22.0,HARD,15.0,15.0,93.748,0,0.0,2022,Monaco,17.0,2,15.595333333333329,-0.4,0.34375,2.0
TSU,23.0,HARD,15.0,15.0,85.758,0,0.0,2022,Monaco,17.0,2,18.045999999999992,-0.2,0.359375,2.0
TSU,24.0,HARD,15.0,15.0,83.821,0,0.0,2022,Monaco,17.0,2,9.36966666666666,0.0,0.375,2.0
TSU,25.0,HARD,15.0,15.0,90.065,0,0.0,2022,Monaco,17.0,2,8.14199999999999,0.0,0.390625,2.0
TSU,26.0,HARD,15.0,15.0,124.343,0,0.0,2022,Monaco,17.0,2,21.00366666666666,0.0,0.40625,2.0
TSU,27.0,HARD,15.0,15.0,125.603,0,0.0,2022,Monaco,17.0,2,34.93099999999999,0.0,0.421875,2.0
TSU,28.0,HARD,15.0,15.0,117.531,0,0.0,2022,Monaco,17.0,2,44.08633333333333,0.0,0.4375,2.0
TSU,30.0,MEDIUM,1.0,15.0,101.279,0,0.0,2022,Monaco,17.0,2,36.398333333333326,0.0,0.46875,1.0
TSU,31.0,MEDIUM,2.0,15.0,84.813,0,0.0,2022,Monaco,17.0,2,22.801666666666662,0.0,0.484375,1.0
TSU,32.0,MEDIUM,3.0,15.0,96.725,0,0.0,2022,Monaco,17.0,2,15.866333333333325,0.0,0.5,1.0
TSU,33.0,MEDIUM,4.0,15.0,84.294,0,0.0,2022,Monaco,17.0,2,10.20466666666666,0.0,0.515625,1.0
TSU,34.0,MEDIUM,5.0,15.0,82.574,0,0.0,2022,Monaco,17.0,2,9.458333333333323,0.0,0.53125,1.0
TSU,35.0,MEDIUM,6.0,15.0,82.406,0,0.0,2022,Monaco,17.0,2,4.685333333333328,0.0,0.546875,1.0
TSU,36.0,MEDIUM,7.0,15.0,82.353,0,0.0,2022,Monaco,17.0,2,4.038333333333327,0.0,0.5625,1.0
TSU,37.0,MEDIUM,8.0,15.0,81.75,0,0.0,2022,Monaco,17.0,2,3.7636666666666607,0.0,0.578125,1.0
TSU,38.0,MEDIUM,9.0,15.0,81.689,0,0.0,2022,Monaco,17.0,2,3.5246666666666564,0.0,0.59375,1.0
TSU,39.0,MEDIUM,10.0,15.0,80.553,0,0.0,2022,Monaco,17.0,2,2.9246666666666576,0.0,0.609375,1.0
TSU,40.0,MEDIUM,11.0,15.0,80.323,0,0.0,2022,Monaco,17.0,2,2.4489999999999887,0.0,0.625,1.0
TSU,41.0,MEDIUM,12.0,15.0,79.915,0,0.0,2022,Monaco,17.0,2,1.8576666666666597,0.0,0.640625,1.0
TSU,42.0,MEDIUM,13.0,15.0,79.859,0,0.0,2022,Monaco,17.0,2,1.6263333333333254,0.0,0.65625,1.0
TSU,43.0,MEDIUM,14.0,15.0,79.598,0,0.0,2022,Monaco,17.0,2,1.3846666666666607,0.0,0.671875,1.0
TSU,44.0,MEDIUM,15.0,15.0,79.88,0,0.0,2022,Monaco,17.0,2,1.3729999999999905,0.0,0.6875,1.0
TSU,45.0,MEDIUM,16.0,15.0,79.324,0,0.0,2022,Monaco,17.0,2,1.1946666666666583,0.0,0.703125,1.0
TSU,46.0,MEDIUM,17.0,15.0,79.599,0,0.0,2022,Monaco,17.0,2,1.1949999999999932,0.0,0.71875,1.0
TSU,47.0,MEDIUM,18.0,15.0,79.916,0,0.0,2022,Monaco,17.0,2,1.2069999999999936,0.0,0.734375,1.0
TSU,48.0,MEDIUM,19.0,15.0,79.76,0,0.0,2022,Monaco,17.0,2,1.3523333333333294,0.0,0.75,1.0
TSU,49.0,MEDIUM,20.0,15.0,82.476,0,0.0,2022,Monaco,17.0,2,2.311333333333328,0.0,0.765625,1.0
TSU,50.0,MEDIUM,21.0,15.0,79.084,0,0.0,2022,Monaco,17.0,2,2.0339999999999967,0.0,0.78125,1.0
TSU,51.0,MEDIUM,22.0,15.0,78.406,0,0.0,2022,Monaco,17.0,2,1.5826666666666636,0.0,0.796875,1.0
TSU,52.0,MEDIUM,23.0,15.0,78.915,0,0.0,2022,Monaco,17.0,2,0.3956666666666659,0.0,0.8125,1.0
TSU,53.0,MEDIUM,24.0,15.0,78.837,0,0.0,2022,Monaco,17.0,2,0.3133333333333326,0.0,0.828125,1.0
TSU,54.0,MEDIUM,25.0,15.0,78.89,0,0.0,2022,Monaco,17.0,2,0.4746666666666641,0.0,0.84375,1.0
TSU,55.0,MEDIUM,26.0,15.0,79.608,0,0.0,2022,Monaco,17.0,2,0.7056666666666634,0.0,0.859375,1.0
TSU,56.0,MEDIUM,27.0,17.0,110.325,1,0.0,2022,Monaco,17.0,3,12.225666666666664,0.4,0.875,1.0
TSU,57.0,SOFT,1.0,17.0,84.996,0,0.0,2022,Monaco,17.0,3,15.284999999999997,0.4,0.890625,0.0
TSU,58.0,SOFT,2.0,17.0,76.055,0,0.0,2022,Monaco,17.0,3,15.124666666666664,0.4,0.90625,0.0
TSU,59.0,SOFT,3.0,17.0,89.445,0,0.0,2022,Monaco,17.0,3,8.164666666666662,0.4,0.921875,0.0
TSU,60.0,SOFT,4.0,17.0,75.979,0,0.0,2022,Monaco,17.0,3,5.158999999999996,0.4,0.9375,0.0
TSU,61.0,SOFT,5.0,17.0,75.334,0,0.0,2022,Monaco,17.0,3,4.918666666666662,0.0,0.953125,0.0
TSU,62.0,SOFT,6.0,17.0,77.66,0,0.0,2022,Monaco,17.0,3,0.9903333333333298,0.0,0.96875,0.0
TSU,63.0,SOFT,7.0,17.0,75.7,0,0.0,2022,Monaco,17.0,3,0.897333333333331,0.0,0.984375,0.0
VER,3.0,WET,3.0,4.0,105.603,0,0.0,2022,Monaco,3.0,0,32.728500000000004,0.0,0.046875,4.0
VER,4.0,WET,4.0,4.0,101.426,0,0.0,2022,Monaco,3.0,0,25.167666666666673,0.0,0.0625,4.0
VER,5.0,WET,5.0,4.0,100.918,0,0.0,2022,Monaco,3.0,0,11.269000000000005,0.0,0.078125,4.0
VER,6.0,WET,6.0,4.0,98.151,0,0.0,2022,Monaco,3.0,0,8.785000000000005,0.0,0.09375,4.0
VER,7.0,WET,7.0,4.0,98.028,0,0.0,2022,Monaco,3.0,0,7.652333333333341,0.0,0.109375,4.0
VER,8.0,WET,8.0,4.0,97.715,0,0.0,2022,Monaco,3.0,0,6.584666666666673,0.0,0.125,4.0
VER,9.0,WET,9.0,4.0,96.951,0,0.0,2022,Monaco,3.0,0,6.184666666666672,0.0,0.140625,4.0
VER,10.0,WET,10.0,4.0,96.834,0,0.0,2022,Monaco,3.0,0,5.7866666666666715,0.0,0.15625,4.0
VER,11.0,WET,11.0,4.0,95.808,0,0.0,2022,Monaco,3.0,0,5.151000000000006,0.0,0.171875,4.0
VER,12.0,WET,12.0,4.0,95.414,0,0.0,2022,Monaco,3.0,0,4.638666666666675,0.0,0.1875,4.0
VER,13.0,WET,13.0,4.0,94.257,0,0.0,2022,Monaco,3.0,0,3.779666666666676,0.0,0.203125,4.0
VER,14.0,WET,14.0,4.0,94.031,0,0.0,2022,Monaco,3.0,0,3.187333333333342,0.0,0.21875,4.0
VER,15.0,WET,15.0,4.0,92.702,0,0.0,2022,Monaco,3.0,0,2.2833333333333408,0.0,0.234375,4.0
VER,16.0,WET,16.0,3.0,92.113,0,0.0,2022,Monaco,3.0,0,1.5686666666666724,-0.2,0.25,4.0
VER,17.0,WET,17.0,3.0,91.38,0,0.0,2022,Monaco,3.0,0,0.6850000000000023,-0.2,0.265625,4.0
VER,18.0,WET,18.0,4.0,109.118,1,0.0,2022,Monaco,3.0,1,8.348666666666665,0.0,0.28125,4.0
VER,19.0,INTERMEDIATE,18.0,4.0,88.667,0,0.0,2022,Monaco,3.0,1,9.39166666666666,0.0,0.296875,3.0
VER,20.0,INTERMEDIATE,18.0,4.0,84.805,0,0.0,2022,Monaco,3.0,1,9.39166666666666,0.0,0.3125,3.0
VER,21.0,INTERMEDIATE,18.0,2.0,87.259,0,0.0,2022,Monaco,3.0,1,2.1053333333333293,-0.2,0.328125,3.0
VER,22.0,INTERMEDIATE,18.0,3.0,104.688,1,0.0,2022,Monaco,3.0,2,10.36333333333333,0.0,0.34375,3.0
VER,23.0,HARD,1.0,3.0,91.284,0,0.0,2022,Monaco,3.0,2,15.440666666666663,-0.2,0.359375,2.0
VER,24.0,HARD,2.0,3.0,84.584,0,0.0,2022,Monaco,3.0,2,17.466666666666665,-0.2,0.375,2.0
VER,25.0,HARD,3.0,3.0,82.965,0,0.0,2022,Monaco,3.0,2,10.225666666666664,-0.2,0.390625,2.0
VER,26.0,HARD,4.0,3.0,82.674,0,0.0,2022,Monaco,3.0,2,7.355666666666664,0.2,0.40625,2.0
VER,27.0,HARD,5.0,3.0,120.175,0,0.0,2022,Monaco,3.0,2,19.219333333333328,0.0,0.421875,2.0
VER,28.0,HARD,6.0,3.0,126.222,0,0.0,2022,Monaco,3.0,2,33.63833333333333,0.0,0.4375,2.0
VER,29.0,HARD,7.0,3.0,118.806,0,0.0,2022,Monaco,3.0,2,45.682333333333325,0.0,0.453125,2.0
VER,32.0,MEDIUM,2.0,3.0,122.493,0,0.0,2022,Monaco,3.0,2,46.454999999999984,0.0,0.5,1.0
VER,33.0,MEDIUM,3.0,3.0,83.603,0,0.0,2022,Monaco,3.0,2,32.24866666666666,0.0,0.515625,1.0
VER,34.0,MEDIUM,4.0,3.0,81.169,0,0.0,2022,Monaco,3.0,2,19.70299999999999,0.0,0.53125,1.0
VER,35.0,MEDIUM,5.0,3.0,79.85,0,0.0,2022,Monaco,3.0,2,5.4886666666666555,0.0,0.546875,1.0
VER,36.0,MEDIUM,6.0,3.0,79.018,0,0.0,2022,Monaco,3.0,2,3.960333333333324,0.0,0.5625,1.0
VER,37.0,MEDIUM,7.0,3.0,78.481,0,0.0,2022,Monaco,3.0,2,3.064333333333323,0.0,0.578125,1.0
VER,38.0,MEDIUM,8.0,3.0,77.542,0,0.0,2022,Monaco,3.0,2,2.2949999999999924,0.0,0.59375,1.0
VER,39.0,MEDIUM,9.0,3.0,77.044,0,0.0,2022,Monaco,3.0,2,1.636999999999991,0.0,0.609375,1.0
VER,40.0,MEDIUM,10.0,3.0,76.543,0,0.0,2022,Monaco,3.0,2,0.9909999999999949,0.0,0.625,1.0
VER,41.0,MEDIUM,11.0,3.0,76.273,0,0.0,2022,Monaco,3.0,2,0.5679999999999931,0.0,0.640625,1.0
VER,42.0,MEDIUM,12.0,3.0,76.962,0,0.0,2022,Monaco,3.0,2,0.5406666666666619,0.0,0.65625,1.0
VER,43.0,MEDIUM,13.0,3.0,77.426,0,0.0,2022,Monaco,3.0,2,0.8349999999999937,0.0,0.671875,1.0
VER,44.0,MEDIUM,14.0,3.0,77.092,0,0.0,2022,Monaco,3.0,2,1.1079999999999945,0.0,0.6875,1.0
VER,45.0,MEDIUM,15.0,3.0,76.761,0,0.0,2022,Monaco,3.0,2,1.0409999999999922,0.0,0.703125,1.0
VER,46.0,MEDIUM,16.0,3.0,76.758,0,0.0,2022,Monaco,3.0,2,0.8183333333333233,0.0,0.71875,1.0
VER,47.0,MEDIUM,17.0,3.0,76.052,0,0.0,2022,Monaco,3.0,2,0.4716666666666593,0.0,0.734375,1.0
VER,48.0,MEDIUM,18.0,3.0,76.195,0,0.0,2022,Monaco,3.0,2,0.28299999999999176,0.0,0.75,1.0
VER,49.0,MEDIUM,19.0,3.0,76.906,0,0.0,2022,Monaco,3.0,2,0.33233333333332854,0.0,0.765625,1.0
VER,50.0,MEDIUM,20.0,3.0,76.832,0,0.0,2022,Monaco,3.0,2,0.5923333333333242,0.0,0.78125,1.0
VER,51.0,MEDIUM,21.0,3.0,77.503,0,0.0,2022,Monaco,3.0,2,1.0283333333333264,0.0,0.796875,1.0
VER,52.0,MEDIUM,22.0,3.0,77.241,0,0.0,2022,Monaco,3.0,2,1.139999999999991,0.0,0.8125,1.0
VER,53.0,MEDIUM,23.0,3.0,77.668,0,0.0,2022,Monaco,3.0,2,1.418666666666662,0.0,0.828125,1.0
VER,54.0,MEDIUM,24.0,3.0,77.692,0,0.0,2022,Monaco,3.0,2,1.4816666666666596,0.0,0.84375,1.0
VER,55.0,MEDIUM,25.0,3.0,78.227,0,0.0,2022,Monaco,3.0,2,1.8103333333333278,0.0,0.859375,1.0
VER,56.0,MEDIUM,26.0,3.0,78.731,0,0.0,2022,Monaco,3.0,2,2.164666666666657,0.0,0.875,1.0
VER,57.0,MEDIUM,27.0,3.0,78.916,0,0.0,2022,Monaco,3.0,2,2.572666666666658,0.0,0.890625,1.0
VER,58.0,MEDIUM,28.0,3.0,79.15,0,0.0,2022,Monaco,3.0,2,2.8803333333333256,0.0,0.90625,1.0
VER,59.0,MEDIUM,29.0,3.0,79.015,0,0.0,2022,Monaco,3.0,2,2.9749999999999943,0.0,0.921875,1.0
VER,60.0,MEDIUM,30.0,3.0,78.67,0,0.0,2022,Monaco,3.0,2,2.892999999999996,0.0,0.9375,1.0
VER,61.0,MEDIUM,31.0,3.0,78.904,0,0.0,2022,Monaco,3.0,2,2.810999999999993,0.0,0.953125,1.0
VER,62.0,MEDIUM,32.0,3.0,78.123,0,0.0,2022,Monaco,3.0,2,2.5136666666666607,0.0,0.96875,1.0
VER,63.0,MEDIUM,33.0,3.0,77.768,0,0.0,2022,Monaco,3.0,2,2.212999999999994,0.0,0.984375,1.0
VER,64.0,MEDIUM,34.0,3.0,77.965,0,0.0,2022,Monaco,3.0,2,1.8999999999999961,0.0,1.0,1.0
VET,3.0,WET,3.0,9.0,107.544,0,0.0,2022,Monaco,11.0,0,20.134999999999998,0.0,0.046875,4.0
VET,4.0,WET,4.0,9.0,104.206,0,0.0,2022,Monaco,11.0,0,14.231666666666664,0.0,0.0625,4.0
VET,5.0,WET,5.0,9.0,101.781,0,0.0,2022,Monaco,11.0,0,2.7293333333333294,0.0,0.078125,4.0
VET,6.0,WET,6.0,16.0,124.976,1,0.0,2022,Monaco,11.0,1,13.476999999999999,1.75,0.09375,4.0
VET,7.0,INTERMEDIATE,1.0,16.0,103.35,0,0.0,2022,Monaco,11.0,1,18.128666666666664,1.4,0.109375,3.0
VET,8.0,INTERMEDIATE,2.0,16.0,99.811,0,0.0,2022,Monaco,11.0,1,22.409000000000002,1.4,0.125,3.0
VET,9.0,INTERMEDIATE,3.0,16.0,97.7,0,0.0,2022,Monaco,11.0,1,13.317000000000002,1.4,0.140625,3.0
VET,10.0,INTERMEDIATE,4.0,16.0,96.824,0,0.0,2022,Monaco,11.0,1,11.141666666666671,1.4,0.15625,3.0
VET,11.0,INTERMEDIATE,5.0,15.0,96.628,0,0.0,2022,Monaco,11.0,1,10.080666666666668,-0.2,0.171875,3.0
VET,12.0,INTERMEDIATE,6.0,15.0,97.556,0,0.0,2022,Monaco,11.0,1,10.032666666666666,-0.2,0.1875,3.0
VET,13.0,INTERMEDIATE,7.0,15.0,99.9,0,0.0,2022,Monaco,11.0,1,11.058000000000002,-0.2,0.203125,3.0
VET,14.0,INTERMEDIATE,8.0,15.0,97.684,0,0.0,2022,Monaco,11.0,1,11.410000000000002,-0.2,0.21875,3.0
VET,15.0,INTERMEDIATE,9.0,15.0,96.424,0,0.0,2022,Monaco,11.0,1,11.032666666666671,-0.2,0.234375,3.0
VET,16.0,INTERMEDIATE,10.0,15.0,95.805,0,0.0,2022,Monaco,11.0,1,9.66766666666667,0.0,0.25,3.0
VET,17.0,INTERMEDIATE,11.0,14.0,94.96,0,0.0,2022,Monaco,11.0,1,8.75966666666667,-0.2,0.265625,3.0
VET,18.0,INTERMEDIATE,12.0,14.0,94.812,0,0.0,2022,Monaco,11.0,1,8.222333333333333,-0.2,0.28125,3.0
VET,19.0,INTERMEDIATE,13.0,13.0,89.768,0,0.0,2022,Monaco,11.0,1,6.209999999999998,-0.4,0.296875,3.0
VET,20.0,INTERMEDIATE,14.0,12.0,86.97,0,0.0,2022,Monaco,11.0,1,3.546666666666667,-0.6,0.3125,3.0
VET,21.0,INTERMEDIATE,15.0,11.0,87.225,0,0.0,2022,Monaco,11.0,1,1.0176666666666658,-0.8,0.328125,3.0
VET,22.0,INTERMEDIATE,16.0,9.0,90.44,0,0.0,2022,Monaco,11.0,1,1.2416666666666647,-1.0,0.34375,3.0
VET,23.0,INTERMEDIATE,17.0,12.0,105.46,1,0.0,2022,Monaco,11.0,2,10.542333333333326,-0.4,0.359375,3.0
VET,24.0,HARD,2.0,11.0,91.072,0,0.0,2022,Monaco,11.0,2,14.961999999999994,-0.4,0.375,2.0
VET,25.0,HARD,3.0,11.0,83.591,0,0.0,2022,Monaco,11.0,2,15.816333333333324,-0.2,0.390625,2.0
VET,26.0,HARD,4.0,11.0,111.989,0,0.0,2022,Monaco,11.0,2,17.99266666666666,0.0,0.40625,2.0
VET,27.0,HARD,5.0,11.0,114.774,0,0.0,2022,Monaco,11.0,2,25.893333333333327,0.4,0.421875,2.0
VET,28.0,HARD,6.0,11.0,115.582,0,0.0,2022,Monaco,11.0,2,36.556999999999995,-0.2,0.4375,2.0
VET,29.0,HARD,7.0,11.0,98.473,0,0.0,2022,Monaco,11.0,2,32.051666666666655,0.0,0.453125,2.0
VET,31.0,HARD,9.0,11.0,134.142,0,0.0,2022,Monaco,11.0,2,38.50766666666666,0.0,0.484375,2.0
VET,32.0,HARD,10.0,11.0,112.446,0,0.0,2022,Monaco,11.0,2,37.462333333333326,0.0,0.5,2.0
VET,33.0,HARD,11.0,11.0,85.143,0,0.0,2022,Monaco,11.0,2,33.01899999999999,0.0,0.515625,2.0
VET,34.0,HARD,12.0,11.0,82.895,0,0.0,2022,Monaco,11.0,2,15.936666666666659,0.0,0.53125,2.0
VET,35.0,HARD,13.0,11.0,82.805,0,0.0,2022,Monaco,11.0,2,6.056333333333328,0.0,0.546875,2.0
VET,36.0,HARD,14.0,11.0,82.257,0,0.0,2022,Monaco,11.0,2,5.094333333333329,0.0,0.5625,2.0
VET,37.0,HARD,15.0,11.0,81.949,0,0.0,2022,Monaco,11.0,2,4.778999999999996,0.0,0.578125,2.0
VET,38.0,HARD,16.0,11.0,81.355,0,0.0,2022,Monaco,11.0,2,4.295666666666662,0.0,0.59375,2.0
VET,39.0,HARD,17.0,11.0,80.777,0,0.0,2022,Monaco,11.0,2,3.8023333333333276,0.0,0.609375,2.0
VET,40.0,HARD,18.0,11.0,80.187,0,0.0,2022,Monaco,11.0,2,3.214999999999994,0.0,0.625,2.0
VET,41.0,HARD,19.0,11.0,79.861,0,0.0,2022,Monaco,11.0,2,2.716999999999994,0.0,0.640625,2.0
VET,42.0,HARD,20.0,11.0,79.943,0,0.0,2022,Monaco,11.0,2,2.438999999999993,0.0,0.65625,2.0
VET,43.0,HARD,21.0,11.0,79.017,0,0.0,2022,Monaco,11.0,2,2.0489999999999924,0.0,0.671875,2.0
VET,44.0,HARD,22.0,11.0,79.603,0,0.0,2022,Monaco,11.0,2,1.9629999999999892,0.0,0.6875,2.0
VET,45.0,HARD,23.0,11.0,79.769,0,0.0,2022,Monaco,11.0,2,1.9049999999999916,0.0,0.703125,2.0
VET,46.0,HARD,24.0,11.0,79.136,0,0.0,2022,Monaco,11.0,2,1.9446666666666583,0.0,0.71875,2.0
VET,47.0,HARD,25.0,11.0,78.76,0,0.0,2022,Monaco,11.0,2,1.6636666666666617,0.0,0.734375,2.0
VET,48.0,HARD,26.0,11.0,77.994,0,0.0,2022,Monaco,11.0,2,1.0719999999999932,0.0,0.75,2.0
VET,49.0,HARD,27.0,11.0,78.397,0,0.0,2022,Monaco,11.0,2,0.8256666666666632,0.0,0.765625,2.0
VET,50.0,HARD,28.0,11.0,78.652,0,0.0,2022,Monaco,11.0,2,0.7896666666666619,0.0,0.78125,2.0
VET,51.0,HARD,29.0,11.0,77.889,0,0.0,2022,Monaco,11.0,2,0.7546666666666605,0.0,0.796875,2.0
VET,52.0,HARD,30.0,11.0,77.789,0,0.0,2022,Monaco,11.0,2,0.5519999999999925,0.0,0.8125,2.0
VET,53.0,HARD,31.0,11.0,78.223,0,0.0,2022,Monaco,11.0,2,0.4089999999999918,0.0,0.828125,2.0
VET,54.0,HARD,32.0,11.0,77.558,0,0.0,2022,Monaco,11.0,2,0.2986666666666622,0.0,0.84375,2.0
VET,55.0,HARD,33.0,11.0,78.034,0,0.0,2022,Monaco,11.0,2,0.38033333333333036,0.0,0.859375,2.0
VET,56.0,HARD,34.0,11.0,78.293,0,0.0,2022,Monaco,11.0,2,0.4036666666666662,0.0,0.875,2.0
VET,57.0,HARD,35.0,11.0,77.822,0,0.0,2022,Monaco,11.0,2,0.49166666666666475,0.0,0.890625,2.0
VET,58.0,HARD,36.0,11.0,77.801,0,0.0,2022,Monaco,11.0,2,0.41399999999999676,0.0,0.90625,2.0
VET,59.0,HARD,37.0,11.0,77.83,0,0.0,2022,Monaco,11.0,2,0.2596666666666607,0.0,0.921875,2.0
VET,60.0,HARD,38.0,11.0,78.07,0,0.0,2022,Monaco,11.0,2,0.3423333333333242,0.0,0.9375,2.0
VET,61.0,HARD,39.0,11.0,77.645,0,0.0,2022,Monaco,11.0,2,0.29033333333332223,0.0,0.953125,2.0
VET,62.0,HARD,40.0,11.0,78.424,0,0.0,2022,Monaco,11.0,2,0.488333333333325,0.0,0.96875,2.0
VET,63.0,HARD,41.0,11.0,78.069,0,0.0,2022,Monaco,11.0,2,0.4879999999999948,0.0,0.984375,2.0
VET,64.0,HARD,42.0,11.0,78.23,0,0.0,2022,Monaco,11.0,2,0.6829999999999975,0.0,1.0,2.0
ZHO,3.0,WET,3.0,17.0,108.077,0,0.0,2022,Monaco,16.0,0,19.031,0.0,0.046875,4.0
ZHO,4.0,WET,4.0,16.0,105.705,0,0.0,2022,Monaco,16.0,0,16.259666666666664,-0.5,0.0625,4.0
ZHO,5.0,WET,5.0,16.0,103.285,0,0.0,2022,Monaco,16.0,0,10.700999999999999,-0.3333333333333333,0.078125,4.0
ZHO,6.0,WET,6.0,14.0,103.439,0,0.0,2022,Monaco,16.0,0,9.154999999999996,-0.75,0.09375,4.0
ZHO,7.0,WET,7.0,14.0,102.015,0,0.0,2022,Monaco,16.0,0,7.924999999999997,-0.6,0.109375,4.0
ZHO,8.0,WET,8.0,14.0,100.656,0,0.0,2022,Monaco,16.0,0,7.048666666666667,-0.6,0.125,4.0
ZHO,9.0,WET,9.0,14.0,100.376,0,0.0,2022,Monaco,16.0,0,6.027666666666671,-0.4,0.140625,4.0
ZHO,10.0,WET,10.0,14.0,99.434,0,0.0,2022,Monaco,16.0,0,5.167333333333336,-0.4,0.15625,4.0
ZHO,11.0,WET,11.0,13.0,98.623,0,0.0,2022,Monaco,16.0,0,4.489666666666669,-0.2,0.171875,4.0
ZHO,12.0,WET,12.0,14.0,99.636,0,0.0,2022,Monaco,16.0,0,4.242999999999999,0.0,0.1875,4.0
ZHO,13.0,WET,13.0,14.0,99.91,0,0.0,2022,Monaco,16.0,0,4.401666666666666,0.0,0.203125,4.0
ZHO,14.0,WET,14.0,14.0,97.785,0,0.0,2022,Monaco,16.0,0,4.12233333333333,0.0,0.21875,4.0
ZHO,15.0,WET,15.0,14.0,96.352,0,0.0,2022,Monaco,16.0,0,3.0276666666666663,0.0,0.234375,4.0
ZHO,16.0,WET,16.0,14.0,95.725,0,0.0,2022,Monaco,16.0,0,1.6326666666666654,0.2,0.25,4.0
ZHO,17.0,WET,17.0,15.0,96.145,0,0.0,2022,Monaco,16.0,0,1.0859999999999985,0.2,0.265625,4.0
ZHO,18.0,WET,18.0,15.0,94.988,0,0.0,2022,Monaco,16.0,0,0.6313333333333304,0.2,0.28125,4.0
ZHO,19.0,WET,19.0,17.0,113.108,1,0.0,2022,Monaco,16.0,1,12.021666666666667,0.6,0.296875,4.0
ZHO,20.0,HARD,19.0,17.0,99.451,0,0.0,2022,Monaco,16.0,1,18.719666666666665,0.6,0.3125,2.0
ZHO,21.0,HARD,19.0,17.0,90.576,0,0.0,2022,Monaco,16.0,1,22.844999999999995,0.6,0.328125,2.0
ZHO,22.0,HARD,19.0,16.0,93.449,0,0.0,2022,Monaco,16.0,1,16.29199999999999,0.2,0.34375,2.0
ZHO,23.0,HARD,19.0,16.0,86.882,0,0.0,2022,Monaco,16.0,1,12.102333333333329,0.2,0.359375,2.0
ZHO,24.0,HARD,19.0,16.0,88.501,0,0.0,2022,Monaco,16.0,1,11.410666666666666,-0.2,0.375,2.0
ZHO,25.0,HARD,19.0,16.0,82.377,0,0.0,2022,Monaco,16.0,1,7.719999999999999,-0.2,0.390625,2.0
ZHO,26.0,HARD,19.0,16.0,124.796,0,0.0,2022,Monaco,16.0,1,20.358,-0.2,0.40625,2.0
ZHO,27.0,HARD,19.0,16.0,125.632,0,0.0,2022,Monaco,16.0,1,32.735,0.0,0.421875,2.0
ZHO,28.0,HARD,19.0,16.0,117.605,0,0.0,2022,Monaco,16.0,1,44.477666666666664,0.0,0.4375,2.0
ZHO,30.0,MEDIUM,1.0,16.0,105.544,0,0.0,2022,Monaco,16.0,1,38.06033333333333,0.0,0.46875,1.0
ZHO,31.0,MEDIUM,2.0,16.0,89.024,0,0.0,2022,Monaco,16.0,1,25.857666666666663,0.0,0.484375,1.0
ZHO,32.0,MEDIUM,3.0,16.0,90.065,0,0.0,2022,Monaco,16.0,1,16.677666666666664,0.0,0.5,1.0
ZHO,33.0,MEDIUM,4.0,16.0,82.33,0,0.0,2022,Monaco,16.0,1,8.939666666666662,0.0,0.515625,1.0
ZHO,34.0,MEDIUM,5.0,16.0,82.397,0,0.0,2022,Monaco,16.0,1,6.730666666666664,0.0,0.53125,1.0
ZHO,35.0,MEDIUM,6.0,16.0,82.053,0,0.0,2022,Monaco,16.0,1,4.059999999999998,0.0,0.546875,1.0
ZHO,36.0,MEDIUM,7.0,16.0,82.159,0,0.0,2022,Monaco,16.0,1,4.003,0.0,0.5625,1.0
ZHO,37.0,MEDIUM,8.0,16.0,81.869,0,0.0,2022,Monaco,16.0,1,3.826999999999998,0.0,0.578125,1.0
ZHO,38.0,MEDIUM,9.0,16.0,81.571,0,0.0,2022,Monaco,16.0,1,3.666333333333332,0.0,0.59375,1.0
ZHO,39.0,MEDIUM,10.0,16.0,80.616,0,0.0,2022,Monaco,16.0,1,3.151999999999996,0.0,0.609375,1.0
ZHO,40.0,MEDIUM,11.0,16.0,80.512,0,0.0,2022,Monaco,16.0,1,2.6996666666666633,0.0,0.625,1.0
ZHO,41.0,MEDIUM,12.0,16.0,79.686,0,0.0,2022,Monaco,16.0,1,2.071333333333333,0.0,0.640625,1.0
ZHO,42.0,MEDIUM,13.0,16.0,80.712,0,0.0,2022,Monaco,16.0,1,2.103333333333334,0.0,0.65625,1.0
ZHO,43.0,MEDIUM,14.0,16.0,78.681,0,0.0,2022,Monaco,16.0,1,1.4929999999999997,0.0,0.671875,1.0
ZHO,44.0,MEDIUM,15.0,16.0,79.784,0,0.0,2022,Monaco,16.0,1,1.525666666666666,0.0,0.6875,1.0
ZHO,45.0,MEDIUM,16.0,16.0,79.891,0,0.0,2022,Monaco,16.0,1,1.252,0.0,0.703125,1.0
ZHO,46.0,MEDIUM,17.0,16.0,79.32,0,0.0,2022,Monaco,16.0,1,1.4649999999999987,0.0,0.71875,1.0
ZHO,47.0,MEDIUM,18.0,16.0,79.691,0,0.0,2022,Monaco,16.0,1,1.4339999999999975,0.0,0.734375,1.0
ZHO,48.0,MEDIUM,19.0,16.0,79.632,0,0.0,2022,Monaco,16.0,1,1.3476666666666641,0.0,0.75,1.0
ZHO,49.0,MEDIUM,20.0,17.0,84.257,0,0.0,2022,Monaco,16.0,1,2.9933333333333345,0.2,0.765625,1.0
ZHO,50.0,MEDIUM,21.0,17.0,78.999,0,0.0,2022,Monaco,16.0,1,2.7626666666666657,0.2,0.78125,1.0
ZHO,51.0,MEDIUM,22.0,17.0,78.342,0,0.0,2022,Monaco,16.0,1,2.3326666666666633,0.2,0.796875,1.0
ZHO,52.0,MEDIUM,23.0,17.0,78.2,0,0.0,2022,Monaco,16.0,1,0.31366666666666276,0.2,0.8125,1.0
ZHO,53.0,MEDIUM,24.0,17.0,79.101,0,0.0,2022,Monaco,16.0,1,0.34766666666666407,0.2,0.828125,1.0
ZHO,54.0,MEDIUM,25.0,17.0,79.079,0,0.0,2022,Monaco,16.0,1,0.5933333333333289,0.0,0.84375,1.0
ZHO,55.0,MEDIUM,26.0,17.0,79.326,0,0.0,2022,Monaco,16.0,1,0.9686666666666591,0.0,0.859375,1.0
ZHO,56.0,MEDIUM,27.0,16.0,79.812,0,0.0,2022,Monaco,16.0,1,1.2056666666666587,-0.2,0.875,1.0
ZHO,57.0,MEDIUM,28.0,16.0,79.211,0,0.0,2022,Monaco,16.0,1,1.2496666666666603,-0.2,0.890625,1.0
ZHO,58.0,MEDIUM,29.0,16.0,79.393,0,0.0,2022,Monaco,16.0,1,1.271999999999996,-0.2,0.90625,1.0
ZHO,59.0,MEDIUM,30.0,16.0,82.057,0,0.0,2022,Monaco,16.0,1,2.020333333333331,-0.2,0.921875,1.0
ZHO,60.0,MEDIUM,31.0,16.0,80.387,0,0.0,2022,Monaco,16.0,1,2.4123333333333314,-0.2,0.9375,1.0
ZHO,61.0,MEDIUM,32.0,16.0,81.853,0,0.0,2022,Monaco,16.0,1,3.2323333333333295,0.0,0.953125,1.0
ZHO,62.0,MEDIUM,33.0,16.0,79.606,0,0.0,2022,Monaco,16.0,1,2.415333333333327,0.0,0.96875,1.0
ZHO,63.0,MEDIUM,34.0,16.0,79.547,0,0.0,2022,Monaco,16.0,1,2.135333333333326,0.0,0.984375,1.0
ALB,2.0,MEDIUM,2.0,6.0,130.798,0,0.0,2023,Australia,6.0,0,35.2365,0.0,0.03508771929824561,1.0
ALB,3.0,MEDIUM,3.0,6.0,129.355,0,0.0,2023,Australia,6.0,0,38.82633333333333,0.0,0.05263157894736842,1.0
ALB,4.0,MEDIUM,4.0,6.0,84.327,0,0.0,2023,Australia,6.0,0,31.47766666666666,0.0,0.07017543859649122,1.0
ALB,5.0,MEDIUM,5.0,6.0,83.639,0,0.0,2023,Australia,6.0,0,15.75799999999999,0.0,0.08771929824561403,1.0
ALB,6.0,MEDIUM,6.0,6.0,83.349,0,0.0,2023,Australia,6.0,0,0.42266666666666214,0.0,0.10526315789473684,1.0
ALO,2.0,MEDIUM,3.0,5.0,130.728,0,0.0,2023,Australia,3.0,0,37.65950000000001,0.0,0.03508771929824561,1.0
ALO,3.0,MEDIUM,4.0,5.0,129.502,0,0.0,2023,Australia,3.0,0,41.448333333333345,0.0,0.05263157894736842,1.0
ALO,4.0,MEDIUM,5.0,5.0,84.293,0,0.0,2023,Australia,3.0,0,34.36500000000001,0.0,0.07017543859649122,1.0
ALO,5.0,MEDIUM,6.0,5.0,83.29,0,0.0,2023,Australia,3.0,0,18.55233333333334,0.0,0.08771929824561403,1.0
ALO,6.0,MEDIUM,7.0,5.0,82.603,0,0.0,2023,Australia,3.0,0,2.9193333333333364,0.0,0.10526315789473684,1.0
ALO,7.0,MEDIUM,8.0,3.0,95.355,0,0.0,2023,Australia,3.0,0,6.606666666666669,-0.4,0.12280701754385964,1.0
ALO,10.0,HARD,2.0,3.0,88.668,0,0.0,2023,Australia,3.0,0,8.399333333333336,-0.4,0.17543859649122806,2.0
ALO,11.0,HARD,3.0,3.0,84.644,0,0.0,2023,Australia,3.0,0,9.079666666666673,-0.4,0.19298245614035087,2.0
ALO,12.0,HARD,4.0,3.0,83.321,0,0.0,2023,Australia,3.0,0,5.068333333333338,-0.4,0.21052631578947367,2.0
ALO,13.0,HARD,5.0,3.0,83.634,0,0.0,2023,Australia,3.0,0,3.3903333333333356,-0.4,0.22807017543859648,2.0
ALO,14.0,HARD,6.0,3.0,83.424,0,0.0,2023,Australia,3.0,0,2.9836666666666694,0.0,0.24561403508771928,2.0
ALO,15.0,HARD,7.0,3.0,83.008,0,0.0,2023,Australia,3.0,0,2.879333333333335,0.0,0.2631578947368421,2.0
ALO,16.0,HARD,8.0,3.0,82.26,0,0.0,2023,Australia,3.0,0,2.4213333333333367,0.0,0.2807017543859649,2.0
ALO,17.0,HARD,9.0,3.0,82.261,0,0.0,2023,Australia,3.0,0,2.0336666666666665,0.0,0.2982456140350877,2.0
ALO,18.0,HARD,10.0,3.0,101.221,0,0.0,2023,Australia,3.0,0,8.104666666666668,0.0,0.3157894736842105,2.0
ALO,19.0,HARD,11.0,3.0,102.386,0,0.0,2023,Australia,3.0,0,14.813333333333333,0.0,0.3333333333333333,2.0
ALO,20.0,HARD,12.0,3.0,82.913,0,0.0,2023,Australia,3.0,0,15.030666666666667,0.0,0.3508771929824561,2.0
ALO,21.0,HARD,13.0,3.0,82.921,0,0.0,2023,Australia,3.0,0,8.930666666666667,0.0,0.3684210526315789,2.0
ALO,22.0,HARD,14.0,3.0,83.054,0,0.0,2023,Australia,3.0,0,2.4866666666666695,0.0,0.38596491228070173,2.0
ALO,23.0,HARD,15.0,3.0,83.087,0,0.0,2023,Australia,3.0,0,2.5446666666666715,0.0,0.40350877192982454,2.0
ALO,24.0,HARD,16.0,3.0,82.885,0,0.0,2023,Australia,3.0,0,2.532666666666671,0.0,0.42105263157894735,2.0
ALO,25.0,HARD,17.0,3.0,82.934,0,0.0,2023,Australia,3.0,0,2.4926666666666697,0.0,0.43859649122807015,2.0
ALO,26.0,HARD,18.0,3.0,82.325,0,0.0,2023,Australia,3.0,0,2.2386666666666692,0.0,0.45614035087719296,2.0
ALO,27.0,HARD,19.0,3.0,82.354,0,0.0,2023,Australia,3.0,0,2.0616666666666674,0.0,0.47368421052631576,2.0
ALO,28.0,HARD,20.0,3.0,81.901,0,0.0,2023,Australia,3.0,0,1.7173333333333336,0.0,0.49122807017543857,2.0
ALO,29.0,HARD,21.0,3.0,82.029,0,0.0,2023,Australia,3.0,0,1.618666666666665,0.0,0.5087719298245614,2.0
ALO,30.0,HARD,22.0,3.0,81.932,0,0.0,2023,Australia,3.0,0,1.477999999999999,0.0,0.5263157894736842,2.0
ALO,31.0,HARD,23.0,3.0,82.456,0,0.0,2023,Australia,3.0,0,1.6630000000000014,0.0,0.543859649122807,2.0
ALO,32.0,HARD,24.0,3.0,82.098,0,0.0,2023,Australia,3.0,0,1.6860000000000024,0.0,0.5614035087719298,2.0
ALO,33.0,HARD,25.0,3.0,81.991,0,0.0,2023,Australia,3.0,0,1.7056666666666682,0.0,0.5789473684210527,2.0
ALO,34.0,HARD,26.0,3.0,82.021,0,0.0,2023,Australia,3.0,0,1.5606666666666673,0.0,0.5964912280701754,2.0
ALO,35.0,HARD,27.0,3.0,81.728,0,0.0,2023,Australia,3.0,0,1.4373333333333325,0.0,0.6140350877192983,2.0
ALO,36.0,HARD,28.0,3.0,81.687,0,0.0,2023,Australia,3.0,0,1.3359999999999985,0.0,0.631578947368421,2.0
ALO,37.0,HARD,29.0,3.0,81.573,0,0.0,2023,Australia,3.0,0,1.1866666666666628,0.0,0.6491228070175439,2.0
ALO,38.0,HARD,30.0,3.0,81.716,0,0.0,2023,Australia,3.0,0,1.1826666666666625,0.0,0.6666666666666666,2.0
ALO,39.0,HARD,31.0,3.0,81.654,0,0.0,2023,Australia,3.0,0,1.1716666666666622,0.0,0.6842105263157895,2.0
ALO,40.0,HARD,32.0,3.0,81.694,0,0.0,2023,Australia,3.0,0,1.2119999999999986,0.0,0.7017543859649122,2.0
ALO,41.0,HARD,33.0,3.0,81.37,0,0.0,2023,Australia,3.0,0,1.0966666666666687,0.0,0.7192982456140351,2.0
ALO,42.0,HARD,34.0,3.0,81.284,0,0.0,2023,Australia,3.0,0,0.9733333333333386,0.0,0.7368421052631579,2.0
ALO,43.0,HARD,35.0,3.0,81.206,0,0.0,2023,Australia,3.0,0,0.8106666666666721,0.0,0.7543859649122807,2.0
ALO,44.0,HARD,36.0,3.0,80.959,0,0.0,2023,Australia,3.0,0,0.6736666666666716,0.0,0.7719298245614035,2.0
ALO,45.0,HARD,37.0,3.0,81.063,0,0.0,2023,Australia,3.0,0,0.6000000000000038,0.0,0.7894736842105263,2.0
ALO,46.0,HARD,38.0,3.0,80.69,0,0.0,2023,Australia,3.0,0,0.428000000000002,0.0,0.8070175438596491,2.0
ALO,47.0,HARD,39.0,3.0,81.031,0,0.0,2023,Australia,3.0,0,0.4520000000000029,0.0,0.8245614035087719,2.0
ALO,48.0,HARD,40.0,3.0,81.118,0,0.0,2023,Australia,3.0,0,0.47033333333333377,0.0,0.8421052631578947,2.0
ALO,49.0,HARD,41.0,3.0,80.734,0,0.0,2023,Australia,3.0,0,0.48499999999999943,0.0,0.8596491228070176,2.0
ALO,50.0,HARD,42.0,3.0,80.723,0,0.0,2023,Australia,3.0,0,0.38233333333333047,0.0,0.8771929824561403,2.0
ALO,51.0,HARD,43.0,3.0,80.904,0,0.0,2023,Australia,3.0,0,0.31099999999999756,0.0,0.8947368421052632,2.0
ALO,52.0,HARD,44.0,3.0,80.516,0,0.0,2023,Australia,3.0,0,0.23833333333333448,0.0,0.9122807017543859,2.0
ALO,53.0,HARD,45.0,3.0,80.476,0,0.0,2023,Australia,3.0,0,0.15600000000000117,0.0,0.9298245614035088,2.0
ALO,54.0,HARD,46.0,3.0,95.066,0,0.0,2023,Australia,3.0,0,4.87666666666667,0.0,0.9473684210526315,2.0
BOT,2.0,HARD,1.0,17.0,114.147,0,0.0,2023,Australia,14.0,1,43.4185,-2.0,0.03508771929824561,2.0
BOT,3.0,HARD,2.0,17.0,122.845,0,0.0,2023,Australia,14.0,1,42.483,-1.0,0.05263157894736842,2.0
BOT,4.0,HARD,3.0,18.0,86.356,0,0.0,2023,Australia,14.0,1,25.549666666666663,-0.3333333333333333,0.07017543859649122,2.0
BOT,5.0,HARD,4.0,18.0,84.849,0,0.0,2023,Australia,14.0,1,15.783666666666662,-0.25,0.08771929824561403,2.0
BOT,6.0,HARD,5.0,18.0,84.331,0,0.0,2023,Australia,14.0,1,2.945666666666663,-0.2,0.10526315789473684,2.0
BOT,7.0,HARD,6.0,16.0,103.169,0,0.0,2023,Australia,14.0,1,8.549999999999997,-0.2,0.12280701754385964,2.0
BOT,10.0,HARD,9.0,18.0,94.202,0,0.0,2023,Australia,14.0,1,11.667666666666662,0.2,0.17543859649122806,2.0
BOT,11.0,HARD,10.0,18.0,85.889,0,0.0,2023,Australia,14.0,1,12.186999999999992,0.0,0.19298245614035087,2.0
BOT,12.0,HARD,11.0,18.0,84.397,0,0.0,2023,Australia,14.0,1,5.929666666666662,0.0,0.21052631578947367,2.0
BOT,13.0,HARD,12.0,18.0,83.394,0,0.0,2023,Australia,14.0,1,2.326999999999998,0.0,0.22807017543859648,2.0
BOT,14.0,HARD,13.0,18.0,83.598,0,0.0,2023,Australia,14.0,1,1.5633333333333326,0.4,0.24561403508771928,2.0
BOT,15.0,HARD,14.0,18.0,83.939,0,0.0,2023,Australia,14.0,1,1.4106666666666616,0.0,0.2631578947368421,2.0
BOT,16.0,HARD,15.0,18.0,84.456,0,0.0,2023,Australia,14.0,1,1.7646666666666608,0.0,0.2807017543859649,2.0
BOT,17.0,HARD,16.0,18.0,84.103,0,0.0,2023,Australia,14.0,1,1.9329999999999927,0.0,0.2982456140350877,2.0
BOT,18.0,HARD,17.0,16.0,109.902,0,0.0,2023,Australia,14.0,1,10.587333333333328,-0.4,0.3157894736842105,2.0
BOT,19.0,HARD,18.0,16.0,96.697,0,0.0,2023,Australia,14.0,1,14.667666666666662,-0.4,0.3333333333333333,2.0
BOT,20.0,HARD,19.0,17.0,85.798,0,0.0,2023,Australia,14.0,1,15.232666666666665,-0.2,0.3508771929824561,2.0
BOT,21.0,HARD,20.0,17.0,84.504,0,0.0,2023,Australia,14.0,1,6.766666666666666,-0.2,0.3684210526315789,2.0
BOT,22.0,HARD,21.0,17.0,83.753,0,0.0,2023,Australia,14.0,1,2.451999999999998,-0.2,0.38596491228070173,2.0
BOT,23.0,HARD,22.0,17.0,83.485,0,0.0,2023,Australia,14.0,1,1.6809999999999974,0.2,0.40350877192982454,2.0
BOT,24.0,HARD,23.0,17.0,84.155,0,0.0,2023,Australia,14.0,1,1.5646666666666629,0.2,0.42105263157894735,2.0
BOT,25.0,HARD,24.0,17.0,84.481,0,0.0,2023,Australia,14.0,1,1.8073333333333277,0.0,0.43859649122807015,2.0
BOT,26.0,HARD,25.0,17.0,84.149,0,0.0,2023,Australia,14.0,1,2.0286666666666613,0.0,0.45614035087719296,2.0
BOT,27.0,HARD,26.0,16.0,84.528,0,0.0,2023,Australia,14.0,1,2.1529999999999965,-0.2,0.47368421052631576,2.0
BOT,28.0,HARD,27.0,16.0,83.298,0,0.0,2023,Australia,14.0,1,1.7586666666666655,-0.2,0.49122807017543857,2.0
BOT,29.0,HARD,28.0,16.0,83.014,0,0.0,2023,Australia,14.0,1,1.3803333333333303,-0.2,0.5087719298245614,2.0
BOT,30.0,HARD,29.0,16.0,83.485,0,0.0,2023,Australia,14.0,1,1.0326666666666615,-0.2,0.5263157894736842,2.0
BOT,31.0,HARD,30.0,16.0,83.366,0,0.0,2023,Australia,14.0,1,1.0553333333333275,-0.2,0.543859649122807,2.0
BOT,32.0,HARD,31.0,16.0,83.593,0,0.0,2023,Australia,14.0,1,1.2483333333333302,0.0,0.5614035087719298,2.0
BOT,33.0,HARD,32.0,16.0,83.716,0,0.0,2023,Australia,14.0,1,1.3253333333333284,0.0,0.5789473684210527,2.0
BOT,34.0,HARD,33.0,16.0,83.765,0,0.0,2023,Australia,14.0,1,1.4583333333333286,0.0,0.5964912280701754,2.0
BOT,35.0,HARD,34.0,15.0,83.049,0,0.0,2023,Australia,14.0,1,1.2769999999999964,-0.2,0.6140350877192983,2.0
BOT,36.0,HARD,35.0,15.0,82.831,0,0.0,2023,Australia,14.0,1,0.9819999999999993,-0.2,0.631578947368421,2.0
BOT,37.0,HARD,36.0,15.0,83.02,0,0.0,2023,Australia,14.0,1,0.7336666666666645,-0.2,0.6491228070175439,2.0
BOT,38.0,HARD,37.0,15.0,82.773,0,0.0,2023,Australia,14.0,1,0.641666666666661,-0.2,0.6666666666666666,2.0
BOT,39.0,HARD,38.0,15.0,83.019,0,0.0,2023,Australia,14.0,1,0.7043333333333285,-0.2,0.6842105263157895,2.0
BOT,40.0,HARD,39.0,15.0,82.695,0,0.0,2023,Australia,14.0,1,0.5959999999999942,0.0,0.7017543859649122,2.0
BOT,41.0,HARD,40.0,15.0,83.085,0,0.0,2023,Australia,14.0,1,0.6999999999999934,0.0,0.7192982456140351,2.0
BOT,42.0,HARD,41.0,15.0,82.944,0,0.0,2023,Australia,14.0,1,0.6749999999999924,0.0,0.7368421052631579,2.0
BOT,43.0,HARD,42.0,15.0,82.563,0,0.0,2023,Australia,14.0,1,0.6309999999999955,0.0,0.7543859649122807,2.0
BOT,44.0,HARD,43.0,15.0,82.523,0,0.0,2023,Australia,14.0,1,0.44366666666666293,0.0,0.7719298245614035,2.0
BOT,45.0,HARD,44.0,15.0,82.391,0,0.0,2023,Australia,14.0,1,0.25933333333333053,0.0,0.7894736842105263,2.0
BOT,46.0,HARD,45.0,15.0,82.233,0,0.0,2023,Australia,14.0,1,0.1493333333333311,0.0,0.8070175438596491,2.0
BOT,47.0,HARD,46.0,15.0,82.37,0,0.0,2023,Australia,14.0,1,0.0983333333333339,0.0,0.8245614035087719,2.0
BOT,48.0,HARD,47.0,15.0,82.436,0,0.0,2023,Australia,14.0,1,0.11333333333333447,0.0,0.8421052631578947,2.0
BOT,49.0,HARD,48.0,15.0,82.473,0,0.0,2023,Australia,14.0,1,0.19333333333333277,0.0,0.8596491228070176,2.0
BOT,50.0,HARD,49.0,15.0,82.405,0,0.0,2023,Australia,14.0,1,0.2049999999999983,0.0,0.8771929824561403,2.0
BOT,51.0,HARD,50.0,15.0,82.473,0,0.0,2023,Australia,14.0,1,0.21733333333332894,0.0,0.8947368421052632,2.0
BOT,52.0,HARD,51.0,15.0,82.661,0,0.0,2023,Australia,14.0,1,0.2799999999999964,0.0,0.9122807017543859,2.0
BOT,53.0,HARD,52.0,14.0,110.643,1,0.0,2023,Australia,14.0,2,0.22266666666666404,-0.2,0.9298245614035088,2.0
DEV,2.0,HARD,2.0,14.0,127.5,0,0.0,2023,Australia,16.0,0,40.11450000000001,0.0,0.03508771929824561,2.0
DEV,3.0,HARD,3.0,14.0,123.952,0,0.0,2023,Australia,16.0,0,40.20066666666667,0.0,0.05263157894736842,2.0
DEV,4.0,HARD,4.0,14.0,85.259,0,0.0,2023,Australia,16.0,0,28.658000000000005,0.0,0.07017543859649122,2.0
DEV,5.0,HARD,5.0,14.0,85.025,0,0.0,2023,Australia,16.0,0,14.499666666666675,0.0,0.08771929824561403,2.0
DEV,6.0,HARD,6.0,14.0,84.18,0,0.0,2023,Australia,16.0,0,1.2423333333333442,0.0,0.10526315789473684,2.0
DEV,7.0,HARD,7.0,12.0,101.827,0,0.0,2023,Australia,16.0,0,6.76500000000001,-0.4,0.12280701754385964,2.0
DEV,10.0,MEDIUM,2.0,17.0,94.287,0,0.0,2023,Australia,16.0,0,9.852333333333343,0.6,0.17543859649122806,1.0
DEV,11.0,MEDIUM,3.0,17.0,85.891,0,0.0,2023,Australia,16.0,0,10.422666666666677,0.6,0.19298245614035087,1.0
DEV,12.0,MEDIUM,4.0,17.0,84.118,0,0.0,2023,Australia,16.0,0,4.519666666666676,0.6,0.21052631578947367,1.0
DEV,13.0,MEDIUM,5.0,17.0,83.579,0,0.0,2023,Australia,16.0,0,0.9503333333333378,0.6,0.22807017543859648,1.0
DEV,14.0,MEDIUM,6.0,17.0,83.662,0,0.0,2023,Australia,16.0,0,0.20733333333333803,1.0,0.24561403508771928,1.0
DEV,15.0,MEDIUM,7.0,17.0,83.984,0,0.0,2023,Australia,16.0,0,0.16266666666667126,0.0,0.2631578947368421,1.0
DEV,16.0,MEDIUM,8.0,17.0,84.689,0,0.0,2023,Australia,16.0,0,0.5326666666666711,0.0,0.2807017543859649,1.0
DEV,17.0,MEDIUM,9.0,17.0,84.01,0,0.0,2023,Australia,16.0,0,0.6486666666666707,0.0,0.2982456140350877,1.0
DEV,18.0,MEDIUM,10.0,17.0,111.842,0,0.0,2023,Australia,16.0,0,9.934666666666672,0.0,0.3157894736842105,1.0
DEV,19.0,MEDIUM,11.0,17.0,95.942,0,0.0,2023,Australia,16.0,0,13.685666666666672,0.0,0.3333333333333333,1.0
DEV,20.0,MEDIUM,12.0,16.0,84.161,0,0.0,2023,Australia,16.0,0,13.736000000000004,-0.2,0.3508771929824561,1.0
DEV,21.0,MEDIUM,13.0,16.0,83.792,0,0.0,2023,Australia,16.0,0,4.3860000000000054,-0.2,0.3684210526315789,1.0
DEV,22.0,MEDIUM,14.0,16.0,84.349,0,0.0,2023,Australia,16.0,0,0.5216666666666754,-0.2,0.38596491228070173,1.0
DEV,23.0,MEDIUM,15.0,16.0,84.019,0,0.0,2023,Australia,16.0,0,0.47433333333334343,-0.2,0.40350877192982454,1.0
DEV,24.0,MEDIUM,16.0,16.0,84.229,0,0.0,2023,Australia,16.0,0,0.6200000000000093,-0.2,0.42105263157894735,1.0
DEV,25.0,MEDIUM,17.0,16.0,84.453,0,0.0,2023,Australia,16.0,0,0.6546666666666757,0.0,0.43859649122807015,1.0
DEV,26.0,MEDIUM,18.0,16.0,84.353,0,0.0,2023,Australia,16.0,0,0.7660000000000053,0.0,0.45614035087719296,1.0
DEV,27.0,MEDIUM,19.0,17.0,86.014,0,0.0,2023,Australia,16.0,0,1.3610000000000042,0.2,0.47368421052631576,1.0
DEV,28.0,MEDIUM,20.0,17.0,84.406,0,0.0,2023,Australia,16.0,0,1.3453333333333386,0.2,0.49122807017543857,1.0
DEV,29.0,MEDIUM,21.0,17.0,84.527,0,0.0,2023,Australia,16.0,0,1.4033333333333406,0.2,0.5087719298245614,1.0
DEV,30.0,MEDIUM,22.0,17.0,84.284,0,0.0,2023,Australia,16.0,0,0.8266666666666774,0.2,0.5263157894736842,1.0
DEV,31.0,MEDIUM,23.0,17.0,84.333,0,0.0,2023,Australia,16.0,0,0.8023333333333417,0.2,0.543859649122807,1.0
DEV,32.0,MEDIUM,24.0,17.0,84.357,0,0.0,2023,Australia,16.0,0,0.7456666666666744,0.0,0.5614035087719298,1.0
DEV,33.0,MEDIUM,25.0,17.0,83.992,0,0.0,2023,Australia,16.0,0,0.6483333333333405,0.0,0.5789473684210527,1.0
DEV,34.0,MEDIUM,26.0,17.0,84.134,0,0.0,2023,Australia,16.0,0,0.5820000000000078,0.0,0.5964912280701754,1.0
DEV,35.0,MEDIUM,27.0,17.0,84.628,0,0.0,2023,Australia,16.0,0,0.6723333333333414,0.0,0.6140350877192983,1.0
DEV,36.0,MEDIUM,28.0,16.0,84.398,0,0.0,2023,Australia,16.0,0,0.807666666666672,-0.2,0.631578947368421,1.0
DEV,37.0,MEDIUM,29.0,16.0,84.155,0,0.0,2023,Australia,16.0,0,0.8146666666666723,-0.2,0.6491228070175439,1.0
DEV,38.0,MEDIUM,30.0,16.0,84.131,0,0.0,2023,Australia,16.0,0,0.6490000000000057,-0.2,0.6666666666666666,1.0
DEV,39.0,MEDIUM,31.0,16.0,83.947,0,0.0,2023,Australia,16.0,0,0.49866666666667453,-0.2,0.6842105263157895,1.0
DEV,40.0,MEDIUM,32.0,16.0,83.933,0,0.0,2023,Australia,16.0,0,0.42466666666667646,-0.2,0.7017543859649122,1.0
DEV,41.0,MEDIUM,33.0,16.0,83.696,0,0.0,2023,Australia,16.0,0,0.27966666666667567,0.0,0.7192982456140351,1.0
DEV,42.0,MEDIUM,34.0,16.0,84.184,0,0.0,2023,Australia,16.0,0,0.35866666666667396,0.0,0.7368421052631579,1.0
DEV,43.0,MEDIUM,35.0,16.0,85.035,0,0.0,2023,Australia,16.0,0,0.7260000000000039,0.0,0.7543859649122807,1.0
DEV,44.0,MEDIUM,36.0,16.0,83.637,0,0.0,2023,Australia,16.0,0,0.706333333333338,0.0,0.7719298245614035,1.0
DEV,45.0,MEDIUM,37.0,17.0,98.544,1,0.0,2023,Australia,16.0,1,6.291666666666667,0.2,0.7894736842105263,1.0
DEV,46.0,SOFT,1.0,17.0,88.53,0,0.0,2023,Australia,16.0,1,8.255333333333331,0.2,0.8070175438596491,0.0
DEV,47.0,SOFT,2.0,17.0,81.844,0,0.0,2023,Australia,16.0,1,8.456333333333324,0.2,0.8245614035087719,0.0
DEV,48.0,SOFT,3.0,17.0,81.693,0,0.0,2023,Australia,16.0,1,2.839333333333324,0.2,0.8421052631578947,0.0
DEV,49.0,SOFT,4.0,17.0,81.288,0,0.0,2023,Australia,16.0,1,0.4253333333333226,0.2,0.8596491228070176,0.0
DEV,50.0,SOFT,5.0,17.0,81.183,0,0.0,2023,Australia,16.0,1,0.20499999999999355,0.0,0.8771929824561403,0.0
DEV,51.0,SOFT,6.0,17.0,81.331,0,0.0,2023,Australia,16.0,1,0.08433333333332864,0.0,0.8947368421052632,0.0
DEV,52.0,SOFT,7.0,17.0,81.189,0,0.0,2023,Australia,16.0,1,0.05133333333332738,0.0,0.9122807017543859,0.0
DEV,53.0,SOFT,8.0,16.0,105.538,0,0.0,2023,Australia,16.0,1,8.169666666666657,-0.2,0.9298245614035088,0.0
GAS,2.0,SOFT,2.0,8.0,131.323,0,0.0,2023,Australia,5.0,0,39.813,0.0,0.03508771929824561,0.0
GAS,3.0,SOFT,3.0,8.0,125.832,0,0.0,2023,Australia,5.0,0,41.48766666666666,0.0,0.05263157894736842,0.0
GAS,4.0,SOFT,4.0,8.0,84.671,0,0.0,2023,Australia,5.0,0,32.946999999999996,0.0,0.07017543859649122,0.0
GAS,5.0,SOFT,5.0,8.0,84.29,0,0.0,2023,Australia,5.0,0,17.269333333333332,0.0,0.08771929824561403,0.0
GAS,6.0,SOFT,6.0,8.0,83.529,0,0.0,2023,Australia,5.0,0,3.1683333333333317,0.0,0.10526315789473684,0.0
GAS,7.0,SOFT,7.0,5.0,96.571,0,0.0,2023,Australia,5.0,0,7.134999999999995,-0.6,0.12280701754385964,0.0
GAS,10.0,HARD,2.0,4.0,89.037,0,0.0,2023,Australia,5.0,0,8.717333333333329,-0.8,0.17543859649122806,2.0
GAS,11.0,HARD,3.0,4.0,84.459,0,0.0,2023,Australia,5.0,0,9.027333333333331,-0.8,0.19298245614035087,2.0
GAS,12.0,HARD,4.0,4.0,83.647,0,0.0,2023,Australia,5.0,0,4.719333333333334,-0.8,0.21052631578947367,2.0
GAS,13.0,HARD,5.0,5.0,84.568,0,0.0,2023,Australia,5.0,0,3.2296666666666645,-0.6,0.22807017543859648,2.0
GAS,14.0,HARD,6.0,5.0,83.268,0,0.0,2023,Australia,5.0,0,2.8326666666666633,0.0,0.24561403508771928,2.0
GAS,15.0,HARD,7.0,5.0,83.078,0,0.0,2023,Australia,5.0,0,2.642999999999996,0.2,0.2631578947368421,2.0
GAS,16.0,HARD,8.0,5.0,82.777,0,0.0,2023,Australia,5.0,0,2.045999999999997,0.2,0.2807017543859649,2.0
GAS,17.0,HARD,9.0,4.0,83.243,0,0.0,2023,Australia,5.0,0,2.0376666666666616,0.0,0.2982456140350877,2.0
GAS,18.0,HARD,10.0,4.0,103.086,0,0.0,2023,Australia,5.0,0,8.706999999999994,-0.2,0.3157894736842105,2.0
GAS,19.0,HARD,11.0,4.0,100.408,0,0.0,2023,Australia,5.0,0,14.583999999999994,-0.2,0.3333333333333333,2.0
GAS,20.0,HARD,12.0,4.0,82.599,0,0.0,2023,Australia,5.0,0,14.36933333333333,-0.2,0.3508771929824561,2.0
GAS,21.0,HARD,13.0,4.0,82.45,0,0.0,2023,Australia,5.0,0,7.490666666666665,-0.2,0.3684210526315789,2.0
GAS,22.0,HARD,14.0,4.0,82.85,0,0.0,2023,Australia,5.0,0,1.6379999999999957,0.0,0.38596491228070173,2.0
GAS,23.0,HARD,15.0,4.0,82.531,0,0.0,2023,Australia,5.0,0,1.6153333333333297,0.0,0.40350877192982454,2.0
GAS,24.0,HARD,16.0,4.0,82.498,0,0.0,2023,Australia,5.0,0,1.6313333333333304,0.0,0.42105263157894735,2.0
GAS,25.0,HARD,17.0,5.0,84.245,0,0.0,2023,Australia,5.0,0,2.096333333333334,0.2,0.43859649122807015,2.0
GAS,26.0,HARD,18.0,5.0,82.313,0,0.0,2023,Australia,5.0,0,2.023666666666666,0.2,0.45614035087719296,2.0
GAS,27.0,HARD,19.0,5.0,82.115,0,0.0,2023,Australia,5.0,0,1.8959999999999961,0.2,0.47368421052631576,2.0
GAS,28.0,HARD,20.0,5.0,82.026,0,0.0,2023,Australia,5.0,0,1.1563333333333266,0.2,0.49122807017543857,2.0
GAS,29.0,HARD,21.0,5.0,82.237,0,0.0,2023,Australia,5.0,0,1.1309999999999907,0.2,0.5087719298245614,2.0
GAS,30.0,HARD,22.0,5.0,82.188,0,0.0,2023,Australia,5.0,0,1.1553333333333267,0.0,0.5263157894736842,2.0
GAS,31.0,HARD,23.0,5.0,81.964,0,0.0,2023,Australia,5.0,0,1.1346666666666607,0.0,0.543859649122807,2.0
GAS,32.0,HARD,24.0,5.0,81.947,0,0.0,2023,Australia,5.0,0,1.0379999999999967,0.0,0.5614035087719298,2.0
GAS,33.0,HARD,25.0,5.0,81.806,0,0.0,2023,Australia,5.0,0,0.9106666666666617,0.0,0.5789473684210527,2.0
GAS,34.0,HARD,26.0,5.0,81.776,0,0.0,2023,Australia,5.0,0,0.8479999999999942,0.0,0.5964912280701754,2.0
GAS,35.0,HARD,27.0,5.0,81.842,0,0.0,2023,Australia,5.0,0,0.812999999999993,0.0,0.6140350877192983,2.0
GAS,36.0,HARD,28.0,5.0,81.684,0,0.0,2023,Australia,5.0,0,0.7723333333333263,0.0,0.631578947368421,2.0
GAS,37.0,HARD,29.0,5.0,81.748,0,0.0,2023,Australia,5.0,0,0.7629999999999958,0.0,0.6491228070175439,2.0
GAS,38.0,HARD,30.0,5.0,81.425,0,0.0,2023,Australia,5.0,0,0.6239999999999952,0.0,0.6666666666666666,2.0
GAS,39.0,HARD,31.0,5.0,81.823,0,0.0,2023,Australia,5.0,0,0.6703333333333271,0.0,0.6842105263157895,2.0
GAS,40.0,HARD,32.0,5.0,81.801,0,0.0,2023,Australia,5.0,0,0.687999999999993,0.0,0.7017543859649122,2.0
GAS,41.0,HARD,33.0,5.0,81.586,0,0.0,2023,Australia,5.0,0,0.74166666666666,0.0,0.7192982456140351,2.0
GAS,42.0,HARD,34.0,5.0,81.422,0,0.0,2023,Australia,5.0,0,0.6079999999999947,0.0,0.7368421052631579,2.0
GAS,43.0,HARD,35.0,5.0,81.103,0,0.0,2023,Australia,5.0,0,0.37533333333332547,0.0,0.7543859649122807,2.0
GAS,44.0,HARD,36.0,5.0,81.177,0,0.0,2023,Australia,5.0,0,0.23899999999999486,0.0,0.7719298245614035,2.0
GAS,45.0,HARD,37.0,5.0,81.455,0,0.0,2023,Australia,5.0,0,0.24999999999999525,0.0,0.7894736842105263,2.0
GAS,46.0,HARD,38.0,5.0,81.24,0,0.0,2023,Australia,5.0,0,0.2956666666666621,0.0,0.8070175438596491,2.0
GAS,47.0,HARD,39.0,5.0,80.995,0,0.0,2023,Australia,5.0,0,0.23499999999999469,0.0,0.8245614035087719,2.0
GAS,48.0,HARD,40.0,5.0,81.242,0,0.0,2023,Australia,5.0,0,0.16399999999999673,0.0,0.8421052631578947,2.0
GAS,49.0,HARD,41.0,5.0,81.152,0,0.0,2023,Australia,5.0,0,0.13466666666666546,0.0,0.8596491228070176,2.0
GAS,50.0,HARD,42.0,5.0,81.604,0,0.0,2023,Australia,5.0,0,0.3376666666666637,0.0,0.8771929824561403,2.0
GAS,51.0,HARD,43.0,5.0,81.616,0,0.0,2023,Australia,5.0,0,0.46233333333332877,0.0,0.8947368421052632,2.0
GAS,52.0,HARD,44.0,5.0,81.62,0,0.0,2023,Australia,5.0,0,0.61833333333333,0.0,0.9122807017543859,2.0
GAS,53.0,HARD,45.0,5.0,81.098,0,0.0,2023,Australia,5.0,0,0.44966666666666316,0.0,0.9298245614035088,2.0
GAS,54.0,HARD,46.0,5.0,98.993,0,0.0,2023,Australia,5.0,0,6.241999999999995,0.0,0.9473684210526315,2.0
HAM,2.0,MEDIUM,2.0,2.0,132.287,0,0.0,2023,Australia,2.0,0,35.645,0.0,0.03508771929824561,1.0
HAM,3.0,MEDIUM,3.0,2.0,131.362,0,0.0,2023,Australia,2.0,0,40.67966666666667,0.0,0.05263157894736842,1.0
HAM,4.0,MEDIUM,4.0,2.0,83.295,0,0.0,2023,Australia,2.0,0,35.035000000000004,0.0,0.07017543859649122,1.0
HAM,5.0,MEDIUM,5.0,2.0,83.17,0,0.0,2023,Australia,2.0,0,18.662666666666667,0.0,0.08771929824561403,1.0
HAM,6.0,MEDIUM,6.0,2.0,82.89,0,0.0,2023,Australia,2.0,0,2.505333333333335,0.0,0.10526315789473684,1.0
HAM,7.0,MEDIUM,7.0,1.0,94.144,0,0.0,2023,Australia,2.0,0,6.12166666666667,-0.2,0.12280701754385964,1.0
HAM,10.0,HARD,2.0,1.0,123.62,0,0.0,2023,Australia,2.0,0,19.605000000000004,-0.2,0.17543859649122806,2.0
HAM,11.0,HARD,3.0,1.0,83.79,0,0.0,2023,Australia,2.0,0,19.905000000000005,-0.2,0.19298245614035087,2.0
HAM,12.0,HARD,4.0,2.0,84.616,0,0.0,2023,Australia,2.0,0,16.729000000000003,0.0,0.21052631578947367,2.0
HAM,13.0,HARD,5.0,2.0,83.771,0,0.0,2023,Australia,2.0,0,3.446000000000003,0.0,0.22807017543859648,2.0
HAM,14.0,HARD,6.0,2.0,83.618,0,0.0,2023,Australia,2.0,0,3.3886666666666656,0.2,0.24561403508771928,2.0
HAM,15.0,HARD,7.0,2.0,82.998,0,0.0,2023,Australia,2.0,0,2.849333333333334,0.2,0.2631578947368421,2.0
HAM,16.0,HARD,8.0,2.0,82.934,0,0.0,2023,Australia,2.0,0,2.5703333333333327,0.2,0.2807017543859649,2.0
HAM,17.0,HARD,9.0,2.0,82.121,0,0.0,2023,Australia,2.0,0,2.071333333333333,0.0,0.2982456140350877,2.0
HAM,18.0,HARD,10.0,2.0,100.488,0,0.0,2023,Australia,2.0,0,7.901333333333331,0.0,0.3157894736842105,2.0
HAM,19.0,HARD,11.0,2.0,103.041,0,0.0,2023,Australia,2.0,0,14.603666666666664,0.0,0.3333333333333333,2.0
HAM,20.0,HARD,12.0,2.0,82.12,0,0.0,2023,Australia,2.0,0,14.603333333333333,0.0,0.3508771929824561,2.0
HAM,21.0,HARD,13.0,2.0,82.704,0,0.0,2023,Australia,2.0,0,8.675333333333333,0.0,0.3684210526315789,2.0
HAM,22.0,HARD,14.0,2.0,82.72,0,0.0,2023,Australia,2.0,0,1.9016666666666662,0.0,0.38596491228070173,2.0
HAM,23.0,HARD,15.0,2.0,82.971,0,0.0,2023,Australia,2.0,0,2.1853333333333325,0.0,0.40350877192982454,2.0
HAM,24.0,HARD,16.0,2.0,83.174,0,0.0,2023,Australia,2.0,0,2.3420000000000036,0.0,0.42105263157894735,2.0
HAM,25.0,HARD,17.0,2.0,82.456,0,0.0,2023,Australia,2.0,0,2.254000000000005,0.0,0.43859649122807015,2.0
HAM,26.0,HARD,18.0,2.0,82.595,0,0.0,2023,Australia,2.0,0,2.12866666666667,0.0,0.45614035087719296,2.0
HAM,27.0,HARD,19.0,2.0,82.131,0,0.0,2023,Australia,2.0,0,1.7810000000000012,0.0,0.47368421052631576,2.0
HAM,28.0,HARD,20.0,2.0,82.008,0,0.0,2023,Australia,2.0,0,1.6316666666666653,0.0,0.49122807017543857,2.0
HAM,29.0,HARD,21.0,2.0,82.715,0,0.0,2023,Australia,2.0,0,1.6716666666666669,0.0,0.5087719298245614,2.0
HAM,30.0,HARD,22.0,2.0,82.205,0,0.0,2023,Australia,2.0,0,1.6963333333333328,0.0,0.5263157894736842,2.0
HAM,31.0,HARD,23.0,2.0,82.22,0,0.0,2023,Australia,2.0,0,1.7670000000000006,0.0,0.543859649122807,2.0
HAM,32.0,HARD,24.0,2.0,82.551,0,0.0,2023,Australia,2.0,0,1.7123333333333335,0.0,0.5614035087719298,2.0
HAM,33.0,HARD,25.0,2.0,81.654,0,0.0,2023,Australia,2.0,0,1.5286666666666662,0.0,0.5789473684210527,2.0
HAM,34.0,HARD,26.0,2.0,81.973,0,0.0,2023,Australia,2.0,0,1.4463333333333328,0.0,0.5964912280701754,2.0
HAM,35.0,HARD,27.0,2.0,81.832,0,0.0,2023,Australia,2.0,0,1.2066666666666634,0.0,0.6140350877192983,2.0
HAM,36.0,HARD,28.0,2.0,82.08,0,0.0,2023,Australia,2.0,0,1.348666666666664,0.0,0.631578947368421,2.0
HAM,37.0,HARD,29.0,2.0,81.4,0,0.0,2023,Australia,2.0,0,1.1576666666666664,0.0,0.6491228070175439,2.0
HAM,38.0,HARD,30.0,2.0,81.693,0,0.0,2023,Australia,2.0,0,1.1113333333333344,0.0,0.6666666666666666,2.0
HAM,39.0,HARD,31.0,2.0,81.315,0,0.0,2023,Australia,2.0,0,0.8563333333333342,0.0,0.6842105263157895,2.0
HAM,40.0,HARD,32.0,2.0,81.563,0,0.0,2023,Australia,2.0,0,0.9106666666666664,0.0,0.7017543859649122,2.0
HAM,41.0,HARD,33.0,2.0,81.267,0,0.0,2023,Australia,2.0,0,0.7686666666666658,0.0,0.7192982456140351,2.0
HAM,42.0,HARD,34.0,2.0,81.379,0,0.0,2023,Australia,2.0,0,0.7900000000000015,0.0,0.7368421052631579,2.0
HAM,43.0,HARD,35.0,2.0,81.073,0,0.0,2023,Australia,2.0,0,0.6266666666666652,0.0,0.7543859649122807,2.0
HAM,44.0,HARD,36.0,2.0,80.981,0,0.0,2023,Australia,2.0,0,0.5313333333333313,0.0,0.7719298245614035,2.0
HAM,45.0,HARD,37.0,2.0,81.422,0,0.0,2023,Australia,2.0,0,0.5456666666666621,0.0,0.7894736842105263,2.0
HAM,46.0,HARD,38.0,2.0,81.029,0,0.0,2023,Australia,2.0,0,0.5309999999999965,0.0,0.8070175438596491,2.0
HAM,47.0,HARD,39.0,2.0,80.816,0,0.0,2023,Australia,2.0,0,0.4759999999999991,0.0,0.8245614035087719,2.0
HAM,48.0,HARD,40.0,2.0,80.85,0,0.0,2023,Australia,2.0,0,0.2853333333333315,0.0,0.8421052631578947,2.0
HAM,49.0,HARD,41.0,2.0,80.613,0,0.0,2023,Australia,2.0,0,0.14666666666666592,0.0,0.8596491228070176,2.0
HAM,50.0,HARD,42.0,2.0,80.909,0,0.0,2023,Australia,2.0,0,0.17766666666666708,0.0,0.8771929824561403,2.0
HAM,51.0,HARD,43.0,2.0,80.682,0,0.0,2023,Australia,2.0,0,0.1216666666666697,0.0,0.8947368421052632,2.0
HAM,52.0,HARD,44.0,2.0,80.741,0,0.0,2023,Australia,2.0,0,0.1643333333333364,0.0,0.9122807017543859,2.0
HAM,53.0,HARD,45.0,2.0,80.652,0,0.0,2023,Australia,2.0,0,0.07866666666666806,0.0,0.9298245614035088,2.0
HAM,54.0,HARD,46.0,2.0,95.603,0,0.0,2023,Australia,2.0,0,5.0523333333333325,0.0,0.9473684210526315,2.0
HAM,57.0,SOFT,6.0,2.0,144.44,1,0.0,2023,Australia,2.0,1,5.009666666666665,0.0,1.0,0.0
HUL,2.0,MEDIUM,2.0,9.0,131.316,0,0.0,2023,Australia,9.0,0,40.23800000000001,0.0,0.03508771929824561,1.0
HUL,3.0,MEDIUM,3.0,9.0,125.204,0,0.0,2023,Australia,9.0,0,41.51866666666667,0.0,0.05263157894736842,1.0
HUL,4.0,MEDIUM,4.0,9.0,84.833,0,0.0,2023,Australia,9.0,0,32.660333333333334,0.0,0.07017543859649122,1.0
HUL,5.0,MEDIUM,5.0,9.0,84.295,0,0.0,2023,Australia,9.0,0,16.986666666666668,0.0,0.08771929824561403,1.0
HUL,6.0,MEDIUM,6.0,9.0,83.539,0,0.0,2023,Australia,9.0,0,3.0983333333333385,0.0,0.10526315789473684,1.0
HUL,7.0,MEDIUM,7.0,6.0,99.166,0,0.0,2023,Australia,9.0,0,7.876000000000005,-0.6,0.12280701754385964,1.0
HUL,10.0,HARD,2.0,7.0,90.264,0,0.0,2023,Australia,9.0,0,9.86566666666667,-0.4,0.17543859649122806,2.0
HUL,11.0,HARD,3.0,7.0,84.823,0,0.0,2023,Australia,9.0,0,10.293666666666667,-0.4,0.19298245614035087,2.0
HUL,12.0,HARD,4.0,7.0,83.261,0,0.0,2023,Australia,9.0,0,4.992,-0.4,0.21052631578947367,2.0
HUL,13.0,HARD,5.0,7.0,83.719,0,0.0,2023,Australia,9.0,0,2.8103333333333325,-0.4,0.22807017543859648,2.0
HUL,14.0,HARD,6.0,8.0,84.129,0,0.0,2023,Australia,9.0,0,2.579000000000003,0.4,0.24561403508771928,2.0
HUL,15.0,HARD,7.0,8.0,83.01,0,0.0,2023,Australia,9.0,0,2.4953333333333396,0.2,0.2631578947368421,2.0
HUL,16.0,HARD,8.0,8.0,82.824,0,0.0,2023,Australia,9.0,0,2.1970000000000076,0.2,0.2807017543859649,2.0
HUL,17.0,HARD,9.0,7.0,83.7,0,0.0,2023,Australia,9.0,0,2.054000000000007,0.0,0.2982456140350877,2.0
HUL,18.0,HARD,10.0,7.0,105.143,0,0.0,2023,Australia,9.0,0,9.431666666666672,0.0,0.3157894736842105,2.0
HUL,19.0,HARD,11.0,7.0,99.241,0,0.0,2023,Australia,9.0,0,14.904000000000005,-0.2,0.3333333333333333,2.0
HUL,20.0,HARD,12.0,7.0,82.613,0,0.0,2023,Australia,9.0,0,14.541666666666671,-0.2,0.3508771929824561,2.0
HUL,21.0,HARD,13.0,7.0,82.681,0,0.0,2023,Australia,9.0,0,7.054333333333337,-0.2,0.3684210526315789,2.0
HUL,22.0,HARD,14.0,7.0,82.625,0,0.0,2023,Australia,9.0,0,1.5156666666666705,0.0,0.38596491228070173,2.0
HUL,23.0,HARD,15.0,7.0,82.59,0,0.0,2023,Australia,9.0,0,1.5080000000000051,0.0,0.40350877192982454,2.0
HUL,24.0,HARD,16.0,7.0,82.639,0,0.0,2023,Australia,9.0,0,1.4940000000000044,0.0,0.42105263157894735,2.0
HUL,25.0,HARD,17.0,7.0,83.067,0,0.0,2023,Australia,9.0,0,1.6413333333333355,0.0,0.43859649122807015,2.0
HUL,26.0,HARD,18.0,7.0,82.479,0,0.0,2023,Australia,9.0,0,1.604333333333334,0.0,0.45614035087719296,2.0
HUL,27.0,HARD,19.0,7.0,82.221,0,0.0,2023,Australia,9.0,0,1.4650000000000034,0.0,0.47368421052631576,2.0
HUL,28.0,HARD,20.0,7.0,82.333,0,0.0,2023,Australia,9.0,0,1.2203333333333386,0.0,0.49122807017543857,2.0
HUL,29.0,HARD,21.0,7.0,82.223,0,0.0,2023,Australia,9.0,0,1.1350000000000051,0.0,0.5087719298245614,2.0
HUL,30.0,HARD,22.0,7.0,82.671,0,0.0,2023,Australia,9.0,0,1.2850000000000061,0.0,0.5263157894736842,2.0
HUL,31.0,HARD,23.0,7.0,82.397,0,0.0,2023,Australia,9.0,0,1.3063333333333418,0.0,0.543859649122807,2.0
HUL,32.0,HARD,24.0,7.0,82.088,0,0.0,2023,Australia,9.0,0,1.26133333333334,0.0,0.5614035087719298,2.0
HUL,33.0,HARD,25.0,7.0,81.744,0,0.0,2023,Australia,9.0,0,0.9523333333333378,0.0,0.5789473684210527,2.0
HUL,34.0,HARD,26.0,7.0,82.192,0,0.0,2023,Australia,9.0,0,0.8840000000000003,0.0,0.5964912280701754,2.0
HUL,35.0,HARD,27.0,7.0,82.241,0,0.0,2023,Australia,9.0,0,0.9350000000000023,0.0,0.6140350877192983,2.0
HUL,36.0,HARD,28.0,7.0,82.141,0,0.0,2023,Australia,9.0,0,1.0673333333333375,0.0,0.631578947368421,2.0
HUL,37.0,HARD,29.0,7.0,81.969,0,0.0,2023,Australia,9.0,0,0.9930000000000044,0.0,0.6491228070175439,2.0
HUL,38.0,HARD,30.0,7.0,82.197,0,0.0,2023,Australia,9.0,0,0.9783333333333388,0.0,0.6666666666666666,2.0
HUL,39.0,HARD,31.0,7.0,81.852,0,0.0,2023,Australia,9.0,0,0.882000000000005,0.0,0.6842105263157895,2.0
HUL,40.0,HARD,32.0,7.0,81.593,0,0.0,2023,Australia,9.0,0,0.7566666666666748,0.0,0.7017543859649122,2.0
HUL,41.0,HARD,33.0,7.0,81.993,0,0.0,2023,Australia,9.0,0,0.6886666666666722,0.0,0.7192982456140351,2.0
HUL,42.0,HARD,34.0,7.0,81.438,0,0.0,2023,Australia,9.0,0,0.5506666666666717,0.0,0.7368421052631579,2.0
HUL,43.0,HARD,35.0,7.0,81.53,0,0.0,2023,Australia,9.0,0,0.529666666666671,0.0,0.7543859649122807,2.0
HUL,44.0,HARD,36.0,8.0,83.034,0,0.0,2023,Australia,9.0,0,0.8766666666666746,0.2,0.7719298245614035,2.0
HUL,45.0,HARD,37.0,8.0,81.406,0,0.0,2023,Australia,9.0,0,0.8660000000000091,0.2,0.7894736842105263,2.0
HUL,46.0,HARD,38.0,8.0,81.124,0,0.0,2023,Australia,9.0,0,0.7306666666666738,0.2,0.8070175438596491,2.0
HUL,47.0,HARD,39.0,8.0,81.544,0,0.0,2023,Australia,9.0,0,0.23400000000000412,0.2,0.8245614035087719,2.0
HUL,48.0,HARD,40.0,8.0,81.866,0,0.0,2023,Australia,9.0,0,0.38733333333333536,0.2,0.8421052631578947,2.0
HUL,49.0,HARD,41.0,8.0,81.942,0,0.0,2023,Australia,9.0,0,0.6600000000000014,0.0,0.8596491228070176,2.0
HUL,50.0,HARD,42.0,8.0,81.872,0,0.0,2023,Australia,9.0,0,0.7693333333333356,0.0,0.8771929824561403,2.0
HUL,51.0,HARD,43.0,9.0,84.48,0,0.0,2023,Australia,9.0,0,1.6406666666666705,0.2,0.8947368421052632,2.0
HUL,52.0,HARD,44.0,9.0,82.593,0,0.0,2023,Australia,9.0,0,1.857666666666674,0.2,0.9122807017543859,2.0
HUL,53.0,HARD,45.0,9.0,81.726,0,0.0,2023,Australia,9.0,0,1.809000000000007,0.2,0.9298245614035088,2.0
HUL,54.0,HARD,46.0,9.0,104.548,0,0.0,2023,Australia,9.0,0,8.49833333333334,0.2,0.9473684210526315,2.0
MAG,2.0,MEDIUM,2.0,12.0,127.597,0,0.0,2023,Australia,12.0,0,38.85549999999999,0.0,0.03508771929824561,1.0
MAG,3.0,MEDIUM,3.0,12.0,124.025,0,0.0,2023,Australia,12.0,0,39.26,0.0,0.05263157894736842,1.0
MAG,4.0,MEDIUM,4.0,12.0,85.406,0,0.0,2023,Australia,12.0,0,28.386666666666667,0.0,0.07017543859649122,1.0
MAG,5.0,MEDIUM,5.0,12.0,85.054,0,0.0,2023,Australia,12.0,0,14.205666666666668,0.0,0.08771929824561403,1.0
MAG,6.0,MEDIUM,6.0,12.0,83.956,0,0.0,2023,Australia,12.0,0,0.8493333333333339,0.0,0.10526315789473684,1.0
MAG,7.0,MEDIUM,7.0,18.0,117.79,1,0.0,2023,Australia,12.0,1,12.401000000000002,1.2,0.12280701754385964,1.0
MAG,10.0,HARD,3.0,14.0,92.162,0,0.0,2023,Australia,12.0,1,15.527333333333337,0.4,0.17543859649122806,2.0
MAG,11.0,HARD,4.0,14.0,85.389,0,0.0,2023,Australia,12.0,1,16.762,0.4,0.19298245614035087,2.0
MAG,12.0,HARD,5.0,14.0,83.863,0,0.0,2023,Australia,12.0,1,5.4529999999999985,0.4,0.21052631578947367,2.0
MAG,13.0,HARD,6.0,14.0,83.538,0,0.0,2023,Australia,12.0,1,2.5783333333333283,0.4,0.22807017543859648,2.0
MAG,14.0,HARD,7.0,14.0,83.519,0,0.0,2023,Australia,12.0,1,1.9549999999999983,-0.8,0.24561403508771928,2.0
MAG,15.0,HARD,8.0,15.0,85.158,0,0.0,2023,Australia,12.0,1,2.3866666666666654,0.2,0.2631578947368421,2.0
MAG,16.0,HARD,9.0,15.0,84.687,0,0.0,2023,Australia,12.0,1,2.769666666666666,0.2,0.2807017543859649,2.0
MAG,17.0,HARD,10.0,15.0,83.574,0,0.0,2023,Australia,12.0,1,2.7879999999999967,0.2,0.2982456140350877,2.0
MAG,18.0,HARD,11.0,14.0,109.154,0,0.0,2023,Australia,12.0,1,10.786666666666662,0.0,0.3157894736842105,2.0
MAG,19.0,HARD,12.0,14.0,96.945,0,0.0,2023,Australia,12.0,1,14.87266666666666,0.0,0.3333333333333333,2.0
MAG,20.0,HARD,13.0,14.0,83.584,0,0.0,2023,Australia,12.0,1,14.875999999999996,-0.2,0.3508771929824561,2.0
MAG,21.0,HARD,14.0,14.0,83.425,0,0.0,2023,Australia,12.0,1,6.2996666666666625,-0.2,0.3684210526315789,2.0
MAG,22.0,HARD,15.0,14.0,83.387,0,0.0,2023,Australia,12.0,1,1.7803333333333313,-0.2,0.38596491228070173,2.0
MAG,23.0,HARD,16.0,14.0,83.313,0,0.0,2023,Australia,12.0,1,1.6899999999999977,0.0,0.40350877192982454,2.0
MAG,24.0,HARD,17.0,14.0,83.043,0,0.0,2023,Australia,12.0,1,1.5626666666666675,0.0,0.42105263157894735,2.0
MAG,25.0,HARD,18.0,14.0,83.216,0,0.0,2023,Australia,12.0,1,1.5056666666666654,0.0,0.43859649122807015,2.0
MAG,26.0,HARD,19.0,14.0,83.235,0,0.0,2023,Australia,12.0,1,1.4796666666666642,0.0,0.45614035087719296,2.0
MAG,27.0,HARD,20.0,14.0,82.554,0,0.0,2023,Australia,12.0,1,1.3166666666666629,0.0,0.47368421052631576,2.0
MAG,28.0,HARD,21.0,14.0,83.442,0,0.0,2023,Australia,12.0,1,1.391999999999996,0.0,0.49122807017543857,2.0
MAG,29.0,HARD,22.0,14.0,82.587,0,0.0,2023,Australia,12.0,1,1.1759999999999973,0.0,0.5087719298245614,2.0
MAG,30.0,HARD,23.0,14.0,83.476,0,0.0,2023,Australia,12.0,1,1.4833333333333296,0.0,0.5263157894736842,2.0
MAG,31.0,HARD,24.0,14.0,84.146,0,0.0,2023,Australia,12.0,1,1.7179999999999989,0.0,0.543859649122807,2.0
MAG,32.0,HARD,25.0,14.0,83.534,0,0.0,2023,Australia,12.0,1,2.0336666666666665,0.0,0.5614035087719298,2.0
MAG,33.0,HARD,26.0,14.0,82.592,0,0.0,2023,Australia,12.0,1,1.7389999999999997,0.0,0.5789473684210527,2.0
MAG,34.0,HARD,27.0,14.0,83.295,0,0.0,2023,Australia,12.0,1,1.4553333333333331,0.0,0.5964912280701754,2.0
MAG,35.0,HARD,28.0,13.0,84.159,0,0.0,2023,Australia,12.0,1,1.6636666666666666,-0.2,0.6140350877192983,2.0
MAG,36.0,HARD,29.0,12.0,82.807,0,0.0,2023,Australia,12.0,1,1.7353333333333343,-0.4,0.631578947368421,2.0
MAG,37.0,HARD,30.0,12.0,83.212,0,0.0,2023,Australia,12.0,1,1.7076666666666682,-0.4,0.6491228070175439,2.0
MAG,38.0,HARD,31.0,12.0,82.647,0,0.0,2023,Australia,12.0,1,1.203666666666668,-0.4,0.6666666666666666,2.0
MAG,39.0,HARD,32.0,12.0,82.484,0,0.0,2023,Australia,12.0,1,1.095999999999999,-0.4,0.6842105263157895,2.0
MAG,40.0,HARD,33.0,12.0,82.141,0,0.0,2023,Australia,12.0,1,0.7389999999999995,-0.2,0.7017543859649122,2.0
MAG,41.0,HARD,34.0,12.0,82.774,0,0.0,2023,Australia,12.0,1,0.7813333333333313,0.0,0.7192982456140351,2.0
MAG,42.0,HARD,35.0,12.0,82.53,0,0.0,2023,Australia,12.0,1,0.7966666666666669,0.0,0.7368421052631579,2.0
MAG,43.0,HARD,36.0,12.0,82.209,0,0.0,2023,Australia,12.0,1,0.8193333333333328,0.0,0.7543859649122807,2.0
MAG,44.0,HARD,37.0,12.0,82.164,0,0.0,2023,Australia,12.0,1,0.6159999999999997,0.0,0.7719298245614035,2.0
MAG,45.0,HARD,38.0,12.0,81.963,0,0.0,2023,Australia,12.0,1,0.4269999999999972,0.0,0.7894736842105263,2.0
MAG,46.0,HARD,39.0,12.0,81.792,0,0.0,2023,Australia,12.0,1,0.2879999999999967,0.0,0.8070175438596491,2.0
MAG,47.0,HARD,40.0,12.0,81.919,0,0.0,2023,Australia,12.0,1,0.2063333333333285,0.0,0.8245614035087719,2.0
MAG,48.0,HARD,41.0,12.0,81.972,0,0.0,2023,Australia,12.0,1,0.20933333333332863,0.0,0.8421052631578947,2.0
MAG,49.0,HARD,42.0,12.0,81.963,0,0.0,2023,Australia,12.0,1,0.26633333333332604,0.0,0.8596491228070176,2.0
MAG,50.0,HARD,43.0,12.0,81.978,0,0.0,2023,Australia,12.0,1,0.28599999999999187,0.0,0.8771929824561403,2.0
MAG,51.0,HARD,44.0,12.0,82.575,0,0.0,2023,Australia,12.0,1,0.48699999999999477,0.0,0.8947368421052632,2.0
MAG,52.0,HARD,45.0,12.0,81.685,0,0.0,2023,Australia,12.0,1,0.3943333333333309,0.0,0.9122807017543859,2.0
NOR,2.0,MEDIUM,2.0,11.0,127.813,0,0.0,2023,Australia,8.0,0,41.0165,0.0,0.03508771929824561,1.0
NOR,3.0,MEDIUM,3.0,11.0,124.797,0,0.0,2023,Australia,8.0,0,41.885666666666665,0.0,0.05263157894736842,1.0
NOR,4.0,MEDIUM,4.0,11.0,85.444,0,0.0,2023,Australia,8.0,0,31.511666666666667,0.0,0.07017543859649122,1.0
NOR,5.0,MEDIUM,5.0,11.0,84.732,0,0.0,2023,Australia,8.0,0,17.15133333333333,0.0,0.08771929824561403,1.0
NOR,6.0,MEDIUM,6.0,11.0,83.858,0,0.0,2023,Australia,8.0,0,3.5050000000000003,0.0,0.10526315789473684,1.0
NOR,7.0,MEDIUM,7.0,10.0,102.393,0,0.0,2023,Australia,8.0,0,9.154666666666666,-0.2,0.12280701754385964,1.0
NOR,10.0,HARD,2.0,9.0,90.926,0,0.0,2023,Australia,8.0,0,11.219333333333333,-0.4,0.17543859649122806,2.0
NOR,11.0,HARD,3.0,10.0,85.817,0,0.0,2023,Australia,8.0,0,11.87233333333333,-0.2,0.19298245614035087,2.0
NOR,12.0,HARD,4.0,10.0,83.775,0,0.0,2023,Australia,8.0,0,5.6663333333333314,-0.2,0.21052631578947367,2.0
NOR,13.0,HARD,5.0,10.0,83.54,0,0.0,2023,Australia,8.0,0,3.204333333333333,-0.2,0.22807017543859648,2.0
NOR,14.0,HARD,6.0,9.0,83.307,0,0.0,2023,Australia,8.0,0,2.3676666666666697,-0.2,0.24561403508771928,2.0
NOR,15.0,HARD,7.0,9.0,83.568,0,0.0,2023,Australia,8.0,0,2.298666666666667,0.0,0.2631578947368421,2.0
NOR,16.0,HARD,8.0,9.0,83.111,0,0.0,2023,Australia,8.0,0,2.1556666666666664,-0.2,0.2807017543859649,2.0
NOR,17.0,HARD,9.0,8.0,82.986,0,0.0,2023,Australia,8.0,0,2.048666666666667,-0.4,0.2982456140350877,2.0
NOR,18.0,HARD,10.0,8.0,105.957,0,0.0,2023,Australia,8.0,0,9.511666666666665,-0.4,0.3157894736842105,2.0
NOR,19.0,HARD,11.0,8.0,98.45,0,0.0,2023,Australia,8.0,0,14.624666666666664,-0.2,0.3333333333333333,2.0
NOR,20.0,HARD,12.0,8.0,82.741,0,0.0,2023,Australia,8.0,0,14.542999999999997,-0.2,0.3508771929824561,2.0
NOR,21.0,HARD,13.0,8.0,82.828,0,0.0,2023,Australia,8.0,0,6.833333333333333,-0.2,0.3684210526315789,2.0
NOR,22.0,HARD,14.0,8.0,82.532,0,0.0,2023,Australia,8.0,0,1.5273333333333312,0.0,0.38596491228070173,2.0
NOR,23.0,HARD,15.0,8.0,82.65,0,0.0,2023,Australia,8.0,0,1.4969999999999999,0.0,0.40350877192982454,2.0
NOR,24.0,HARD,16.0,8.0,82.536,0,0.0,2023,Australia,8.0,0,1.399666666666666,0.0,0.42105263157894735,2.0
NOR,25.0,HARD,17.0,8.0,82.56,0,0.0,2023,Australia,8.0,0,1.4090000000000014,0.0,0.43859649122807015,2.0
NOR,26.0,HARD,18.0,8.0,82.458,0,0.0,2023,Australia,8.0,0,1.3449999999999989,0.0,0.45614035087719296,2.0
NOR,27.0,HARD,19.0,8.0,82.415,0,0.0,2023,Australia,8.0,0,1.304666666666667,0.0,0.47368421052631576,2.0
NOR,28.0,HARD,20.0,8.0,82.426,0,0.0,2023,Australia,8.0,0,1.2600000000000005,0.0,0.49122807017543857,2.0
NOR,29.0,HARD,21.0,8.0,82.234,0,0.0,2023,Australia,8.0,0,1.1853333333333325,0.0,0.5087719298245614,2.0
NOR,30.0,HARD,22.0,8.0,82.228,0,0.0,2023,Australia,8.0,0,1.1229999999999951,0.0,0.5263157894736842,2.0
NOR,31.0,HARD,23.0,8.0,82.339,0,0.0,2023,Australia,8.0,0,1.093999999999994,0.0,0.543859649122807,2.0
NOR,32.0,HARD,24.0,8.0,82.16,0,0.0,2023,Australia,8.0,0,1.0693333333333281,0.0,0.5614035087719298,2.0
NOR,33.0,HARD,25.0,8.0,82.28,0,0.0,2023,Australia,8.0,0,1.0866666666666636,0.0,0.5789473684210527,2.0
NOR,34.0,HARD,26.0,8.0,82.294,0,0.0,2023,Australia,8.0,0,1.071666666666663,0.0,0.5964912280701754,2.0
NOR,35.0,HARD,27.0,8.0,82.147,0,0.0,2023,Australia,8.0,0,1.0673333333333328,0.0,0.6140350877192983,2.0
NOR,36.0,HARD,28.0,8.0,82.09,0,0.0,2023,Australia,8.0,0,1.0040000000000002,0.0,0.631578947368421,2.0
NOR,37.0,HARD,29.0,8.0,82.155,0,0.0,2023,Australia,8.0,0,0.9576666666666682,0.0,0.6491228070175439,2.0
NOR,38.0,HARD,30.0,8.0,81.856,0,0.0,2023,Australia,8.0,0,0.8606666666666646,0.0,0.6666666666666666,2.0
NOR,39.0,HARD,31.0,8.0,81.657,0,0.0,2023,Australia,8.0,0,0.7163333333333289,0.0,0.6842105263157895,2.0
NOR,40.0,HARD,32.0,8.0,81.643,0,0.0,2023,Australia,8.0,0,0.5456666666666621,0.0,0.7017543859649122,2.0
NOR,41.0,HARD,33.0,8.0,81.674,0,0.0,2023,Australia,8.0,0,0.48499999999999943,0.0,0.7192982456140351,2.0
NOR,42.0,HARD,34.0,8.0,81.496,0,0.0,2023,Australia,8.0,0,0.4313333333333323,0.0,0.7368421052631579,2.0
NOR,43.0,HARD,35.0,9.0,82.219,0,0.0,2023,Australia,8.0,0,0.6233333333333301,0.2,0.7543859649122807,2.0
NOR,44.0,HARD,36.0,9.0,81.272,0,0.0,2023,Australia,8.0,0,0.4893333333333298,0.2,0.7719298245614035,2.0
NOR,45.0,HARD,37.0,9.0,81.518,0,0.0,2023,Australia,8.0,0,0.496666666666665,0.2,0.7894736842105263,2.0
NOR,46.0,HARD,38.0,9.0,81.173,0,0.0,2023,Australia,8.0,0,0.14800000000000088,0.2,0.8070175438596491,2.0
NOR,47.0,HARD,39.0,9.0,81.482,0,0.0,2023,Australia,8.0,0,0.21799999999999878,0.2,0.8245614035087719,2.0
NOR,48.0,HARD,40.0,9.0,81.784,0,0.0,2023,Australia,8.0,0,0.30666666666666725,0.0,0.8421052631578947,2.0
NOR,49.0,HARD,41.0,9.0,82.341,0,0.0,2023,Australia,8.0,0,0.695999999999998,0.0,0.8596491228070176,2.0
NOR,50.0,HARD,42.0,9.0,81.714,0,0.0,2023,Australia,8.0,0,0.7733333333333311,0.0,0.8771929824561403,2.0
NOR,51.0,HARD,43.0,8.0,82.032,0,0.0,2023,Australia,8.0,0,0.8559999999999945,-0.2,0.8947368421052632,2.0
NOR,52.0,HARD,44.0,8.0,81.352,0,0.0,2023,Australia,8.0,0,0.5263333333333312,-0.2,0.9122807017543859,2.0
NOR,53.0,HARD,45.0,8.0,81.259,0,0.0,2023,Australia,8.0,0,0.3746666666666651,-0.2,0.9298245614035088,2.0
NOR,54.0,HARD,46.0,8.0,104.622,0,0.0,2023,Australia,8.0,0,7.9046666666666665,-0.2,0.9473684210526315,2.0
OCO,2.0,HARD,1.0,15.0,126.286,0,0.0,2023,Australia,10.0,1,43.092,0.0,0.03508771929824561,2.0
OCO,3.0,HARD,2.0,15.0,123.289,0,0.0,2023,Australia,10.0,1,42.75666666666666,0.0,0.05263157894736842,2.0
OCO,4.0,HARD,3.0,15.0,85.603,0,0.0,2023,Australia,10.0,1,30.522999999999996,0.0,0.07017543859649122,2.0
OCO,5.0,HARD,4.0,15.0,84.974,0,0.0,2023,Australia,10.0,1,16.75233333333333,0.0,0.08771929824561403,2.0
OCO,6.0,HARD,5.0,15.0,83.963,0,0.0,2023,Australia,10.0,1,3.643666666666661,0.0,0.10526315789473684,2.0
OCO,7.0,HARD,6.0,13.0,101.541,0,0.0,2023,Australia,10.0,1,8.956333333333328,-0.4,0.12280701754385964,2.0
OCO,10.0,HARD,9.0,13.0,92.567,0,0.0,2023,Australia,10.0,1,11.487333333333325,-0.4,0.17543859649122806,2.0
OCO,11.0,HARD,10.0,13.0,85.266,0,0.0,2023,Australia,10.0,1,11.921666666666662,-0.4,0.19298245614035087,2.0
OCO,12.0,HARD,11.0,13.0,83.841,0,0.0,2023,Australia,10.0,1,6.021666666666661,-0.4,0.21052631578947367,2.0
OCO,13.0,HARD,12.0,13.0,83.486,0,0.0,2023,Australia,10.0,1,2.994666666666665,-0.4,0.22807017543859648,2.0
OCO,14.0,HARD,13.0,13.0,83.49,0,0.0,2023,Australia,10.0,1,2.4026666666666614,0.0,0.24561403508771928,2.0
OCO,15.0,HARD,14.0,13.0,84.884,0,0.0,2023,Australia,10.0,1,2.75033333333333,0.0,0.2631578947368421,2.0
OCO,16.0,HARD,15.0,12.0,83.447,0,0.0,2023,Australia,10.0,1,2.73733333333333,-0.2,0.2807017543859649,2.0
OCO,17.0,HARD,16.0,11.0,83.008,0,0.0,2023,Australia,10.0,1,2.576666666666663,-0.4,0.2982456140350877,2.0
OCO,18.0,HARD,17.0,11.0,107.904,0,0.0,2023,Australia,10.0,1,10.249999999999995,-0.4,0.3157894736842105,2.0
OCO,19.0,HARD,18.0,11.0,97.286,0,0.0,2023,Australia,10.0,1,14.862999999999994,-0.4,0.3333333333333333,2.0
OCO,20.0,HARD,19.0,11.0,82.77,0,0.0,2023,Australia,10.0,1,14.783666666666662,-0.4,0.3508771929824561,2.0
OCO,21.0,HARD,20.0,12.0,84.341,0,0.0,2023,Australia,10.0,1,6.929333333333328,0.0,0.3684210526315789,2.0
OCO,22.0,HARD,21.0,12.0,83.518,0,0.0,2023,Australia,10.0,1,2.339999999999994,0.2,0.38596491228070173,2.0
OCO,23.0,HARD,22.0,12.0,83.585,0,0.0,2023,Australia,10.0,1,2.6116666666666597,0.2,0.40350877192982454,2.0
OCO,24.0,HARD,23.0,12.0,83.404,0,0.0,2023,Australia,10.0,1,2.2993333333333275,0.2,0.42105263157894735,2.0
OCO,25.0,HARD,24.0,12.0,83.632,0,0.0,2023,Australia,10.0,1,2.3373333333333286,0.2,0.43859649122807015,2.0
OCO,26.0,HARD,25.0,11.0,82.913,0,0.0,2023,Australia,10.0,1,2.1133333333333297,-0.2,0.45614035087719296,2.0
OCO,27.0,HARD,26.0,10.0,82.047,0,0.0,2023,Australia,10.0,1,1.6609999999999967,-0.4,0.47368421052631576,2.0
OCO,28.0,HARD,27.0,10.0,82.256,0,0.0,2023,Australia,10.0,1,1.2023333333333284,-0.4,0.49122807017543857,2.0
OCO,29.0,HARD,28.0,10.0,82.138,0,0.0,2023,Australia,10.0,1,0.9439999999999978,-0.4,0.5087719298245614,2.0
OCO,30.0,HARD,29.0,10.0,81.998,0,0.0,2023,Australia,10.0,1,0.9276666666666671,-0.4,0.5263157894736842,2.0
OCO,31.0,HARD,30.0,10.0,82.027,0,0.0,2023,Australia,10.0,1,0.851333333333334,-0.2,0.543859649122807,2.0
OCO,32.0,HARD,31.0,10.0,82.041,0,0.0,2023,Australia,10.0,1,0.8189999999999978,0.0,0.5614035087719298,2.0
OCO,33.0,HARD,32.0,10.0,82.088,0,0.0,2023,Australia,10.0,1,0.8489999999999943,0.0,0.5789473684210527,2.0
OCO,34.0,HARD,33.0,10.0,81.788,0,0.0,2023,Australia,10.0,1,0.7693333333333262,0.0,0.5964912280701754,2.0
OCO,35.0,HARD,34.0,10.0,82.071,0,0.0,2023,Australia,10.0,1,0.7793333333333266,0.0,0.6140350877192983,2.0
OCO,36.0,HARD,35.0,10.0,82.772,0,0.0,2023,Australia,10.0,1,1.0073333333333305,0.0,0.631578947368421,2.0
OCO,37.0,HARD,36.0,10.0,81.954,0,0.0,2023,Australia,10.0,1,1.0626666666666627,0.0,0.6491228070175439,2.0
OCO,38.0,HARD,37.0,10.0,81.869,0,0.0,2023,Australia,10.0,1,0.99533333333333,0.0,0.6666666666666666,2.0
OCO,39.0,HARD,38.0,10.0,81.75,0,0.0,2023,Australia,10.0,1,0.6546666666666615,0.0,0.6842105263157895,2.0
OCO,40.0,HARD,39.0,10.0,81.902,0,0.0,2023,Australia,10.0,1,0.6373333333333306,0.0,0.7017543859649122,2.0
OCO,41.0,HARD,40.0,10.0,81.675,0,0.0,2023,Australia,10.0,1,0.5726666666666631,0.0,0.7192982456140351,2.0
OCO,42.0,HARD,41.0,10.0,81.539,0,0.0,2023,Australia,10.0,1,0.5023333333333303,0.0,0.7368421052631579,2.0
OCO,43.0,HARD,42.0,10.0,81.273,0,0.0,2023,Australia,10.0,1,0.29266666666666197,0.0,0.7543859649122807,2.0
OCO,44.0,HARD,43.0,10.0,81.203,0,0.0,2023,Australia,10.0,1,0.13533333333333056,0.0,0.7719298245614035,2.0
OCO,45.0,HARD,44.0,10.0,81.476,0,0.0,2023,Australia,10.0,1,0.11433333333332978,0.0,0.7894736842105263,2.0
OCO,46.0,HARD,45.0,10.0,81.508,0,0.0,2023,Australia,10.0,1,0.1926666666666629,0.0,0.8070175438596491,2.0
OCO,47.0,HARD,46.0,10.0,81.382,0,0.0,2023,Australia,10.0,1,0.25233333333333025,0.0,0.8245614035087719,2.0
OCO,48.0,HARD,47.0,10.0,81.47,0,0.0,2023,Australia,10.0,1,0.2503333333333302,0.0,0.8421052631578947,2.0
OCO,49.0,HARD,48.0,10.0,81.668,0,0.0,2023,Australia,10.0,1,0.30366666666666714,0.0,0.8596491228070176,2.0
OCO,50.0,HARD,49.0,10.0,81.204,0,0.0,2023,Australia,10.0,1,0.24433333333332996,0.0,0.8771929824561403,2.0
OCO,51.0,HARD,50.0,10.0,81.452,0,0.0,2023,Australia,10.0,1,0.23833333333332973,0.0,0.8947368421052632,2.0
OCO,52.0,HARD,51.0,10.0,81.436,0,0.0,2023,Australia,10.0,1,0.16099999999999662,0.0,0.9122807017543859,2.0
OCO,53.0,HARD,52.0,10.0,81.338,0,0.0,2023,Australia,10.0,1,0.20566666666666342,0.0,0.9298245614035088,2.0
OCO,54.0,HARD,53.0,10.0,106.329,0,0.0,2023,Australia,10.0,1,8.497999999999996,0.0,0.9473684210526315,2.0
PER,2.0,MEDIUM,1.0,18.0,131.789,1,-113.827,2023,Australia,7.0,2,25.776999999999994,0.0,0.03508771929824561,1.0
PER,3.0,HARD,1.0,18.0,110.649,0,0.0,2023,Australia,7.0,2,27.322666666666663,0.0,0.05263157894736842,2.0
PER,4.0,HARD,2.0,17.0,85.108,0,0.0,2023,Australia,7.0,2,28.947,-0.3333333333333333,0.07017543859649122,2.0
PER,5.0,HARD,3.0,17.0,84.501,0,0.0,2023,Australia,7.0,2,13.184333333333337,-0.25,0.08771929824561403,2.0
PER,6.0,HARD,4.0,16.0,83.584,0,0.0,2023,Australia,7.0,2,4.162666666666671,-0.4,0.10526315789473684,2.0
PER,7.0,HARD,5.0,14.0,101.11,0,0.0,2023,Australia,7.0,2,9.49666666666667,-0.8,0.12280701754385964,2.0
PER,10.0,HARD,3.0,16.0,93.436,0,0.0,2023,Australia,7.0,2,12.475000000000003,-0.4,0.17543859649122806,2.0
PER,11.0,HARD,4.0,16.0,86.003,0,0.0,2023,Australia,7.0,2,13.281333333333336,-0.2,0.19298245614035087,2.0
PER,12.0,HARD,5.0,16.0,83.982,0,0.0,2023,Australia,7.0,2,7.572000000000003,-0.2,0.21052631578947367,2.0
PER,13.0,HARD,6.0,15.0,83.052,0,0.0,2023,Australia,7.0,2,4.11066666666667,-0.2,0.22807017543859648,2.0
PER,14.0,HARD,7.0,15.0,83.33,0,0.0,2023,Australia,7.0,2,3.2196666666666687,0.2,0.24561403508771928,2.0
PER,15.0,HARD,8.0,14.0,84.167,0,0.0,2023,Australia,7.0,2,3.281333333333336,-0.4,0.2631578947368421,2.0
PER,16.0,HARD,9.0,13.0,84.299,0,0.0,2023,Australia,7.0,2,3.6970000000000027,-0.6,0.2807017543859649,2.0
PER,17.0,HARD,10.0,12.0,82.345,0,0.0,2023,Australia,7.0,2,3.3686666666666696,-0.8,0.2982456140350877,2.0
PER,18.0,HARD,11.0,12.0,108.483,0,0.0,2023,Australia,7.0,2,11.474000000000004,-0.6,0.3157894736842105,2.0
PER,19.0,HARD,12.0,12.0,96.565,0,0.0,2023,Australia,7.0,2,15.562666666666667,-0.6,0.3333333333333333,2.0
PER,20.0,HARD,13.0,12.0,82.757,0,0.0,2023,Australia,7.0,2,15.700000000000003,-0.4,0.3508771929824561,2.0
PER,21.0,HARD,14.0,11.0,83.537,0,0.0,2023,Australia,7.0,2,7.3846666666666705,-0.4,0.3684210526315789,2.0
PER,22.0,HARD,15.0,10.0,82.737,0,0.0,2023,Australia,7.0,2,2.775333333333336,-0.4,0.38596491228070173,2.0
PER,23.0,HARD,16.0,9.0,82.186,0,0.0,2023,Australia,7.0,2,2.585000000000003,-0.6,0.40350877192982454,2.0
PER,24.0,HARD,17.0,9.0,82.678,0,0.0,2023,Australia,7.0,2,2.298666666666667,-0.6,0.42105263157894735,2.0
PER,25.0,HARD,18.0,9.0,82.064,0,0.0,2023,Australia,7.0,2,2.074333333333333,-0.6,0.43859649122807015,2.0
PER,26.0,HARD,19.0,9.0,82.224,0,0.0,2023,Australia,7.0,2,2.0869999999999984,-0.4,0.45614035087719296,2.0
PER,27.0,HARD,20.0,9.0,82.07,0,0.0,2023,Australia,7.0,2,1.8843333333333305,-0.2,0.47368421052631576,2.0
PER,28.0,HARD,21.0,9.0,82.244,0,0.0,2023,Australia,7.0,2,1.9443333333333328,0.0,0.49122807017543857,2.0
PER,29.0,HARD,22.0,9.0,81.908,0,0.0,2023,Australia,7.0,2,1.8389999999999986,0.0,0.5087719298245614,2.0
PER,30.0,HARD,23.0,9.0,81.918,0,0.0,2023,Australia,7.0,2,1.7883333333333364,0.0,0.5263157894736842,2.0
PER,31.0,HARD,24.0,9.0,81.812,0,0.0,2023,Australia,7.0,2,1.6443333333333356,0.0,0.543859649122807,2.0
PER,32.0,HARD,25.0,9.0,81.456,0,0.0,2023,Australia,7.0,2,1.4936666666666696,0.0,0.5614035087719298,2.0
PER,33.0,HARD,26.0,9.0,81.807,0,0.0,2023,Australia,7.0,2,1.456666666666668,0.0,0.5789473684210527,2.0
PER,34.0,HARD,27.0,9.0,81.907,0,0.0,2023,Australia,7.0,2,1.4883333333333344,0.0,0.5964912280701754,2.0
PER,35.0,HARD,28.0,9.0,82.236,0,0.0,2023,Australia,7.0,2,1.7483333333333348,0.0,0.6140350877192983,2.0
PER,36.0,HARD,29.0,9.0,82.059,0,0.0,2023,Australia,7.0,2,1.8323333333333334,0.0,0.631578947368421,2.0
PER,37.0,HARD,30.0,9.0,81.814,0,0.0,2023,Australia,7.0,2,1.8013333333333321,0.0,0.6491228070175439,2.0
PER,38.0,HARD,31.0,9.0,81.701,0,0.0,2023,Australia,7.0,2,1.6229999999999951,0.0,0.6666666666666666,2.0
PER,39.0,HARD,32.0,9.0,81.718,0,0.0,2023,Australia,7.0,2,1.5093333333333305,0.0,0.6842105263157895,2.0
PER,40.0,HARD,33.0,9.0,81.602,0,0.0,2023,Australia,7.0,2,1.4386666666666674,0.0,0.7017543859649122,2.0
PER,41.0,HARD,34.0,9.0,81.744,0,0.0,2023,Australia,7.0,2,1.453000000000003,0.0,0.7192982456140351,2.0
PER,42.0,HARD,35.0,9.0,80.979,0,0.0,2023,Australia,7.0,2,1.206666666666668,0.0,0.7368421052631579,2.0
PER,43.0,HARD,36.0,8.0,80.697,0,0.0,2023,Australia,7.0,2,0.9050000000000011,-0.2,0.7543859649122807,2.0
PER,44.0,HARD,37.0,7.0,81.232,0,0.0,2023,Australia,7.0,2,0.7343333333333343,-0.4,0.7719298245614035,2.0
PER,45.0,HARD,38.0,7.0,81.147,0,0.0,2023,Australia,7.0,2,0.7903333333333364,-0.4,0.7894736842105263,2.0
PER,46.0,HARD,39.0,7.0,81.004,0,0.0,2023,Australia,7.0,2,0.8926666666666705,-0.4,0.8070175438596491,2.0
PER,47.0,HARD,40.0,7.0,80.643,0,0.0,2023,Australia,7.0,2,0.6963333333333376,-0.4,0.8245614035087719,2.0
PER,48.0,HARD,41.0,7.0,80.732,0,0.0,2023,Australia,7.0,2,0.5580000000000022,-0.2,0.8421052631578947,2.0
PER,49.0,HARD,42.0,7.0,80.747,0,0.0,2023,Australia,7.0,2,0.4723333333333339,0.0,0.8596491228070176,2.0
PER,50.0,HARD,43.0,7.0,81.019,0,0.0,2023,Australia,7.0,2,0.5976666666666688,0.0,0.8771929824561403,2.0
PER,51.0,HARD,44.0,7.0,81.31,0,0.0,2023,Australia,7.0,2,0.7903333333333364,0.0,0.8947368421052632,2.0
PER,52.0,HARD,45.0,7.0,80.855,0,0.0,2023,Australia,7.0,2,0.8263333333333378,0.0,0.9122807017543859,2.0
PER,53.0,HARD,46.0,7.0,80.235,0,0.0,2023,Australia,7.0,2,0.5650000000000025,0.0,0.9298245614035088,2.0
PER,54.0,HARD,47.0,7.0,100.5,0,0.0,2023,Australia,7.0,2,6.961666666666669,0.0,0.9473684210526315,2.0
PIA,2.0,MEDIUM,2.0,13.0,127.15,0,0.0,2023,Australia,11.0,0,41.69750000000001,0.0,0.03508771929824561,1.0
PIA,3.0,MEDIUM,3.0,13.0,124.169,0,0.0,2023,Australia,11.0,0,42.076333333333345,0.0,0.05263157894736842,1.0
PIA,4.0,MEDIUM,4.0,13.0,85.428,0,0.0,2023,Australia,11.0,0,30.914000000000005,0.0,0.07017543859649122,1.0
PIA,5.0,MEDIUM,5.0,13.0,84.996,0,0.0,2023,Australia,11.0,0,16.86266666666667,0.0,0.08771929824561403,1.0
PIA,6.0,MEDIUM,6.0,13.0,84.052,0,0.0,2023,Australia,11.0,0,3.4903333333333393,0.0,0.10526315789473684,1.0
PIA,7.0,MEDIUM,7.0,11.0,101.556,0,0.0,2023,Australia,11.0,0,8.866333333333339,-0.4,0.12280701754385964,1.0
PIA,10.0,HARD,2.0,11.0,91.821,0,0.0,2023,Australia,11.0,0,11.14133333333334,-0.4,0.17543859649122806,2.0
PIA,11.0,HARD,3.0,11.0,85.221,0,0.0,2023,Australia,11.0,0,11.531000000000006,-0.4,0.19298245614035087,2.0
PIA,12.0,HARD,4.0,11.0,83.759,0,0.0,2023,Australia,11.0,0,5.598666666666674,-0.4,0.21052631578947367,2.0
PIA,13.0,HARD,5.0,11.0,83.496,0,0.0,2023,Australia,11.0,0,2.8236666666666728,-0.4,0.22807017543859648,2.0
PIA,14.0,HARD,6.0,11.0,83.56,0,0.0,2023,Australia,11.0,0,2.2700000000000053,0.0,0.24561403508771928,2.0
PIA,15.0,HARD,7.0,11.0,85.236,0,0.0,2023,Australia,11.0,0,2.76233333333334,0.0,0.2631578947368421,2.0
PIA,16.0,HARD,8.0,11.0,83.558,0,0.0,2023,Australia,11.0,0,2.7830000000000106,0.0,0.2807017543859649,2.0
PIA,17.0,HARD,9.0,10.0,83.229,0,0.0,2023,Australia,11.0,0,2.6726666666666765,-0.2,0.2982456140350877,2.0
PIA,18.0,HARD,10.0,10.0,106.859,0,0.0,2023,Australia,11.0,0,9.88033333333334,-0.2,0.3157894736842105,2.0
PIA,19.0,HARD,11.0,10.0,98.081,0,0.0,2023,Australia,11.0,0,14.72133333333334,-0.2,0.3333333333333333,2.0
PIA,20.0,HARD,12.0,10.0,83.051,0,0.0,2023,Australia,11.0,0,14.662000000000006,-0.2,0.3508771929824561,2.0
PIA,21.0,HARD,13.0,10.0,83.996,0,0.0,2023,Australia,11.0,0,7.041000000000007,-0.2,0.3684210526315789,2.0
PIA,22.0,HARD,14.0,11.0,83.854,0,0.0,2023,Australia,11.0,0,2.2986666666666715,0.2,0.38596491228070173,2.0
PIA,23.0,HARD,15.0,11.0,83.2,0,0.0,2023,Australia,11.0,0,2.3483333333333385,0.2,0.40350877192982454,2.0
PIA,24.0,HARD,16.0,11.0,83.796,0,0.0,2023,Australia,11.0,0,2.2816666666666756,0.2,0.42105263157894735,2.0
PIA,25.0,HARD,17.0,11.0,83.478,0,0.0,2023,Australia,11.0,0,2.156333333333341,0.2,0.43859649122807015,2.0
PIA,26.0,HARD,18.0,12.0,84.327,0,0.0,2023,Australia,11.0,0,2.532000000000006,0.4,0.45614035087719296,2.0
PIA,27.0,HARD,19.0,12.0,82.995,0,0.0,2023,Australia,11.0,0,2.2650000000000055,0.2,0.47368421052631576,2.0
PIA,28.0,HARD,20.0,12.0,82.825,0,0.0,2023,Australia,11.0,0,2.0473333333333414,0.2,0.49122807017543857,2.0
PIA,29.0,HARD,21.0,11.0,82.635,0,0.0,2023,Australia,11.0,0,1.4833333333333438,0.0,0.5087719298245614,2.0
PIA,30.0,HARD,22.0,11.0,83.083,0,0.0,2023,Australia,11.0,0,1.512666666666675,0.0,0.5263157894736842,2.0
PIA,31.0,HARD,23.0,11.0,82.662,0,0.0,2023,Australia,11.0,0,1.4583333333333428,-0.2,0.543859649122807,2.0
PIA,32.0,HARD,24.0,11.0,82.855,0,0.0,2023,Australia,11.0,0,1.5316666666666758,-0.2,0.5614035087719298,2.0
PIA,33.0,HARD,25.0,11.0,82.431,0,0.0,2023,Australia,11.0,0,1.314333333333342,-0.2,0.5789473684210527,2.0
PIA,34.0,HARD,26.0,11.0,82.504,0,0.0,2023,Australia,11.0,0,1.261666666666675,0.0,0.5964912280701754,2.0
PIA,35.0,HARD,27.0,11.0,82.471,0,0.0,2023,Australia,11.0,0,1.1336666666666748,0.0,0.6140350877192983,2.0
PIA,36.0,HARD,28.0,11.0,82.473,0,0.0,2023,Australia,11.0,0,1.1476666666666755,0.0,0.631578947368421,2.0
PIA,37.0,HARD,29.0,11.0,82.346,0,0.0,2023,Australia,11.0,0,1.0950000000000084,0.0,0.6491228070175439,2.0
PIA,38.0,HARD,30.0,11.0,82.316,0,0.0,2023,Australia,11.0,0,1.0433333333333412,0.0,0.6666666666666666,2.0
PIA,39.0,HARD,31.0,11.0,82.512,0,0.0,2023,Australia,11.0,0,1.0563333333333418,0.0,0.6842105263157895,2.0
PIA,40.0,HARD,32.0,11.0,82.003,0,0.0,2023,Australia,11.0,0,0.9420000000000073,0.0,0.7017543859649122,2.0
PIA,41.0,HARD,33.0,11.0,81.931,0,0.0,2023,Australia,11.0,0,0.8136666666666722,0.0,0.7192982456140351,2.0
PIA,42.0,HARD,34.0,11.0,82.101,0,0.0,2023,Australia,11.0,0,0.6766666666666717,0.0,0.7368421052631579,2.0
PIA,43.0,HARD,35.0,11.0,82.218,0,0.0,2023,Australia,11.0,0,0.7483333333333396,0.0,0.7543859649122807,2.0
PIA,44.0,HARD,36.0,11.0,81.697,0,0.0,2023,Australia,11.0,0,0.6703333333333413,0.0,0.7719298245614035,2.0
PIA,45.0,HARD,37.0,11.0,81.707,0,0.0,2023,Australia,11.0,0,0.5390000000000063,0.0,0.7894736842105263,2.0
PIA,46.0,HARD,38.0,11.0,81.652,0,0.0,2023,Australia,11.0,0,0.3503333333333387,0.0,0.8070175438596491,2.0
PIA,47.0,HARD,39.0,11.0,81.669,0,0.0,2023,Australia,11.0,0,0.34100000000000347,0.0,0.8245614035087719,2.0
PIA,48.0,HARD,40.0,11.0,81.686,0,0.0,2023,Australia,11.0,0,0.3340000000000079,0.0,0.8421052631578947,2.0
PIA,49.0,HARD,41.0,11.0,81.525,0,0.0,2023,Australia,11.0,0,0.2916666666666761,0.0,0.8596491228070176,2.0
PIA,50.0,HARD,42.0,11.0,81.752,0,0.0,2023,Australia,11.0,0,0.3193333333333423,0.0,0.8771929824561403,2.0
PIA,51.0,HARD,43.0,11.0,81.737,0,0.0,2023,Australia,11.0,0,0.3363333333333382,0.0,0.8947368421052632,2.0
PIA,52.0,HARD,44.0,11.0,81.683,0,0.0,2023,Australia,11.0,0,0.3890000000000053,0.0,0.9122807017543859,2.0
PIA,53.0,HARD,45.0,11.0,81.335,0,0.0,2023,Australia,11.0,0,0.2500000000000047,0.0,0.9298245614035088,2.0
PIA,54.0,HARD,46.0,11.0,122.932,1,0.0,2023,Australia,11.0,1,0.11600000000000439,0.0,0.9473684210526315,2.0
RUS,2.0,MEDIUM,2.0,1.0,133.298,0,0.0,2023,Australia,14.0,0,32.442,0.0,0.03508771929824561,1.0
RUS,3.0,MEDIUM,3.0,1.0,132.017,0,0.0,2023,Australia,14.0,0,37.922333333333334,0.0,0.05263157894736842,1.0
RUS,4.0,MEDIUM,4.0,1.0,83.134,0,0.0,2023,Australia,14.0,0,33.01566666666667,0.0,0.07017543859649122,1.0
RUS,5.0,MEDIUM,5.0,1.0,83.134,0,0.0,2023,Australia,14.0,0,16.29433333333333,0.0,0.08771929824561403,1.0
RUS,6.0,MEDIUM,6.0,1.0,83.159,0,0.0,2023,Australia,14.0,0,0.008333333333335228,0.0,0.10526315789473684,1.0
RUS,7.0,MEDIUM,7.0,7.0,107.537,1,0.0,2023,Australia,14.0,1,8.294000000000002,1.2,0.12280701754385964,1.0
RUS,10.0,HARD,3.0,5.0,89.218,0,0.0,2023,Australia,14.0,1,10.473333333333334,0.8,0.17543859649122806,2.0
RUS,11.0,HARD,4.0,5.0,84.617,0,0.0,2023,Australia,14.0,1,11.110666666666665,0.8,0.19298245614035087,2.0
RUS,12.0,HARD,5.0,5.0,83.169,0,0.0,2023,Australia,14.0,1,2.9879999999999947,0.8,0.21052631578947367,2.0
RUS,13.0,HARD,6.0,4.0,83.705,0,0.0,2023,Australia,14.0,1,1.1503333333333263,0.6,0.22807017543859648,2.0
RUS,14.0,HARD,7.0,4.0,83.073,0,0.0,2023,Australia,14.0,1,0.635666666666656,-0.6,0.24561403508771928,2.0
RUS,15.0,HARD,8.0,4.0,83.079,0,0.0,2023,Australia,14.0,1,0.6056666666666549,-0.2,0.2631578947368421,2.0
RUS,16.0,HARD,9.0,4.0,82.68,0,0.0,2023,Australia,14.0,1,0.2639999999999911,-0.2,0.2807017543859649,2.0
RUS,17.0,HARD,10.0,14.0,94.488,0,0.0,2023,Australia,14.0,1,4.068999999999993,1.8,0.2982456140350877,2.0
SAI,2.0,MEDIUM,2.0,4.0,131.411,0,0.0,2023,Australia,4.0,0,34.8295,0.0,0.03508771929824561,1.0
SAI,3.0,MEDIUM,3.0,4.0,129.958,0,0.0,2023,Australia,4.0,0,38.936,0.0,0.05263157894736842,1.0
SAI,4.0,MEDIUM,4.0,4.0,83.889,0,0.0,2023,Australia,4.0,0,32.277,0.0,0.07017543859649122,1.0
SAI,5.0,MEDIUM,5.0,4.0,83.217,0,0.0,2023,Australia,4.0,0,16.212333333333333,0.0,0.08771929824561403,1.0
SAI,6.0,MEDIUM,6.0,4.0,82.809,0,0.0,2023,Australia,4.0,0,0.49599999999999983,0.0,0.10526315789473684,1.0
SAI,7.0,MEDIUM,7.0,8.0,108.202,1,0.0,2023,Australia,4.0,1,9.381,0.8,0.12280701754385964,1.0
SAI,10.0,HARD,3.0,10.0,90.864,0,0.0,2023,Australia,4.0,1,12.710666666666668,1.2,0.17543859649122806,2.0
SAI,11.0,HARD,4.0,9.0,84.433,0,0.0,2023,Australia,4.0,1,14.032666666666671,1.0,0.19298245614035087,2.0
SAI,12.0,HARD,5.0,8.0,83.199,0,0.0,2023,Australia,4.0,1,5.698333333333338,0.8,0.21052631578947367,2.0
SAI,13.0,HARD,6.0,8.0,82.862,0,0.0,2023,Australia,4.0,1,3.031000000000001,0.8,0.22807017543859648,2.0
SAI,14.0,HARD,7.0,7.0,82.958,0,0.0,2023,Australia,4.0,1,2.5393333333333317,-0.2,0.24561403508771928,2.0
SAI,15.0,HARD,8.0,6.0,82.587,0,0.0,2023,Australia,4.0,1,2.3353333333333333,-0.8,0.2631578947368421,2.0
SAI,16.0,HARD,9.0,6.0,83.225,0,0.0,2023,Australia,4.0,1,2.4563333333333333,-0.6,0.2807017543859649,2.0
SAI,17.0,HARD,10.0,5.0,82.945,0,0.0,2023,Australia,4.0,1,2.451999999999998,-0.6,0.2982456140350877,2.0
SAI,18.0,HARD,11.0,5.0,104.581,0,0.0,2023,Australia,4.0,1,9.783333333333331,-0.6,0.3157894736842105,2.0
SAI,19.0,HARD,12.0,5.0,99.533,0,0.0,2023,Australia,4.0,1,15.219333333333333,-0.4,0.3333333333333333,2.0
SAI,20.0,HARD,13.0,5.0,82.102,0,0.0,2023,Australia,4.0,1,14.938333333333338,-0.2,0.3508771929824561,2.0
SAI,21.0,HARD,14.0,5.0,82.15,0,0.0,2023,Australia,4.0,1,7.4613333333333385,-0.2,0.3684210526315789,2.0
SAI,22.0,HARD,15.0,5.0,82.903,0,0.0,2023,Australia,4.0,1,1.9180000000000064,0.0,0.38596491228070173,2.0
SAI,23.0,HARD,16.0,5.0,82.523,0,0.0,2023,Australia,4.0,1,2.058333333333337,0.0,0.40350877192982454,2.0
SAI,24.0,HARD,17.0,5.0,82.425,0,0.0,2023,Australia,4.0,1,2.150000000000001,0.0,0.42105263157894735,2.0
SAI,25.0,HARD,18.0,4.0,82.994,0,0.0,2023,Australia,4.0,1,2.180333333333332,-0.2,0.43859649122807015,2.0
SAI,26.0,HARD,19.0,4.0,82.438,0,0.0,2023,Australia,4.0,1,2.152000000000001,-0.2,0.45614035087719296,2.0
SAI,27.0,HARD,20.0,4.0,82.099,0,0.0,2023,Australia,4.0,1,2.0433333333333366,-0.2,0.47368421052631576,2.0
SAI,28.0,HARD,21.0,4.0,81.919,0,0.0,2023,Australia,4.0,1,1.6850000000000023,-0.2,0.49122807017543857,2.0
SAI,29.0,HARD,22.0,4.0,82.412,0,0.0,2023,Australia,4.0,1,1.6763333333333368,-0.2,0.5087719298245614,2.0
SAI,30.0,HARD,23.0,4.0,82.155,0,0.0,2023,Australia,4.0,1,1.6950000000000027,0.0,0.5263157894736842,2.0
SAI,31.0,HARD,24.0,4.0,81.854,0,0.0,2023,Australia,4.0,1,1.6733333333333367,0.0,0.543859649122807,2.0
SAI,32.0,HARD,25.0,4.0,81.986,0,0.0,2023,Australia,4.0,1,1.531333333333336,0.0,0.5614035087719298,2.0
SAI,33.0,HARD,26.0,4.0,81.77,0,0.0,2023,Australia,4.0,1,1.4030000000000011,0.0,0.5789473684210527,2.0
SAI,34.0,HARD,27.0,4.0,81.877,0,0.0,2023,Australia,4.0,1,1.4106666666666665,0.0,0.5964912280701754,2.0
SAI,35.0,HARD,28.0,4.0,81.692,0,0.0,2023,Australia,4.0,1,1.3126666666666627,0.0,0.6140350877192983,2.0
SAI,36.0,HARD,29.0,4.0,81.695,0,0.0,2023,Australia,4.0,1,1.2876666666666619,0.0,0.631578947368421,2.0
SAI,37.0,HARD,30.0,4.0,81.659,0,0.0,2023,Australia,4.0,1,1.2149999999999987,0.0,0.6491228070175439,2.0
SAI,38.0,HARD,31.0,4.0,81.552,0,0.0,2023,Australia,4.0,1,1.1683333333333366,0.0,0.6666666666666666,2.0
SAI,39.0,HARD,32.0,4.0,81.852,0,0.0,2023,Australia,4.0,1,1.2206666666666734,0.0,0.6842105263157895,2.0
SAI,40.0,HARD,33.0,4.0,81.942,0,0.0,2023,Australia,4.0,1,1.3150000000000024,0.0,0.7017543859649122,2.0
SAI,41.0,HARD,34.0,4.0,81.412,0,0.0,2023,Australia,4.0,1,1.2683333333333355,0.0,0.7192982456140351,2.0
SAI,42.0,HARD,35.0,4.0,81.34,0,0.0,2023,Australia,4.0,1,1.0976666666666688,0.0,0.7368421052631579,2.0
SAI,43.0,HARD,36.0,4.0,81.074,0,0.0,2023,Australia,4.0,1,0.8083333333333371,0.0,0.7543859649122807,2.0
SAI,44.0,HARD,37.0,4.0,81.337,0,0.0,2023,Australia,4.0,1,0.7833333333333362,0.0,0.7719298245614035,2.0
SAI,45.0,HARD,38.0,4.0,81.303,0,0.0,2023,Australia,4.0,1,0.7710000000000008,0.0,0.7894736842105263,2.0
SAI,46.0,HARD,39.0,4.0,81.308,0,0.0,2023,Australia,4.0,1,0.8490000000000038,0.0,0.8070175438596491,2.0
SAI,47.0,HARD,40.0,4.0,81.033,0,0.0,2023,Australia,4.0,1,0.7476666666666697,0.0,0.8245614035087719,2.0
SAI,48.0,HARD,41.0,4.0,81.235,0,0.0,2023,Australia,4.0,1,0.7250000000000038,0.0,0.8421052631578947,2.0
SAI,49.0,HARD,42.0,4.0,81.102,0,0.0,2023,Australia,4.0,1,0.6563333333333361,0.0,0.8596491228070176,2.0
SAI,50.0,HARD,43.0,4.0,80.97,0,0.0,2023,Australia,4.0,1,0.6353333333333353,0.0,0.8771929824561403,2.0
SAI,51.0,HARD,44.0,4.0,80.826,0,0.0,2023,Australia,4.0,1,0.49899999999999994,0.0,0.8947368421052632,2.0
SAI,52.0,HARD,45.0,4.0,80.719,0,0.0,2023,Australia,4.0,1,0.37133333333333,0.0,0.9122807017543859,2.0
SAI,53.0,HARD,46.0,4.0,80.467,0,0.0,2023,Australia,4.0,1,0.20366666666666333,0.0,0.9298245614035088,2.0
SAI,54.0,HARD,47.0,4.0,98.214,0,0.0,2023,Australia,4.0,1,5.999666666666665,0.0,0.9473684210526315,2.0
SAR,2.0,MEDIUM,1.0,19.0,133.1,1,-113.952,2023,Australia,15.0,2,24.8005,2.0,0.03508771929824561,1.0
SAR,3.0,HARD,2.0,19.0,110.807,0,0.0,2023,Australia,15.0,2,25.636333333333337,1.0,0.05263157894736842,2.0
SAR,4.0,HARD,3.0,19.0,85.804,0,0.0,2023,Australia,15.0,2,26.40466666666667,0.6666666666666666,0.07017543859649122,2.0
SAR,5.0,HARD,4.0,19.0,85.136,0,0.0,2023,Australia,15.0,2,10.416666666666671,0.5,0.08771929824561403,2.0
SAR,6.0,HARD,5.0,19.0,84.319,0,0.0,2023,Australia,15.0,2,1.5873333333333381,0.4,0.10526315789473684,2.0
SAR,7.0,HARD,6.0,17.0,102.694,0,0.0,2023,Australia,15.0,2,7.217333333333339,-0.4,0.12280701754385964,2.0
SAR,10.0,MEDIUM,2.0,15.0,92.633,0,0.0,2023,Australia,15.0,2,9.716333333333338,-0.8,0.17543859649122806,1.0
SAR,11.0,MEDIUM,3.0,15.0,85.76,0,0.0,2023,Australia,15.0,2,10.196666666666673,-0.8,0.19298245614035087,1.0
SAR,12.0,MEDIUM,4.0,15.0,84.08,0,0.0,2023,Australia,15.0,2,3.9920000000000044,-0.8,0.21052631578947367,1.0
SAR,13.0,MEDIUM,5.0,16.0,84.245,0,0.0,2023,Australia,15.0,2,1.1960000000000075,-0.6,0.22807017543859648,1.0
SAR,14.0,MEDIUM,6.0,16.0,83.499,0,0.0,2023,Australia,15.0,2,0.44233333333333746,-0.2,0.24561403508771928,1.0
SAR,15.0,MEDIUM,7.0,16.0,84.186,0,0.0,2023,Australia,15.0,2,0.47766666666667373,0.2,0.2631578947368421,1.0
SAR,16.0,MEDIUM,8.0,16.0,84.676,0,0.0,2023,Australia,15.0,2,0.6213333333333395,0.2,0.2807017543859649,1.0
SAR,17.0,MEDIUM,9.0,16.0,84.105,0,0.0,2023,Australia,15.0,2,0.8233333333333425,0.2,0.2982456140350877,1.0
SAR,18.0,MEDIUM,10.0,15.0,109.052,0,0.0,2023,Australia,15.0,2,9.112000000000009,-0.2,0.3157894736842105,1.0
SAR,19.0,MEDIUM,11.0,15.0,96.916,0,0.0,2023,Australia,15.0,2,13.192000000000007,-0.2,0.3333333333333333,1.0
SAR,20.0,MEDIUM,12.0,15.0,83.766,0,0.0,2023,Australia,15.0,2,13.079000000000008,-0.2,0.3508771929824561,1.0
SAR,21.0,MEDIUM,13.0,15.0,83.878,0,0.0,2023,Australia,15.0,2,4.687666666666672,-0.2,0.3684210526315789,1.0
SAR,22.0,MEDIUM,14.0,15.0,84.059,0,0.0,2023,Australia,15.0,2,0.40200000000000574,-0.2,0.38596491228070173,1.0
SAR,23.0,MEDIUM,15.0,15.0,83.982,0,0.0,2023,Australia,15.0,2,0.47400000000000375,0.0,0.40350877192982454,1.0
SAR,24.0,MEDIUM,16.0,15.0,84.049,0,0.0,2023,Australia,15.0,2,0.5310000000000059,0.0,0.42105263157894735,1.0
SAR,25.0,MEDIUM,17.0,15.0,83.993,0,0.0,2023,Australia,15.0,2,0.5090000000000051,0.0,0.43859649122807015,1.0
SAR,26.0,MEDIUM,18.0,15.0,84.205,0,0.0,2023,Australia,15.0,2,0.583333333333338,0.0,0.45614035087719296,1.0
SAR,27.0,MEDIUM,19.0,15.0,83.758,0,0.0,2023,Australia,15.0,2,0.4863333333333344,0.0,0.47368421052631576,1.0
SAR,28.0,MEDIUM,20.0,15.0,83.735,0,0.0,2023,Australia,15.0,2,0.4003333333333359,0.0,0.49122807017543857,1.0
SAR,29.0,MEDIUM,21.0,15.0,84.122,0,0.0,2023,Australia,15.0,2,0.37266666666666975,0.0,0.5087719298245614,1.0
SAR,30.0,MEDIUM,22.0,15.0,84.282,0,0.0,2023,Australia,15.0,2,0.5473333333333367,0.0,0.5263157894736842,1.0
SAR,31.0,MEDIUM,23.0,15.0,84.16,0,0.0,2023,Australia,15.0,2,0.6890000000000024,0.0,0.543859649122807,1.0
SAR,32.0,MEDIUM,24.0,15.0,83.996,0,0.0,2023,Australia,15.0,2,0.6470000000000008,0.0,0.5614035087719298,1.0
SAR,33.0,MEDIUM,25.0,15.0,84.377,0,0.0,2023,Australia,15.0,2,0.6786666666666671,0.0,0.5789473684210527,1.0
SAR,34.0,MEDIUM,26.0,15.0,83.848,0,0.0,2023,Australia,15.0,2,0.5746666666666679,0.0,0.5964912280701754,1.0
SAR,35.0,MEDIUM,27.0,16.0,84.874,0,0.0,2023,Australia,15.0,2,0.8673333333333346,0.2,0.6140350877192983,1.0
SAR,36.0,MEDIUM,28.0,17.0,99.313,1,0.0,2023,Australia,15.0,3,6.527000000000001,0.4,0.631578947368421,1.0
SAR,37.0,HARD,8.0,17.0,89.657,0,0.0,2023,Australia,15.0,3,9.14433333333333,0.4,0.6491228070175439,2.0
SAR,38.0,HARD,9.0,17.0,84.396,0,0.0,2023,Australia,15.0,3,9.665999999999997,0.4,0.6666666666666666,2.0
SAR,39.0,HARD,10.0,17.0,82.887,0,0.0,2023,Australia,15.0,3,4.1906666666666625,0.4,0.6842105263157895,2.0
SAR,40.0,HARD,11.0,17.0,82.674,0,0.0,2023,Australia,15.0,3,1.8629999999999995,0.2,0.7017543859649122,2.0
SAR,41.0,HARD,12.0,17.0,81.974,0,0.0,2023,Australia,15.0,3,1.0556666666666672,0.0,0.7192982456140351,2.0
SAR,42.0,HARD,13.0,17.0,81.945,0,0.0,2023,Australia,15.0,3,0.7416666666666648,0.0,0.7368421052631579,2.0
SAR,43.0,HARD,14.0,17.0,81.881,0,0.0,2023,Australia,15.0,3,0.47733333333332933,0.0,0.7543859649122807,2.0
SAR,44.0,HARD,15.0,17.0,81.57,0,0.0,2023,Australia,15.0,3,0.3426666666666591,0.0,0.7719298245614035,2.0
SAR,45.0,HARD,16.0,16.0,81.912,0,0.0,2023,Australia,15.0,3,0.33166666666666345,-0.2,0.7894736842105263,2.0
SAR,46.0,HARD,17.0,16.0,81.563,0,0.0,2023,Australia,15.0,3,0.22566666666666416,-0.2,0.8070175438596491,2.0
SAR,47.0,HARD,18.0,16.0,85.687,0,0.0,2023,Australia,15.0,3,1.597999999999999,-0.2,0.8245614035087719,2.0
SAR,48.0,HARD,19.0,16.0,85.121,0,0.0,2023,Australia,15.0,3,2.667666666666662,-0.2,0.8421052631578947,2.0
SAR,49.0,HARD,20.0,16.0,83.324,0,0.0,2023,Australia,15.0,3,3.2546666666666604,-0.2,0.8596491228070176,2.0
SAR,50.0,HARD,21.0,16.0,81.456,0,0.0,2023,Australia,15.0,3,1.844333333333329,0.0,0.8771929824561403,2.0
SAR,51.0,HARD,22.0,16.0,83.403,0,0.0,2023,Australia,15.0,3,1.2716666666666658,0.0,0.8947368421052632,2.0
SAR,52.0,HARD,23.0,16.0,81.514,0,0.0,2023,Australia,15.0,3,0.6683333333333318,0.0,0.9122807017543859,2.0
SAR,53.0,HARD,24.0,15.0,101.181,0,0.0,2023,Australia,15.0,3,7.24333333333333,-0.2,0.9298245614035088,2.0
STR,2.0,MEDIUM,3.0,7.0,131.142,0,0.0,2023,Australia,6.0,0,38.663000000000004,0.0,0.03508771929824561,1.0
STR,3.0,MEDIUM,4.0,7.0,127.757,0,0.0,2023,Australia,6.0,0,41.383,0.0,0.05263157894736842,1.0
STR,4.0,MEDIUM,5.0,7.0,84.385,0,0.0,2023,Australia,6.0,0,33.49400000000001,0.0,0.07017543859649122,1.0
STR,5.0,MEDIUM,6.0,7.0,83.937,0,0.0,2023,Australia,6.0,0,17.759000000000004,0.0,0.08771929824561403,1.0
STR,6.0,MEDIUM,7.0,7.0,83.076,0,0.0,2023,Australia,6.0,0,2.8653333333333344,0.0,0.10526315789473684,1.0
STR,7.0,MEDIUM,8.0,4.0,98.03,0,0.0,2023,Australia,6.0,0,7.413666666666667,-0.6,0.12280701754385964,1.0
STR,10.0,HARD,2.0,6.0,90.499,0,0.0,2023,Australia,6.0,0,9.600999999999999,-0.2,0.17543859649122806,2.0
STR,11.0,HARD,3.0,6.0,84.738,0,0.0,2023,Australia,6.0,0,10.155000000000001,-0.2,0.19298245614035087,2.0
STR,12.0,HARD,4.0,6.0,83.277,0,0.0,2023,Australia,6.0,0,5.237333333333335,-0.2,0.21052631578947367,2.0
STR,13.0,HARD,5.0,6.0,83.802,0,0.0,2023,Australia,6.0,0,3.005000000000005,-0.2,0.22807017543859648,2.0
STR,14.0,HARD,6.0,6.0,83.271,0,0.0,2023,Australia,6.0,0,2.5160000000000053,0.4,0.24561403508771928,2.0
STR,15.0,HARD,7.0,7.0,83.647,0,0.0,2023,Australia,6.0,0,2.63933333333334,0.2,0.2631578947368421,2.0
STR,16.0,HARD,8.0,7.0,83.077,0,0.0,2023,Australia,6.0,0,2.397666666666671,0.2,0.2807017543859649,2.0
STR,17.0,HARD,9.0,6.0,83.317,0,0.0,2023,Australia,6.0,0,2.4130000000000016,0.0,0.2982456140350877,2.0
STR,18.0,HARD,10.0,6.0,105.34,0,0.0,2023,Australia,6.0,0,9.644,0.0,0.3157894736842105,2.0
STR,19.0,HARD,11.0,6.0,98.708,0,0.0,2023,Australia,6.0,0,14.854333333333335,0.0,0.3333333333333333,2.0
STR,20.0,HARD,12.0,6.0,82.155,0,0.0,2023,Australia,6.0,0,14.467000000000004,-0.2,0.3508771929824561,2.0
STR,21.0,HARD,13.0,6.0,82.187,0,0.0,2023,Australia,6.0,0,6.749333333333335,-0.2,0.3684210526315789,2.0
STR,22.0,HARD,14.0,6.0,82.731,0,0.0,2023,Australia,6.0,0,1.4236666666666669,0.0,0.38596491228070173,2.0
STR,23.0,HARD,15.0,6.0,82.699,0,0.0,2023,Australia,6.0,0,1.6049999999999993,0.0,0.40350877192982454,2.0
STR,24.0,HARD,16.0,6.0,82.543,0,0.0,2023,Australia,6.0,0,1.723666666666669,0.0,0.42105263157894735,2.0
STR,25.0,HARD,17.0,6.0,83.371,0,0.0,2023,Australia,6.0,0,1.9370000000000023,0.0,0.43859649122807015,2.0
STR,26.0,HARD,18.0,6.0,82.502,0,0.0,2023,Australia,6.0,0,1.8713333333333348,0.0,0.45614035087719296,2.0
STR,27.0,HARD,19.0,6.0,82.104,0,0.0,2023,Australia,6.0,0,1.724999999999999,0.0,0.47368421052631576,2.0
STR,28.0,HARD,20.0,6.0,82.187,0,0.0,2023,Australia,6.0,0,1.3303333333333331,0.0,0.49122807017543857,2.0
STR,29.0,HARD,21.0,6.0,82.005,0,0.0,2023,Australia,6.0,0,1.1646666666666665,0.0,0.5087719298245614,2.0
STR,30.0,HARD,22.0,6.0,82.187,0,0.0,2023,Australia,6.0,0,1.1923333333333328,0.0,0.5263157894736842,2.0
STR,31.0,HARD,23.0,6.0,82.069,0,0.0,2023,Australia,6.0,0,1.1530000000000011,0.0,0.543859649122807,2.0
STR,32.0,HARD,24.0,6.0,82.174,0,0.0,2023,Australia,6.0,0,1.209333333333338,0.0,0.5614035087719298,2.0
STR,33.0,HARD,25.0,6.0,81.976,0,0.0,2023,Australia,6.0,0,1.1390000000000053,0.0,0.5789473684210527,2.0
STR,34.0,HARD,26.0,6.0,82.231,0,0.0,2023,Australia,6.0,0,1.1930000000000025,0.0,0.5964912280701754,2.0
STR,35.0,HARD,27.0,6.0,82.065,0,0.0,2023,Australia,6.0,0,1.1566666666666663,0.0,0.6140350877192983,2.0
STR,36.0,HARD,28.0,6.0,82.048,0,0.0,2023,Australia,6.0,0,1.1806666666666672,0.0,0.631578947368421,2.0
STR,37.0,HARD,29.0,6.0,82.298,0,0.0,2023,Australia,6.0,0,1.203000000000003,0.0,0.6491228070175439,2.0
STR,38.0,HARD,30.0,6.0,81.451,0,0.0,2023,Australia,6.0,0,0.9983333333333348,0.0,0.6666666666666666,2.0
STR,39.0,HARD,31.0,6.0,81.691,0,0.0,2023,Australia,6.0,0,0.8793333333333351,0.0,0.6842105263157895,2.0
STR,40.0,HARD,32.0,6.0,81.506,0,0.0,2023,Australia,6.0,0,0.6153333333333345,0.0,0.7017543859649122,2.0
STR,41.0,HARD,33.0,6.0,81.725,0,0.0,2023,Australia,6.0,0,0.7066666666666682,0.0,0.7192982456140351,2.0
STR,42.0,HARD,34.0,6.0,81.583,0,0.0,2023,Australia,6.0,0,0.6706666666666669,0.0,0.7368421052631579,2.0
STR,43.0,HARD,35.0,6.0,81.189,0,0.0,2023,Australia,6.0,0,0.5649999999999977,0.0,0.7543859649122807,2.0
STR,44.0,HARD,36.0,6.0,82.039,0,0.0,2023,Australia,6.0,0,0.6696666666666667,0.0,0.7719298245614035,2.0
STR,45.0,HARD,37.0,6.0,81.317,0,0.0,2023,Australia,6.0,0,0.5809999999999983,0.0,0.7894736842105263,2.0
STR,46.0,HARD,38.0,6.0,81.273,0,0.0,2023,Australia,6.0,0,0.6089999999999994,0.0,0.8070175438596491,2.0
STR,47.0,HARD,39.0,6.0,81.435,0,0.0,2023,Australia,6.0,0,0.40766666666666634,0.0,0.8245614035087719,2.0
STR,48.0,HARD,40.0,6.0,81.025,0,0.0,2023,Australia,6.0,0,0.3103333333333372,0.0,0.8421052631578947,2.0
STR,49.0,HARD,41.0,6.0,81.133,0,0.0,2023,Australia,6.0,0,0.2636666666666703,0.0,0.8596491228070176,2.0
STR,50.0,HARD,42.0,6.0,80.934,0,0.0,2023,Australia,6.0,0,0.09666666666666875,0.0,0.8771929824561403,2.0
STR,51.0,HARD,43.0,6.0,81.155,0,0.0,2023,Australia,6.0,0,0.14000000000000057,0.0,0.8947368421052632,2.0
STR,52.0,HARD,44.0,6.0,81.131,0,0.0,2023,Australia,6.0,0,0.13933333333333545,0.0,0.9122807017543859,2.0
STR,53.0,HARD,45.0,6.0,80.957,0,0.0,2023,Australia,6.0,0,0.14700000000000082,0.0,0.9298245614035088,2.0
STR,54.0,HARD,46.0,6.0,99.175,0,0.0,2023,Australia,6.0,0,6.153666666666666,0.0,0.9473684210526315,2.0
TSU,2.0,MEDIUM,2.0,10.0,130.201,0,0.0,2023,Australia,13.0,0,40.19949999999999,0.0,0.03508771929824561,1.0
TSU,3.0,MEDIUM,3.0,10.0,124.796,0,0.0,2023,Australia,13.0,0,41.13533333333333,0.0,0.05263157894736842,1.0
TSU,4.0,MEDIUM,4.0,10.0,85.299,0,0.0,2023,Australia,13.0,0,31.643,0.0,0.07017543859649122,1.0
TSU,5.0,MEDIUM,5.0,10.0,84.62,0,0.0,2023,Australia,13.0,0,16.44933333333334,0.0,0.08771929824561403,1.0
TSU,6.0,MEDIUM,6.0,10.0,84.11,0,0.0,2023,Australia,13.0,0,2.8873333333333355,0.0,0.10526315789473684,1.0
TSU,7.0,MEDIUM,7.0,9.0,101.839,0,0.0,2023,Australia,13.0,0,8.400666666666666,-0.2,0.12280701754385964,1.0
TSU,10.0,HARD,2.0,8.0,90.664,0,0.0,2023,Australia,13.0,0,10.415333333333331,-0.4,0.17543859649122806,2.0
TSU,11.0,HARD,3.0,8.0,84.878,0,0.0,2023,Australia,13.0,0,10.671333333333331,-0.4,0.19298245614035087,2.0
TSU,12.0,HARD,4.0,9.0,84.596,0,0.0,2023,Australia,13.0,0,4.923666666666667,-0.2,0.21052631578947367,2.0
TSU,13.0,HARD,5.0,9.0,83.629,0,0.0,2023,Australia,13.0,0,2.578666666666668,-0.2,0.22807017543859648,2.0
TSU,14.0,HARD,6.0,10.0,84.369,0,0.0,2023,Australia,13.0,0,2.409000000000001,0.2,0.24561403508771928,2.0
TSU,15.0,HARD,7.0,10.0,83.945,0,0.0,2023,Australia,13.0,0,2.191999999999998,0.4,0.2631578947368421,2.0
TSU,16.0,HARD,8.0,10.0,84.004,0,0.0,2023,Australia,13.0,0,2.316999999999998,0.4,0.2807017543859649,2.0
TSU,17.0,HARD,9.0,9.0,83.704,0,0.0,2023,Australia,13.0,0,2.095333333333329,0.0,0.2982456140350877,2.0
TSU,18.0,HARD,10.0,9.0,106.475,0,0.0,2023,Australia,13.0,0,9.605333333333329,0.0,0.3157894736842105,2.0
TSU,19.0,HARD,11.0,9.0,98.349,0,0.0,2023,Australia,13.0,0,14.386999999999995,-0.2,0.3333333333333333,2.0
TSU,20.0,HARD,12.0,9.0,83.267,0,0.0,2023,Australia,13.0,0,14.24133333333333,-0.2,0.3508771929824561,2.0
TSU,21.0,HARD,13.0,9.0,83.906,0,0.0,2023,Australia,13.0,0,6.718333333333334,-0.2,0.3684210526315789,2.0
TSU,22.0,HARD,14.0,9.0,83.222,0,0.0,2023,Australia,13.0,0,1.6759999999999973,0.0,0.38596491228070173,2.0
TSU,23.0,HARD,15.0,10.0,83.846,0,0.0,2023,Australia,13.0,0,1.8689999999999998,0.2,0.40350877192982454,2.0
TSU,24.0,HARD,16.0,10.0,83.76,0,0.0,2023,Australia,13.0,0,1.820333333333333,0.2,0.42105263157894735,2.0
TSU,25.0,HARD,17.0,10.0,83.612,0,0.0,2023,Australia,13.0,0,1.950333333333333,0.2,0.43859649122807015,2.0
TSU,26.0,HARD,18.0,10.0,83.431,0,0.0,2023,Australia,13.0,0,1.8119999999999976,0.2,0.45614035087719296,2.0
TSU,27.0,HARD,19.0,11.0,83.693,0,0.0,2023,Australia,13.0,0,1.7896666666666619,0.4,0.47368421052631576,2.0
TSU,28.0,HARD,20.0,11.0,83.13,0,0.0,2023,Australia,13.0,0,1.6289999999999953,0.2,0.49122807017543857,2.0
TSU,29.0,HARD,21.0,12.0,83.893,0,0.0,2023,Australia,13.0,0,1.7829999999999966,0.4,0.5087719298245614,2.0
TSU,30.0,HARD,22.0,12.0,83.558,0,0.0,2023,Australia,13.0,0,1.7379999999999995,0.4,0.5263157894736842,2.0
TSU,31.0,HARD,23.0,12.0,83.831,0,0.0,2023,Australia,13.0,0,1.9716666666666687,0.4,0.543859649122807,2.0
TSU,32.0,HARD,24.0,12.0,83.246,0,0.0,2023,Australia,13.0,0,1.7560000000000002,0.2,0.5614035087719298,2.0
TSU,33.0,HARD,25.0,12.0,83.068,0,0.0,2023,Australia,13.0,0,1.5926666666666638,0.2,0.5789473684210527,2.0
TSU,34.0,HARD,26.0,12.0,83.934,0,0.0,2023,Australia,13.0,0,1.6269999999999953,0.0,0.5964912280701754,2.0
TSU,35.0,HARD,27.0,14.0,85.477,0,0.0,2023,Australia,13.0,0,2.370666666666665,0.4,0.6140350877192983,2.0
TSU,36.0,HARD,28.0,14.0,83.31,0,0.0,2023,Australia,13.0,0,2.451333333333333,0.4,0.631578947368421,2.0
TSU,37.0,HARD,29.0,14.0,83.084,0,0.0,2023,Australia,13.0,0,2.1680000000000015,0.4,0.6491228070175439,2.0
TSU,38.0,HARD,30.0,14.0,83.057,0,0.0,2023,Australia,13.0,0,1.3613333333333344,0.4,0.6666666666666666,2.0
TSU,39.0,HARD,31.0,14.0,83.193,0,0.0,2023,Australia,13.0,0,1.322333333333333,0.4,0.6842105263157895,2.0
TSU,40.0,HARD,32.0,14.0,82.901,0,0.0,2023,Australia,13.0,0,1.2613333333333305,0.0,0.7017543859649122,2.0
TSU,41.0,HARD,33.0,14.0,82.91,0,0.0,2023,Australia,13.0,0,1.2123333333333288,0.0,0.7192982456140351,2.0
TSU,42.0,HARD,34.0,14.0,82.881,0,0.0,2023,Australia,13.0,0,1.1083333333333296,0.0,0.7368421052631579,2.0
TSU,43.0,HARD,35.0,14.0,82.806,0,0.0,2023,Australia,13.0,0,1.0766666666666633,0.0,0.7543859649122807,2.0
TSU,44.0,HARD,36.0,14.0,82.387,0,0.0,2023,Australia,13.0,0,0.9023333333333312,0.0,0.7719298245614035,2.0
TSU,45.0,HARD,37.0,14.0,82.111,0,0.0,2023,Australia,13.0,0,0.6456666666666658,0.0,0.7894736842105263,2.0
TSU,46.0,HARD,38.0,14.0,82.299,0,0.0,2023,Australia,13.0,0,0.47666666666666896,0.0,0.8070175438596491,2.0
TSU,47.0,HARD,39.0,14.0,82.009,0,0.0,2023,Australia,13.0,0,0.3506666666666689,0.0,0.8245614035087719,2.0
TSU,48.0,HARD,40.0,14.0,82.04,0,0.0,2023,Australia,13.0,0,0.3270000000000029,0.0,0.8421052631578947,2.0
TSU,49.0,HARD,41.0,14.0,82.294,0,0.0,2023,Australia,13.0,0,0.32533333333333303,0.0,0.8596491228070176,2.0
TSU,50.0,HARD,42.0,14.0,82.011,0,0.0,2023,Australia,13.0,0,0.3259999999999981,0.0,0.8771929824561403,2.0
TSU,51.0,HARD,43.0,14.0,81.827,0,0.0,2023,Australia,13.0,0,0.25499999999999545,0.0,0.8947368421052632,2.0
TSU,52.0,HARD,44.0,14.0,81.789,0,0.0,2023,Australia,13.0,0,0.08666666666666363,0.0,0.9122807017543859,2.0
TSU,53.0,HARD,45.0,13.0,91.019,0,0.0,2023,Australia,13.0,0,3.0893333333333337,-0.2,0.9298245614035088,2.0
TSU,54.0,HARD,46.0,13.0,123.458,1,0.0,2023,Australia,13.0,1,3.076666666666668,-0.2,0.9473684210526315,2.0
VER,2.0,MEDIUM,2.0,3.0,132.105,0,0.0,2023,Australia,1.0,0,36.495999999999995,0.0,0.03508771929824561,1.0
VER,3.0,MEDIUM,3.0,3.0,130.657,0,0.0,2023,Australia,1.0,0,41.102333333333334,0.0,0.05263157894736842,1.0
VER,4.0,MEDIUM,4.0,3.0,83.391,0,0.0,2023,Australia,1.0,0,35.04233333333334,0.0,0.07017543859649122,1.0
VER,5.0,MEDIUM,5.0,3.0,83.104,0,0.0,2023,Australia,1.0,0,18.708666666666673,0.0,0.08771929824561403,1.0
VER,6.0,MEDIUM,6.0,3.0,82.843,0,0.0,2023,Australia,1.0,0,2.7706666666666706,0.0,0.10526315789473684,1.0
VER,7.0,MEDIUM,7.0,2.0,95.07,0,0.0,2023,Australia,1.0,0,6.663666666666667,-0.2,0.12280701754385964,1.0
VER,10.0,HARD,2.0,2.0,87.827,0,0.0,2023,Australia,1.0,0,8.238,-0.2,0.17543859649122806,2.0
VER,11.0,HARD,3.0,2.0,83.46,0,0.0,2023,Australia,1.0,0,8.443666666666664,-0.2,0.19298245614035087,2.0
VER,12.0,HARD,4.0,1.0,81.994,0,0.0,2023,Australia,1.0,0,4.084999999999998,-0.4,0.21052631578947367,2.0
VER,13.0,HARD,5.0,1.0,83.286,0,0.0,2023,Australia,1.0,0,2.571333333333333,-0.4,0.22807017543859648,2.0
VER,14.0,HARD,6.0,1.0,82.869,0,0.0,2023,Australia,1.0,0,2.3743333333333347,-0.2,0.24561403508771928,2.0
VER,15.0,HARD,7.0,1.0,82.817,0,0.0,2023,Australia,1.0,0,2.648666666666666,-0.2,0.2631578947368421,2.0
VER,16.0,HARD,8.0,1.0,82.599,0,0.0,2023,Australia,1.0,0,2.4196666666666666,-0.2,0.2807017543859649,2.0
VER,17.0,HARD,9.0,1.0,82.595,0,0.0,2023,Australia,1.0,0,2.328333333333333,0.0,0.2982456140350877,2.0
VER,18.0,HARD,10.0,1.0,100.315,0,0.0,2023,Australia,1.0,0,8.161000000000001,0.0,0.3157894736842105,2.0
VER,19.0,HARD,11.0,1.0,103.75,0,0.0,2023,Australia,1.0,0,15.211333333333334,0.0,0.3333333333333333,2.0
VER,20.0,HARD,12.0,1.0,82.389,0,0.0,2023,Australia,1.0,0,15.142666666666665,0.0,0.3508771929824561,2.0
VER,21.0,HARD,13.0,1.0,82.11,0,0.0,2023,Australia,1.0,0,9.074333333333334,0.0,0.3684210526315789,2.0
VER,22.0,HARD,14.0,1.0,82.269,0,0.0,2023,Australia,1.0,0,1.9140000000000015,0.0,0.38596491228070173,2.0
VER,23.0,HARD,15.0,1.0,82.193,0,0.0,2023,Australia,1.0,0,1.848666666666669,0.0,0.40350877192982454,2.0
VER,24.0,HARD,16.0,1.0,81.843,0,0.0,2023,Australia,1.0,0,1.7596666666666703,0.0,0.42105263157894735,2.0
VER,25.0,HARD,17.0,1.0,82.104,0,0.0,2023,Australia,1.0,0,1.704666666666668,0.0,0.43859649122807015,2.0
VER,26.0,HARD,18.0,1.0,81.972,0,0.0,2023,Australia,1.0,0,1.6310000000000002,0.0,0.45614035087719296,2.0
VER,27.0,HARD,19.0,1.0,81.924,0,0.0,2023,Australia,1.0,0,1.6580000000000013,0.0,0.47368421052631576,2.0
VER,28.0,HARD,20.0,1.0,81.926,0,0.0,2023,Australia,1.0,0,1.598666666666669,0.0,0.49122807017543857,2.0
VER,29.0,HARD,21.0,1.0,81.772,0,0.0,2023,Australia,1.0,0,1.532000000000006,0.0,0.5087719298245614,2.0
VER,30.0,HARD,22.0,1.0,82.002,0,0.0,2023,Australia,1.0,0,1.5580000000000023,0.0,0.5263157894736842,2.0
VER,31.0,HARD,23.0,1.0,82.024,0,0.0,2023,Australia,1.0,0,1.5906666666666684,0.0,0.543859649122807,2.0
VER,32.0,HARD,24.0,1.0,82.012,0,0.0,2023,Australia,1.0,0,1.6706666666666667,0.0,0.5614035087719298,2.0
VER,33.0,HARD,25.0,1.0,81.819,0,0.0,2023,Australia,1.0,0,1.6096666666666692,0.0,0.5789473684210527,2.0
VER,34.0,HARD,26.0,1.0,81.894,0,0.0,2023,Australia,1.0,0,1.5663333333333374,0.0,0.5964912280701754,2.0
VER,35.0,HARD,27.0,1.0,81.681,0,0.0,2023,Australia,1.0,0,1.456000000000003,0.0,0.6140350877192983,2.0
VER,36.0,HARD,28.0,1.0,81.732,0,0.0,2023,Australia,1.0,0,1.427000000000002,0.0,0.631578947368421,2.0
VER,37.0,HARD,29.0,1.0,81.403,0,0.0,2023,Australia,1.0,0,1.2633333333333354,0.0,0.6491228070175439,2.0
VER,38.0,HARD,30.0,1.0,81.319,0,0.0,2023,Australia,1.0,0,1.1426666666666705,0.0,0.6666666666666666,2.0
VER,39.0,HARD,31.0,1.0,81.578,0,0.0,2023,Australia,1.0,0,1.0913333333333384,0.0,0.6842105263157895,2.0
VER,40.0,HARD,32.0,1.0,81.078,0,0.0,2023,Australia,1.0,0,0.9830000000000041,0.0,0.7017543859649122,2.0
VER,41.0,HARD,33.0,1.0,80.986,0,0.0,2023,Australia,1.0,0,0.8720000000000047,0.0,0.7192982456140351,2.0
VER,42.0,HARD,34.0,1.0,81.148,0,0.0,2023,Australia,1.0,0,0.728666666666669,0.0,0.7368421052631579,2.0
VER,43.0,HARD,35.0,1.0,81.166,0,0.0,2023,Australia,1.0,0,0.7580000000000003,0.0,0.7543859649122807,2.0
VER,44.0,HARD,36.0,1.0,81.089,0,0.0,2023,Australia,1.0,0,0.7923333333333318,0.0,0.7719298245614035,2.0
VER,45.0,HARD,37.0,1.0,80.807,0,0.0,2023,Australia,1.0,0,0.6786666666666671,0.0,0.7894736842105263,2.0
VER,46.0,HARD,38.0,1.0,80.703,0,0.0,2023,Australia,1.0,0,0.5243333333333359,0.0,0.8070175438596491,2.0
VER,47.0,HARD,39.0,1.0,84.107,0,0.0,2023,Australia,1.0,0,1.530333333333336,0.0,0.8245614035087719,2.0
VER,48.0,HARD,40.0,1.0,81.073,0,0.0,2023,Australia,1.0,0,1.6189999999999998,0.0,0.8421052631578947,2.0
VER,49.0,HARD,41.0,1.0,80.342,0,0.0,2023,Australia,1.0,0,1.498666666666665,0.0,0.8596491228070176,2.0
VER,50.0,HARD,42.0,1.0,80.471,0,0.0,2023,Australia,1.0,0,0.28666666666666646,0.0,0.8771929824561403,2.0
VER,51.0,HARD,43.0,1.0,80.632,0,0.0,2023,Australia,1.0,0,0.13966666666667038,0.0,0.8947368421052632,2.0
VER,52.0,HARD,44.0,1.0,80.738,0,0.0,2023,Australia,1.0,0,0.27166666666667066,0.0,0.9122807017543859,2.0
VER,53.0,HARD,45.0,1.0,80.671,0,0.0,2023,Australia,1.0,0,0.33833333333333826,0.0,0.9298245614035088,2.0
VER,54.0,HARD,46.0,1.0,91.178,0,0.0,2023,Australia,1.0,0,3.853666666666669,0.0,0.9473684210526315,2.0
ZHO,2.0,HARD,1.0,16.0,119.863,0,0.0,2023,Australia,12.0,1,43.096000000000004,0.0,0.03508771929824561,2.0
ZHO,3.0,HARD,2.0,16.0,123.71,0,0.0,2023,Australia,12.0,1,42.69433333333333,0.0,0.05263157894736842,2.0
ZHO,4.0,HARD,3.0,16.0,85.204,0,0.0,2023,Australia,12.0,1,27.773333333333326,0.0,0.07017543859649122,2.0
ZHO,5.0,HARD,4.0,16.0,84.847,0,0.0,2023,Australia,12.0,1,16.101333333333326,0.0,0.08771929824561403,2.0
ZHO,6.0,HARD,5.0,17.0,84.856,0,0.0,2023,Australia,12.0,1,3.1499999999999915,0.2,0.10526315789473684,2.0
ZHO,7.0,HARD,6.0,15.0,101.268,0,0.0,2023,Australia,12.0,1,8.50466666666666,-0.2,0.12280701754385964,2.0
ZHO,10.0,HARD,9.0,12.0,91.657,0,0.0,2023,Australia,12.0,1,10.774666666666661,-0.8,0.17543859649122806,2.0
ZHO,11.0,HARD,10.0,12.0,85.23,0,0.0,2023,Australia,12.0,1,10.899333333333331,-0.8,0.19298245614035087,2.0
ZHO,12.0,HARD,11.0,12.0,83.869,0,0.0,2023,Australia,12.0,1,5.099666666666664,-0.8,0.21052631578947367,2.0
ZHO,13.0,HARD,12.0,12.0,83.411,0,0.0,2023,Australia,12.0,1,2.350999999999999,-1.0,0.22807017543859648,2.0
ZHO,14.0,HARD,13.0,12.0,83.581,0,0.0,2023,Australia,12.0,1,1.8013333333333321,-0.6,0.24561403508771928,2.0
ZHO,15.0,HARD,14.0,12.0,85.028,0,0.0,2023,Australia,12.0,1,2.1876666666666673,0.0,0.2631578947368421,2.0
ZHO,16.0,HARD,15.0,14.0,85.545,0,0.0,2023,Australia,12.0,1,2.899000000000001,0.4,0.2807017543859649,2.0
ZHO,17.0,HARD,16.0,13.0,83.374,0,0.0,2023,Australia,12.0,1,2.8299999999999983,0.2,0.2982456140350877,2.0
ZHO,18.0,HARD,17.0,13.0,107.644,0,0.0,2023,Australia,12.0,1,10.368666666666664,0.2,0.3157894736842105,2.0
ZHO,19.0,HARD,18.0,13.0,97.806,0,0.0,2023,Australia,12.0,1,14.455666666666664,0.2,0.3333333333333333,2.0
ZHO,20.0,HARD,19.0,13.0,83.666,0,0.0,2023,Australia,12.0,1,14.552999999999997,0.2,0.3508771929824561,2.0
ZHO,21.0,HARD,20.0,13.0,83.268,0,0.0,2023,Australia,12.0,1,6.427666666666663,-0.2,0.3684210526315789,2.0
ZHO,22.0,HARD,21.0,13.0,83.205,0,0.0,2023,Australia,12.0,1,1.5606666666666626,0.0,0.38596491228070173,2.0
ZHO,23.0,HARD,22.0,13.0,83.418,0,0.0,2023,Australia,12.0,1,1.477999999999999,0.0,0.40350877192982454,2.0
ZHO,24.0,HARD,23.0,13.0,83.121,0,0.0,2023,Australia,12.0,1,1.4289999999999974,0.0,0.42105263157894735,2.0
ZHO,25.0,HARD,24.0,13.0,83.46,0,0.0,2023,Australia,12.0,1,1.5139999999999958,0.0,0.43859649122807015,2.0
ZHO,26.0,HARD,25.0,13.0,83.488,0,0.0,2023,Australia,12.0,1,1.5373333333333268,0.0,0.45614035087719296,2.0
ZHO,27.0,HARD,26.0,13.0,82.631,0,0.0,2023,Australia,12.0,1,1.3739999999999952,0.0,0.47368421052631576,2.0
ZHO,28.0,HARD,27.0,13.0,82.904,0,0.0,2023,Australia,12.0,1,1.1886666666666628,0.0,0.49122807017543857,2.0
ZHO,29.0,HARD,28.0,13.0,83.25,0,0.0,2023,Australia,12.0,1,1.1093333333333295,0.0,0.5087719298245614,2.0
ZHO,30.0,HARD,29.0,13.0,83.563,0,0.0,2023,Australia,12.0,1,1.419999999999997,0.0,0.5263157894736842,2.0
ZHO,31.0,HARD,30.0,13.0,84.468,0,0.0,2023,Australia,12.0,1,1.9413333333333327,0.0,0.543859649122807,2.0
ZHO,32.0,HARD,31.0,13.0,83.025,0,0.0,2023,Australia,12.0,1,1.8663333333333345,0.0,0.5614035087719298,2.0
ZHO,33.0,HARD,32.0,13.0,82.777,0,0.0,2023,Australia,12.0,1,1.604333333333334,0.0,0.5789473684210527,2.0
ZHO,34.0,HARD,33.0,13.0,83.493,0,0.0,2023,Australia,12.0,1,1.2793333333333312,0.0,0.5964912280701754,2.0
ZHO,35.0,HARD,34.0,12.0,83.667,0,0.0,2023,Australia,12.0,1,1.4933333333333298,-0.2,0.6140350877192983,2.0
ZHO,36.0,HARD,35.0,13.0,84.117,0,0.0,2023,Australia,12.0,1,1.9399999999999977,0.0,0.631578947368421,2.0
ZHO,37.0,HARD,36.0,13.0,83.222,0,0.0,2023,Australia,12.0,1,1.8496666666666641,0.0,0.6491228070175439,2.0
ZHO,38.0,HARD,37.0,13.0,82.917,0,0.0,2023,Australia,12.0,1,1.5996666666666641,0.0,0.6666666666666666,2.0
ZHO,39.0,HARD,38.0,13.0,82.464,0,0.0,2023,Australia,12.0,1,1.0486666666666622,0.0,0.6842105263157895,2.0
ZHO,40.0,HARD,39.0,13.0,82.243,0,0.0,2023,Australia,12.0,1,0.7223333333333292,0.2,0.7017543859649122,2.0
ZHO,41.0,HARD,40.0,13.0,82.246,0,0.0,2023,Australia,12.0,1,0.4986666666666603,0.0,0.7192982456140351,2.0
ZHO,42.0,HARD,41.0,13.0,82.732,0,0.0,2023,Australia,12.0,1,0.5879999999999939,0.0,0.7368421052631579,2.0
ZHO,43.0,HARD,42.0,13.0,82.348,0,0.0,2023,Australia,12.0,1,0.6229999999999952,0.0,0.7543859649122807,2.0
ZHO,44.0,HARD,43.0,13.0,82.115,0,0.0,2023,Australia,12.0,1,0.5793333333333285,0.0,0.7719298245614035,2.0
ZHO,45.0,HARD,44.0,13.0,82.049,0,0.0,2023,Australia,12.0,1,0.3516666666666642,0.0,0.7894736842105263,2.0
ZHO,46.0,HARD,45.0,13.0,81.936,0,0.0,2023,Australia,12.0,1,0.21433333333333357,0.0,0.8070175438596491,2.0
ZHO,47.0,HARD,46.0,13.0,81.862,0,0.0,2023,Australia,12.0,1,0.1300000000000002,0.0,0.8245614035087719,2.0
ZHO,48.0,HARD,47.0,13.0,81.819,0,0.0,2023,Australia,12.0,1,0.0533333333333322,0.0,0.8421052631578947,2.0
ZHO,49.0,HARD,48.0,13.0,81.983,0,0.0,2023,Australia,12.0,1,0.06899999999999788,0.0,0.8596491228070176,2.0
ZHO,50.0,HARD,49.0,13.0,81.836,0,0.0,2023,Australia,12.0,1,0.06033333333333246,0.0,0.8771929824561403,2.0
ZHO,51.0,HARD,50.0,13.0,82.781,0,0.0,2023,Australia,12.0,1,0.3810000000000002,0.0,0.8947368421052632,2.0
ZHO,52.0,HARD,51.0,13.0,82.05,0,0.0,2023,Australia,12.0,1,0.40333333333333127,0.0,0.9122807017543859,2.0
ZHO,53.0,HARD,52.0,12.0,86.766,0,0.0,2023,Australia,12.0,1,2.046666666666667,-0.2,0.9298245614035088,2.0
ZHO,54.0,HARD,53.0,12.0,130.457,1,0.0,2023,Australia,12.0,2,1.725999999999999,-0.2,0.9473684210526315,2.0
ALB,2.0,SOFT,2.0,12.0,100.43,0,0.0,2023,Bahrain,10.0,0,3.680500000000009,0.0,0.03508771929824561,0.0
ALB,3.0,SOFT,3.0,12.0,100.143,0,0.0,2023,Bahrain,10.0,0,2.581000000000008,0.0,0.05263157894736842,0.0
ALB,4.0,SOFT,4.0,11.0,99.761,0,0.0,2023,Bahrain,10.0,0,0.3503333333333387,-0.3333333333333333,0.07017543859649122,0.0
ALB,5.0,SOFT,5.0,11.0,100.606,0,0.0,2023,Bahrain,10.0,0,0.4090000000000013,-0.25,0.08771929824561403,0.0
ALB,6.0,SOFT,6.0,11.0,100.744,0,0.0,2023,Bahrain,10.0,0,0.6093333333333343,-0.2,0.10526315789473684,0.0
ALB,7.0,SOFT,7.0,11.0,100.646,0,0.0,2023,Bahrain,10.0,0,0.904333333333336,-0.2,0.12280701754385964,0.0
ALB,8.0,SOFT,8.0,11.0,100.918,0,0.0,2023,Bahrain,10.0,0,1.00833333333334,-0.2,0.14035087719298245,0.0
ALB,9.0,SOFT,9.0,11.0,100.969,0,0.0,2023,Bahrain,10.0,0,1.0833333333333381,0.0,0.15789473684210525,0.0
ALB,10.0,SOFT,10.0,11.0,101.119,0,0.0,2023,Bahrain,10.0,0,1.2410000000000043,0.0,0.17543859649122806,0.0
ALB,11.0,SOFT,11.0,12.0,103.948,1,0.0,2023,Bahrain,10.0,1,2.680666666666667,0.2,0.19298245614035087,0.0
ALB,12.0,SOFT,1.0,15.0,119.445,0,0.0,2023,Bahrain,10.0,1,9.269,0.8,0.21052631578947367,0.0
ALB,13.0,SOFT,2.0,11.0,98.649,0,0.0,2023,Bahrain,10.0,1,8.875333333333336,0.0,0.22807017543859648,0.0
ALB,14.0,SOFT,3.0,11.0,98.472,0,0.0,2023,Bahrain,10.0,1,7.050000000000002,0.0,0.24561403508771928,0.0
ALB,15.0,SOFT,4.0,10.0,99.158,0,0.0,2023,Bahrain,10.0,1,0.28766666666667123,-0.2,0.2631578947368421,0.0
ALB,16.0,SOFT,5.0,10.0,99.253,0,0.0,2023,Bahrain,10.0,1,0.4890000000000043,-0.4,0.2807017543859649,0.0
ALB,17.0,SOFT,6.0,10.0,99.094,0,0.0,2023,Bahrain,10.0,1,0.6963333333333376,-1.0,0.2982456140350877,0.0
ALB,18.0,SOFT,7.0,10.0,99.049,0,0.0,2023,Bahrain,10.0,1,0.660000000000006,-0.2,0.3157894736842105,0.0
ALB,19.0,SOFT,8.0,10.0,99.272,0,0.0,2023,Bahrain,10.0,1,0.6663333333333412,-0.2,0.3333333333333333,0.0
ALB,20.0,SOFT,9.0,10.0,99.299,0,0.0,2023,Bahrain,10.0,1,0.7346666666666787,0.0,0.3508771929824561,0.0
ALB,21.0,SOFT,10.0,10.0,99.591,0,0.0,2023,Bahrain,10.0,1,0.9153333333333412,0.0,0.3684210526315789,0.0
ALB,22.0,SOFT,11.0,10.0,99.588,0,0.0,2023,Bahrain,10.0,1,1.0206666666666706,0.0,0.38596491228070173,0.0
ALB,23.0,SOFT,12.0,10.0,99.802,0,0.0,2023,Bahrain,10.0,1,1.1883333333333372,0.0,0.40350877192982454,0.0
ALB,24.0,SOFT,13.0,10.0,99.89,0,0.0,2023,Bahrain,10.0,1,1.2880000000000063,0.0,0.42105263157894735,0.0
ALB,25.0,SOFT,14.0,10.0,99.832,0,0.0,2023,Bahrain,10.0,1,1.3693333333333395,0.0,0.43859649122807015,0.0
ALB,26.0,SOFT,15.0,10.0,102.61,1,0.0,2023,Bahrain,10.0,2,2.628333333333335,0.0,0.45614035087719296,0.0
ALB,27.0,HARD,1.0,14.0,119.87,0,0.0,2023,Bahrain,10.0,2,9.611333333333334,0.8,0.47368421052631576,2.0
ALB,28.0,HARD,2.0,13.0,97.503,0,0.0,2023,Bahrain,10.0,2,9.158000000000001,0.6,0.49122807017543857,2.0
ALB,29.0,HARD,3.0,12.0,98.127,0,0.0,2023,Bahrain,10.0,2,7.663666666666667,0.4,0.5087719298245614,2.0
ALB,30.0,HARD,4.0,12.0,97.931,0,0.0,2023,Bahrain,10.0,2,0.3506666666666642,0.4,0.5263157894736842,2.0
ALB,31.0,HARD,5.0,11.0,98.104,0,0.0,2023,Bahrain,10.0,2,0.5509999999999972,0.2,0.543859649122807,2.0
ALB,32.0,HARD,6.0,11.0,97.919,0,0.0,2023,Bahrain,10.0,2,0.4816666666666644,-0.6,0.5614035087719298,2.0
ALB,33.0,HARD,7.0,10.0,98.104,0,0.0,2023,Bahrain,10.0,2,0.5393333333333317,-0.6,0.5789473684210527,2.0
ALB,34.0,HARD,8.0,10.0,97.961,0,0.0,2023,Bahrain,10.0,2,0.49166666666666475,-0.4,0.5964912280701754,2.0
ALB,35.0,HARD,9.0,10.0,97.984,0,0.0,2023,Bahrain,10.0,2,0.5133333333333306,-0.4,0.6140350877192983,2.0
ALB,36.0,HARD,10.0,10.0,98.176,0,0.0,2023,Bahrain,10.0,2,0.5373333333333316,-0.2,0.631578947368421,2.0
ALB,37.0,HARD,11.0,10.0,98.038,0,0.0,2023,Bahrain,10.0,2,0.5629999999999976,-0.2,0.6491228070175439,2.0
ALB,38.0,HARD,12.0,10.0,98.33,0,0.0,2023,Bahrain,10.0,2,0.6783333333333322,0.0,0.6666666666666666,2.0
ALB,39.0,HARD,13.0,10.0,98.346,0,0.0,2023,Bahrain,10.0,2,0.7349999999999994,0.0,0.6842105263157895,2.0
ALB,40.0,HARD,14.0,9.0,110.177,1,0.0,2023,Bahrain,10.0,3,4.901000000000001,-0.2,0.7017543859649122,2.0
ALB,41.0,SOFT,1.0,9.0,128.659,0,0.0,2023,Bahrain,10.0,3,15.130333333333331,-0.2,0.7192982456140351,0.0
ALB,42.0,SOFT,2.0,10.0,97.211,0,0.0,2023,Bahrain,10.0,3,14.87166666666666,0.0,0.7368421052631579,0.0
ALB,43.0,SOFT,3.0,10.0,97.144,0,0.0,2023,Bahrain,10.0,3,10.527333333333326,0.0,0.7543859649122807,0.0
ALB,44.0,SOFT,4.0,10.0,97.327,0,0.0,2023,Bahrain,10.0,3,0.0833333333333286,0.0,0.7719298245614035,0.0
ALB,45.0,SOFT,5.0,10.0,97.503,0,0.0,2023,Bahrain,10.0,3,0.18066666666666245,0.2,0.7894736842105263,0.0
ALB,46.0,SOFT,6.0,10.0,97.577,0,0.0,2023,Bahrain,10.0,3,0.32499999999999335,0.2,0.8070175438596491,0.0
ALB,47.0,SOFT,7.0,10.0,97.545,0,0.0,2023,Bahrain,10.0,3,0.39766666666666123,0.0,0.8245614035087719,0.0
ALB,48.0,SOFT,8.0,10.0,97.684,0,0.0,2023,Bahrain,10.0,3,0.4579999999999937,0.0,0.8421052631578947,0.0
ALB,49.0,SOFT,9.0,10.0,97.609,0,0.0,2023,Bahrain,10.0,3,0.4686666666666592,0.0,0.8596491228070176,0.0
ALB,50.0,SOFT,10.0,10.0,97.695,0,0.0,2023,Bahrain,10.0,3,0.5186666666666563,0.0,0.8771929824561403,0.0
ALB,51.0,SOFT,11.0,10.0,97.727,0,0.0,2023,Bahrain,10.0,3,0.5329999999999918,0.0,0.8947368421052632,0.0
ALB,52.0,SOFT,12.0,10.0,97.861,0,0.0,2023,Bahrain,10.0,3,0.616999999999995,0.0,0.9122807017543859,0.0
ALB,53.0,SOFT,13.0,10.0,97.778,0,0.0,2023,Bahrain,10.0,3,0.6446666666666658,0.0,0.9298245614035088,0.0
ALB,54.0,SOFT,14.0,10.0,97.78,0,0.0,2023,Bahrain,10.0,3,0.6623333333333316,0.0,0.9473684210526315,0.0
ALB,55.0,SOFT,15.0,10.0,97.803,0,0.0,2023,Bahrain,10.0,3,0.6429999999999959,0.0,0.9649122807017544,0.0
ALB,56.0,SOFT,16.0,10.0,98.159,0,0.0,2023,Bahrain,10.0,3,0.769999999999996,0.0,0.9824561403508771,0.0
ALB,57.0,SOFT,17.0,10.0,98.137,0,0.0,2023,Bahrain,10.0,3,0.8889999999999958,0.0,1.0,0.0
ALO,2.0,SOFT,5.0,7.0,99.792,0,0.0,2023,Bahrain,3.0,0,2.6000000000000085,0.0,0.03508771929824561,0.0
ALO,3.0,SOFT,6.0,7.0,99.1,0,0.0,2023,Bahrain,3.0,0,1.733333333333339,0.0,0.05263157894736842,0.0
ALO,4.0,SOFT,7.0,7.0,99.548,0,0.0,2023,Bahrain,3.0,0,0.38000000000000494,0.0,0.07017543859649122,0.0
ALO,5.0,SOFT,8.0,7.0,99.662,0,0.0,2023,Bahrain,3.0,0,0.3366666666666731,0.0,0.08771929824561403,0.0
ALO,6.0,SOFT,9.0,7.0,99.674,0,0.0,2023,Bahrain,3.0,0,0.5280000000000106,0.0,0.10526315789473684,0.0
ALO,7.0,SOFT,10.0,7.0,99.729,0,0.0,2023,Bahrain,3.0,0,0.588333333333343,0.0,0.12280701754385964,0.0
ALO,8.0,SOFT,11.0,7.0,99.959,0,0.0,2023,Bahrain,3.0,0,0.687333333333342,0.0,0.14035087719298245,0.0
ALO,9.0,SOFT,12.0,7.0,100.275,0,0.0,2023,Bahrain,3.0,0,0.887666666666675,0.0,0.15789473684210525,0.0
ALO,10.0,SOFT,13.0,7.0,100.203,0,0.0,2023,Bahrain,3.0,0,1.0456666666666763,0.0,0.17543859649122806,0.0
ALO,11.0,SOFT,14.0,7.0,101.147,0,0.0,2023,Bahrain,3.0,0,1.441666666666677,0.0,0.19298245614035087,0.0
ALO,12.0,SOFT,15.0,6.0,100.934,0,0.0,2023,Bahrain,3.0,0,1.661333333333341,-0.2,0.21052631578947367,0.0
ALO,13.0,SOFT,16.0,5.0,100.341,0,0.0,2023,Bahrain,3.0,0,1.707333333333338,-0.4,0.22807017543859648,0.0
ALO,14.0,SOFT,17.0,4.0,102.212,1,0.0,2023,Bahrain,3.0,1,2.5816666666666683,-0.6,0.24561403508771928,0.0
ALO,15.0,HARD,1.0,8.0,119.692,0,0.0,2023,Bahrain,3.0,1,9.353666666666664,0.2,0.2631578947368421,2.0
ALO,16.0,HARD,2.0,7.0,97.542,0,0.0,2023,Bahrain,3.0,1,8.939999999999998,0.0,0.2807017543859649,2.0
ALO,17.0,HARD,3.0,6.0,98.139,0,0.0,2023,Bahrain,3.0,1,7.582333333333328,0.0,0.2982456140350877,2.0
ALO,18.0,HARD,4.0,6.0,98.124,0,0.0,2023,Bahrain,3.0,1,0.39299999999999596,0.2,0.3157894736842105,2.0
ALO,19.0,HARD,5.0,6.0,98.361,0,0.0,2023,Bahrain,3.0,1,0.6659999999999968,0.4,0.3333333333333333,2.0
ALO,20.0,HARD,6.0,6.0,98.318,0,0.0,2023,Bahrain,3.0,1,0.7256666666666641,-0.4,0.3508771929824561,2.0
ALO,21.0,HARD,7.0,6.0,98.407,0,0.0,2023,Bahrain,3.0,1,0.819999999999998,-0.2,0.3684210526315789,2.0
ALO,22.0,HARD,8.0,6.0,98.2,0,0.0,2023,Bahrain,3.0,1,0.7663333333333308,0.0,0.38596491228070173,2.0
ALO,23.0,HARD,9.0,6.0,97.853,0,0.0,2023,Bahrain,3.0,1,0.6113333333333296,0.0,0.40350877192982454,2.0
ALO,24.0,HARD,10.0,6.0,97.878,0,0.0,2023,Bahrain,3.0,1,0.43499999999999756,0.0,0.42105263157894735,2.0
ALO,25.0,HARD,11.0,6.0,98.139,0,0.0,2023,Bahrain,3.0,1,0.41466666666666185,0.0,0.43859649122807015,2.0
ALO,26.0,HARD,12.0,6.0,98.127,0,0.0,2023,Bahrain,3.0,1,0.5059999999999955,0.0,0.45614035087719296,2.0
ALO,27.0,HARD,13.0,6.0,98.612,0,0.0,2023,Bahrain,3.0,1,0.7506666666666604,0.0,0.47368421052631576,2.0
ALO,28.0,HARD,14.0,6.0,98.199,0,0.0,2023,Bahrain,3.0,1,0.7706666666666612,0.0,0.49122807017543857,2.0
ALO,29.0,HARD,15.0,6.0,98.585,0,0.0,2023,Bahrain,3.0,1,0.9233333333333272,0.0,0.5087719298245614,2.0
ALO,30.0,HARD,16.0,5.0,98.282,0,0.0,2023,Bahrain,3.0,1,0.8133333333333278,-0.2,0.5263157894736842,2.0
ALO,31.0,HARD,17.0,5.0,98.009,0,0.0,2023,Bahrain,3.0,1,0.7499999999999952,-0.2,0.543859649122807,2.0
ALO,32.0,HARD,18.0,4.0,97.871,0,0.0,2023,Bahrain,3.0,1,0.5119999999999957,-0.4,0.5614035087719298,2.0
ALO,33.0,HARD,19.0,4.0,97.769,0,0.0,2023,Bahrain,3.0,1,0.3409999999999987,-0.4,0.5789473684210527,2.0
ALO,34.0,HARD,20.0,3.0,100.353,1,0.0,2023,Bahrain,3.0,2,1.5843333333333287,-0.6,0.5964912280701754,2.0
ALO,35.0,HARD,1.0,6.0,117.389,0,0.0,2023,Bahrain,3.0,2,8.552333333333328,0.2,0.6140350877192983,2.0
ALO,36.0,HARD,2.0,6.0,96.156,0,0.0,2023,Bahrain,3.0,2,8.47666666666666,0.2,0.631578947368421,2.0
ALO,37.0,HARD,3.0,6.0,97.431,0,0.0,2023,Bahrain,3.0,2,7.50266666666666,0.4,0.6491228070175439,2.0
ALO,38.0,HARD,4.0,5.0,97.002,0,0.0,2023,Bahrain,3.0,2,0.7069999999999936,0.2,0.6666666666666666,2.0
ALO,39.0,HARD,5.0,5.0,97.243,0,0.0,2023,Bahrain,3.0,2,1.0693333333333233,0.4,0.6842105263157895,2.0
ALO,40.0,HARD,6.0,4.0,97.208,0,0.0,2023,Bahrain,3.0,2,0.9949999999999903,-0.4,0.7017543859649122,2.0
ALO,41.0,HARD,7.0,4.0,126.713,0,0.0,2023,Bahrain,3.0,2,10.898666666666657,-0.4,0.7192982456140351,2.0
ALO,42.0,HARD,8.0,4.0,96.334,0,0.0,2023,Bahrain,3.0,2,10.59566666666666,-0.4,0.7368421052631579,2.0
ALO,43.0,HARD,9.0,4.0,96.911,0,0.0,2023,Bahrain,3.0,2,10.49666666666666,-0.2,0.7543859649122807,2.0
ALO,44.0,HARD,10.0,4.0,97.022,0,0.0,2023,Bahrain,3.0,2,0.5996666666666641,-0.2,0.7719298245614035,2.0
ALO,45.0,HARD,11.0,3.0,97.931,0,0.0,2023,Bahrain,3.0,2,1.1319999999999955,-0.2,0.7894736842105263,2.0
ALO,46.0,HARD,12.0,3.0,97.087,0,0.0,2023,Bahrain,3.0,2,1.1906666666666628,-0.2,0.8070175438596491,2.0
ALO,47.0,HARD,13.0,3.0,97.326,0,0.0,2023,Bahrain,3.0,2,1.291999999999992,-0.2,0.8245614035087719,2.0
ALO,48.0,HARD,14.0,3.0,96.783,0,0.0,2023,Bahrain,3.0,2,0.9093333333333268,-0.2,0.8421052631578947,2.0
ALO,49.0,HARD,15.0,3.0,96.726,0,0.0,2023,Bahrain,3.0,2,0.788999999999992,-0.2,0.8596491228070176,2.0
ALO,50.0,HARD,16.0,3.0,96.331,0,0.0,2023,Bahrain,3.0,2,0.45733333333332854,0.0,0.8771929824561403,2.0
ALO,51.0,HARD,17.0,3.0,96.96,0,0.0,2023,Bahrain,3.0,2,0.5163333333333261,0.0,0.8947368421052632,2.0
ALO,52.0,HARD,18.0,3.0,97.01,0,0.0,2023,Bahrain,3.0,2,0.6109999999999948,0.0,0.9122807017543859,2.0
ALO,53.0,HARD,19.0,3.0,97.01,0,0.0,2023,Bahrain,3.0,2,0.8373333333333287,0.0,0.9298245614035088,2.0
ALO,54.0,HARD,20.0,3.0,97.599,0,0.0,2023,Bahrain,3.0,2,1.050333333333332,0.0,0.9473684210526315,2.0
ALO,55.0,HARD,21.0,3.0,97.662,0,0.0,2023,Bahrain,3.0,2,1.2676666666666658,0.0,0.9649122807017544,2.0
ALO,56.0,HARD,22.0,3.0,97.473,0,0.0,2023,Bahrain,3.0,2,1.421999999999997,0.0,0.9824561403508771,2.0
ALO,57.0,HARD,23.0,3.0,97.422,0,0.0,2023,Bahrain,3.0,2,1.3629999999999949,0.0,1.0,2.0
BOT,2.0,SOFT,2.0,8.0,99.956,0,0.0,2023,Bahrain,8.0,0,2.657999999999994,0.0,0.03508771929824561,0.0
BOT,3.0,SOFT,3.0,8.0,99.397,0,0.0,2023,Bahrain,8.0,0,1.771999999999996,0.0,0.05263157894736842,0.0
BOT,4.0,SOFT,4.0,8.0,99.823,0,0.0,2023,Bahrain,8.0,0,0.3283333333333284,0.0,0.07017543859649122,0.0
BOT,5.0,SOFT,5.0,9.0,101.033,0,0.0,2023,Bahrain,8.0,0,0.6873333333333278,0.25,0.08771929824561403,0.0
BOT,6.0,SOFT,6.0,9.0,100.265,0,0.0,2023,Bahrain,8.0,0,0.9766666666666595,0.2,0.10526315789473684,0.0
BOT,7.0,SOFT,7.0,9.0,100.564,0,0.0,2023,Bahrain,8.0,0,1.2236666666666594,0.2,0.12280701754385964,0.0
BOT,8.0,SOFT,8.0,9.0,100.387,0,0.0,2023,Bahrain,8.0,0,1.0083333333333258,0.2,0.14035087719298245,0.0
BOT,9.0,SOFT,9.0,9.0,100.275,0,0.0,2023,Bahrain,8.0,0,1.0116666666666607,0.2,0.15789473684210525,0.0
BOT,10.0,SOFT,10.0,9.0,100.676,0,0.0,2023,Bahrain,8.0,0,1.048999999999997,0.0,0.17543859649122806,0.0
BOT,11.0,SOFT,11.0,9.0,103.269,1,0.0,2023,Bahrain,8.0,1,2.4653333333333336,0.0,0.19298245614035087,0.0
BOT,12.0,HARD,1.0,14.0,119.45,0,0.0,2023,Bahrain,8.0,1,9.312666666666667,1.0,0.21052631578947367,2.0
BOT,13.0,HARD,2.0,10.0,98.03,0,0.0,2023,Bahrain,8.0,1,8.886333333333335,0.2,0.22807017543859648,2.0
BOT,14.0,HARD,3.0,8.0,98.098,0,0.0,2023,Bahrain,8.0,1,7.1626666666666665,-0.2,0.24561403508771928,2.0
BOT,15.0,HARD,4.0,7.0,98.851,0,0.0,2023,Bahrain,8.0,1,0.29633333333333195,-0.4,0.2631578947368421,2.0
BOT,16.0,HARD,5.0,6.0,98.494,0,0.0,2023,Bahrain,8.0,1,0.4509999999999981,-0.6,0.2807017543859649,2.0
BOT,17.0,HARD,6.0,7.0,99.973,0,0.0,2023,Bahrain,8.0,1,1.075999999999998,-1.4,0.2982456140350877,2.0
BOT,18.0,HARD,7.0,8.0,100.24,0,0.0,2023,Bahrain,8.0,1,1.5389999999999968,-0.4,0.3157894736842105,2.0
BOT,19.0,HARD,8.0,8.0,99.497,0,0.0,2023,Bahrain,8.0,1,1.8733333333333302,0.0,0.3333333333333333,2.0
BOT,20.0,HARD,9.0,9.0,100.442,0,0.0,2023,Bahrain,8.0,1,2.0296666666666616,0.4,0.3508771929824561,2.0
BOT,21.0,HARD,10.0,9.0,99.355,0,0.0,2023,Bahrain,8.0,1,1.7346666666666646,0.6,0.3684210526315789,2.0
BOT,22.0,HARD,11.0,9.0,99.356,0,0.0,2023,Bahrain,8.0,1,1.6876666666666627,0.4,0.38596491228070173,2.0
BOT,23.0,HARD,12.0,9.0,99.311,0,0.0,2023,Bahrain,8.0,1,1.3106666666666673,0.2,0.40350877192982454,2.0
BOT,24.0,HARD,13.0,9.0,99.427,0,0.0,2023,Bahrain,8.0,1,1.3346666666666682,0.2,0.42105263157894735,2.0
BOT,25.0,HARD,14.0,9.0,99.49,0,0.0,2023,Bahrain,8.0,1,1.379333333333335,0.0,0.43859649122807015,2.0
BOT,26.0,HARD,15.0,9.0,99.5,0,0.0,2023,Bahrain,8.0,1,1.4423333333333328,0.0,0.45614035087719296,2.0
BOT,27.0,HARD,16.0,9.0,99.287,0,0.0,2023,Bahrain,8.0,1,1.395666666666666,0.0,0.47368421052631576,2.0
BOT,28.0,HARD,17.0,9.0,99.016,0,0.0,2023,Bahrain,8.0,1,1.2376666666666694,0.0,0.49122807017543857,2.0
BOT,29.0,HARD,18.0,9.0,102.22,1,0.0,2023,Bahrain,8.0,2,2.3613333333333344,0.0,0.5087719298245614,2.0
BOT,30.0,HARD,1.0,11.0,118.886,0,0.0,2023,Bahrain,8.0,2,9.111333333333329,0.4,0.5263157894736842,2.0
BOT,31.0,HARD,2.0,10.0,97.379,0,0.0,2023,Bahrain,8.0,2,8.782666666666662,0.2,0.543859649122807,2.0
BOT,32.0,HARD,3.0,9.0,97.675,0,0.0,2023,Bahrain,8.0,2,7.267666666666661,0.0,0.5614035087719298,2.0
BOT,33.0,HARD,4.0,9.0,97.775,0,0.0,2023,Bahrain,8.0,2,0.23066666666666436,0.0,0.5789473684210527,2.0
BOT,34.0,HARD,5.0,9.0,97.774,0,0.0,2023,Bahrain,8.0,2,0.3623333333333297,0.0,0.5964912280701754,2.0
BOT,35.0,HARD,6.0,9.0,97.817,0,0.0,2023,Bahrain,8.0,2,0.4096666666666617,-0.4,0.6140350877192983,2.0
BOT,36.0,HARD,7.0,9.0,97.827,0,0.0,2023,Bahrain,8.0,2,0.4269999999999925,-0.2,0.631578947368421,2.0
BOT,37.0,HARD,8.0,9.0,97.774,0,0.0,2023,Bahrain,8.0,2,0.4269999999999925,0.0,0.6491228070175439,2.0
BOT,38.0,HARD,9.0,9.0,97.658,0,0.0,2023,Bahrain,8.0,2,0.3739999999999952,0.0,0.6666666666666666,2.0
BOT,39.0,HARD,10.0,9.0,97.784,0,0.0,2023,Bahrain,8.0,2,0.3596666666666645,0.0,0.6842105263157895,2.0
BOT,40.0,HARD,11.0,8.0,110.376,0,0.0,2023,Bahrain,8.0,2,4.5603333333333325,-0.2,0.7017543859649122,2.0
BOT,41.0,HARD,12.0,8.0,115.281,0,0.0,2023,Bahrain,8.0,2,10.434666666666667,-0.2,0.7192982456140351,2.0
BOT,42.0,HARD,13.0,8.0,97.736,0,0.0,2023,Bahrain,8.0,2,10.418666666666667,-0.2,0.7368421052631579,2.0
BOT,43.0,HARD,14.0,8.0,97.813,0,0.0,2023,Bahrain,8.0,2,6.230999999999999,-0.2,0.7543859649122807,2.0
BOT,44.0,HARD,15.0,8.0,97.868,0,0.0,2023,Bahrain,8.0,2,0.4266666666666623,-0.2,0.7719298245614035,2.0
BOT,45.0,HARD,16.0,8.0,97.688,0,0.0,2023,Bahrain,8.0,2,0.4106666666666617,0.0,0.7894736842105263,2.0
BOT,46.0,HARD,17.0,8.0,97.83,0,0.0,2023,Bahrain,8.0,2,0.416333333333327,0.0,0.8070175438596491,2.0
BOT,47.0,HARD,18.0,8.0,97.815,0,0.0,2023,Bahrain,8.0,2,0.39866666666666123,0.0,0.8245614035087719,2.0
BOT,48.0,HARD,19.0,8.0,97.5,0,0.0,2023,Bahrain,8.0,2,0.3359999999999938,0.0,0.8421052631578947,2.0
BOT,49.0,HARD,20.0,8.0,97.85,0,0.0,2023,Bahrain,8.0,2,0.3426666666666591,0.0,0.8596491228070176,2.0
BOT,50.0,HARD,21.0,8.0,97.71,0,0.0,2023,Bahrain,8.0,2,0.3076666666666578,0.0,0.8771929824561403,2.0
BOT,51.0,HARD,22.0,8.0,97.816,0,0.0,2023,Bahrain,8.0,2,0.412999999999992,0.0,0.8947368421052632,2.0
BOT,52.0,HARD,23.0,8.0,97.947,0,0.0,2023,Bahrain,8.0,2,0.4453333333333281,0.0,0.9122807017543859,2.0
BOT,53.0,HARD,24.0,8.0,97.856,0,0.0,2023,Bahrain,8.0,2,0.49399999999999505,0.0,0.9298245614035088,2.0
BOT,54.0,HARD,25.0,8.0,97.738,0,0.0,2023,Bahrain,8.0,2,0.46799999999999403,0.0,0.9473684210526315,2.0
BOT,55.0,HARD,26.0,8.0,97.807,0,0.0,2023,Bahrain,8.0,2,0.4213333333333272,0.0,0.9649122807017544,2.0
BOT,56.0,HARD,27.0,8.0,98.16,0,0.0,2023,Bahrain,8.0,2,0.5226666666666612,0.0,0.9824561403508771,2.0
BOT,57.0,HARD,28.0,8.0,98.407,0,0.0,2023,Bahrain,8.0,2,0.7456666666666601,0.0,1.0,2.0
DEV,2.0,SOFT,2.0,20.0,101.289,0,0.0,2023,Bahrain,14.0,0,5.250999999999998,0.0,0.03508771929824561,0.0
DEV,3.0,SOFT,3.0,19.0,100.914,0,0.0,2023,Bahrain,14.0,0,3.6809999999999974,-0.5,0.05263157894736842,0.0
DEV,4.0,SOFT,4.0,19.0,100.373,0,0.0,2023,Bahrain,14.0,0,0.4856666666666645,-0.3333333333333333,0.07017543859649122,0.0
DEV,5.0,SOFT,5.0,19.0,100.63,0,0.0,2023,Bahrain,14.0,0,0.26599999999999585,-0.25,0.08771929824561403,0.0
DEV,6.0,SOFT,6.0,19.0,101.125,0,0.0,2023,Bahrain,14.0,0,0.3363333333333287,-0.2,0.10526315789473684,0.0
DEV,7.0,SOFT,7.0,19.0,101.166,0,0.0,2023,Bahrain,14.0,0,0.6006666666666595,-0.2,0.12280701754385964,0.0
DEV,8.0,SOFT,8.0,19.0,101.23,0,0.0,2023,Bahrain,14.0,0,0.8006666666666623,0.0,0.14035087719298245,0.0
DEV,9.0,SOFT,9.0,18.0,101.573,0,0.0,2023,Bahrain,14.0,0,0.9499999999999934,-0.2,0.15789473684210525,0.0
DEV,10.0,SOFT,10.0,18.0,101.666,0,0.0,2023,Bahrain,14.0,0,1.11666666666666,-0.2,0.17543859649122806,0.0
DEV,11.0,SOFT,11.0,17.0,105.46,1,0.0,2023,Bahrain,14.0,1,3.041333333333327,-0.4,0.19298245614035087,0.0
DEV,12.0,HARD,1.0,19.0,121.184,0,0.0,2023,Bahrain,14.0,1,10.092999999999998,0.0,0.21052631578947367,2.0
DEV,13.0,HARD,2.0,18.0,98.924,0,0.0,2023,Bahrain,14.0,1,9.693666666666672,-0.2,0.22807017543859648,2.0
DEV,14.0,HARD,3.0,17.0,98.829,0,0.0,2023,Bahrain,14.0,1,7.483333333333339,-0.2,0.24561403508771928,2.0
DEV,15.0,HARD,4.0,17.0,98.868,0,0.0,2023,Bahrain,14.0,1,0.04466666666667152,-0.2,0.2631578947368421,2.0
DEV,16.0,HARD,5.0,15.0,99.127,0,0.0,2023,Bahrain,14.0,1,0.11233333333333444,-0.4,0.2807017543859649,2.0
DEV,17.0,HARD,6.0,14.0,98.996,0,0.0,2023,Bahrain,14.0,1,0.16800000000000162,-1.0,0.2982456140350877,2.0
DEV,18.0,HARD,7.0,14.0,99.054,0,0.0,2023,Bahrain,14.0,1,0.23000000000000398,-0.8,0.3157894736842105,2.0
DEV,19.0,HARD,8.0,14.0,99.078,0,0.0,2023,Bahrain,14.0,1,0.2136666666666732,-0.6,0.3333333333333333,2.0
DEV,20.0,HARD,9.0,14.0,99.182,0,0.0,2023,Bahrain,14.0,1,0.27566666666667555,-0.6,0.3508771929824561,2.0
DEV,21.0,HARD,10.0,14.0,99.182,0,0.0,2023,Bahrain,14.0,1,0.31833333333334224,-0.2,0.3684210526315789,2.0
DEV,22.0,HARD,11.0,14.0,99.296,0,0.0,2023,Bahrain,14.0,1,0.39100000000001006,0.0,0.38596491228070173,2.0
DEV,23.0,HARD,12.0,14.0,99.542,0,0.0,2023,Bahrain,14.0,1,0.5110000000000099,0.0,0.40350877192982454,2.0
DEV,24.0,HARD,13.0,14.0,99.807,0,0.0,2023,Bahrain,14.0,1,0.7193333333333433,0.0,0.42105263157894735,2.0
DEV,25.0,HARD,14.0,15.0,100.96,0,0.0,2023,Bahrain,14.0,1,1.2740000000000056,0.2,0.43859649122807015,2.0
DEV,26.0,HARD,15.0,14.0,99.97,0,0.0,2023,Bahrain,14.0,1,1.4166666666666714,0.0,0.45614035087719296,2.0
DEV,27.0,HARD,16.0,12.0,102.309,1,0.0,2023,Bahrain,14.0,2,2.624,-0.4,0.47368421052631576,2.0
DEV,28.0,HARD,1.0,16.0,120.083,0,0.0,2023,Bahrain,14.0,2,9.371666666666664,0.4,0.49122807017543857,2.0
DEV,29.0,HARD,2.0,16.0,98.121,0,0.0,2023,Bahrain,14.0,2,9.12866666666666,0.4,0.5087719298245614,2.0
DEV,30.0,HARD,3.0,15.0,97.709,0,0.0,2023,Bahrain,14.0,2,7.595333333333329,0.0,0.5263157894736842,2.0
DEV,31.0,HARD,4.0,15.0,97.909,0,0.0,2023,Bahrain,14.0,2,0.20399999999999827,0.2,0.543859649122807,2.0
DEV,32.0,HARD,5.0,15.0,97.902,0,0.0,2023,Bahrain,14.0,2,0.13100000000000023,0.6,0.5614035087719298,2.0
DEV,33.0,HARD,6.0,14.0,97.933,0,0.0,2023,Bahrain,14.0,2,0.20566666666666814,-0.4,0.5789473684210527,2.0
DEV,34.0,HARD,7.0,14.0,98.266,0,0.0,2023,Bahrain,14.0,2,0.32466666666666794,-0.4,0.5964912280701754,2.0
DEV,35.0,HARD,8.0,14.0,98.123,0,0.0,2023,Bahrain,14.0,2,0.3983333333333358,-0.2,0.6140350877192983,2.0
DEV,36.0,HARD,9.0,14.0,98.206,0,0.0,2023,Bahrain,14.0,2,0.4893333333333345,-0.2,0.631578947368421,2.0
DEV,37.0,HARD,10.0,14.0,98.423,0,0.0,2023,Bahrain,14.0,2,0.5416666666666666,-0.2,0.6491228070175439,2.0
DEV,38.0,HARD,11.0,14.0,98.379,0,0.0,2023,Bahrain,14.0,2,0.6270000000000001,0.0,0.6666666666666666,2.0
DEV,39.0,HARD,12.0,14.0,98.535,0,0.0,2023,Bahrain,14.0,2,0.7366666666666646,0.0,0.6842105263157895,2.0
DEV,40.0,HARD,13.0,13.0,113.544,0,0.0,2023,Bahrain,14.0,2,5.776999999999997,-0.2,0.7017543859649122,2.0
DEV,41.0,HARD,14.0,11.0,114.359,0,0.0,2023,Bahrain,14.0,2,11.10366666666666,-0.6,0.7192982456140351,2.0
DEV,42.0,HARD,15.0,12.0,99.873,0,0.0,2023,Bahrain,14.0,2,11.549666666666662,-0.4,0.7368421052631579,2.0
DEV,43.0,HARD,16.0,13.0,100.177,0,0.0,2023,Bahrain,14.0,2,7.0939999999999985,-0.2,0.7543859649122807,2.0
DEV,44.0,HARD,17.0,14.0,99.588,0,0.0,2023,Bahrain,14.0,2,2.170333333333332,0.0,0.7719298245614035,2.0
DEV,45.0,HARD,18.0,14.0,98.889,0,0.0,2023,Bahrain,14.0,2,1.842333333333329,0.2,0.7894736842105263,2.0
DEV,46.0,HARD,19.0,14.0,98.871,0,0.0,2023,Bahrain,14.0,2,1.4069999999999918,0.6,0.8070175438596491,2.0
DEV,47.0,HARD,20.0,14.0,98.921,0,0.0,2023,Bahrain,14.0,2,1.1846666666666625,0.4,0.8245614035087719,2.0
DEV,48.0,HARD,21.0,14.0,100.441,0,0.0,2023,Bahrain,14.0,2,1.7019999999999982,0.2,0.8421052631578947,2.0
DEV,49.0,HARD,22.0,14.0,98.985,0,0.0,2023,Bahrain,14.0,2,1.7399999999999995,0.0,0.8596491228070176,2.0
DEV,50.0,HARD,23.0,14.0,99.089,0,0.0,2023,Bahrain,14.0,2,1.795999999999997,0.0,0.8771929824561403,2.0
DEV,51.0,HARD,24.0,15.0,100.475,0,0.0,2023,Bahrain,14.0,2,1.8073333333333277,0.2,0.8947368421052632,2.0
DEV,52.0,HARD,25.0,15.0,100.33,0,0.0,2023,Bahrain,14.0,2,2.2556666666666607,0.2,0.9122807017543859,2.0
DEV,53.0,HARD,26.0,15.0,99.15,0,0.0,2023,Bahrain,14.0,2,2.2759999999999962,0.2,0.9298245614035088,2.0
DEV,54.0,HARD,27.0,15.0,98.885,0,0.0,2023,Bahrain,14.0,2,1.7459999999999998,0.2,0.9473684210526315,2.0
DEV,55.0,HARD,28.0,14.0,99.239,0,0.0,2023,Bahrain,14.0,2,1.3823333333333352,0.0,0.9649122807017544,2.0
DEV,56.0,HARD,29.0,14.0,99.161,0,0.0,2023,Bahrain,14.0,2,1.3860000000000003,-0.2,0.9824561403508771,2.0
GAS,2.0,SOFT,2.0,18.0,100.438,0,0.0,2023,Bahrain,9.0,0,4.605499999999999,-1.0,0.03508771929824561,0.0
GAS,3.0,SOFT,3.0,18.0,100.643,0,0.0,2023,Bahrain,9.0,0,3.1386666666666656,-0.5,0.05263157894736842,0.0
GAS,4.0,SOFT,4.0,18.0,100.894,0,0.0,2023,Bahrain,9.0,0,0.2203333333333338,-0.3333333333333333,0.07017543859649122,0.0
GAS,5.0,SOFT,5.0,18.0,100.818,0,0.0,2023,Bahrain,9.0,0,0.3469999999999989,-0.25,0.08771929824561403,0.0
GAS,6.0,SOFT,6.0,18.0,101.11,0,0.0,2023,Bahrain,9.0,0,0.5026666666666652,-0.2,0.10526315789473684,0.0
GAS,7.0,SOFT,7.0,18.0,101.134,0,0.0,2023,Bahrain,9.0,0,0.5826666666666634,0.0,0.12280701754385964,0.0
GAS,8.0,SOFT,8.0,18.0,101.173,0,0.0,2023,Bahrain,9.0,0,0.7009999999999982,0.0,0.14035087719298245,0.0
GAS,9.0,SOFT,9.0,19.0,104.201,1,0.0,2023,Bahrain,9.0,1,2.289999999999997,0.2,0.15789473684210525,0.0
GAS,10.0,HARD,1.0,20.0,121.262,0,0.0,2023,Bahrain,9.0,1,9.557999999999998,0.4,0.17543859649122806,2.0
GAS,11.0,HARD,2.0,19.0,98.762,0,0.0,2023,Bahrain,9.0,1,9.312999999999997,0.2,0.19298245614035087,2.0
GAS,12.0,HARD,3.0,17.0,98.928,0,0.0,2023,Bahrain,9.0,1,7.555333333333333,-0.2,0.21052631578947367,2.0
GAS,13.0,HARD,4.0,14.0,99.349,0,0.0,2023,Bahrain,9.0,1,0.25100000000000006,-0.8,0.22807017543859648,2.0
GAS,14.0,HARD,5.0,14.0,98.859,0,0.0,2023,Bahrain,9.0,1,0.28333333333333144,-1.0,0.24561403508771928,2.0
GAS,15.0,HARD,6.0,14.0,98.985,0,0.0,2023,Bahrain,9.0,1,0.3023333333333322,-1.2,0.2631578947368421,2.0
GAS,16.0,HARD,7.0,12.0,98.945,0,0.0,2023,Bahrain,9.0,1,0.16766666666666197,-1.4,0.2807017543859649,2.0
GAS,17.0,HARD,8.0,12.0,99.011,0,0.0,2023,Bahrain,9.0,1,0.21833333333332897,-1.0,0.2982456140350877,2.0
GAS,18.0,HARD,9.0,12.0,99.029,0,0.0,2023,Bahrain,9.0,1,0.23299999999999463,-0.4,0.3157894736842105,2.0
GAS,19.0,HARD,10.0,12.0,99.066,0,0.0,2023,Bahrain,9.0,1,0.27333333333333104,-0.4,0.3333333333333333,2.0
GAS,20.0,HARD,11.0,12.0,99.017,0,0.0,2023,Bahrain,9.0,1,0.27533333333333115,-0.4,0.3508771929824561,2.0
GAS,21.0,HARD,12.0,12.0,99.327,0,0.0,2023,Bahrain,9.0,1,0.3746666666666651,0.0,0.3684210526315789,2.0
GAS,22.0,HARD,13.0,12.0,99.485,0,0.0,2023,Bahrain,9.0,1,0.5143333333333308,0.0,0.38596491228070173,2.0
GAS,23.0,HARD,14.0,12.0,99.263,0,0.0,2023,Bahrain,9.0,1,0.5963333333333338,0.0,0.40350877192982454,2.0
GAS,24.0,HARD,15.0,12.0,99.761,0,0.0,2023,Bahrain,9.0,1,0.7409999999999997,0.0,0.42105263157894735,2.0
GAS,25.0,HARD,16.0,12.0,102.288,1,0.0,2023,Bahrain,9.0,2,2.0093333333333305,0.0,0.43859649122807015,2.0
GAS,26.0,HARD,1.0,17.0,119.404,0,0.0,2023,Bahrain,9.0,2,9.056999999999993,1.0,0.45614035087719296,2.0
GAS,27.0,HARD,2.0,15.0,98.729,0,0.0,2023,Bahrain,9.0,2,9.046999999999992,0.6,0.47368421052631576,2.0
GAS,28.0,HARD,3.0,14.0,97.761,0,0.0,2023,Bahrain,9.0,2,7.537999999999992,0.4,0.49122807017543857,2.0
GAS,29.0,HARD,4.0,14.0,98.012,0,0.0,2023,Bahrain,9.0,2,0.40733333333332666,0.4,0.5087719298245614,2.0
GAS,30.0,HARD,5.0,13.0,97.76,0,0.0,2023,Bahrain,9.0,2,0.08433333333332864,0.2,0.5263157894736842,2.0
GAS,31.0,HARD,6.0,12.0,97.968,0,0.0,2023,Bahrain,9.0,2,0.15333333333333124,-1.0,0.543859649122807,2.0
GAS,32.0,HARD,7.0,12.0,98.012,0,0.0,2023,Bahrain,9.0,2,0.15333333333333124,-0.6,0.5614035087719298,2.0
GAS,33.0,HARD,8.0,11.0,97.974,0,0.0,2023,Bahrain,9.0,2,0.22466666666666413,-0.6,0.5789473684210527,2.0
GAS,34.0,HARD,9.0,11.0,98.022,0,0.0,2023,Bahrain,9.0,2,0.2426666666666648,-0.6,0.5964912280701754,2.0
GAS,35.0,HARD,10.0,11.0,98.088,0,0.0,2023,Bahrain,9.0,2,0.26799999999999596,-0.4,0.6140350877192983,2.0
GAS,36.0,HARD,11.0,11.0,98.184,0,0.0,2023,Bahrain,9.0,2,0.33799999999999386,-0.2,0.631578947368421,2.0
GAS,37.0,HARD,12.0,11.0,98.133,0,0.0,2023,Bahrain,9.0,2,0.3749999999999905,-0.2,0.6491228070175439,2.0
GAS,38.0,HARD,13.0,11.0,98.108,0,0.0,2023,Bahrain,9.0,2,0.3816666666666606,0.0,0.6666666666666666,2.0
GAS,39.0,HARD,14.0,11.0,98.537,0,0.0,2023,Bahrain,9.0,2,0.49933333333333013,0.0,0.6842105263157895,2.0
GAS,40.0,HARD,15.0,10.0,109.707,1,0.0,2023,Bahrain,9.0,3,5.254666666666665,-0.2,0.7017543859649122,2.0
GAS,41.0,SOFT,1.0,10.0,128.544,0,0.0,2023,Bahrain,9.0,3,16.297333333333338,-0.2,0.7192982456140351,0.0
GAS,42.0,SOFT,2.0,9.0,95.068,0,0.0,2023,Bahrain,9.0,3,16.038333333333338,-0.4,0.7368421052631579,0.0
GAS,43.0,SOFT,3.0,9.0,95.942,0,0.0,2023,Bahrain,9.0,3,11.450000000000003,-0.4,0.7543859649122807,0.0
GAS,44.0,SOFT,4.0,9.0,95.792,0,0.0,2023,Bahrain,9.0,3,0.5326666666666663,-0.4,0.7719298245614035,0.0
GAS,45.0,SOFT,5.0,9.0,96.186,0,0.0,2023,Bahrain,9.0,3,0.9053333333333361,-0.2,0.7894736842105263,0.0
GAS,46.0,SOFT,6.0,9.0,96.041,0,0.0,2023,Bahrain,9.0,3,0.9383333333333373,-0.2,0.8070175438596491,0.0
GAS,47.0,SOFT,7.0,9.0,96.12,0,0.0,2023,Bahrain,9.0,3,1.0476666666666716,0.0,0.8245614035087719,0.0
GAS,48.0,SOFT,8.0,9.0,96.368,0,0.0,2023,Bahrain,9.0,3,1.1083333333333343,0.0,0.8421052631578947,0.0
GAS,49.0,SOFT,9.0,9.0,96.803,0,0.0,2023,Bahrain,9.0,3,1.3623333333333345,0.0,0.8596491228070176,0.0
GAS,50.0,SOFT,10.0,9.0,96.551,0,0.0,2023,Bahrain,9.0,3,1.5060000000000002,0.0,0.8771929824561403,0.0
GAS,51.0,SOFT,11.0,9.0,96.635,0,0.0,2023,Bahrain,9.0,3,1.5950000000000035,0.0,0.8947368421052632,0.0
GAS,52.0,SOFT,12.0,9.0,96.891,0,0.0,2023,Bahrain,9.0,3,1.6243333333333396,0.0,0.9122807017543859,0.0
GAS,53.0,SOFT,13.0,9.0,96.979,0,0.0,2023,Bahrain,9.0,3,1.7670000000000055,0.0,0.9298245614035088,0.0
GAS,54.0,SOFT,14.0,9.0,97.222,0,0.0,2023,Bahrain,9.0,3,1.9626666666666683,0.0,0.9473684210526315,0.0
GAS,55.0,SOFT,15.0,9.0,97.559,0,0.0,2023,Bahrain,9.0,3,2.1853333333333325,0.0,0.9649122807017544,0.0
GAS,56.0,SOFT,16.0,9.0,97.845,0,0.0,2023,Bahrain,9.0,3,2.473999999999999,0.0,0.9824561403508771,0.0
GAS,57.0,SOFT,17.0,9.0,98.147,0,0.0,2023,Bahrain,9.0,3,2.782333333333336,0.0,1.0,0.0
HAM,2.0,SOFT,5.0,5.0,99.166,0,0.0,2023,Bahrain,5.0,0,1.561,0.0,0.03508771929824561,0.0
HAM,3.0,SOFT,6.0,5.0,99.22,0,0.0,2023,Bahrain,5.0,0,1.0586666666666673,0.0,0.05263157894736842,0.0
HAM,4.0,SOFT,7.0,5.0,99.198,0,0.0,2023,Bahrain,5.0,0,0.028666666666666174,0.0,0.07017543859649122,0.0
HAM,5.0,SOFT,8.0,5.0,99.335,0,0.0,2023,Bahrain,5.0,0,0.08499999999999848,0.0,0.08771929824561403,0.0
HAM,6.0,SOFT,9.0,5.0,99.756,0,0.0,2023,Bahrain,5.0,0,0.2636666666666656,0.0,0.10526315789473684,0.0
HAM,7.0,SOFT,10.0,5.0,99.757,0,0.0,2023,Bahrain,5.0,0,0.45000000000000284,0.0,0.12280701754385964,0.0
HAM,8.0,SOFT,11.0,5.0,100.267,0,0.0,2023,Bahrain,5.0,0,0.7606666666666703,0.0,0.14035087719298245,0.0
HAM,9.0,SOFT,12.0,5.0,100.323,0,0.0,2023,Bahrain,5.0,0,0.9496666666666679,0.0,0.15789473684210525,0.0
HAM,10.0,SOFT,13.0,5.0,100.289,0,0.0,2023,Bahrain,5.0,0,1.127,0.0,0.17543859649122806,0.0
HAM,11.0,SOFT,14.0,5.0,100.752,0,0.0,2023,Bahrain,5.0,0,1.2886666666666666,0.0,0.19298245614035087,0.0
HAM,12.0,SOFT,15.0,7.0,103.336,1,0.0,2023,Bahrain,5.0,1,2.5933333333333337,0.4,0.21052631578947367,0.0
HAM,13.0,HARD,1.0,8.0,119.179,0,0.0,2023,Bahrain,5.0,1,9.190333333333333,0.6,0.22807017543859648,2.0
HAM,14.0,HARD,2.0,7.0,98.308,0,0.0,2023,Bahrain,5.0,1,8.676000000000002,0.4,0.24561403508771928,2.0
HAM,15.0,HARD,3.0,6.0,98.527,0,0.0,2023,Bahrain,5.0,1,7.073000000000003,0.2,0.2631578947368421,2.0
HAM,16.0,HARD,4.0,5.0,98.617,0,0.0,2023,Bahrain,5.0,1,0.21900000000000355,0.0,0.2807017543859649,2.0
HAM,17.0,HARD,5.0,5.0,98.704,0,0.0,2023,Bahrain,5.0,1,0.3509999999999991,-0.4,0.2982456140350877,2.0
HAM,18.0,HARD,6.0,5.0,98.69,0,0.0,2023,Bahrain,5.0,1,0.4053333333333313,-0.6,0.3157894736842105,2.0
HAM,19.0,HARD,7.0,5.0,98.684,0,0.0,2023,Bahrain,5.0,1,0.42766666666666237,-0.4,0.3333333333333333,2.0
HAM,20.0,HARD,8.0,5.0,98.478,0,0.0,2023,Bahrain,5.0,1,0.35233333333332933,-0.2,0.3508771929824561,2.0
HAM,21.0,HARD,9.0,5.0,98.581,0,0.0,2023,Bahrain,5.0,1,0.3159999999999978,0.0,0.3684210526315789,2.0
HAM,22.0,HARD,10.0,5.0,98.46,0,0.0,2023,Bahrain,5.0,1,0.24133333333332985,0.0,0.38596491228070173,2.0
HAM,23.0,HARD,11.0,5.0,98.384,0,0.0,2023,Bahrain,5.0,1,0.2099999999999985,0.0,0.40350877192982454,2.0
HAM,24.0,HARD,12.0,5.0,98.367,0,0.0,2023,Bahrain,5.0,1,0.1386666666666656,0.0,0.42105263157894735,2.0
HAM,25.0,HARD,13.0,5.0,98.29,0,0.0,2023,Bahrain,5.0,1,0.08200000000000311,0.0,0.43859649122807015,2.0
HAM,26.0,HARD,14.0,5.0,98.339,0,0.0,2023,Bahrain,5.0,1,0.06700000000000254,0.0,0.45614035087719296,2.0
HAM,27.0,HARD,15.0,5.0,98.369,0,0.0,2023,Bahrain,5.0,1,0.06766666666666765,0.0,0.47368421052631576,2.0
HAM,28.0,HARD,16.0,5.0,98.265,0,0.0,2023,Bahrain,5.0,1,0.059333333333332426,0.0,0.49122807017543857,2.0
HAM,29.0,HARD,17.0,5.0,98.38,0,0.0,2023,Bahrain,5.0,1,0.07299999999999802,0.0,0.5087719298245614,2.0
HAM,30.0,HARD,18.0,6.0,101.175,1,0.0,2023,Bahrain,5.0,2,1.5813333333333286,0.2,0.5263157894736842,2.0
HAM,31.0,HARD,1.0,7.0,119.503,0,0.0,2023,Bahrain,5.0,2,9.23366666666666,0.4,0.543859649122807,2.0
HAM,32.0,HARD,2.0,6.0,97.563,0,0.0,2023,Bahrain,5.0,2,9.534333333333327,0.2,0.5614035087719298,2.0
HAM,33.0,HARD,3.0,6.0,97.549,0,0.0,2023,Bahrain,5.0,2,8.325666666666663,0.2,0.5789473684210527,2.0
HAM,34.0,HARD,4.0,6.0,98.135,0,0.0,2023,Bahrain,5.0,2,1.2029999999999983,0.2,0.5964912280701754,2.0
HAM,35.0,HARD,5.0,5.0,96.831,0,0.0,2023,Bahrain,5.0,2,0.9589999999999984,-0.2,0.6140350877192983,2.0
HAM,36.0,HARD,6.0,5.0,96.546,0,0.0,2023,Bahrain,5.0,2,0.624666666666665,-0.4,0.631578947368421,2.0
HAM,37.0,HARD,7.0,5.0,97.388,0,0.0,2023,Bahrain,5.0,2,0.3756666666666651,-0.2,0.6491228070175439,2.0
HAM,38.0,HARD,8.0,6.0,98.304,0,0.0,2023,Bahrain,5.0,2,0.8666666666666648,0.0,0.6666666666666666,2.0
HAM,39.0,HARD,9.0,6.0,97.478,0,0.0,2023,Bahrain,5.0,2,1.1773333333333273,0.0,0.6842105263157895,2.0
HAM,40.0,HARD,10.0,5.0,97.494,0,0.0,2023,Bahrain,5.0,2,1.212666666666659,0.0,0.7017543859649122,2.0
HAM,41.0,HARD,11.0,5.0,126.491,0,0.0,2023,Bahrain,5.0,2,10.608333333333325,0.0,0.7192982456140351,2.0
HAM,42.0,HARD,12.0,5.0,97.061,0,0.0,2023,Bahrain,5.0,2,10.46933333333333,0.0,0.7368421052631579,2.0
HAM,43.0,HARD,13.0,5.0,97.111,0,0.0,2023,Bahrain,5.0,2,10.341666666666663,-0.2,0.7543859649122807,2.0
HAM,44.0,HARD,14.0,5.0,97.048,0,0.0,2023,Bahrain,5.0,2,0.5273333333333312,-0.2,0.7719298245614035,2.0
HAM,45.0,HARD,15.0,5.0,97.661,0,0.0,2023,Bahrain,5.0,2,0.7273333333333293,0.0,0.7894736842105263,2.0
HAM,46.0,HARD,16.0,5.0,97.779,0,0.0,2023,Bahrain,5.0,2,0.9499999999999934,0.0,0.8070175438596491,2.0
HAM,47.0,HARD,17.0,5.0,98.517,0,0.0,2023,Bahrain,5.0,2,1.439666666666658,0.0,0.8245614035087719,2.0
HAM,48.0,HARD,18.0,5.0,97.844,0,0.0,2023,Bahrain,5.0,2,1.5006666666666557,0.0,0.8421052631578947,2.0
HAM,49.0,HARD,19.0,5.0,97.954,0,0.0,2023,Bahrain,5.0,2,1.558999999999988,0.0,0.8596491228070176,2.0
HAM,50.0,HARD,20.0,5.0,97.77,0,0.0,2023,Bahrain,5.0,2,1.309999999999988,0.0,0.8771929824561403,2.0
HAM,51.0,HARD,21.0,5.0,98.014,0,0.0,2023,Bahrain,5.0,2,1.3666666666666554,0.0,0.8947368421052632,2.0
HAM,52.0,HARD,22.0,5.0,97.803,0,0.0,2023,Bahrain,5.0,2,1.3163333333333231,0.0,0.9122807017543859,2.0
HAM,53.0,HARD,23.0,5.0,97.988,0,0.0,2023,Bahrain,5.0,2,1.3889999999999911,0.0,0.9298245614035088,2.0
HAM,54.0,HARD,24.0,5.0,98.076,0,0.0,2023,Bahrain,5.0,2,1.4096666666666569,0.0,0.9473684210526315,2.0
HAM,55.0,HARD,25.0,5.0,97.955,0,0.0,2023,Bahrain,5.0,2,1.460333333333324,0.0,0.9649122807017544,2.0
HAM,56.0,HARD,26.0,5.0,98.111,0,0.0,2023,Bahrain,5.0,2,1.5013333333333254,0.0,0.9824561403508771,2.0
HAM,57.0,HARD,27.0,5.0,98.255,0,0.0,2023,Bahrain,5.0,2,1.5609999999999928,0.0,1.0,2.0
HUL,2.0,SOFT,5.0,14.0,100.72,0,0.0,2023,Bahrain,15.0,0,3.545500000000004,0.0,0.03508771929824561,0.0
HUL,3.0,SOFT,6.0,14.0,100.484,0,0.0,2023,Bahrain,15.0,0,2.3636666666666692,0.0,0.05263157894736842,0.0
HUL,4.0,SOFT,7.0,15.0,101.004,0,0.0,2023,Bahrain,15.0,0,0.25200000000000483,0.3333333333333333,0.07017543859649122,0.0
HUL,5.0,SOFT,8.0,15.0,101.002,0,0.0,2023,Bahrain,15.0,0,0.34600000000000364,0.25,0.08771929824561403,0.0
HUL,6.0,SOFT,9.0,15.0,101.002,0,0.0,2023,Bahrain,15.0,0,0.5186666666666705,0.2,0.10526315789473684,0.0
HUL,7.0,SOFT,10.0,15.0,101.148,0,0.0,2023,Bahrain,15.0,0,0.5666666666666677,0.2,0.12280701754385964,0.0
HUL,8.0,SOFT,11.0,15.0,101.249,0,0.0,2023,Bahrain,15.0,0,0.6490000000000009,0.2,0.14035087719298245,0.0
HUL,9.0,SOFT,12.0,15.0,101.615,0,0.0,2023,Bahrain,15.0,0,0.853333333333334,0.0,0.15789473684210525,0.0
HUL,10.0,SOFT,13.0,15.0,102.252,0,0.0,2023,Bahrain,15.0,0,1.2213333333333338,0.0,0.17543859649122806,0.0
HUL,11.0,SOFT,14.0,16.0,106.79,1,0.0,2023,Bahrain,15.0,1,3.6140000000000043,0.2,0.19298245614035087,0.0
HUL,12.0,HARD,1.0,20.0,122.579,0,0.0,2023,Bahrain,15.0,1,11.147666666666671,1.0,0.21052631578947367,2.0
HUL,13.0,HARD,2.0,19.0,99.406,0,0.0,2023,Bahrain,15.0,1,10.744666666666674,0.8,0.22807017543859648,2.0
HUL,14.0,HARD,3.0,18.0,98.847,0,0.0,2023,Bahrain,15.0,1,8.097000000000003,0.6,0.24561403508771928,2.0
HUL,15.0,HARD,4.0,18.0,98.972,0,0.0,2023,Bahrain,15.0,1,0.2280000000000039,0.6,0.2631578947368421,2.0
HUL,16.0,HARD,5.0,16.0,99.136,0,0.0,2023,Bahrain,15.0,1,0.13800000000000048,0.0,0.2807017543859649,2.0
HUL,17.0,HARD,6.0,16.0,99.396,0,0.0,2023,Bahrain,15.0,1,0.32100000000000267,-0.8,0.2982456140350877,2.0
HUL,18.0,HARD,7.0,16.0,100.323,0,0.0,2023,Bahrain,15.0,1,0.7713333333333358,-0.6,0.3157894736842105,2.0
HUL,19.0,HARD,8.0,16.0,99.633,0,0.0,2023,Bahrain,15.0,1,0.9370000000000024,-0.4,0.3333333333333333,2.0
HUL,20.0,HARD,9.0,16.0,99.495,0,0.0,2023,Bahrain,15.0,1,0.9700000000000036,-0.4,0.3508771929824561,2.0
HUL,21.0,HARD,10.0,16.0,99.703,0,0.0,2023,Bahrain,15.0,1,0.7633333333333402,0.0,0.3684210526315789,2.0
HUL,22.0,HARD,11.0,16.0,99.934,0,0.0,2023,Bahrain,15.0,1,0.8636666666666741,0.0,0.38596491228070173,2.0
HUL,23.0,HARD,12.0,16.0,99.866,0,0.0,2023,Bahrain,15.0,1,0.9873333333333392,0.0,0.40350877192982454,2.0
HUL,24.0,HARD,13.0,16.0,99.855,0,0.0,2023,Bahrain,15.0,1,1.0380000000000063,0.0,0.42105263157894735,2.0
HUL,25.0,HARD,14.0,16.0,100.295,0,0.0,2023,Bahrain,15.0,1,1.158333333333341,0.0,0.43859649122807015,2.0
HUL,26.0,HARD,15.0,16.0,102.931,1,0.0,2023,Bahrain,15.0,2,2.8020000000000067,0.0,0.45614035087719296,2.0
HUL,27.0,HARD,1.0,19.0,132.037,0,0.0,2023,Bahrain,15.0,2,14.15133333333334,0.6,0.47368421052631576,2.0
HUL,28.0,HARD,2.0,18.0,96.981,0,0.0,2023,Bahrain,15.0,2,13.668666666666672,0.4,0.49122807017543857,2.0
HUL,29.0,HARD,3.0,18.0,97.398,0,0.0,2023,Bahrain,15.0,2,11.824333333333337,0.4,0.5087719298245614,2.0
HUL,30.0,HARD,4.0,18.0,97.617,0,0.0,2023,Bahrain,15.0,2,0.3510000000000038,0.4,0.5263157894736842,2.0
HUL,31.0,HARD,5.0,18.0,97.891,0,0.0,2023,Bahrain,15.0,2,0.6543333333333408,0.4,0.543859649122807,2.0
HUL,32.0,HARD,6.0,17.0,97.806,0,0.0,2023,Bahrain,15.0,2,0.7903333333333412,-0.4,0.5614035087719298,2.0
HUL,33.0,HARD,7.0,17.0,97.761,0,0.0,2023,Bahrain,15.0,2,0.8383333333333383,-0.2,0.5789473684210527,2.0
HUL,34.0,HARD,8.0,17.0,97.895,0,0.0,2023,Bahrain,15.0,2,0.8396666666666684,-0.2,0.5964912280701754,2.0
HUL,35.0,HARD,9.0,17.0,98.093,0,0.0,2023,Bahrain,15.0,2,0.9353333333333372,-0.2,0.6140350877192983,2.0
HUL,36.0,HARD,10.0,17.0,98.245,0,0.0,2023,Bahrain,15.0,2,1.0966666666666736,-0.2,0.631578947368421,2.0
HUL,37.0,HARD,11.0,17.0,98.108,0,0.0,2023,Bahrain,15.0,2,1.1676666666666762,0.0,0.6491228070175439,2.0
HUL,38.0,HARD,12.0,17.0,98.191,0,0.0,2023,Bahrain,15.0,2,1.2003333333333426,0.0,0.6666666666666666,2.0
HUL,39.0,HARD,13.0,17.0,98.184,0,0.0,2023,Bahrain,15.0,2,1.1800000000000068,0.0,0.6842105263157895,2.0
HUL,40.0,HARD,14.0,16.0,118.689,1,0.0,2023,Bahrain,15.0,3,8.162,-0.2,0.7017543859649122,2.0
HUL,41.0,SOFT,4.0,16.0,125.275,0,0.0,2023,Bahrain,15.0,3,17.311666666666667,-0.2,0.7192982456140351,0.0
HUL,42.0,SOFT,5.0,16.0,96.616,0,0.0,2023,Bahrain,15.0,3,16.910666666666668,-0.2,0.7368421052631579,0.0
HUL,43.0,SOFT,6.0,16.0,96.793,0,0.0,2023,Bahrain,15.0,3,9.612000000000004,-0.2,0.7543859649122807,0.0
HUL,44.0,SOFT,7.0,16.0,97.076,0,0.0,2023,Bahrain,15.0,3,0.21233333333333348,-0.2,0.7719298245614035,0.0
HUL,45.0,SOFT,8.0,16.0,97.314,0,0.0,2023,Bahrain,15.0,3,0.4449999999999979,0.0,0.7894736842105263,0.0
HUL,46.0,SOFT,9.0,16.0,99.972,0,0.0,2023,Bahrain,15.0,3,1.5046666666666606,0.0,0.8070175438596491,0.0
HUL,47.0,SOFT,10.0,16.0,96.806,0,0.0,2023,Bahrain,15.0,3,1.4146666666666619,0.0,0.8245614035087719,0.0
HUL,48.0,SOFT,11.0,16.0,97.086,0,0.0,2023,Bahrain,15.0,3,1.3386666666666638,0.0,0.8421052631578947,0.0
HUL,49.0,SOFT,12.0,16.0,97.077,0,0.0,2023,Bahrain,15.0,3,0.37366666666666504,0.0,0.8596491228070176,0.0
HUL,50.0,SOFT,13.0,16.0,97.242,0,0.0,2023,Bahrain,15.0,3,0.5190000000000007,0.0,0.8771929824561403,0.0
HUL,51.0,SOFT,14.0,16.0,97.306,0,0.0,2023,Bahrain,15.0,3,0.5923333333333337,0.0,0.8947368421052632,0.0
HUL,52.0,SOFT,15.0,16.0,97.917,0,0.0,2023,Bahrain,15.0,3,0.8723333333333348,0.0,0.9122807017543859,0.0
HUL,53.0,SOFT,16.0,16.0,98.067,0,0.0,2023,Bahrain,15.0,3,1.147333333333331,0.0,0.9298245614035088,0.0
HUL,54.0,SOFT,17.0,16.0,98.458,0,0.0,2023,Bahrain,15.0,3,1.5313333333333314,0.0,0.9473684210526315,0.0
HUL,55.0,SOFT,18.0,15.0,98.564,0,0.0,2023,Bahrain,15.0,3,1.7469999999999952,-0.2,0.9649122807017544,0.0
HUL,56.0,SOFT,19.0,15.0,99.206,0,0.0,2023,Bahrain,15.0,3,2.126666666666665,-0.2,0.9824561403508771,0.0
LEC,2.0,SOFT,2.0,2.0,98.75,0,0.0,2023,Bahrain,3.0,0,0.9179999999999993,0.0,0.03508771929824561,0.0
LEC,3.0,SOFT,3.0,2.0,98.658,0,0.0,2023,Bahrain,3.0,0,0.6406666666666657,0.0,0.05263157894736842,0.0
LEC,4.0,SOFT,4.0,2.0,98.825,0,0.0,2023,Bahrain,3.0,0,0.17233333333333198,0.0,0.07017543859649122,0.0
LEC,5.0,SOFT,5.0,2.0,98.664,0,0.0,2023,Bahrain,3.0,0,0.1436666666666658,0.0,0.08771929824561403,0.0
LEC,6.0,SOFT,6.0,2.0,98.572,0,0.0,2023,Bahrain,3.0,0,0.11499999999999962,0.0,0.10526315789473684,0.0
LEC,7.0,SOFT,7.0,2.0,98.691,0,0.0,2023,Bahrain,3.0,0,0.07033333333333285,0.0,0.12280701754385964,0.0
LEC,8.0,SOFT,8.0,2.0,98.614,0,0.0,2023,Bahrain,3.0,0,0.05366666666666712,0.0,0.14035087719298245,0.0
LEC,9.0,SOFT,9.0,2.0,98.828,0,0.0,2023,Bahrain,3.0,0,0.13900000000000054,0.0,0.15789473684210525,0.0
LEC,10.0,SOFT,10.0,2.0,99.073,0,0.0,2023,Bahrain,3.0,0,0.2663333333333308,0.0,0.17543859649122806,0.0
LEC,11.0,SOFT,11.0,2.0,99.212,0,0.0,2023,Bahrain,3.0,0,0.4656666666666638,0.0,0.19298245614035087,0.0
LEC,12.0,SOFT,12.0,2.0,99.489,0,0.0,2023,Bahrain,3.0,0,0.6859999999999976,0.0,0.21052631578947367,0.0
LEC,13.0,SOFT,13.0,3.0,102.068,1,0.0,2023,Bahrain,3.0,1,1.998,0.2,0.22807017543859648,0.0
LEC,14.0,HARD,1.0,5.0,118.77,0,0.0,2023,Bahrain,3.0,1,8.830999999999998,0.6,0.24561403508771928,2.0
LEC,15.0,HARD,2.0,3.0,98.477,0,0.0,2023,Bahrain,3.0,1,8.807333333333332,0.2,0.2631578947368421,2.0
LEC,16.0,HARD,3.0,3.0,97.953,0,0.0,2023,Bahrain,3.0,1,7.435666666666667,0.2,0.2807017543859649,2.0
LEC,17.0,HARD,4.0,3.0,98.031,0,0.0,2023,Bahrain,3.0,1,0.5226666666666707,0.2,0.2982456140350877,2.0
LEC,18.0,HARD,5.0,2.0,97.798,0,0.0,2023,Bahrain,3.0,1,0.29633333333333667,-0.2,0.3157894736842105,2.0
LEC,19.0,HARD,6.0,2.0,97.858,0,0.0,2023,Bahrain,3.0,1,0.2646666666666704,-0.6,0.3333333333333333,2.0
LEC,20.0,HARD,7.0,2.0,97.631,0,0.0,2023,Bahrain,3.0,1,0.13133333333333516,-0.2,0.3508771929824561,2.0
LEC,21.0,HARD,8.0,2.0,97.753,0,0.0,2023,Bahrain,3.0,1,0.11633333333333458,-0.2,0.3684210526315789,2.0
LEC,22.0,HARD,9.0,2.0,98.162,0,0.0,2023,Bahrain,3.0,1,0.2176666666666686,-0.2,0.38596491228070173,2.0
LEC,23.0,HARD,10.0,2.0,98.054,0,0.0,2023,Bahrain,3.0,1,0.3586666666666692,0.0,0.40350877192982454,2.0
LEC,24.0,HARD,11.0,2.0,97.972,0,0.0,2023,Bahrain,3.0,1,0.43166666666666725,0.0,0.42105263157894735,2.0
LEC,25.0,HARD,12.0,2.0,98.541,0,0.0,2023,Bahrain,3.0,1,0.5579999999999975,0.0,0.43859649122807015,2.0
LEC,26.0,HARD,13.0,3.0,99.668,0,0.0,2023,Bahrain,3.0,1,1.095999999999999,0.2,0.45614035087719296,2.0
LEC,27.0,HARD,14.0,3.0,98.814,0,0.0,2023,Bahrain,3.0,1,1.3766666666666652,0.2,0.47368421052631576,2.0
LEC,28.0,HARD,15.0,3.0,98.618,0,0.0,2023,Bahrain,3.0,1,1.4023333333333312,0.2,0.49122807017543857,2.0
LEC,29.0,HARD,16.0,3.0,98.447,0,0.0,2023,Bahrain,3.0,1,0.99533333333333,0.2,0.5087719298245614,2.0
LEC,30.0,HARD,17.0,3.0,98.39,0,0.0,2023,Bahrain,3.0,1,0.8539999999999992,0.2,0.5263157894736842,2.0
LEC,31.0,HARD,18.0,3.0,98.746,0,0.0,2023,Bahrain,3.0,1,0.896666666666666,0.0,0.543859649122807,2.0
LEC,32.0,HARD,19.0,3.0,98.948,0,0.0,2023,Bahrain,3.0,1,1.0636666666666628,0.0,0.5614035087719298,2.0
LEC,33.0,HARD,20.0,3.0,101.323,1,0.0,2023,Bahrain,3.0,2,2.194999999999993,0.0,0.5789473684210527,2.0
LEC,34.0,HARD,1.0,4.0,119.477,0,0.0,2023,Bahrain,3.0,2,9.258999999999995,0.2,0.5964912280701754,2.0
LEC,35.0,HARD,2.0,3.0,98.073,0,0.0,2023,Bahrain,3.0,2,9.120999999999995,0.0,0.6140350877192983,2.0
LEC,36.0,HARD,3.0,3.0,97.313,0,0.0,2023,Bahrain,3.0,2,7.784333333333332,0.0,0.631578947368421,2.0
LEC,37.0,HARD,4.0,3.0,97.17,0,0.0,2023,Bahrain,3.0,2,0.34866666666666407,0.0,0.6491228070175439,2.0
LEC,38.0,HARD,5.0,3.0,97.17,0,0.0,2023,Bahrain,3.0,2,0.04766666666666689,0.0,0.6666666666666666,2.0
LEC,39.0,HARD,6.0,3.0,97.287,0,0.0,2023,Bahrain,3.0,2,0.03900000000000148,-0.2,0.6842105263157895,2.0
MAG,2.0,HARD,2.0,19.0,101.521,0,0.0,2023,Bahrain,13.0,0,4.652500000000003,1.0,0.03508771929824561,2.0
MAG,3.0,HARD,3.0,20.0,101.978,0,0.0,2023,Bahrain,13.0,0,3.503333333333335,1.0,0.05263157894736842,2.0
MAG,4.0,HARD,4.0,20.0,100.773,0,0.0,2023,Bahrain,13.0,0,0.651000000000001,0.6666666666666666,0.07017543859649122,2.0
MAG,5.0,HARD,5.0,20.0,101.34,0,0.0,2023,Bahrain,13.0,0,0.5906666666666686,0.5,0.08771929824561403,2.0
MAG,6.0,HARD,6.0,20.0,101.125,0,0.0,2023,Bahrain,13.0,0,0.30633333333333707,0.4,0.10526315789473684,2.0
MAG,7.0,HARD,7.0,20.0,101.526,0,0.0,2023,Bahrain,13.0,0,0.5573333333333371,0.2,0.12280701754385964,2.0
MAG,8.0,HARD,8.0,20.0,101.283,0,0.0,2023,Bahrain,13.0,0,0.5383333333333363,0.0,0.14035087719298245,2.0
MAG,9.0,HARD,9.0,20.0,101.278,0,0.0,2023,Bahrain,13.0,0,0.5893333333333383,0.0,0.15789473684210525,2.0
MAG,10.0,HARD,10.0,19.0,101.719,0,0.0,2023,Bahrain,13.0,0,0.653666666666671,-0.2,0.17543859649122806,2.0
MAG,11.0,HARD,11.0,15.0,102.049,0,0.0,2023,Bahrain,13.0,0,0.909000000000006,-1.0,0.19298245614035087,2.0
MAG,12.0,HARD,12.0,13.0,101.345,0,0.0,2023,Bahrain,13.0,0,0.931333333333337,-1.4,0.21052631578947367,2.0
MAG,13.0,HARD,13.0,9.0,101.654,0,0.0,2023,Bahrain,13.0,0,0.9096666666666712,-2.2,0.22807017543859648,2.0
MAG,14.0,HARD,14.0,9.0,101.739,0,0.0,2023,Bahrain,13.0,0,0.806333333333337,-2.2,0.24561403508771928,2.0
MAG,15.0,HARD,15.0,11.0,104.899,1,0.0,2023,Bahrain,13.0,1,2.824000000000003,-1.6,0.2631578947368421,2.0
MAG,16.0,HARD,1.0,18.0,120.587,0,0.0,2023,Bahrain,13.0,1,9.968000000000004,0.6,0.2807017543859649,2.0
MAG,17.0,HARD,2.0,18.0,98.319,0,0.0,2023,Bahrain,13.0,1,9.661000000000001,1.0,0.2982456140350877,2.0
MAG,18.0,HARD,3.0,17.0,98.274,0,0.0,2023,Bahrain,13.0,1,7.452666666666668,1.6,0.3157894736842105,2.0
MAG,19.0,HARD,4.0,17.0,98.803,0,0.0,2023,Bahrain,13.0,1,0.1913333333333327,1.6,0.3333333333333333,2.0
MAG,20.0,HARD,5.0,17.0,99.083,0,0.0,2023,Bahrain,13.0,1,0.44599999999999795,1.2,0.3508771929824561,2.0
MAG,21.0,HARD,6.0,17.0,99.086,0,0.0,2023,Bahrain,13.0,1,0.7166666666666638,-0.2,0.3684210526315789,2.0
MAG,22.0,HARD,7.0,17.0,98.913,0,0.0,2023,Bahrain,13.0,1,0.7533333333333303,-0.2,0.38596491228070173,2.0
MAG,23.0,HARD,8.0,17.0,99.027,0,0.0,2023,Bahrain,13.0,1,0.7346666666666645,0.0,0.40350877192982454,2.0
MAG,24.0,HARD,9.0,17.0,98.947,0,0.0,2023,Bahrain,13.0,1,0.6883333333333326,0.0,0.42105263157894735,2.0
MAG,25.0,HARD,10.0,17.0,99.476,0,0.0,2023,Bahrain,13.0,1,0.876,0.0,0.43859649122807015,2.0
MAG,26.0,HARD,11.0,15.0,99.601,0,0.0,2023,Bahrain,13.0,1,1.0673333333333328,-0.4,0.45614035087719296,2.0
MAG,27.0,HARD,12.0,13.0,99.298,0,0.0,2023,Bahrain,13.0,1,1.1843333333333323,-0.8,0.47368421052631576,2.0
MAG,28.0,HARD,13.0,12.0,99.316,0,0.0,2023,Bahrain,13.0,1,1.1310000000000002,-1.0,0.49122807017543857,2.0
MAG,29.0,HARD,14.0,13.0,101.979,1,0.0,2023,Bahrain,13.0,2,2.3160000000000025,-0.8,0.5087719298245614,2.0
MAG,30.0,SOFT,1.0,17.0,120.933,0,0.0,2023,Bahrain,13.0,2,9.920000000000007,0.0,0.5263157894736842,0.0
MAG,31.0,SOFT,2.0,17.0,98.593,0,0.0,2023,Bahrain,13.0,2,10.071333333333342,0.4,0.543859649122807,0.0
MAG,32.0,SOFT,3.0,16.0,97.644,0,0.0,2023,Bahrain,13.0,2,8.626333333333344,0.6,0.5614035087719298,0.0
MAG,33.0,SOFT,4.0,16.0,97.097,0,0.0,2023,Bahrain,13.0,2,0.6810000000000068,0.8,0.5789473684210527,0.0
MAG,34.0,SOFT,5.0,16.0,97.528,0,0.0,2023,Bahrain,13.0,2,0.3260000000000076,0.6,0.5964912280701754,0.0
MAG,35.0,SOFT,6.0,16.0,97.46,0,0.0,2023,Bahrain,13.0,2,0.2646666666666704,-0.2,0.6140350877192983,0.0
MAG,36.0,SOFT,7.0,16.0,97.754,0,0.0,2023,Bahrain,13.0,2,0.48366666666667396,-0.2,0.631578947368421,0.0
MAG,37.0,SOFT,8.0,16.0,97.998,0,0.0,2023,Bahrain,13.0,2,0.6403333333333402,0.0,0.6491228070175439,0.0
MAG,38.0,SOFT,9.0,16.0,98.303,0,0.0,2023,Bahrain,13.0,2,0.9213333333333414,0.0,0.6666666666666666,0.0
MAG,39.0,SOFT,10.0,16.0,98.587,0,0.0,2023,Bahrain,13.0,2,1.1990000000000076,0.0,0.6842105263157895,0.0
MAG,40.0,SOFT,11.0,15.0,117.797,1,0.0,2023,Bahrain,13.0,3,8.007333333333335,-0.2,0.7017543859649122,0.0
MAG,41.0,SOFT,1.0,15.0,122.547,0,0.0,2023,Bahrain,13.0,3,16.29733333333333,-0.2,0.7192982456140351,0.0
MAG,42.0,SOFT,2.0,15.0,96.471,0,0.0,2023,Bahrain,13.0,3,15.800666666666663,-0.2,0.7368421052631579,0.0
MAG,43.0,SOFT,3.0,15.0,96.942,0,0.0,2023,Bahrain,13.0,3,8.848999999999995,-0.2,0.7543859649122807,0.0
MAG,44.0,SOFT,4.0,15.0,96.588,0,0.0,2023,Bahrain,13.0,3,0.1959999999999932,-0.2,0.7719298245614035,0.0
MAG,45.0,SOFT,5.0,15.0,97.126,0,0.0,2023,Bahrain,13.0,3,0.41433333333332695,0.0,0.7894736842105263,0.0
MAG,46.0,SOFT,6.0,15.0,97.589,0,0.0,2023,Bahrain,13.0,3,0.6299999999999955,0.0,0.8070175438596491,0.0
MAG,47.0,SOFT,7.0,15.0,97.629,0,0.0,2023,Bahrain,13.0,3,0.9769999999999991,0.0,0.8245614035087719,0.0
MAG,48.0,SOFT,8.0,15.0,97.607,0,0.0,2023,Bahrain,13.0,3,1.1373333333333306,0.0,0.8421052631578947,0.0
MAG,49.0,SOFT,9.0,15.0,97.739,0,0.0,2023,Bahrain,13.0,3,1.1873333333333325,0.0,0.8596491228070176,0.0
MAG,50.0,SOFT,10.0,15.0,98.315,0,0.0,2023,Bahrain,13.0,3,1.4159999999999968,0.0,0.8771929824561403,0.0
MAG,51.0,SOFT,11.0,14.0,98.157,0,0.0,2023,Bahrain,13.0,3,1.5993333333333293,-0.2,0.8947368421052632,0.0
MAG,52.0,SOFT,12.0,14.0,97.963,0,0.0,2023,Bahrain,13.0,3,1.6739999999999924,-0.2,0.9122807017543859,0.0
MAG,53.0,SOFT,13.0,14.0,97.982,0,0.0,2023,Bahrain,13.0,3,1.5629999999999928,-0.2,0.9298245614035088,0.0
MAG,54.0,SOFT,14.0,14.0,99.651,0,0.0,2023,Bahrain,13.0,3,2.060999999999993,-0.2,0.9473684210526315,0.0
MAG,55.0,SOFT,15.0,13.0,98.446,0,0.0,2023,Bahrain,13.0,3,2.221999999999994,-0.4,0.9649122807017544,0.0
MAG,56.0,SOFT,16.0,13.0,98.779,0,0.0,2023,Bahrain,13.0,3,2.48766666666666,-0.2,0.9824561403508771,0.0
NOR,2.0,SOFT,2.0,10.0,100.433,0,0.0,2023,Bahrain,17.0,0,3.1215000000000046,0.0,0.03508771929824561,0.0
NOR,3.0,SOFT,3.0,10.0,99.777,0,0.0,2023,Bahrain,17.0,0,2.081000000000003,0.0,0.05263157894736842,0.0
NOR,4.0,SOFT,4.0,12.0,102.267,0,0.0,2023,Bahrain,17.0,0,1.0486666666666669,0.6666666666666666,0.07017543859649122,0.0
NOR,5.0,SOFT,5.0,12.0,100.664,0,0.0,2023,Bahrain,17.0,0,1.125666666666665,0.5,0.08771929824561403,0.0
NOR,6.0,SOFT,6.0,12.0,100.814,0,0.0,2023,Bahrain,17.0,0,1.4713333333333292,0.4,0.10526315789473684,0.0
NOR,7.0,SOFT,7.0,12.0,100.726,0,0.0,2023,Bahrain,17.0,0,0.9576666666666634,0.4,0.12280701754385964,0.0
NOR,8.0,SOFT,8.0,12.0,100.857,0,0.0,2023,Bahrain,17.0,0,1.021999999999996,0.4,0.14035087719298245,0.0
NOR,9.0,SOFT,9.0,12.0,100.783,0,0.0,2023,Bahrain,17.0,0,1.0116666666666656,0.0,0.15789473684210525,0.0
NOR,10.0,SOFT,10.0,13.0,103.521,1,0.0,2023,Bahrain,17.0,1,2.249,0.2,0.17543859649122806,0.0
NOR,11.0,HARD,1.0,20.0,129.886,0,0.0,2023,Bahrain,17.0,1,12.231,1.6,0.19298245614035087,2.0
NOR,12.0,HARD,2.0,18.0,99.314,0,0.0,2023,Bahrain,17.0,1,12.046999999999997,1.2,0.21052631578947367,2.0
NOR,13.0,HARD,3.0,17.0,99.51,0,0.0,2023,Bahrain,17.0,1,10.709999999999999,1.0,0.22807017543859648,2.0
NOR,14.0,HARD,4.0,16.0,99.243,0,0.0,2023,Bahrain,17.0,1,0.4956666666666649,0.8,0.24561403508771928,2.0
NOR,15.0,HARD,5.0,16.0,98.87,0,0.0,2023,Bahrain,17.0,1,0.3476666666666688,0.6,0.2631578947368421,2.0
NOR,16.0,HARD,6.0,14.0,98.86,0,0.0,2023,Bahrain,17.0,1,0.13100000000000023,-1.2,0.2807017543859649,2.0
NOR,17.0,HARD,7.0,15.0,101.501,1,0.0,2023,Bahrain,17.0,2,1.181666666666672,-0.6,0.2982456140350877,2.0
NOR,18.0,SOFT,4.0,19.0,128.607,0,0.0,2023,Bahrain,17.0,2,11.392000000000005,0.4,0.3157894736842105,0.0
NOR,19.0,SOFT,5.0,19.0,97.966,0,0.0,2023,Bahrain,17.0,2,11.392000000000005,0.6,0.3333333333333333,0.0
NOR,20.0,SOFT,6.0,19.0,98.345,0,0.0,2023,Bahrain,17.0,2,10.340000000000003,0.6,0.3508771929824561,0.0
NOR,21.0,SOFT,7.0,19.0,98.297,0,0.0,2023,Bahrain,17.0,2,0.23666666666666933,1.0,0.3684210526315789,0.0
NOR,22.0,SOFT,8.0,19.0,98.908,0,0.0,2023,Bahrain,17.0,2,0.5506666666666717,0.8,0.38596491228070173,0.0
NOR,23.0,SOFT,9.0,18.0,98.291,0,0.0,2023,Bahrain,17.0,2,0.5326666666666711,-0.2,0.40350877192982454,0.0
NOR,24.0,SOFT,10.0,18.0,98.696,0,0.0,2023,Bahrain,17.0,2,0.6656666666666714,-0.2,0.42105263157894735,0.0
NOR,25.0,SOFT,11.0,18.0,98.447,0,0.0,2023,Bahrain,17.0,2,0.5120000000000052,-0.2,0.43859649122807015,0.0
NOR,26.0,SOFT,12.0,18.0,98.44,0,0.0,2023,Bahrain,17.0,2,0.5616666666666722,-0.2,0.45614035087719296,0.0
NOR,27.0,SOFT,13.0,17.0,100.973,1,0.0,2023,Bahrain,17.0,3,1.556000000000002,-0.4,0.47368421052631576,0.0
NOR,28.0,MEDIUM,1.0,19.0,127.663,0,0.0,2023,Bahrain,17.0,3,11.529999999999996,0.2,0.49122807017543857,1.0
NOR,29.0,MEDIUM,2.0,19.0,97.26,0,0.0,2023,Bahrain,17.0,3,11.371999999999995,0.2,0.5087719298245614,1.0
NOR,30.0,MEDIUM,3.0,19.0,97.605,0,0.0,2023,Bahrain,17.0,3,10.24933333333333,0.2,0.5263157894736842,1.0
NOR,31.0,MEDIUM,4.0,19.0,97.768,0,0.0,2023,Bahrain,17.0,3,0.2843333333333315,0.2,0.543859649122807,1.0
NOR,32.0,MEDIUM,5.0,19.0,98.111,0,0.0,2023,Bahrain,17.0,3,0.5679999999999978,0.4,0.5614035087719298,1.0
NOR,33.0,MEDIUM,6.0,18.0,97.52,0,0.0,2023,Bahrain,17.0,3,0.5396666666666619,-0.2,0.5789473684210527,1.0
NOR,34.0,MEDIUM,7.0,18.0,97.987,0,0.0,2023,Bahrain,17.0,3,0.6126666666666599,-0.2,0.5964912280701754,1.0
NOR,35.0,MEDIUM,8.0,18.0,97.87,0,0.0,2023,Bahrain,17.0,3,0.5323333333333267,-0.2,0.6140350877192983,1.0
NOR,36.0,MEDIUM,9.0,18.0,99.886,0,0.0,2023,Bahrain,17.0,3,1.3209999999999933,-0.2,0.631578947368421,1.0
NOR,37.0,MEDIUM,10.0,18.0,100.197,1,0.0,2023,Bahrain,17.0,4,2.2549999999999955,-0.2,0.6491228070175439,1.0
NOR,38.0,HARD,1.0,19.0,128.682,0,0.0,2023,Bahrain,17.0,4,12.72299999999999,0.2,0.6666666666666666,2.0
NOR,39.0,HARD,2.0,19.0,98.347,0,0.0,2023,Bahrain,17.0,4,12.407333333333321,0.2,0.6842105263157895,2.0
NOR,40.0,HARD,3.0,18.0,127.97,0,0.0,2023,Bahrain,17.0,4,21.66499999999999,0.0,0.7017543859649122,2.0
NOR,41.0,HARD,4.0,18.0,96.705,0,0.0,2023,Bahrain,17.0,4,11.005999999999991,0.0,0.7192982456140351,2.0
NOR,42.0,HARD,5.0,17.0,96.668,0,0.0,2023,Bahrain,17.0,4,10.446333333333328,-0.2,0.7368421052631579,2.0
NOR,43.0,HARD,6.0,17.0,96.687,0,0.0,2023,Bahrain,17.0,4,0.018666666666661058,-0.4,0.7543859649122807,2.0
NOR,44.0,HARD,7.0,17.0,97.219,0,0.0,2023,Bahrain,17.0,4,0.18999999999999298,-0.4,0.7719298245614035,2.0
NOR,45.0,HARD,8.0,17.0,97.426,0,0.0,2023,Bahrain,17.0,4,0.44266666666665816,-0.2,0.7894736842105263,2.0
NOR,46.0,HARD,9.0,17.0,97.656,0,0.0,2023,Bahrain,17.0,4,0.7656666666666609,-0.2,0.8070175438596491,2.0
NOR,47.0,HARD,10.0,17.0,100.433,1,0.0,2023,Bahrain,17.0,5,2.3073333333333323,0.0,0.8245614035087719,2.0
NOR,48.0,SOFT,5.0,17.0,126.905,0,0.0,2023,Bahrain,17.0,5,12.604,0.0,0.8421052631578947,0.0
NOR,49.0,SOFT,6.0,17.0,99.08,0,0.0,2023,Bahrain,17.0,5,13.548999999999998,0.0,0.8596491228070176,0.0
NOR,50.0,SOFT,7.0,17.0,95.257,0,0.0,2023,Bahrain,17.0,5,11.823666666666663,0.0,0.8771929824561403,0.0
NOR,51.0,SOFT,8.0,17.0,95.822,0,0.0,2023,Bahrain,17.0,5,1.4626666666666637,0.0,0.8947368421052632,0.0
NOR,52.0,SOFT,9.0,17.0,96.152,0,0.0,2023,Bahrain,17.0,5,0.4866666666666646,0.0,0.9122807017543859,0.0
NOR,53.0,SOFT,10.0,17.0,96.5,0,0.0,2023,Bahrain,17.0,5,0.9009999999999962,0.0,0.9298245614035088,0.0
NOR,54.0,SOFT,11.0,17.0,99.789,1,0.0,2023,Bahrain,17.0,6,0.7126666666666637,0.0,0.9473684210526315,0.0
NOR,55.0,SOFT,7.0,17.0,124.847,0,0.0,2023,Bahrain,17.0,6,8.766999999999996,0.0,0.9649122807017544,0.0
OCO,2.0,SOFT,5.0,11.0,100.408,0,0.0,2023,Bahrain,17.0,0,3.6444999999999936,0.0,0.03508771929824561,0.0
OCO,3.0,SOFT,6.0,11.0,99.948,0,0.0,2023,Bahrain,17.0,0,2.564666666666658,0.0,0.05263157894736842,0.0
OCO,4.0,SOFT,7.0,10.0,99.543,0,0.0,2023,Bahrain,17.0,0,0.4233333333333273,-0.3333333333333333,0.07017543859649122,0.0
OCO,5.0,SOFT,8.0,10.0,100.281,0,0.0,2023,Bahrain,17.0,0,0.3809999999999955,-0.25,0.08771929824561403,0.0
OCO,6.0,SOFT,9.0,10.0,100.331,0,0.0,2023,Bahrain,17.0,0,0.5086666666666654,-0.2,0.10526315789473684,0.0
OCO,7.0,SOFT,10.0,10.0,100.488,0,0.0,2023,Bahrain,17.0,0,0.8236666666666631,-0.2,0.12280701754385964,0.0
OCO,8.0,SOFT,11.0,10.0,100.562,0,0.0,2023,Bahrain,17.0,0,0.917333333333327,-0.2,0.14035087719298245,0.0
OCO,9.0,SOFT,12.0,10.0,100.866,0,0.0,2023,Bahrain,17.0,0,1.0956666666666592,0.0,0.15789473684210525,0.0
OCO,10.0,SOFT,13.0,10.0,100.858,0,0.0,2023,Bahrain,17.0,0,1.218999999999994,0.0,0.17543859649122806,0.0
OCO,11.0,SOFT,14.0,10.0,101.035,0,0.0,2023,Bahrain,17.0,0,1.3766666666666605,0.0,0.19298245614035087,0.0
OCO,12.0,SOFT,15.0,9.0,103.787,1,0.0,2023,Bahrain,17.0,1,2.648333333333331,-0.2,0.21052631578947367,0.0
OCO,13.0,HARD,1.0,12.0,120.381,0,0.0,2023,Bahrain,17.0,1,9.453999999999999,0.4,0.22807017543859648,2.0
OCO,14.0,HARD,2.0,12.0,98.649,0,0.0,2023,Bahrain,17.0,1,8.956666666666669,0.4,0.24561403508771928,2.0
OCO,15.0,HARD,3.0,13.0,101.863,1,0.0,2023,Bahrain,17.0,2,8.271666666666667,0.6,0.2631578947368421,2.0
OCO,16.0,HARD,4.0,19.0,135.708,0,0.0,2023,Bahrain,17.0,2,13.336999999999998,1.8,0.2807017543859649,2.0
OCO,17.0,HARD,5.0,19.0,98.78,0,0.0,2023,Bahrain,17.0,2,13.336999999999998,2.0,0.2982456140350877,2.0
OCO,18.0,HARD,6.0,18.0,98.886,0,0.0,2023,Bahrain,17.0,2,12.344666666666663,1.2,0.3157894736842105,2.0
OCO,19.0,HARD,7.0,18.0,98.817,0,0.0,2023,Bahrain,17.0,2,0.04766666666666216,1.2,0.3333333333333333,2.0
OCO,20.0,HARD,8.0,18.0,98.809,0,0.0,2023,Bahrain,17.0,2,0.05733333333332761,1.0,0.3508771929824561,2.0
OCO,21.0,HARD,9.0,18.0,98.976,0,0.0,2023,Bahrain,17.0,2,0.08733333333332875,-0.2,0.3684210526315789,2.0
OCO,22.0,HARD,10.0,18.0,99.028,0,0.0,2023,Bahrain,17.0,2,0.15766666666666632,-0.2,0.38596491228070173,2.0
OCO,23.0,HARD,11.0,19.0,100.052,0,0.0,2023,Bahrain,17.0,2,0.5720000000000027,0.2,0.40350877192982454,2.0
OCO,24.0,HARD,12.0,19.0,99.382,0,0.0,2023,Bahrain,17.0,2,0.707333333333338,0.2,0.42105263157894735,2.0
OCO,25.0,HARD,13.0,19.0,99.435,0,0.0,2023,Bahrain,17.0,2,0.8430000000000035,0.2,0.43859649122807015,2.0
OCO,26.0,HARD,14.0,19.0,99.521,0,0.0,2023,Bahrain,17.0,2,0.6660000000000016,0.2,0.45614035087719296,2.0
OCO,27.0,HARD,15.0,18.0,99.594,0,0.0,2023,Bahrain,17.0,2,0.7366666666666646,0.0,0.47368421052631576,2.0
OCO,28.0,HARD,16.0,17.0,100.026,0,0.0,2023,Bahrain,17.0,2,0.9336666666666625,-0.4,0.49122807017543857,2.0
OCO,29.0,HARD,17.0,17.0,101.181,0,0.0,2023,Bahrain,17.0,2,1.4869999999999948,-0.4,0.5087719298245614,2.0
OCO,30.0,HARD,18.0,16.0,99.757,0,0.0,2023,Bahrain,17.0,2,1.5413333333333317,-0.6,0.5263157894736842,2.0
OCO,31.0,HARD,19.0,16.0,99.748,0,0.0,2023,Bahrain,17.0,2,1.4486666666666679,-0.6,0.543859649122807,2.0
OCO,32.0,HARD,20.0,18.0,104.296,1,0.0,2023,Bahrain,17.0,3,3.1480000000000055,0.0,0.5614035087719298,2.0
OCO,33.0,HARD,1.0,19.0,138.694,0,0.0,2023,Bahrain,17.0,3,16.788,0.4,0.5789473684210527,2.0
OCO,34.0,HARD,2.0,19.0,96.797,0,0.0,2023,Bahrain,17.0,3,16.465333333333334,0.4,0.5964912280701754,2.0
OCO,35.0,HARD,3.0,19.0,96.964,0,0.0,2023,Bahrain,17.0,3,14.021333333333331,0.6,0.6140350877192983,2.0
OCO,36.0,HARD,4.0,19.0,97.364,0,0.0,2023,Bahrain,17.0,3,0.2446666666666696,0.6,0.631578947368421,2.0
OCO,37.0,HARD,5.0,19.0,97.338,0,0.0,2023,Bahrain,17.0,3,0.4250000000000019,0.2,0.6491228070175439,2.0
OCO,38.0,HARD,6.0,18.0,97.216,0,0.0,2023,Bahrain,17.0,3,0.5090000000000003,-0.2,0.6666666666666666,2.0
OCO,39.0,HARD,7.0,18.0,97.523,0,0.0,2023,Bahrain,17.0,3,0.5619999999999976,-0.2,0.6842105263157895,2.0
OCO,40.0,HARD,8.0,17.0,128.023,0,0.0,2023,Bahrain,17.0,3,10.790333333333331,-0.4,0.7017543859649122,2.0
OCO,41.0,HARD,9.0,17.0,102.684,1,0.0,2023,Bahrain,17.0,4,10.650666666666666,-0.4,0.7192982456140351,2.0
PER,2.0,SOFT,5.0,3.0,98.862,0,0.0,2023,Bahrain,2.0,0,1.5585000000000022,0.0,0.03508771929824561,0.0
PER,3.0,SOFT,6.0,3.0,98.83,0,0.0,2023,Bahrain,2.0,0,1.181000000000002,0.0,0.05263157894736842,0.0
PER,4.0,SOFT,7.0,3.0,98.758,0,0.0,2023,Bahrain,2.0,0,0.4126666666666665,0.0,0.07017543859649122,0.0
PER,5.0,SOFT,8.0,3.0,98.404,0,0.0,2023,Bahrain,2.0,0,0.2600000000000004,0.0,0.08771929824561403,0.0
PER,6.0,SOFT,9.0,3.0,98.718,0,0.0,2023,Bahrain,2.0,0,0.2226666666666688,0.0,0.10526315789473684,0.0
PER,7.0,SOFT,10.0,3.0,98.804,0,0.0,2023,Bahrain,2.0,0,0.2380000000000043,0.0,0.12280701754385964,0.0
PER,8.0,SOFT,11.0,3.0,99.172,0,0.0,2023,Bahrain,2.0,0,0.4940000000000045,0.0,0.14035087719298245,0.0
PER,9.0,SOFT,12.0,3.0,98.914,0,0.0,2023,Bahrain,2.0,0,0.5593333333333371,0.0,0.15789473684210525,0.0
PER,10.0,SOFT,13.0,3.0,99.085,0,0.0,2023,Bahrain,2.0,0,0.653000000000001,0.0,0.17543859649122806,0.0
PER,11.0,SOFT,14.0,3.0,99.249,0,0.0,2023,Bahrain,2.0,0,0.6786666666666671,0.0,0.19298245614035087,0.0
PER,12.0,SOFT,15.0,3.0,99.197,0,0.0,2023,Bahrain,2.0,0,0.7730000000000009,0.0,0.21052631578947367,0.0
PER,13.0,SOFT,16.0,2.0,99.336,0,0.0,2023,Bahrain,2.0,0,0.8566666666666691,-0.2,0.22807017543859648,0.0
PER,14.0,SOFT,17.0,2.0,98.739,0,0.0,2023,Bahrain,2.0,0,0.6866666666666722,-0.2,0.24561403508771928,0.0
PER,15.0,SOFT,18.0,1.0,98.608,0,0.0,2023,Bahrain,2.0,0,0.4903333333333393,-0.4,0.2631578947368421,0.0
PER,16.0,SOFT,19.0,1.0,98.77,0,0.0,2023,Bahrain,2.0,0,0.3016666666666718,-0.4,0.2807017543859649,0.0
PER,17.0,SOFT,20.0,1.0,101.36,1,0.0,2023,Bahrain,2.0,1,1.5870000000000033,-0.4,0.2982456140350877,0.0
PER,18.0,SOFT,3.0,3.0,118.797,0,0.0,2023,Bahrain,2.0,1,8.728333333333333,0.2,0.3157894736842105,0.0
PER,19.0,SOFT,4.0,3.0,97.659,0,0.0,2023,Bahrain,2.0,1,8.769666666666671,0.2,0.3333333333333333,0.0
PER,20.0,SOFT,5.0,3.0,97.448,0,0.0,2023,Bahrain,2.0,1,7.465666666666668,0.4,0.3508771929824561,0.0
PER,21.0,SOFT,6.0,3.0,97.24,0,0.0,2023,Bahrain,2.0,1,0.28000000000000114,0.4,0.3684210526315789,0.0
PER,22.0,SOFT,7.0,3.0,97.169,0,0.0,2023,Bahrain,2.0,1,0.11666666666666477,0.4,0.38596491228070173,0.0
PER,23.0,SOFT,8.0,3.0,97.304,0,0.0,2023,Bahrain,2.0,1,0.0686666666666677,0.0,0.40350877192982454,0.0
PER,24.0,SOFT,9.0,3.0,97.352,0,0.0,2023,Bahrain,2.0,1,0.10600000000000402,0.0,0.42105263157894735,0.0
PER,25.0,SOFT,10.0,3.0,98.418,0,0.0,2023,Bahrain,2.0,1,0.5223333333333405,0.0,0.43859649122807015,0.0
PER,26.0,SOFT,11.0,2.0,97.454,0,0.0,2023,Bahrain,2.0,1,0.5723333333333377,-0.2,0.45614035087719296,0.0
PER,27.0,SOFT,12.0,2.0,97.387,0,0.0,2023,Bahrain,2.0,1,0.5840000000000032,-0.2,0.47368421052631576,0.0
PER,28.0,SOFT,13.0,2.0,97.211,0,0.0,2023,Bahrain,2.0,1,0.18166666666666723,-0.2,0.49122807017543857,0.0
PER,29.0,SOFT,14.0,2.0,97.733,0,0.0,2023,Bahrain,2.0,1,0.2746666666666708,-0.2,0.5087719298245614,0.0
PER,30.0,SOFT,15.0,2.0,97.4,0,0.0,2023,Bahrain,2.0,1,0.27900000000000585,-0.2,0.5263157894736842,0.0
PER,31.0,SOFT,16.0,2.0,97.919,0,0.0,2023,Bahrain,2.0,1,0.5150000000000053,0.0,0.543859649122807,0.0
PER,32.0,SOFT,17.0,2.0,97.722,0,0.0,2023,Bahrain,2.0,1,0.5113333333333353,0.0,0.5614035087719298,0.0
PER,33.0,SOFT,18.0,2.0,97.869,0,0.0,2023,Bahrain,2.0,1,0.6676666666666667,0.0,0.5789473684210527,0.0
PER,34.0,SOFT,19.0,2.0,100.686,1,0.0,2023,Bahrain,2.0,2,1.8650000000000044,0.0,0.5964912280701754,0.0
PER,35.0,HARD,1.0,2.0,118.785,0,0.0,2023,Bahrain,2.0,2,9.161000000000007,0.0,0.6140350877192983,2.0
PER,36.0,HARD,2.0,2.0,96.82,0,0.0,2023,Bahrain,2.0,2,9.086333333333338,0.0,0.631578947368421,2.0
PER,37.0,HARD,3.0,2.0,96.344,0,0.0,2023,Bahrain,2.0,2,7.639,0.0,0.6491228070175439,2.0
PER,38.0,HARD,4.0,2.0,96.431,0,0.0,2023,Bahrain,2.0,2,0.18766666666666745,0.0,0.6666666666666666,2.0
PER,39.0,HARD,5.0,2.0,96.429,0,0.0,2023,Bahrain,2.0,2,0.05733333333333709,0.0,0.6842105263157895,2.0
PER,40.0,HARD,6.0,2.0,97.114,0,0.0,2023,Bahrain,2.0,2,0.31400000000000716,0.0,0.7017543859649122,2.0
PER,41.0,HARD,7.0,2.0,123.522,0,0.0,2023,Bahrain,2.0,2,9.344333333333344,0.0,0.7192982456140351,2.0
PER,42.0,HARD,8.0,2.0,99.657,0,0.0,2023,Bahrain,2.0,2,10.42033333333334,0.0,0.7368421052631579,2.0
PER,43.0,HARD,9.0,2.0,96.554,0,0.0,2023,Bahrain,2.0,2,10.233666666666673,0.0,0.7543859649122807,2.0
PER,44.0,HARD,10.0,2.0,96.978,0,0.0,2023,Bahrain,2.0,2,1.3856666666666702,0.0,0.7719298245614035,2.0
PER,45.0,HARD,11.0,2.0,96.928,0,0.0,2023,Bahrain,2.0,2,0.4760000000000038,0.0,0.7894736842105263,2.0
PER,46.0,HARD,12.0,2.0,97.257,0,0.0,2023,Bahrain,2.0,2,0.7103333333333381,0.0,0.8070175438596491,2.0
PER,47.0,HARD,13.0,2.0,96.661,0,0.0,2023,Bahrain,2.0,2,0.6046666666666738,0.0,0.8245614035087719,2.0
PER,48.0,HARD,14.0,2.0,96.859,0,0.0,2023,Bahrain,2.0,2,0.5816666666666729,0.0,0.8421052631578947,2.0
PER,49.0,HARD,15.0,2.0,97.049,0,0.0,2023,Bahrain,2.0,2,0.5123333333333401,0.0,0.8596491228070176,2.0
PER,50.0,HARD,16.0,2.0,97.731,0,0.0,2023,Bahrain,2.0,2,0.8690000000000045,0.0,0.8771929824561403,2.0
PER,51.0,HARD,17.0,2.0,97.049,0,0.0,2023,Bahrain,2.0,2,0.9323333333333418,0.0,0.8947368421052632,2.0
PER,52.0,HARD,18.0,2.0,97.062,0,0.0,2023,Bahrain,2.0,2,0.9366666666666722,0.0,0.9122807017543859,2.0
PER,53.0,HARD,19.0,2.0,97.345,0,0.0,2023,Bahrain,2.0,2,0.8080000000000069,0.0,0.9298245614035088,2.0
PER,54.0,HARD,20.0,2.0,97.296,0,0.0,2023,Bahrain,2.0,2,0.8903333333333402,0.0,0.9473684210526315,2.0
PER,55.0,HARD,21.0,2.0,97.092,0,0.0,2023,Bahrain,2.0,2,0.9003333333333406,0.0,0.9649122807017544,2.0
PER,56.0,HARD,22.0,2.0,96.565,0,0.0,2023,Bahrain,2.0,2,0.6403333333333402,0.0,0.9824561403508771,2.0
PER,57.0,HARD,23.0,2.0,96.558,0,0.0,2023,Bahrain,2.0,2,0.39433333333334036,0.0,1.0,2.0
PIA,2.0,SOFT,2.0,16.0,100.83,0,0.0,2023,Bahrain,16.0,0,3.830999999999996,0.0,0.03508771929824561,0.0
PIA,3.0,SOFT,3.0,16.0,100.691,0,0.0,2023,Bahrain,16.0,0,2.553999999999997,0.0,0.05263157894736842,0.0
PIA,4.0,SOFT,4.0,16.0,100.718,0,0.0,2023,Bahrain,16.0,0,0.05533333333333227,0.0,0.07017543859649122,0.0
PIA,5.0,SOFT,5.0,16.0,100.862,0,0.0,2023,Bahrain,16.0,0,0.06599999999999777,0.0,0.08771929824561403,0.0
PIA,6.0,SOFT,6.0,16.0,101.111,0,0.0,2023,Bahrain,16.0,0,0.20599999999999832,0.0,0.10526315789473684,0.0
PIA,7.0,SOFT,7.0,16.0,101.167,0,0.0,2023,Bahrain,16.0,0,0.35566666666666436,0.0,0.12280701754385964,0.0
PIA,8.0,SOFT,8.0,16.0,101.295,0,0.0,2023,Bahrain,16.0,0,0.5,0.0,0.14035087719298245,0.0
PIA,9.0,SOFT,9.0,16.0,101.534,0,0.0,2023,Bahrain,16.0,0,0.6410000000000006,0.0,0.15789473684210525,0.0
PIA,10.0,SOFT,10.0,16.0,101.584,0,0.0,2023,Bahrain,16.0,0,0.7800000000000011,0.0,0.17543859649122806,0.0
PIA,11.0,SOFT,11.0,13.0,101.352,0,0.0,2023,Bahrain,16.0,0,0.7990000000000018,-0.6,0.19298245614035087,0.0
PIA,12.0,SOFT,12.0,11.0,101.156,0,0.0,2023,Bahrain,16.0,0,0.6730000000000018,-1.0,0.21052631578947367,0.0
PIA,13.0,SOFT,13.0,16.0,122.071,1,0.0,2023,Bahrain,16.0,1,0.3753333333333349,0.0,0.22807017543859648,0.0
RUS,2.0,SOFT,5.0,6.0,99.59,0,0.0,2023,Bahrain,7.0,0,2.0330000000000013,0.0,0.03508771929824561,0.0
RUS,3.0,SOFT,6.0,6.0,99.093,0,0.0,2023,Bahrain,7.0,0,1.3553333333333342,0.0,0.05263157894736842,0.0
RUS,4.0,SOFT,7.0,6.0,99.261,0,0.0,2023,Bahrain,7.0,0,0.22166666666666401,0.0,0.07017543859649122,0.0
RUS,5.0,SOFT,8.0,6.0,99.549,0,0.0,2023,Bahrain,7.0,0,0.2079999999999984,0.0,0.08771929824561403,0.0
RUS,6.0,SOFT,9.0,6.0,99.493,0,0.0,2023,Bahrain,7.0,0,0.3413333333333289,0.0,0.10526315789473684,0.0
RUS,7.0,SOFT,10.0,6.0,100.056,0,0.0,2023,Bahrain,7.0,0,0.6063333333333295,0.0,0.12280701754385964,0.0
RUS,8.0,SOFT,11.0,6.0,100.31,0,0.0,2023,Bahrain,7.0,0,0.8599999999999947,0.0,0.14035087719298245,0.0
RUS,9.0,SOFT,12.0,6.0,100.42,0,0.0,2023,Bahrain,7.0,0,1.168999999999997,0.0,0.15789473684210525,0.0
RUS,10.0,SOFT,13.0,6.0,100.532,0,0.0,2023,Bahrain,7.0,0,1.3276666666666632,0.0,0.17543859649122806,0.0
RUS,11.0,SOFT,14.0,6.0,101.085,0,0.0,2023,Bahrain,7.0,0,1.5859999999999939,0.0,0.19298245614035087,0.0
RUS,12.0,SOFT,15.0,5.0,101.112,0,0.0,2023,Bahrain,7.0,0,1.8166666666666582,-0.2,0.21052631578947367,0.0
RUS,13.0,SOFT,16.0,7.0,104.691,1,0.0,2023,Bahrain,7.0,1,3.74733333333333,0.2,0.22807017543859648,0.0
RUS,14.0,HARD,1.0,10.0,121.269,0,0.0,2023,Bahrain,7.0,1,11.019666666666671,0.8,0.24561403508771928,2.0
RUS,15.0,HARD,2.0,9.0,97.46,0,0.0,2023,Bahrain,7.0,1,10.346666666666673,0.6,0.2631578947368421,2.0
RUS,16.0,HARD,3.0,8.0,97.833,0,0.0,2023,Bahrain,7.0,1,8.060666666666672,0.4,0.2807017543859649,2.0
RUS,17.0,HARD,4.0,8.0,98.604,0,0.0,2023,Bahrain,7.0,1,0.50566666666667,0.6,0.2982456140350877,2.0
RUS,18.0,HARD,5.0,7.0,98.427,0,0.0,2023,Bahrain,7.0,1,0.8280000000000077,0.0,0.3157894736842105,2.0
RUS,19.0,HARD,6.0,7.0,98.512,0,0.0,2023,Bahrain,7.0,1,1.0543333333333418,-0.6,0.3333333333333333,2.0
RUS,20.0,HARD,7.0,7.0,98.578,0,0.0,2023,Bahrain,7.0,1,1.0456666666666763,-0.4,0.3508771929824561,2.0
RUS,21.0,HARD,8.0,7.0,98.555,0,0.0,2023,Bahrain,7.0,1,1.088333333333343,-0.2,0.3684210526315789,2.0
RUS,22.0,HARD,9.0,7.0,98.438,0,0.0,2023,Bahrain,7.0,1,1.063666666666677,-0.2,0.38596491228070173,2.0
RUS,23.0,HARD,10.0,7.0,98.773,0,0.0,2023,Bahrain,7.0,1,1.1286666666666747,0.0,0.40350877192982454,2.0
RUS,24.0,HARD,11.0,7.0,98.643,0,0.0,2023,Bahrain,7.0,1,1.158000000000006,0.0,0.42105263157894735,2.0
RUS,25.0,HARD,12.0,7.0,98.487,0,0.0,2023,Bahrain,7.0,1,1.1743333333333368,0.0,0.43859649122807015,2.0
RUS,26.0,HARD,13.0,7.0,98.462,0,0.0,2023,Bahrain,7.0,1,1.0706666666666724,0.0,0.45614035087719296,2.0
RUS,27.0,HARD,14.0,7.0,98.625,0,0.0,2023,Bahrain,7.0,1,1.0646666666666722,0.0,0.47368421052631576,2.0
RUS,28.0,HARD,15.0,7.0,98.448,0,0.0,2023,Bahrain,7.0,1,1.0516666666666719,0.0,0.49122807017543857,2.0
RUS,29.0,HARD,16.0,7.0,98.792,0,0.0,2023,Bahrain,7.0,1,1.1616666666666713,0.0,0.5087719298245614,2.0
RUS,30.0,HARD,17.0,7.0,98.541,0,0.0,2023,Bahrain,7.0,1,1.1336666666666702,0.0,0.5263157894736842,2.0
RUS,31.0,HARD,18.0,6.0,101.035,1,0.0,2023,Bahrain,7.0,2,2.13766666666667,-0.2,0.543859649122807,2.0
RUS,32.0,HARD,1.0,8.0,118.694,0,0.0,2023,Bahrain,7.0,2,8.913333333333336,0.2,0.5614035087719298,2.0
RUS,33.0,HARD,2.0,8.0,97.221,0,0.0,2023,Bahrain,7.0,2,8.615000000000004,0.2,0.5789473684210527,2.0
RUS,34.0,HARD,3.0,8.0,97.311,0,0.0,2023,Bahrain,7.0,2,7.373666666666675,0.2,0.5964912280701754,2.0
RUS,35.0,HARD,4.0,8.0,97.592,0,0.0,2023,Bahrain,7.0,2,0.3396666666666732,0.2,0.6140350877192983,2.0
RUS,36.0,HARD,5.0,8.0,97.607,0,0.0,2023,Bahrain,7.0,2,0.46833333333333843,0.4,0.631578947368421,2.0
RUS,37.0,HARD,6.0,8.0,97.822,0,0.0,2023,Bahrain,7.0,2,0.6386666666666704,0.0,0.6491228070175439,2.0
RUS,38.0,HARD,7.0,8.0,97.66,0,0.0,2023,Bahrain,7.0,2,0.6613333333333363,0.0,0.6666666666666666,2.0
RUS,39.0,HARD,8.0,8.0,97.495,0,0.0,2023,Bahrain,7.0,2,0.6240000000000047,0.0,0.6842105263157895,2.0
RUS,40.0,HARD,9.0,7.0,98.085,0,0.0,2023,Bahrain,7.0,2,0.7116666666666683,-0.2,0.7017543859649122,2.0
RUS,41.0,HARD,10.0,7.0,126.293,0,0.0,2023,Bahrain,7.0,2,10.256000000000006,-0.2,0.7192982456140351,2.0
RUS,42.0,HARD,11.0,7.0,97.035,0,0.0,2023,Bahrain,7.0,2,10.10266666666667,-0.2,0.7368421052631579,2.0
RUS,43.0,HARD,12.0,7.0,97.48,0,0.0,2023,Bahrain,7.0,2,9.901000000000005,-0.2,0.7543859649122807,2.0
RUS,44.0,HARD,13.0,7.0,97.597,0,0.0,2023,Bahrain,7.0,2,0.33566666666666833,-0.2,0.7719298245614035,2.0
RUS,45.0,HARD,14.0,7.0,97.316,0,0.0,2023,Bahrain,7.0,2,0.42933333333333695,0.0,0.7894736842105263,2.0
RUS,46.0,HARD,15.0,7.0,97.571,0,0.0,2023,Bahrain,7.0,2,0.4596666666666683,0.0,0.8070175438596491,2.0
RUS,47.0,HARD,16.0,7.0,97.432,0,0.0,2023,Bahrain,7.0,2,0.40466666666667095,0.0,0.8245614035087719,2.0
RUS,48.0,HARD,17.0,7.0,97.52,0,0.0,2023,Bahrain,7.0,2,0.4726666666666688,0.0,0.8421052631578947,2.0
RUS,49.0,HARD,18.0,7.0,97.718,0,0.0,2023,Bahrain,7.0,2,0.5216666666666706,0.0,0.8596491228070176,2.0
RUS,50.0,HARD,19.0,7.0,97.383,0,0.0,2023,Bahrain,7.0,2,0.5053333333333351,0.0,0.8771929824561403,2.0
RUS,51.0,HARD,20.0,7.0,97.825,0,0.0,2023,Bahrain,7.0,2,0.6070000000000041,0.0,0.8947368421052632,2.0
RUS,52.0,HARD,21.0,7.0,97.589,0,0.0,2023,Bahrain,7.0,2,0.5640000000000024,0.0,0.9122807017543859,2.0
RUS,53.0,HARD,22.0,7.0,97.841,0,0.0,2023,Bahrain,7.0,2,0.7166666666666686,0.0,0.9298245614035088,2.0
RUS,54.0,HARD,23.0,7.0,97.923,0,0.0,2023,Bahrain,7.0,2,0.7493333333333349,0.0,0.9473684210526315,2.0
RUS,55.0,HARD,24.0,7.0,97.86,0,0.0,2023,Bahrain,7.0,2,0.8396666666666684,0.0,0.9649122807017544,2.0
RUS,56.0,HARD,25.0,7.0,97.636,0,0.0,2023,Bahrain,7.0,2,0.7713333333333358,0.0,0.9824561403508771,2.0
RUS,57.0,HARD,26.0,7.0,97.767,0,0.0,2023,Bahrain,7.0,2,0.7193333333333337,0.0,1.0,2.0
SAI,2.0,SOFT,5.0,4.0,98.933,0,0.0,2023,Bahrain,4.0,0,1.3629999999999995,0.0,0.03508771929824561,0.0
SAI,3.0,SOFT,6.0,4.0,99.042,0,0.0,2023,Bahrain,4.0,0,0.944999999999998,0.0,0.05263157894736842,0.0
SAI,4.0,SOFT,7.0,4.0,98.985,0,0.0,2023,Bahrain,4.0,0,0.05366666666666239,0.0,0.07017543859649122,0.0
SAI,5.0,SOFT,8.0,4.0,99.128,0,0.0,2023,Bahrain,4.0,0,0.1186666666666601,0.0,0.08771929824561403,0.0
SAI,6.0,SOFT,9.0,4.0,99.474,0,0.0,2023,Bahrain,4.0,0,0.26266666666666083,0.0,0.10526315789473684,0.0
SAI,7.0,SOFT,10.0,4.0,99.502,0,0.0,2023,Bahrain,4.0,0,0.4349999999999928,0.0,0.12280701754385964,0.0
SAI,8.0,SOFT,11.0,4.0,99.779,0,0.0,2023,Bahrain,4.0,0,0.6519999999999916,0.0,0.14035087719298245,0.0
SAI,9.0,SOFT,12.0,4.0,99.744,0,0.0,2023,Bahrain,4.0,0,0.7419999999999902,0.0,0.15789473684210525,0.0
SAI,10.0,SOFT,13.0,4.0,100.102,0,0.0,2023,Bahrain,4.0,0,0.9419999999999931,0.0,0.17543859649122806,0.0
SAI,11.0,SOFT,14.0,4.0,100.507,0,0.0,2023,Bahrain,4.0,0,1.1846666666666625,0.0,0.19298245614035087,0.0
SAI,12.0,SOFT,15.0,4.0,100.52,0,0.0,2023,Bahrain,4.0,0,1.443333333333328,0.0,0.21052631578947367,0.0
SAI,13.0,SOFT,16.0,4.0,103.31,1,0.0,2023,Bahrain,4.0,1,2.8286666666666633,0.0,0.22807017543859648,0.0
SAI,14.0,HARD,1.0,6.0,119.006,0,0.0,2023,Bahrain,4.0,1,9.310999999999998,0.4,0.24561403508771928,2.0
SAI,15.0,HARD,2.0,5.0,97.985,0,0.0,2023,Bahrain,4.0,1,8.782000000000002,0.2,0.2631578947368421,2.0
SAI,16.0,HARD,3.0,4.0,98.433,0,0.0,2023,Bahrain,4.0,1,7.156333333333336,0.0,0.2807017543859649,2.0
SAI,17.0,HARD,4.0,4.0,98.161,0,0.0,2023,Bahrain,4.0,1,0.20800000000000315,0.0,0.2982456140350877,2.0
SAI,18.0,HARD,5.0,4.0,98.287,0,0.0,2023,Bahrain,4.0,1,0.30866666666667203,0.0,0.3157894736842105,2.0
SAI,19.0,HARD,6.0,4.0,98.21,0,0.0,2023,Bahrain,4.0,1,0.2343333333333343,-0.4,0.3333333333333333,2.0
SAI,20.0,HARD,7.0,4.0,98.096,0,0.0,2023,Bahrain,4.0,1,0.21266666666666842,-0.2,0.3508771929824561,2.0
SAI,21.0,HARD,8.0,4.0,98.24,0,0.0,2023,Bahrain,4.0,1,0.19699999999999798,0.0,0.3684210526315789,2.0
SAI,22.0,HARD,9.0,4.0,98.453,0,0.0,2023,Bahrain,4.0,1,0.2780000000000011,0.0,0.38596491228070173,2.0
SAI,23.0,HARD,10.0,4.0,98.597,0,0.0,2023,Bahrain,4.0,1,0.4449999999999979,0.0,0.40350877192982454,2.0
SAI,24.0,HARD,11.0,4.0,98.314,0,0.0,2023,Bahrain,4.0,1,0.46966666666666396,0.0,0.42105263157894735,2.0
SAI,25.0,HARD,12.0,4.0,98.571,0,0.0,2023,Bahrain,4.0,1,0.5089999999999956,0.0,0.43859649122807015,2.0
SAI,26.0,HARD,13.0,4.0,98.331,0,0.0,2023,Bahrain,4.0,1,0.4203333333333319,0.0,0.45614035087719296,2.0
SAI,27.0,HARD,14.0,4.0,98.423,0,0.0,2023,Bahrain,4.0,1,0.45666666666666816,0.0,0.47368421052631576,2.0
SAI,28.0,HARD,15.0,4.0,98.474,0,0.0,2023,Bahrain,4.0,1,0.4243333333333368,0.0,0.49122807017543857,2.0
SAI,29.0,HARD,16.0,4.0,98.55,0,0.0,2023,Bahrain,4.0,1,0.4973333333333348,0.0,0.5087719298245614,2.0
SAI,30.0,HARD,17.0,4.0,98.601,0,0.0,2023,Bahrain,4.0,1,0.5566666666666672,0.0,0.5263157894736842,2.0
SAI,31.0,HARD,18.0,4.0,101.274,1,0.0,2023,Bahrain,4.0,2,1.775000000000001,0.0,0.543859649122807,2.0
SAI,32.0,HARD,1.0,5.0,118.492,0,0.0,2023,Bahrain,4.0,2,8.707333333333338,0.2,0.5614035087719298,2.0
SAI,33.0,HARD,2.0,5.0,97.548,0,0.0,2023,Bahrain,4.0,2,8.64133333333334,0.2,0.5789473684210527,2.0
SAI,34.0,HARD,3.0,5.0,97.475,0,0.0,2023,Bahrain,4.0,2,7.375000000000004,0.2,0.5964912280701754,2.0
SAI,35.0,HARD,4.0,4.0,97.441,0,0.0,2023,Bahrain,4.0,2,0.3580000000000041,0.0,0.6140350877192983,2.0
SAI,36.0,HARD,5.0,4.0,97.706,0,0.0,2023,Bahrain,4.0,2,0.4106666666666712,0.0,0.631578947368421,2.0
SAI,37.0,HARD,6.0,4.0,97.13,0,0.0,2023,Bahrain,4.0,2,0.2956666666666716,-0.2,0.6491228070175439,2.0
SAI,38.0,HARD,7.0,4.0,97.444,0,0.0,2023,Bahrain,4.0,2,0.2966666666666716,-0.2,0.6666666666666666,2.0
SAI,39.0,HARD,8.0,4.0,97.403,0,0.0,2023,Bahrain,4.0,2,0.1956666666666725,-0.2,0.6842105263157895,2.0
SAI,40.0,HARD,9.0,3.0,97.587,0,0.0,2023,Bahrain,4.0,2,0.34800000000000847,-0.2,0.7017543859649122,2.0
SAI,41.0,HARD,10.0,3.0,126.436,0,0.0,2023,Bahrain,4.0,2,10.01200000000001,-0.2,0.7192982456140351,2.0
SAI,42.0,HARD,11.0,3.0,97.375,0,0.0,2023,Bahrain,4.0,2,10.002666666666675,-0.2,0.7368421052631579,2.0
SAI,43.0,HARD,12.0,3.0,97.294,0,0.0,2023,Bahrain,4.0,2,9.905000000000006,-0.2,0.7543859649122807,2.0
SAI,44.0,HARD,13.0,3.0,97.389,0,0.0,2023,Bahrain,4.0,2,0.2226666666666688,-0.2,0.7719298245614035,2.0
SAI,45.0,HARD,14.0,4.0,99.561,0,0.0,2023,Bahrain,4.0,2,0.9513333333333378,0.2,0.7894736842105263,2.0
SAI,46.0,HARD,15.0,4.0,97.844,0,0.0,2023,Bahrain,4.0,2,1.1346666666666703,0.2,0.8070175438596491,2.0
SAI,47.0,HARD,16.0,4.0,98.222,0,0.0,2023,Bahrain,4.0,2,1.4123333333333363,0.2,0.8245614035087719,2.0
SAI,48.0,HARD,17.0,4.0,97.897,0,0.0,2023,Bahrain,4.0,2,0.8576666666666691,0.2,0.8421052631578947,2.0
SAI,49.0,HARD,18.0,4.0,97.765,0,0.0,2023,Bahrain,4.0,2,0.831333333333338,0.2,0.8596491228070176,2.0
SAI,50.0,HARD,19.0,4.0,97.604,0,0.0,2023,Bahrain,4.0,2,0.6253333333333396,0.0,0.8771929824561403,2.0
SAI,51.0,HARD,20.0,4.0,97.672,0,0.0,2023,Bahrain,4.0,2,0.5503333333333368,0.0,0.8947368421052632,2.0
SAI,52.0,HARD,21.0,4.0,97.49,0,0.0,2023,Bahrain,4.0,2,0.4586666666666683,0.0,0.9122807017543859,2.0
SAI,53.0,HARD,22.0,4.0,97.66,0,0.0,2023,Bahrain,4.0,2,0.47733333333333405,0.0,0.9298245614035088,2.0
SAI,54.0,HARD,23.0,4.0,97.694,0,0.0,2023,Bahrain,4.0,2,0.48466666666666924,0.0,0.9473684210526315,2.0
SAI,55.0,HARD,24.0,4.0,97.821,0,0.0,2023,Bahrain,4.0,2,0.5950000000000036,0.0,0.9649122807017544,2.0
SAI,56.0,HARD,25.0,4.0,98.126,0,0.0,2023,Bahrain,4.0,2,0.7503333333333396,0.0,0.9824561403508771,2.0
SAI,57.0,HARD,26.0,4.0,98.021,0,0.0,2023,Bahrain,4.0,2,0.8593333333333391,0.0,1.0,2.0
SAR,2.0,SOFT,2.0,13.0,100.467,0,0.0,2023,Bahrain,12.0,0,3.3119999999999976,0.0,0.03508771929824561,0.0
SAR,3.0,SOFT,3.0,13.0,100.349,0,0.0,2023,Bahrain,12.0,0,2.2079999999999984,0.0,0.05263157894736842,0.0
SAR,4.0,SOFT,4.0,13.0,100.644,0,0.0,2023,Bahrain,12.0,0,0.13766666666666558,0.0,0.07017543859649122,0.0
SAR,5.0,SOFT,5.0,13.0,100.902,0,0.0,2023,Bahrain,12.0,0,0.28266666666666634,0.0,0.08771929824561403,0.0
SAR,6.0,SOFT,6.0,13.0,100.791,0,0.0,2023,Bahrain,12.0,0,0.42999999999999733,0.0,0.10526315789473684,0.0
SAR,7.0,SOFT,7.0,13.0,100.892,0,0.0,2023,Bahrain,12.0,0,0.5126666666666608,0.0,0.12280701754385964,0.0
SAR,8.0,SOFT,8.0,13.0,100.868,0,0.0,2023,Bahrain,12.0,0,0.5013333333333255,0.0,0.14035087719298245,0.0
SAR,9.0,SOFT,9.0,13.0,100.908,0,0.0,2023,Bahrain,12.0,0,0.540333333333327,0.0,0.15789473684210525,0.0
SAR,10.0,SOFT,10.0,12.0,101.133,0,0.0,2023,Bahrain,12.0,0,0.6206666666666601,-0.2,0.17543859649122806,0.0
SAR,11.0,SOFT,11.0,11.0,101.532,0,0.0,2023,Bahrain,12.0,0,0.841999999999994,-0.4,0.19298245614035087,0.0
SAR,12.0,SOFT,12.0,10.0,103.88,1,0.0,2023,Bahrain,12.0,1,2.4779999999999944,-0.6,0.21052631578947367,0.0
SAR,13.0,SOFT,1.0,15.0,120.255,0,0.0,2023,Bahrain,12.0,1,9.49733333333333,0.4,0.22807017543859648,0.0
SAR,14.0,SOFT,2.0,15.0,98.413,0,0.0,2023,Bahrain,12.0,1,9.103,0.4,0.24561403508771928,0.0
SAR,15.0,SOFT,3.0,15.0,99.033,0,0.0,2023,Bahrain,12.0,1,7.487333333333335,0.6,0.2631578947368421,0.0
SAR,16.0,SOFT,4.0,13.0,98.988,0,0.0,2023,Bahrain,12.0,1,0.3983333333333358,0.4,0.2807017543859649,0.0
SAR,17.0,SOFT,5.0,13.0,99.439,0,0.0,2023,Bahrain,12.0,1,0.7403333333333345,0.6,0.2982456140350877,0.0
SAR,18.0,SOFT,6.0,13.0,99.399,0,0.0,2023,Bahrain,12.0,1,0.8623333333333344,-0.4,0.3157894736842105,0.0
SAR,19.0,SOFT,7.0,13.0,99.22,0,0.0,2023,Bahrain,12.0,1,0.9396666666666675,-0.4,0.3333333333333333,0.0
SAR,20.0,SOFT,8.0,13.0,99.186,0,0.0,2023,Bahrain,12.0,1,0.8553333333333389,-0.4,0.3508771929824561,0.0
SAR,21.0,SOFT,9.0,13.0,99.612,0,0.0,2023,Bahrain,12.0,1,0.9263333333333369,0.0,0.3684210526315789,0.0
SAR,22.0,SOFT,10.0,13.0,99.362,0,0.0,2023,Bahrain,12.0,1,0.9736666666666688,0.0,0.38596491228070173,0.0
SAR,23.0,SOFT,11.0,13.0,99.692,0,0.0,2023,Bahrain,12.0,1,1.1423333333333308,0.0,0.40350877192982454,0.0
SAR,24.0,SOFT,12.0,13.0,99.872,0,0.0,2023,Bahrain,12.0,1,1.2289999999999992,0.0,0.42105263157894735,0.0
SAR,25.0,SOFT,13.0,13.0,99.834,0,0.0,2023,Bahrain,12.0,1,1.3863333333333354,0.0,0.43859649122807015,0.0
SAR,26.0,SOFT,14.0,12.0,100.006,0,0.0,2023,Bahrain,12.0,1,1.4910000000000043,-0.2,0.45614035087719296,0.0
SAR,27.0,SOFT,15.0,10.0,99.602,0,0.0,2023,Bahrain,12.0,1,1.4010000000000058,-0.6,0.47368421052631576,0.0
SAR,28.0,SOFT,16.0,10.0,99.62,0,0.0,2023,Bahrain,12.0,1,1.3296666666666728,-0.6,0.49122807017543857,0.0
SAR,29.0,SOFT,17.0,10.0,99.673,0,0.0,2023,Bahrain,12.0,1,1.2186666666666734,-0.6,0.5087719298245614,0.0
SAR,30.0,SOFT,18.0,10.0,102.409,1,0.0,2023,Bahrain,12.0,2,2.4210000000000065,-0.6,0.5263157894736842,0.0
SAR,31.0,HARD,1.0,14.0,119.303,0,0.0,2023,Bahrain,12.0,2,9.24866666666667,0.4,0.543859649122807,2.0
SAR,32.0,HARD,2.0,14.0,97.613,0,0.0,2023,Bahrain,12.0,2,8.828666666666669,0.8,0.5614035087719298,2.0
SAR,33.0,HARD,3.0,13.0,97.862,0,0.0,2023,Bahrain,12.0,2,7.312999999999998,0.6,0.5789473684210527,2.0
SAR,34.0,HARD,4.0,13.0,97.902,0,0.0,2023,Bahrain,12.0,2,0.17933333333333223,0.6,0.5964912280701754,2.0
SAR,35.0,HARD,5.0,13.0,98.029,0,0.0,2023,Bahrain,12.0,2,0.31799999999999784,0.6,0.6140350877192983,2.0
SAR,36.0,HARD,6.0,13.0,97.717,0,0.0,2023,Bahrain,12.0,2,0.26966666666666583,-0.2,0.631578947368421,2.0
SAR,37.0,HARD,7.0,13.0,97.831,0,0.0,2023,Bahrain,12.0,2,0.24599999999999986,-0.2,0.6491228070175439,2.0
SAR,38.0,HARD,8.0,13.0,98.015,0,0.0,2023,Bahrain,12.0,2,0.2413333333333346,0.0,0.6666666666666666,2.0
SAR,39.0,HARD,9.0,13.0,97.971,0,0.0,2023,Bahrain,12.0,2,0.3260000000000029,0.0,0.6842105263157895,2.0
SAR,40.0,HARD,10.0,12.0,113.753,1,0.0,2023,Bahrain,12.0,3,6.158666666666666,-0.2,0.7017543859649122,2.0
SAR,41.0,SOFT,1.0,14.0,125.614,0,0.0,2023,Bahrain,12.0,3,15.883666666666665,0.2,0.7192982456140351,0.0
SAR,42.0,SOFT,2.0,14.0,96.037,0,0.0,2023,Bahrain,12.0,3,15.764333333333331,0.2,0.7368421052631579,0.0
SAR,43.0,SOFT,3.0,14.0,96.801,0,0.0,2023,Bahrain,12.0,3,10.113666666666665,0.2,0.7543859649122807,0.0
SAR,44.0,SOFT,4.0,13.0,97.407,0,0.0,2023,Bahrain,12.0,3,0.7113333333333287,0.0,0.7719298245614035,0.0
SAR,45.0,SOFT,5.0,13.0,97.462,0,0.0,2023,Bahrain,12.0,3,1.1863333333333277,0.2,0.7894736842105263,0.0
SAR,46.0,SOFT,6.0,13.0,98.441,0,0.0,2023,Bahrain,12.0,3,1.7329999999999945,-0.2,0.8070175438596491,0.0
SAR,47.0,SOFT,7.0,12.0,97.227,0,0.0,2023,Bahrain,12.0,3,1.6729999999999972,-0.4,0.8245614035087719,0.0
SAR,48.0,SOFT,8.0,12.0,97.068,0,0.0,2023,Bahrain,12.0,3,1.5416666666666619,-0.4,0.8421052631578947,0.0
SAR,49.0,SOFT,9.0,12.0,97.225,0,0.0,2023,Bahrain,12.0,3,1.1363333333333259,-0.2,0.8596491228070176,0.0
SAR,50.0,SOFT,10.0,12.0,97.29,0,0.0,2023,Bahrain,12.0,3,1.1573333333333267,-0.2,0.8771929824561403,0.0
SAR,51.0,SOFT,11.0,12.0,97.472,0,0.0,2023,Bahrain,12.0,3,1.291999999999992,-0.2,0.8947368421052632,0.0
SAR,52.0,SOFT,12.0,12.0,97.456,0,0.0,2023,Bahrain,12.0,3,1.368999999999995,0.0,0.9122807017543859,0.0
SAR,53.0,SOFT,13.0,12.0,97.662,0,0.0,2023,Bahrain,12.0,3,1.492999999999995,0.0,0.9298245614035088,0.0
SAR,54.0,SOFT,14.0,12.0,97.936,0,0.0,2023,Bahrain,12.0,3,1.647666666666666,0.0,0.9473684210526315,0.0
SAR,55.0,SOFT,15.0,12.0,98.316,0,0.0,2023,Bahrain,12.0,3,1.9343333333333323,0.0,0.9649122807017544,0.0
SAR,56.0,SOFT,16.0,12.0,99.626,0,0.0,2023,Bahrain,12.0,3,2.5889999999999986,0.0,0.9824561403508771,0.0
STR,2.0,SOFT,5.0,9.0,99.892,0,0.0,2023,Bahrain,6.0,0,3.1369999999999933,0.0,0.03508771929824561,0.0
STR,3.0,SOFT,6.0,9.0,99.625,0,0.0,2023,Bahrain,6.0,0,2.2516666666666603,0.0,0.05263157894736842,0.0
STR,4.0,SOFT,7.0,9.0,99.745,0,0.0,2023,Bahrain,6.0,0,0.6099999999999947,0.0,0.07017543859649122,0.0
STR,5.0,SOFT,8.0,8.0,99.144,0,0.0,2023,Bahrain,6.0,0,0.3606666666666645,-0.25,0.08771929824561403,0.0
STR,6.0,SOFT,9.0,8.0,99.714,0,0.0,2023,Bahrain,6.0,0,0.39033333333333076,-0.2,0.10526315789473684,0.0
STR,7.0,SOFT,10.0,8.0,99.945,0,0.0,2023,Bahrain,6.0,0,0.45699999999999363,-0.2,0.12280701754385964,0.0
STR,8.0,SOFT,11.0,8.0,99.801,0,0.0,2023,Bahrain,6.0,0,0.6759999999999925,-0.2,0.14035087719298245,0.0
STR,9.0,SOFT,12.0,8.0,100.106,0,0.0,2023,Bahrain,6.0,0,0.8066666666666578,-0.2,0.15789473684210525,0.0
STR,10.0,SOFT,13.0,8.0,100.192,0,0.0,2023,Bahrain,6.0,0,0.888999999999991,0.0,0.17543859649122806,0.0
STR,11.0,SOFT,14.0,8.0,100.923,0,0.0,2023,Bahrain,6.0,0,1.262999999999991,0.0,0.19298245614035087,0.0
STR,12.0,SOFT,15.0,8.0,101.039,0,0.0,2023,Bahrain,6.0,0,1.5739999999999934,0.0,0.21052631578947367,0.0
STR,13.0,SOFT,16.0,6.0,101.12,0,0.0,2023,Bahrain,6.0,0,1.8833333333333304,-0.4,0.22807017543859648,0.0
STR,14.0,SOFT,17.0,3.0,100.002,0,0.0,2023,Bahrain,6.0,0,1.5763333333333283,-1.0,0.24561403508771928,0.0
STR,15.0,SOFT,18.0,4.0,102.841,1,0.0,2023,Bahrain,6.0,1,2.7226666666666595,-0.8,0.2631578947368421,0.0
STR,16.0,HARD,1.0,9.0,119.876,0,0.0,2023,Bahrain,6.0,1,9.520333333333326,0.2,0.2807017543859649,2.0
STR,17.0,HARD,2.0,9.0,97.507,0,0.0,2023,Bahrain,6.0,1,9.23433333333333,0.2,0.2982456140350877,2.0
STR,18.0,HARD,3.0,9.0,98.127,0,0.0,2023,Bahrain,6.0,1,7.662999999999997,0.6,0.3157894736842105,2.0
STR,19.0,HARD,4.0,9.0,98.587,0,0.0,2023,Bahrain,6.0,1,0.5666666666666629,1.2,0.3333333333333333,2.0
STR,20.0,HARD,5.0,8.0,98.038,0,0.0,2023,Bahrain,6.0,1,0.7436666666666601,0.8,0.3508771929824561,2.0
STR,21.0,HARD,6.0,8.0,98.273,0,0.0,2023,Bahrain,6.0,1,0.792333333333327,-0.2,0.3684210526315789,2.0
STR,22.0,HARD,7.0,8.0,98.73,0,0.0,2023,Bahrain,6.0,1,0.839999999999994,-0.2,0.38596491228070173,2.0
STR,23.0,HARD,8.0,8.0,98.295,0,0.0,2023,Bahrain,6.0,1,0.9256666666666623,-0.2,0.40350877192982454,2.0
STR,24.0,HARD,9.0,8.0,98.478,0,0.0,2023,Bahrain,6.0,1,0.993999999999995,-0.2,0.42105263157894735,2.0
STR,25.0,HARD,10.0,8.0,98.25,0,0.0,2023,Bahrain,6.0,1,0.8339999999999937,0.0,0.43859649122807015,2.0
STR,26.0,HARD,11.0,8.0,98.482,0,0.0,2023,Bahrain,6.0,1,0.8963333333333262,0.0,0.45614035087719296,2.0
STR,27.0,HARD,12.0,8.0,99.021,0,0.0,2023,Bahrain,6.0,1,1.0773333333333284,0.0,0.47368421052631576,2.0
STR,28.0,HARD,13.0,8.0,98.723,0,0.0,2023,Bahrain,6.0,1,1.2349999999999948,0.0,0.49122807017543857,2.0
STR,29.0,HARD,14.0,8.0,98.71,0,0.0,2023,Bahrain,6.0,1,1.3109999999999928,0.0,0.5087719298245614,2.0
STR,30.0,HARD,15.0,8.0,101.467,1,0.0,2023,Bahrain,6.0,2,2.4466666666666583,0.0,0.5263157894736842,2.0
STR,31.0,HARD,1.0,8.0,117.063,0,0.0,2023,Bahrain,6.0,2,8.880333333333326,0.0,0.543859649122807,2.0
STR,32.0,HARD,2.0,7.0,96.546,0,0.0,2023,Bahrain,6.0,2,8.47933333333333,-0.2,0.5614035087719298,2.0
STR,33.0,HARD,3.0,7.0,97.21,0,0.0,2023,Bahrain,6.0,2,7.060333333333328,-0.2,0.5789473684210527,2.0
STR,34.0,HARD,4.0,7.0,97.168,0,0.0,2023,Bahrain,6.0,2,0.42866666666666237,-0.2,0.5964912280701754,2.0
STR,35.0,HARD,5.0,7.0,97.521,0,0.0,2023,Bahrain,6.0,2,0.7536666666666605,-0.2,0.6140350877192983,2.0
STR,36.0,HARD,6.0,7.0,97.72,0,0.0,2023,Bahrain,6.0,2,0.9236666666666622,-0.2,0.631578947368421,2.0
STR,37.0,HARD,7.0,7.0,97.68,0,0.0,2023,Bahrain,6.0,2,1.094333333333329,0.0,0.6491228070175439,2.0
STR,38.0,HARD,8.0,7.0,97.274,0,0.0,2023,Bahrain,6.0,2,1.0119999999999958,0.0,0.6666666666666666,2.0
STR,39.0,HARD,9.0,7.0,97.456,0,0.0,2023,Bahrain,6.0,2,0.9239999999999972,0.0,0.6842105263157895,2.0
STR,40.0,HARD,10.0,6.0,97.916,0,0.0,2023,Bahrain,6.0,2,1.0026666666666604,-0.2,0.7017543859649122,2.0
STR,41.0,HARD,11.0,6.0,126.809,0,0.0,2023,Bahrain,6.0,2,10.84766666666666,-0.2,0.7192982456140351,2.0
STR,42.0,HARD,12.0,6.0,97.298,0,0.0,2023,Bahrain,6.0,2,10.794999999999993,-0.2,0.7368421052631579,2.0
STR,43.0,HARD,13.0,6.0,97.304,0,0.0,2023,Bahrain,6.0,2,10.590999999999994,-0.2,0.7543859649122807,2.0
STR,44.0,HARD,14.0,6.0,97.299,0,0.0,2023,Bahrain,6.0,2,0.7543333333333303,-0.2,0.7719298245614035,2.0
STR,45.0,HARD,15.0,6.0,97.222,0,0.0,2023,Bahrain,6.0,2,0.7289999999999944,0.0,0.7894736842105263,2.0
STR,46.0,HARD,16.0,6.0,97.562,0,0.0,2023,Bahrain,6.0,2,0.814999999999993,0.0,0.8070175438596491,2.0
STR,47.0,HARD,17.0,6.0,97.257,0,0.0,2023,Bahrain,6.0,2,0.8009999999999925,0.0,0.8245614035087719,2.0
STR,48.0,HARD,18.0,6.0,97.448,0,0.0,2023,Bahrain,6.0,2,0.8763333333333255,0.0,0.8421052631578947,2.0
STR,49.0,HARD,19.0,6.0,97.551,0,0.0,2023,Bahrain,6.0,2,0.8726666666666603,0.0,0.8596491228070176,2.0
STR,50.0,HARD,20.0,6.0,97.388,0,0.0,2023,Bahrain,6.0,2,0.916333333333327,0.0,0.8771929824561403,2.0
STR,51.0,HARD,21.0,6.0,97.866,0,0.0,2023,Bahrain,6.0,2,1.0556666666666625,0.0,0.8947368421052632,2.0
STR,52.0,HARD,22.0,6.0,97.579,0,0.0,2023,Bahrain,6.0,2,1.064999999999993,0.0,0.9122807017543859,2.0
STR,53.0,HARD,23.0,6.0,98.379,0,0.0,2023,Bahrain,6.0,2,1.3953333333333262,0.0,0.9298245614035088,2.0
STR,54.0,HARD,24.0,6.0,97.597,0,0.0,2023,Bahrain,6.0,2,1.3056666666666576,0.0,0.9473684210526315,2.0
STR,55.0,HARD,25.0,6.0,97.701,0,0.0,2023,Bahrain,6.0,2,1.3463333333333243,0.0,0.9649122807017544,2.0
STR,56.0,HARD,26.0,6.0,98.11,0,0.0,2023,Bahrain,6.0,2,1.256666666666656,0.0,0.9824561403508771,2.0
STR,57.0,HARD,27.0,6.0,97.991,0,0.0,2023,Bahrain,6.0,2,1.387999999999991,0.0,1.0,2.0
TSU,2.0,SOFT,2.0,15.0,100.837,0,0.0,2023,Bahrain,11.0,0,4.363999999999997,0.0,0.03508771929824561,0.0
TSU,3.0,SOFT,3.0,15.0,100.243,0,0.0,2023,Bahrain,11.0,0,3.0069999999999957,0.0,0.05263157894736842,0.0
TSU,4.0,SOFT,4.0,14.0,99.95,0,0.0,2023,Bahrain,11.0,0,0.39333333333333087,-0.3333333333333333,0.07017543859649122,0.0
TSU,5.0,SOFT,5.0,14.0,101.131,0,0.0,2023,Bahrain,11.0,0,0.49133333333332985,-0.25,0.08771929824561403,0.0
TSU,6.0,SOFT,6.0,14.0,100.886,0,0.0,2023,Bahrain,11.0,0,0.7056666666666634,-0.2,0.10526315789473684,0.0
TSU,7.0,SOFT,7.0,14.0,100.952,0,0.0,2023,Bahrain,11.0,0,1.0396666666666619,-0.2,0.12280701754385964,0.0
TSU,8.0,SOFT,8.0,14.0,100.846,0,0.0,2023,Bahrain,11.0,0,0.944666666666663,-0.2,0.14035087719298245,0.0
TSU,9.0,SOFT,9.0,14.0,101.01,0,0.0,2023,Bahrain,11.0,0,0.9859999999999994,0.0,0.15789473684210525,0.0
TSU,10.0,SOFT,10.0,14.0,103.749,1,0.0,2023,Bahrain,11.0,1,2.320999999999998,0.0,0.17543859649122806,0.0
TSU,11.0,HARD,1.0,18.0,119.843,0,0.0,2023,Bahrain,11.0,1,9.055999999999997,0.8,0.19298245614035087,2.0
TSU,12.0,HARD,2.0,16.0,99.143,0,0.0,2023,Bahrain,11.0,1,8.836333333333329,0.4,0.21052631578947367,2.0
TSU,13.0,HARD,3.0,13.0,99.471,0,0.0,2023,Bahrain,11.0,1,7.410333333333331,-0.2,0.22807017543859648,2.0
TSU,14.0,HARD,4.0,13.0,98.742,0,0.0,2023,Bahrain,11.0,1,0.37666666666666515,-0.2,0.24561403508771928,2.0
TSU,15.0,HARD,5.0,12.0,98.975,0,0.0,2023,Bahrain,11.0,1,0.32066666666666305,-0.4,0.2631578947368421,2.0
TSU,16.0,HARD,6.0,11.0,99.061,0,0.0,2023,Bahrain,11.0,1,0.1839999999999975,-1.4,0.2807017543859649,2.0
TSU,17.0,HARD,7.0,11.0,99.021,0,0.0,2023,Bahrain,11.0,1,0.2769999999999963,-1.0,0.2982456140350877,2.0
TSU,18.0,HARD,8.0,11.0,99.302,0,0.0,2023,Bahrain,11.0,1,0.3860000000000004,-0.4,0.3157894736842105,2.0
TSU,19.0,HARD,9.0,11.0,99.17,0,0.0,2023,Bahrain,11.0,1,0.42233333333333195,-0.4,0.3333333333333333,2.0
TSU,20.0,HARD,10.0,11.0,99.282,0,0.0,2023,Bahrain,11.0,1,0.5093333333333305,-0.2,0.3508771929824561,2.0
TSU,21.0,HARD,11.0,11.0,99.325,0,0.0,2023,Bahrain,11.0,1,0.5169999999999959,0.0,0.3684210526315789,2.0
TSU,22.0,HARD,12.0,11.0,99.439,0,0.0,2023,Bahrain,11.0,1,0.6066666666666597,0.0,0.38596491228070173,2.0
TSU,23.0,HARD,13.0,11.0,99.632,0,0.0,2023,Bahrain,11.0,1,0.7233333333333292,0.0,0.40350877192982454,2.0
TSU,24.0,HARD,14.0,11.0,100.109,0,0.0,2023,Bahrain,11.0,1,0.9846666666666598,0.0,0.42105263157894735,2.0
TSU,25.0,HARD,15.0,11.0,99.746,0,0.0,2023,Bahrain,11.0,1,1.0869999999999937,0.0,0.43859649122807015,2.0
TSU,26.0,HARD,16.0,11.0,102.227,1,0.0,2023,Bahrain,11.0,2,2.272999999999996,0.0,0.45614035087719296,2.0
TSU,27.0,HARD,1.0,16.0,120.3,0,0.0,2023,Bahrain,11.0,2,9.324333333333334,1.0,0.47368421052631576,2.0
TSU,28.0,HARD,2.0,15.0,97.824,0,0.0,2023,Bahrain,11.0,2,9.00466666666667,0.8,0.49122807017543857,2.0
TSU,29.0,HARD,3.0,15.0,97.779,0,0.0,2023,Bahrain,11.0,2,7.522000000000001,0.8,0.5087719298245614,2.0
TSU,30.0,HARD,4.0,14.0,98.147,0,0.0,2023,Bahrain,11.0,2,0.1376666666666703,0.6,0.5263157894736842,2.0
TSU,31.0,HARD,5.0,13.0,97.813,0,0.0,2023,Bahrain,11.0,2,0.1340000000000051,0.4,0.543859649122807,2.0
TSU,32.0,HARD,6.0,13.0,98.017,0,0.0,2023,Bahrain,11.0,2,0.21333333333333826,-0.6,0.5614035087719298,2.0
TSU,33.0,HARD,7.0,12.0,98.094,0,0.0,2023,Bahrain,11.0,2,0.19566666666666777,-0.6,0.5789473684210527,2.0
TSU,34.0,HARD,8.0,12.0,98.13,0,0.0,2023,Bahrain,11.0,2,0.3013333333333321,-0.6,0.5964912280701754,2.0
TSU,35.0,HARD,9.0,12.0,98.163,0,0.0,2023,Bahrain,11.0,2,0.34999999999999903,-0.4,0.6140350877192983,2.0
TSU,36.0,HARD,10.0,12.0,98.059,0,0.0,2023,Bahrain,11.0,2,0.33833333333333354,-0.2,0.631578947368421,2.0
TSU,37.0,HARD,11.0,12.0,98.075,0,0.0,2023,Bahrain,11.0,2,0.32000000000000267,-0.2,0.6491228070175439,2.0
TSU,38.0,HARD,12.0,12.0,98.084,0,0.0,2023,Bahrain,11.0,2,0.29366666666667146,0.0,0.6666666666666666,2.0
TSU,39.0,HARD,13.0,12.0,98.419,0,0.0,2023,Bahrain,11.0,2,0.4136666666666713,0.0,0.6842105263157895,2.0
TSU,40.0,HARD,14.0,11.0,110.35,1,0.0,2023,Bahrain,11.0,3,4.886,-0.2,0.7017543859649122,2.0
TSU,41.0,SOFT,4.0,13.0,130.782,0,0.0,2023,Bahrain,11.0,3,16.166,0.2,0.7192982456140351,0.0
TSU,42.0,SOFT,5.0,11.0,96.637,0,0.0,2023,Bahrain,11.0,3,15.952666666666667,-0.2,0.7368421052631579,0.0
TSU,43.0,SOFT,6.0,11.0,97.028,0,0.0,2023,Bahrain,11.0,3,11.512000000000006,-0.2,0.7543859649122807,0.0
TSU,44.0,SOFT,7.0,11.0,97.01,0,0.0,2023,Bahrain,11.0,3,0.25466666666667,-0.2,0.7719298245614035,0.0
TSU,45.0,SOFT,8.0,11.0,97.021,0,0.0,2023,Bahrain,11.0,3,0.3826666666666701,0.0,0.7894736842105263,0.0
TSU,46.0,SOFT,9.0,11.0,97.258,0,0.0,2023,Bahrain,11.0,3,0.45933333333333337,-0.4,0.8070175438596491,0.0
TSU,47.0,SOFT,10.0,11.0,97.359,0,0.0,2023,Bahrain,11.0,3,0.5756666666666632,0.0,0.8245614035087719,0.0
TSU,48.0,SOFT,11.0,11.0,97.238,0,0.0,2023,Bahrain,11.0,3,0.6479999999999961,0.0,0.8421052631578947,0.0
TSU,49.0,SOFT,12.0,11.0,97.528,0,0.0,2023,Bahrain,11.0,3,0.7379999999999995,0.0,0.8596491228070176,0.0
TSU,50.0,SOFT,13.0,11.0,97.624,0,0.0,2023,Bahrain,11.0,3,0.826333333333333,0.0,0.8771929824561403,0.0
TSU,51.0,SOFT,14.0,11.0,97.706,0,0.0,2023,Bahrain,11.0,3,0.9823333333333343,0.0,0.8947368421052632,0.0
TSU,52.0,SOFT,15.0,11.0,97.59,0,0.0,2023,Bahrain,11.0,3,1.0030000000000001,0.0,0.9122807017543859,0.0
TSU,53.0,SOFT,16.0,11.0,97.675,0,0.0,2023,Bahrain,11.0,3,1.0200000000000007,0.0,0.9298245614035088,0.0
TSU,54.0,SOFT,17.0,11.0,97.72,0,0.0,2023,Bahrain,11.0,3,1.024666666666666,0.0,0.9473684210526315,0.0
TSU,55.0,SOFT,18.0,11.0,97.945,0,0.0,2023,Bahrain,11.0,3,1.142999999999996,0.0,0.9649122807017544,0.0
TSU,56.0,SOFT,19.0,11.0,98.102,0,0.0,2023,Bahrain,11.0,3,1.2853333333333314,0.0,0.9824561403508771,0.0
TSU,57.0,SOFT,20.0,11.0,98.246,0,0.0,2023,Bahrain,11.0,3,1.4606666666666637,0.0,1.0,0.0
VER,2.0,SOFT,5.0,1.0,97.974,0,0.0,2023,Bahrain,1.0,0,0.5225000000000009,0.0,0.03508771929824561,0.0
VER,3.0,SOFT,6.0,1.0,98.006,0,0.0,2023,Bahrain,1.0,0,0.3589999999999994,0.0,0.05263157894736842,0.0
VER,4.0,SOFT,7.0,1.0,97.976,0,0.0,2023,Bahrain,1.0,0,0.011333333333330605,0.0,0.07017543859649122,0.0
VER,5.0,SOFT,8.0,1.0,98.035,0,0.0,2023,Bahrain,1.0,0,0.03166666666666155,0.0,0.08771929824561403,0.0
VER,6.0,SOFT,9.0,1.0,97.986,0,0.0,2023,Bahrain,1.0,0,0.02499999999999621,0.0,0.10526315789473684,0.0
VER,7.0,SOFT,10.0,1.0,98.021,0,0.0,2023,Bahrain,1.0,0,0.03999999999999678,0.0,0.12280701754385964,0.0
VER,8.0,SOFT,11.0,1.0,98.154,0,0.0,2023,Bahrain,1.0,0,0.07966666666666337,0.0,0.14035087719298245,0.0
VER,9.0,SOFT,12.0,1.0,98.278,0,0.0,2023,Bahrain,1.0,0,0.17699999999999724,0.0,0.15789473684210525,0.0
VER,10.0,SOFT,13.0,1.0,98.369,0,0.0,2023,Bahrain,1.0,0,0.2929999999999969,0.0,0.17543859649122806,0.0
VER,11.0,SOFT,14.0,1.0,98.483,0,0.0,2023,Bahrain,1.0,0,0.4026666666666661,0.0,0.19298245614035087,0.0
VER,12.0,SOFT,15.0,1.0,98.591,0,0.0,2023,Bahrain,1.0,0,0.5069999999999956,0.0,0.21052631578947367,0.0
VER,13.0,SOFT,16.0,1.0,98.482,0,0.0,2023,Bahrain,1.0,0,0.5446666666666621,0.0,0.22807017543859648,0.0
VER,14.0,SOFT,17.0,1.0,101.295,1,0.0,2023,Bahrain,1.0,1,1.6826666666666625,0.0,0.24561403508771928,0.0
VER,15.0,SOFT,1.0,2.0,118.378,0,0.0,2023,Bahrain,1.0,1,8.479,0.2,0.2631578947368421,0.0
VER,16.0,SOFT,2.0,2.0,97.801,0,0.0,2023,Bahrain,1.0,1,8.452666666666667,0.2,0.2807017543859649,0.0
VER,17.0,SOFT,3.0,2.0,97.648,0,0.0,2023,Bahrain,1.0,1,7.236999999999999,0.2,0.2982456140350877,0.0
VER,18.0,SOFT,4.0,1.0,97.614,0,0.0,2023,Bahrain,1.0,1,0.3156666666666676,0.0,0.3157894736842105,0.0
VER,19.0,SOFT,5.0,1.0,97.712,0,0.0,2023,Bahrain,1.0,1,0.28600000000000136,0.0,0.3333333333333333,0.0
VER,20.0,SOFT,6.0,1.0,97.788,0,0.0,2023,Bahrain,1.0,1,0.3326666666666682,-0.2,0.3508771929824561,0.0
VER,21.0,SOFT,7.0,1.0,97.582,0,0.0,2023,Bahrain,1.0,1,0.321999999999998,-0.2,0.3684210526315789,0.0
VER,22.0,SOFT,8.0,1.0,97.651,0,0.0,2023,Bahrain,1.0,1,0.3016666666666623,-0.2,0.38596491228070173,0.0
VER,23.0,SOFT,9.0,1.0,97.552,0,0.0,2023,Bahrain,1.0,1,0.22299999999999898,0.0,0.40350877192982454,0.0
VER,24.0,SOFT,10.0,1.0,97.387,0,0.0,2023,Bahrain,1.0,1,0.15800000000000125,0.0,0.42105263157894735,0.0
VER,25.0,SOFT,11.0,1.0,97.372,0,0.0,2023,Bahrain,1.0,1,0.06500000000000246,0.0,0.43859649122807015,0.0
VER,26.0,SOFT,12.0,1.0,97.682,0,0.0,2023,Bahrain,1.0,1,0.10833333333333428,0.0,0.45614035087719296,0.0
VER,27.0,SOFT,13.0,1.0,97.379,0,0.0,2023,Bahrain,1.0,1,0.10566666666666909,0.0,0.47368421052631576,0.0
VER,28.0,SOFT,14.0,1.0,97.651,0,0.0,2023,Bahrain,1.0,1,0.19866666666666788,0.0,0.49122807017543857,0.0
VER,29.0,SOFT,15.0,1.0,97.571,0,0.0,2023,Bahrain,1.0,1,0.1616666666666665,0.0,0.5087719298245614,0.0
VER,30.0,SOFT,16.0,1.0,97.549,0,0.0,2023,Bahrain,1.0,1,0.2183333333333337,0.0,0.5263157894736842,0.0
VER,31.0,SOFT,17.0,1.0,97.431,0,0.0,2023,Bahrain,1.0,1,0.14500000000000077,0.0,0.543859649122807,0.0
VER,32.0,SOFT,18.0,1.0,97.691,0,0.0,2023,Bahrain,1.0,1,0.18500000000000227,0.0,0.5614035087719298,0.0
VER,33.0,SOFT,19.0,1.0,97.686,0,0.0,2023,Bahrain,1.0,1,0.2306666666666691,0.0,0.5789473684210527,0.0
VER,34.0,SOFT,20.0,1.0,97.839,0,0.0,2023,Bahrain,1.0,1,0.3666666666666695,0.0,0.5964912280701754,0.0
VER,35.0,SOFT,21.0,1.0,97.85,0,0.0,2023,Bahrain,1.0,1,0.4196666666666668,0.0,0.6140350877192983,0.0
VER,36.0,SOFT,22.0,1.0,100.964,1,0.0,2023,Bahrain,1.0,2,1.8909999999999958,0.0,0.631578947368421,0.0
VER,37.0,HARD,1.0,1.0,118.49,0,0.0,2023,Bahrain,1.0,2,9.153333333333327,0.0,0.6491228070175439,2.0
VER,38.0,HARD,2.0,1.0,96.297,0,0.0,2023,Bahrain,1.0,2,9.014333333333326,0.0,0.6666666666666666,2.0
VER,39.0,HARD,3.0,1.0,96.446,0,0.0,2023,Bahrain,1.0,2,7.508333333333326,0.0,0.6842105263157895,2.0
VER,40.0,HARD,4.0,1.0,96.942,0,0.0,2023,Bahrain,1.0,2,0.3256666666666585,0.0,0.7017543859649122,2.0
VER,41.0,HARD,5.0,1.0,120.495,0,0.0,2023,Bahrain,1.0,2,8.39166666666666,0.0,0.7192982456140351,2.0
VER,42.0,HARD,6.0,1.0,104.824,0,0.0,2023,Bahrain,1.0,2,11.184333333333328,0.0,0.7368421052631579,2.0
VER,43.0,HARD,7.0,1.0,96.89,0,0.0,2023,Bahrain,1.0,2,11.166999999999996,0.0,0.7543859649122807,2.0
VER,44.0,HARD,8.0,1.0,96.236,0,0.0,2023,Bahrain,1.0,2,3.0806666666666636,0.0,0.7719298245614035,2.0
VER,45.0,HARD,9.0,1.0,97.015,0,0.0,2023,Bahrain,1.0,2,0.47766666666666424,0.0,0.7894736842105263,2.0
VER,46.0,HARD,10.0,1.0,96.701,0,0.0,2023,Bahrain,1.0,2,0.41466666666666185,0.0,0.8070175438596491,2.0
VER,47.0,HARD,11.0,1.0,97.009,0,0.0,2023,Bahrain,1.0,2,0.6723333333333272,0.0,0.8245614035087719,2.0
VER,48.0,HARD,12.0,1.0,96.918,0,0.0,2023,Bahrain,1.0,2,0.6399999999999958,0.0,0.8421052631578947,2.0
VER,49.0,HARD,13.0,1.0,96.962,0,0.0,2023,Bahrain,1.0,2,0.7269999999999991,0.0,0.8596491228070176,2.0
VER,50.0,HARD,14.0,1.0,97.25,0,0.0,2023,Bahrain,1.0,2,0.8073333333333323,0.0,0.8771929824561403,2.0
VER,51.0,HARD,15.0,1.0,97.427,0,0.0,2023,Bahrain,1.0,2,0.9769999999999991,0.0,0.8947368421052632,2.0
VER,52.0,HARD,16.0,1.0,96.919,0,0.0,2023,Bahrain,1.0,2,0.9626666666666637,0.0,0.9122807017543859,2.0
VER,53.0,HARD,17.0,1.0,96.89,0,0.0,2023,Bahrain,1.0,2,0.8426666666666639,0.0,0.9298245614035088,2.0
VER,54.0,HARD,18.0,1.0,96.678,0,0.0,2023,Bahrain,1.0,2,0.5929999999999941,0.0,0.9473684210526315,2.0
VER,55.0,HARD,19.0,1.0,96.322,0,0.0,2023,Bahrain,1.0,2,0.39399999999999596,0.0,0.9649122807017544,2.0
VER,56.0,HARD,20.0,1.0,97.205,0,0.0,2023,Bahrain,1.0,2,0.4989999999999952,0.0,0.9824561403508771,2.0
VER,57.0,HARD,21.0,1.0,96.373,0,0.0,2023,Bahrain,1.0,2,0.39733333333333104,0.0,1.0,2.0
ZHO,2.0,SOFT,2.0,17.0,101.091,0,0.0,2023,Bahrain,16.0,0,4.182999999999993,0.0,0.03508771929824561,0.0
ZHO,3.0,SOFT,3.0,17.0,100.596,0,0.0,2023,Bahrain,16.0,0,2.788666666666662,0.0,0.05263157894736842,0.0
ZHO,4.0,SOFT,4.0,17.0,100.853,0,0.0,2023,Bahrain,16.0,0,0.2506666666666604,0.0,0.07017543859649122,0.0
ZHO,5.0,SOFT,5.0,17.0,100.814,0,0.0,2023,Bahrain,16.0,0,0.1583333333333267,0.0,0.08771929824561403,0.0
ZHO,6.0,SOFT,6.0,17.0,101.156,0,0.0,2023,Bahrain,16.0,0,0.34499999999999414,0.0,0.10526315789473684,0.0
ZHO,7.0,SOFT,7.0,17.0,101.197,0,0.0,2023,Bahrain,16.0,0,0.45966666666666356,0.0,0.12280701754385964,0.0
ZHO,8.0,SOFT,8.0,17.0,101.184,0,0.0,2023,Bahrain,16.0,0,0.5829999999999984,0.0,0.14035087719298245,0.0
ZHO,9.0,SOFT,9.0,17.0,101.526,0,0.0,2023,Bahrain,16.0,0,0.7063333333333285,0.0,0.15789473684210525,0.0
ZHO,10.0,SOFT,10.0,17.0,101.743,0,0.0,2023,Bahrain,16.0,0,0.888333333333326,0.0,0.17543859649122806,0.0
ZHO,11.0,SOFT,11.0,14.0,102.108,0,0.0,2023,Bahrain,16.0,0,1.1963333333333281,-0.6,0.19298245614035087,0.0
ZHO,12.0,SOFT,12.0,12.0,103.87,1,0.0,2023,Bahrain,16.0,1,2.578333333333333,-1.0,0.21052631578947367,0.0
ZHO,13.0,HARD,1.0,20.0,122.101,0,0.0,2023,Bahrain,16.0,1,9.965000000000003,0.6,0.22807017543859648,2.0
ZHO,14.0,HARD,2.0,19.0,99.33,0,0.0,2023,Bahrain,16.0,1,9.63966666666667,0.4,0.24561403508771928,2.0
ZHO,15.0,HARD,3.0,19.0,99.229,0,0.0,2023,Bahrain,16.0,1,8.092666666666668,0.4,0.2631578947368421,2.0
ZHO,16.0,HARD,4.0,17.0,98.998,0,0.0,2023,Bahrain,16.0,1,0.39166666666667044,0.6,0.2807017543859649,2.0
ZHO,17.0,HARD,5.0,17.0,99.143,0,0.0,2023,Bahrain,16.0,1,0.3293333333333379,1.0,0.2982456140350877,2.0
ZHO,18.0,HARD,6.0,15.0,98.873,0,0.0,2023,Bahrain,16.0,1,0.21066666666667308,-1.0,0.3157894736842105,2.0
ZHO,19.0,HARD,7.0,15.0,98.794,0,0.0,2023,Bahrain,16.0,1,0.1426666666666705,-0.8,0.3333333333333333,2.0
ZHO,20.0,HARD,8.0,15.0,98.896,0,0.0,2023,Bahrain,16.0,1,0.0603333333333372,-0.8,0.3508771929824561,2.0
ZHO,21.0,HARD,9.0,15.0,98.888,0,0.0,2023,Bahrain,16.0,1,0.06533333333333739,-0.4,0.3684210526315789,2.0
ZHO,22.0,HARD,10.0,15.0,99.115,0,0.0,2023,Bahrain,16.0,1,0.1723333333333367,-0.4,0.38596491228070173,2.0
ZHO,23.0,HARD,11.0,15.0,99.462,0,0.0,2023,Bahrain,16.0,1,0.3610000000000042,0.0,0.40350877192982454,2.0
ZHO,24.0,HARD,12.0,15.0,99.503,0,0.0,2023,Bahrain,16.0,1,0.5660000000000025,0.0,0.42105263157894735,2.0
ZHO,25.0,HARD,13.0,14.0,99.066,0,0.0,2023,Bahrain,16.0,1,0.5496666666666717,-0.2,0.43859649122807015,2.0
ZHO,26.0,HARD,14.0,13.0,99.427,0,0.0,2023,Bahrain,16.0,1,0.5380000000000061,-0.4,0.45614035087719296,2.0
ZHO,27.0,HARD,15.0,11.0,99.235,0,0.0,2023,Bahrain,16.0,1,0.4486666666666726,-0.8,0.47368421052631576,2.0
ZHO,28.0,HARD,16.0,11.0,99.412,0,0.0,2023,Bahrain,16.0,1,0.5640000000000072,-0.8,0.49122807017543857,2.0
ZHO,29.0,HARD,17.0,11.0,99.361,0,0.0,2023,Bahrain,16.0,1,0.5420000000000064,-0.8,0.5087719298245614,2.0
ZHO,30.0,HARD,18.0,9.0,99.382,0,0.0,2023,Bahrain,16.0,1,0.5910000000000082,-1.0,0.5263157894736842,2.0
ZHO,31.0,HARD,19.0,9.0,99.67,0,0.0,2023,Bahrain,16.0,1,0.6770000000000067,-0.8,0.543859649122807,2.0
ZHO,32.0,HARD,20.0,10.0,102.096,1,0.0,2023,Bahrain,16.0,2,2.174333333333337,-0.2,0.5614035087719298,2.0
ZHO,33.0,SOFT,4.0,15.0,119.659,0,0.0,2023,Bahrain,16.0,2,9.519,0.8,0.5789473684210527,0.0
ZHO,34.0,SOFT,5.0,15.0,97.037,0,0.0,2023,Bahrain,16.0,2,9.226999999999999,0.8,0.5964912280701754,0.0
ZHO,35.0,SOFT,6.0,15.0,97.55,0,0.0,2023,Bahrain,16.0,2,7.711666666666663,1.2,0.6140350877192983,0.0
ZHO,36.0,SOFT,7.0,15.0,97.957,0,0.0,2023,Bahrain,16.0,2,0.4776666666666595,1.2,0.631578947368421,0.0
ZHO,37.0,SOFT,8.0,15.0,98.003,0,0.0,2023,Bahrain,16.0,2,0.7996666666666575,1.0,0.6491228070175439,0.0
ZHO,38.0,SOFT,9.0,15.0,98.422,0,0.0,2023,Bahrain,16.0,2,1.090333333333324,0.0,0.6666666666666666,0.0
ZHO,39.0,SOFT,10.0,15.0,98.368,0,0.0,2023,Bahrain,16.0,2,1.2273333333333245,0.0,0.6842105263157895,0.0
ZHO,40.0,SOFT,11.0,14.0,113.456,0,0.0,2023,Bahrain,16.0,2,6.378333333333326,-0.2,0.7017543859649122,0.0
ZHO,41.0,SOFT,12.0,12.0,112.5,0,0.0,2023,Bahrain,16.0,2,11.070999999999993,-0.6,0.7192982456140351,0.0
ZHO,42.0,SOFT,13.0,13.0,99.904,0,0.0,2023,Bahrain,16.0,2,11.582999999999993,-0.4,0.7368421052631579,0.0
ZHO,43.0,SOFT,14.0,12.0,98.311,0,0.0,2023,Bahrain,16.0,2,6.534666666666662,-0.6,0.7543859649122807,0.0
ZHO,44.0,SOFT,15.0,12.0,97.974,0,0.0,2023,Bahrain,16.0,2,1.692666666666663,-0.6,0.7719298245614035,0.0
ZHO,45.0,SOFT,16.0,12.0,97.95,0,0.0,2023,Bahrain,16.0,2,1.0413333333333317,-0.4,0.7894736842105263,0.0
ZHO,46.0,SOFT,17.0,12.0,98.336,0,0.0,2023,Bahrain,16.0,2,1.0496666666666623,0.0,0.8070175438596491,0.0
ZHO,47.0,SOFT,18.0,13.0,99.553,0,0.0,2023,Bahrain,16.0,2,1.5759999999999934,0.0,0.8245614035087719,0.0
ZHO,48.0,SOFT,19.0,13.0,98.596,0,0.0,2023,Bahrain,16.0,2,1.791333333333327,0.2,0.8421052631578947,0.0
ZHO,49.0,SOFT,20.0,13.0,98.628,0,0.0,2023,Bahrain,16.0,2,1.888666666666661,0.2,0.8596491228070176,0.0
ZHO,50.0,SOFT,21.0,13.0,99.893,0,0.0,2023,Bahrain,16.0,2,2.0019999999999953,0.2,0.8771929824561403,0.0
ZHO,51.0,SOFT,22.0,13.0,98.719,0,0.0,2023,Bahrain,16.0,2,2.042999999999992,0.2,0.8947368421052632,0.0
ZHO,52.0,SOFT,23.0,13.0,98.713,0,0.0,2023,Bahrain,16.0,2,2.0713333333333233,0.0,0.9122807017543859,0.0
ZHO,53.0,SOFT,24.0,13.0,98.634,0,0.0,2023,Bahrain,16.0,2,1.6516666666666566,0.0,0.9298245614035088,0.0
ZHO,54.0,SOFT,25.0,13.0,101.967,1,0.0,2023,Bahrain,16.0,3,3.7479999999999953,0.0,0.9473684210526315,0.0
ZHO,55.0,SOFT,4.0,16.0,127.673,0,0.0,2023,Bahrain,16.0,3,14.415000000000001,0.6,0.9649122807017544,0.0
ZHO,56.0,SOFT,5.0,16.0,93.996,0,0.0,2023,Bahrain,16.0,3,13.88266666666667,0.6,0.9824561403508771,0.0
ALB,2.0,MEDIUM,2.0,16.0,98.916,0,0.0,2023,Saudi Arabia,15.0,0,6.539499999999997,0.0,0.04,1.0
ALB,3.0,MEDIUM,3.0,16.0,97.065,0,0.0,2023,Saudi Arabia,15.0,0,4.74433333333333,0.0,0.06,1.0
ALB,4.0,MEDIUM,4.0,16.0,96.913,0,0.0,2023,Saudi Arabia,15.0,0,1.720333333333329,0.0,0.08,1.0
ALB,5.0,MEDIUM,5.0,16.0,97.108,0,0.0,2023,Saudi Arabia,15.0,0,1.1176666666666648,0.0,0.1,1.0
ALB,6.0,MEDIUM,6.0,16.0,97.004,0,0.0,2023,Saudi Arabia,15.0,0,1.097333333333334,0.0,0.12,1.0
ALB,7.0,MEDIUM,7.0,16.0,97.577,0,0.0,2023,Saudi Arabia,15.0,0,1.3186666666666678,0.0,0.14,1.0
ALB,8.0,MEDIUM,8.0,15.0,97.053,0,0.0,2023,Saudi Arabia,15.0,0,1.300333333333332,-0.2,0.16,1.0
ALB,9.0,MEDIUM,9.0,14.0,96.126,0,0.0,2023,Saudi Arabia,15.0,0,1.0076666666666654,-0.4,0.18,1.0
ALB,10.0,MEDIUM,10.0,14.0,96.311,0,0.0,2023,Saudi Arabia,15.0,0,0.5856666666666683,-0.4,0.2,1.0
ALB,11.0,MEDIUM,11.0,14.0,95.911,0,0.0,2023,Saudi Arabia,15.0,0,0.20500000000000304,-0.4,0.22,1.0
ALB,12.0,MEDIUM,12.0,12.0,96.066,0,0.0,2023,Saudi Arabia,15.0,0,0.18500000000000227,-0.8,0.24,1.0
ALB,13.0,MEDIUM,13.0,12.0,96.026,0,0.0,2023,Saudi Arabia,15.0,0,0.08999999999999868,-0.6,0.26,1.0
ALB,14.0,MEDIUM,14.0,12.0,96.878,0,0.0,2023,Saudi Arabia,15.0,0,0.4123333333333316,-0.4,0.28,1.0
ALB,15.0,MEDIUM,15.0,11.0,96.622,0,0.0,2023,Saudi Arabia,15.0,0,0.597666666666664,-0.6,0.3,1.0
ALB,16.0,MEDIUM,16.0,11.0,96.83,0,0.0,2023,Saudi Arabia,15.0,0,0.8656666666666647,-0.6,0.32,1.0
ALB,17.0,MEDIUM,17.0,9.0,104.635,1,0.0,2023,Saudi Arabia,15.0,1,3.5660000000000025,-0.6,0.34,1.0
ALB,19.0,HARD,2.0,12.0,130.688,0,0.0,2023,Saudi Arabia,15.0,1,15.036000000000001,0.0,0.38,2.0
ALB,20.0,HARD,3.0,12.0,148.46,0,0.0,2023,Saudi Arabia,15.0,1,32.360666666666674,0.0,0.4,2.0
ALB,21.0,HARD,4.0,13.0,99.011,0,0.0,2023,Saudi Arabia,15.0,1,30.486000000000004,0.4,0.42,2.0
ALB,22.0,HARD,5.0,13.0,96.964,0,0.0,2023,Saudi Arabia,15.0,1,19.244666666666674,0.4,0.44,2.0
ALB,23.0,HARD,6.0,13.0,95.656,0,0.0,2023,Saudi Arabia,15.0,1,1.6433333333333404,0.8,0.46,2.0
ALB,24.0,HARD,7.0,13.0,95.567,0,0.0,2023,Saudi Arabia,15.0,1,0.49533333333333945,0.2,0.48,2.0
ALB,25.0,HARD,8.0,13.0,96.007,0,0.0,2023,Saudi Arabia,15.0,1,0.17633333333334159,0.2,0.5,2.0
ALB,26.0,HARD,9.0,15.0,98.229,0,0.0,2023,Saudi Arabia,15.0,1,1.034000000000006,0.4,0.52,2.0
ALO,2.0,MEDIUM,2.0,1.0,95.567,0,0.0,2023,Saudi Arabia,3.0,0,1.811,0.0,0.04,1.0
ALO,3.0,MEDIUM,3.0,1.0,95.14,0,0.0,2023,Saudi Arabia,3.0,0,1.454666666666668,0.0,0.06,1.0
ALO,4.0,MEDIUM,4.0,2.0,96.664,0,0.0,2023,Saudi Arabia,3.0,0,1.3923333333333356,0.3333333333333333,0.08,1.0
ALO,5.0,MEDIUM,5.0,2.0,94.92,0,0.0,2023,Saudi Arabia,3.0,0,1.1766666666666719,0.25,0.1,1.0
ALO,6.0,MEDIUM,6.0,2.0,94.658,0,0.0,2023,Saudi Arabia,3.0,0,1.0160000000000053,0.2,0.12,1.0
ALO,7.0,MEDIUM,7.0,2.0,94.422,0,0.0,2023,Saudi Arabia,3.0,0,0.26866666666667055,0.2,0.14,1.0
ALO,8.0,MEDIUM,8.0,2.0,94.398,0,0.0,2023,Saudi Arabia,3.0,0,0.09466666666666868,0.2,0.16,1.0
ALO,9.0,MEDIUM,9.0,2.0,94.4,0,0.0,2023,Saudi Arabia,3.0,0,0.008666666666670153,0.0,0.18,1.0
ALO,10.0,MEDIUM,10.0,2.0,94.835,0,0.0,2023,Saudi Arabia,3.0,0,0.14633333333333573,0.0,0.2,1.0
ALO,11.0,MEDIUM,11.0,2.0,94.982,0,0.0,2023,Saudi Arabia,3.0,0,0.34100000000000347,0.0,0.22,1.0
ALO,12.0,MEDIUM,12.0,2.0,94.927,0,0.0,2023,Saudi Arabia,3.0,0,0.5166666666666705,0.0,0.24,1.0
ALO,13.0,MEDIUM,13.0,2.0,94.918,0,0.0,2023,Saudi Arabia,3.0,0,0.5443333333333413,0.0,0.26,1.0
ALO,14.0,MEDIUM,14.0,2.0,94.837,0,0.0,2023,Saudi Arabia,3.0,0,0.4960000000000093,0.0,0.28,1.0
ALO,15.0,MEDIUM,15.0,2.0,94.717,0,0.0,2023,Saudi Arabia,3.0,0,0.42600000000000665,0.0,0.3,1.0
ALO,16.0,MEDIUM,16.0,2.0,94.842,0,0.0,2023,Saudi Arabia,3.0,0,0.4006666666666708,0.0,0.32,1.0
ALO,17.0,MEDIUM,17.0,2.0,94.595,0,0.0,2023,Saudi Arabia,3.0,0,0.32000000000000267,0.0,0.34,1.0
ALO,18.0,MEDIUM,18.0,2.0,129.623,1,0.0,2023,Saudi Arabia,3.0,1,12.674666666666667,0.0,0.36,1.0
ALO,21.0,HARD,4.0,2.0,96.033,0,0.0,2023,Saudi Arabia,3.0,1,13.791000000000002,0.0,0.42,2.0
ALO,22.0,HARD,5.0,2.0,94.738,0,0.0,2023,Saudi Arabia,3.0,1,14.558000000000002,0.0,0.44,2.0
ALO,23.0,HARD,6.0,2.0,94.771,0,0.0,2023,Saudi Arabia,3.0,1,2.9406666666666723,0.0,0.46,2.0
ALO,24.0,HARD,7.0,2.0,94.836,0,0.0,2023,Saudi Arabia,3.0,1,2.5416666666666714,0.0,0.48,2.0
ALO,25.0,HARD,8.0,3.0,94.136,0,0.0,2023,Saudi Arabia,3.0,1,2.3410000000000033,0.2,0.5,2.0
ALO,26.0,HARD,9.0,3.0,94.119,0,0.0,2023,Saudi Arabia,3.0,1,2.12366666666667,0.2,0.52,2.0
ALO,27.0,HARD,10.0,3.0,94.246,0,0.0,2023,Saudi Arabia,3.0,1,1.927000000000002,0.2,0.54,2.0
ALO,28.0,HARD,11.0,3.0,94.062,0,0.0,2023,Saudi Arabia,3.0,1,1.9023333333333359,0.2,0.56,2.0
ALO,29.0,HARD,12.0,3.0,93.988,0,0.0,2023,Saudi Arabia,3.0,1,1.8586666666666691,0.2,0.58,2.0
ALO,30.0,HARD,13.0,3.0,93.654,0,0.0,2023,Saudi Arabia,3.0,1,1.6613333333333362,0.0,0.6,2.0
ALO,31.0,HARD,14.0,3.0,93.605,0,0.0,2023,Saudi Arabia,3.0,1,1.509000000000005,0.0,0.62,2.0
ALO,32.0,HARD,15.0,3.0,93.401,0,0.0,2023,Saudi Arabia,3.0,1,1.3133333333333372,0.0,0.64,2.0
ALO,33.0,HARD,16.0,3.0,93.337,0,0.0,2023,Saudi Arabia,3.0,1,1.2076666666666729,0.0,0.66,2.0
ALO,34.0,HARD,17.0,3.0,93.22,0,0.0,2023,Saudi Arabia,3.0,1,1.079333333333338,0.0,0.68,2.0
ALO,35.0,HARD,18.0,3.0,93.514,0,0.0,2023,Saudi Arabia,3.0,1,1.1170000000000044,0.0,0.7,2.0
ALO,36.0,HARD,19.0,3.0,93.323,0,0.0,2023,Saudi Arabia,3.0,1,1.1123333333333345,0.0,0.72,2.0
ALO,37.0,HARD,20.0,3.0,93.175,0,0.0,2023,Saudi Arabia,3.0,1,1.097333333333334,0.0,0.74,2.0
ALO,38.0,HARD,21.0,3.0,93.174,0,0.0,2023,Saudi Arabia,3.0,1,0.9840000000000041,0.0,0.76,2.0
ALO,39.0,HARD,22.0,3.0,93.249,0,0.0,2023,Saudi Arabia,3.0,1,0.9593333333333381,0.0,0.78,2.0
ALO,40.0,HARD,23.0,3.0,92.768,0,0.0,2023,Saudi Arabia,3.0,1,0.8236666666666727,0.0,0.8,2.0
ALO,41.0,HARD,24.0,3.0,93.127,0,0.0,2023,Saudi Arabia,3.0,1,0.8080000000000022,0.0,0.82,2.0
ALO,42.0,HARD,25.0,3.0,93.156,0,0.0,2023,Saudi Arabia,3.0,1,0.7770000000000058,0.0,0.84,2.0
ALO,43.0,HARD,26.0,3.0,93.207,0,0.0,2023,Saudi Arabia,3.0,1,0.9233333333333368,0.0,0.86,2.0
ALO,44.0,HARD,27.0,3.0,93.189,0,0.0,2023,Saudi Arabia,3.0,1,0.9440000000000026,0.0,0.88,2.0
ALO,45.0,HARD,28.0,3.0,93.075,0,0.0,2023,Saudi Arabia,3.0,1,0.9170000000000016,0.0,0.9,2.0
ALO,46.0,HARD,29.0,3.0,92.979,0,0.0,2023,Saudi Arabia,3.0,1,0.8410000000000034,0.0,0.92,2.0
ALO,47.0,HARD,30.0,3.0,92.887,0,0.0,2023,Saudi Arabia,3.0,1,0.7403333333333393,0.0,0.94,2.0
ALO,48.0,HARD,31.0,3.0,92.802,0,0.0,2023,Saudi Arabia,3.0,1,0.6493333333333405,0.0,0.96,2.0
ALO,49.0,HARD,32.0,3.0,92.815,0,0.0,2023,Saudi Arabia,3.0,1,0.5946666666666734,0.0,0.98,2.0
ALO,50.0,HARD,33.0,3.0,92.24,0,0.0,2023,Saudi Arabia,3.0,1,0.3790000000000049,0.0,1.0,2.0
BOT,2.0,MEDIUM,2.0,15.0,98.763,0,0.0,2023,Saudi Arabia,18.0,0,5.590500000000006,0.0,0.04,1.0
BOT,3.0,MEDIUM,3.0,15.0,96.956,0,0.0,2023,Saudi Arabia,18.0,0,3.8466666666666733,0.0,0.06,1.0
BOT,4.0,MEDIUM,4.0,15.0,97.211,0,0.0,2023,Saudi Arabia,18.0,0,1.0463333333333413,0.0,0.08,1.0
BOT,5.0,MEDIUM,5.0,15.0,96.597,0,0.0,2023,Saudi Arabia,18.0,0,0.32433333333333775,0.0,0.1,1.0
BOT,6.0,MEDIUM,6.0,15.0,97.418,0,0.0,2023,Saudi Arabia,18.0,0,0.47833333333333883,0.0,0.12,1.0
BOT,7.0,MEDIUM,7.0,15.0,97.674,0,0.0,2023,Saudi Arabia,18.0,0,0.6326666666666748,0.0,0.14,1.0
BOT,8.0,MEDIUM,8.0,16.0,98.831,0,0.0,2023,Saudi Arabia,18.0,0,1.3773333333333444,0.2,0.16,1.0
BOT,9.0,MEDIUM,9.0,17.0,99.617,1,0.0,2023,Saudi Arabia,18.0,1,2.333666666666673,0.4,0.18,1.0
BOT,10.0,HARD,1.0,19.0,114.489,0,0.0,2023,Saudi Arabia,18.0,1,8.162,0.8,0.2,2.0
BOT,11.0,HARD,2.0,19.0,96.218,0,0.0,2023,Saudi Arabia,18.0,1,7.51433333333333,0.8,0.22,2.0
BOT,12.0,HARD,3.0,19.0,95.927,0,0.0,2023,Saudi Arabia,18.0,1,6.284333333333332,0.8,0.24,2.0
BOT,13.0,HARD,4.0,19.0,96.495,0,0.0,2023,Saudi Arabia,18.0,1,0.28633333333333155,0.6,0.26,2.0
BOT,14.0,HARD,5.0,19.0,96.207,0,0.0,2023,Saudi Arabia,18.0,1,0.28266666666666157,0.4,0.28,2.0
BOT,15.0,HARD,6.0,19.0,96.259,0,0.0,2023,Saudi Arabia,18.0,1,0.39333333333332615,0.0,0.3,2.0
BOT,16.0,HARD,7.0,19.0,96.153,0,0.0,2023,Saudi Arabia,18.0,1,0.27933333333332655,0.0,0.32,2.0
BOT,17.0,HARD,8.0,19.0,118.961,1,0.0,2023,Saudi Arabia,18.0,2,7.890999999999996,0.0,0.34,2.0
BOT,19.0,MEDIUM,2.0,19.0,115.77,0,0.0,2023,Saudi Arabia,18.0,2,14.421666666666662,0.0,0.38,1.0
BOT,20.0,MEDIUM,3.0,18.0,128.105,0,0.0,2023,Saudi Arabia,18.0,2,25.099333333333323,-0.2,0.4,1.0
BOT,21.0,MEDIUM,4.0,18.0,99.065,0,0.0,2023,Saudi Arabia,18.0,2,18.467333333333325,-0.2,0.42,1.0
BOT,22.0,MEDIUM,5.0,19.0,98.366,0,0.0,2023,Saudi Arabia,18.0,2,12.665999999999991,0.0,0.44,1.0
BOT,23.0,MEDIUM,6.0,19.0,98.218,0,0.0,2023,Saudi Arabia,18.0,2,2.7036666666666633,0.0,0.46,1.0
BOT,24.0,MEDIUM,7.0,19.0,96.239,0,0.0,2023,Saudi Arabia,18.0,2,1.7616666666666656,0.0,0.48,1.0
BOT,25.0,MEDIUM,8.0,19.0,96.412,0,0.0,2023,Saudi Arabia,18.0,2,1.1103333333333343,0.2,0.5,1.0
BOT,26.0,MEDIUM,9.0,19.0,96.343,0,0.0,2023,Saudi Arabia,18.0,2,0.48533333333333434,0.2,0.52,1.0
BOT,27.0,MEDIUM,10.0,18.0,96.993,0,0.0,2023,Saudi Arabia,18.0,2,0.7366666666666646,-0.2,0.54,1.0
BOT,28.0,MEDIUM,11.0,18.0,96.128,0,0.0,2023,Saudi Arabia,18.0,2,0.6419999999999959,-0.2,0.56,1.0
BOT,29.0,MEDIUM,12.0,18.0,96.166,0,0.0,2023,Saudi Arabia,18.0,2,0.5829999999999936,-0.2,0.58,1.0
BOT,30.0,MEDIUM,13.0,18.0,95.846,0,0.0,2023,Saudi Arabia,18.0,2,0.20066666666666322,-0.2,0.6,1.0
BOT,31.0,MEDIUM,14.0,18.0,96.248,0,0.0,2023,Saudi Arabia,18.0,2,0.24066666666666472,-0.2,0.62,1.0
BOT,32.0,MEDIUM,15.0,18.0,96.142,0,0.0,2023,Saudi Arabia,18.0,2,0.23266666666666444,0.0,0.64,1.0
BOT,33.0,MEDIUM,16.0,18.0,95.997,0,0.0,2023,Saudi Arabia,18.0,2,0.28299999999999653,0.0,0.66,1.0
BOT,34.0,MEDIUM,17.0,18.0,96.148,0,0.0,2023,Saudi Arabia,18.0,2,0.24966666666666035,0.0,0.68,1.0
BOT,35.0,MEDIUM,18.0,18.0,98.834,1,0.0,2023,Saudi Arabia,18.0,3,1.6343333333333305,0.0,0.7,1.0
BOT,36.0,SOFT,1.0,18.0,114.109,0,0.0,2023,Saudi Arabia,18.0,3,8.158999999999997,0.0,0.72,0.0
BOT,37.0,SOFT,2.0,18.0,94.384,0,0.0,2023,Saudi Arabia,18.0,3,8.058333333333332,0.0,0.74,0.0
BOT,38.0,SOFT,3.0,18.0,94.976,0,0.0,2023,Saudi Arabia,18.0,3,6.772333333333331,0.0,0.76,0.0
BOT,39.0,SOFT,4.0,18.0,95.348,0,0.0,2023,Saudi Arabia,18.0,3,0.5186666666666658,0.0,0.78,0.0
BOT,40.0,SOFT,5.0,18.0,96.474,0,0.0,2023,Saudi Arabia,18.0,3,1.2153333333333336,0.0,0.8,0.0
BOT,41.0,SOFT,6.0,18.0,96.7,0,0.0,2023,Saudi Arabia,18.0,3,1.7900000000000016,0.0,0.82,0.0
BOT,42.0,SOFT,7.0,18.0,95.325,0,0.0,2023,Saudi Arabia,18.0,3,1.7823333333333362,0.0,0.84,0.0
BOT,43.0,SOFT,8.0,18.0,95.288,0,0.0,2023,Saudi Arabia,18.0,3,1.3870000000000005,0.0,0.86,0.0
BOT,44.0,SOFT,9.0,18.0,95.004,0,0.0,2023,Saudi Arabia,18.0,3,0.8216666666666678,0.0,0.88,0.0
BOT,45.0,SOFT,10.0,18.0,95.227,0,0.0,2023,Saudi Arabia,18.0,3,0.7890000000000015,0.0,0.9,0.0
BOT,46.0,SOFT,11.0,18.0,95.283,0,0.0,2023,Saudi Arabia,18.0,3,0.7873333333333363,0.0,0.92,0.0
BOT,47.0,SOFT,12.0,18.0,96.694,0,0.0,2023,Saudi Arabia,18.0,3,1.350666666666669,0.0,0.94,0.0
BOT,48.0,SOFT,13.0,18.0,96.607,0,0.0,2023,Saudi Arabia,18.0,3,1.8106666666666673,0.0,0.96,0.0
BOT,49.0,SOFT,14.0,18.0,95.501,0,0.0,2023,Saudi Arabia,18.0,3,1.8833333333333353,0.0,0.98,0.0
DEV,2.0,MEDIUM,2.0,18.0,100.748,0,0.0,2023,Saudi Arabia,14.0,0,7.730000000000004,0.0,0.04,1.0
DEV,3.0,MEDIUM,3.0,18.0,96.945,0,0.0,2023,Saudi Arabia,14.0,0,5.4636666666666684,0.0,0.06,1.0
DEV,4.0,MEDIUM,4.0,18.0,96.847,0,0.0,2023,Saudi Arabia,14.0,0,2.1660000000000017,0.0,0.08,1.0
DEV,5.0,MEDIUM,5.0,18.0,96.992,0,0.0,2023,Saudi Arabia,14.0,0,0.9140000000000015,0.0,0.1,1.0
DEV,6.0,MEDIUM,6.0,18.0,96.862,0,0.0,2023,Saudi Arabia,14.0,0,0.8863333333333353,0.0,0.12,1.0
DEV,7.0,MEDIUM,7.0,18.0,97.087,0,0.0,2023,Saudi Arabia,14.0,0,0.9663333333333384,0.0,0.14,1.0
DEV,8.0,MEDIUM,8.0,17.0,97.22,0,0.0,2023,Saudi Arabia,14.0,0,1.0423333333333364,-0.2,0.16,1.0
DEV,9.0,MEDIUM,9.0,15.0,97.249,0,0.0,2023,Saudi Arabia,14.0,0,1.1713333333333367,-0.6,0.18,1.0
DEV,10.0,MEDIUM,10.0,15.0,96.592,0,0.0,2023,Saudi Arabia,14.0,0,1.006333333333335,-0.6,0.2,1.0
DEV,11.0,MEDIUM,11.0,15.0,96.52,0,0.0,2023,Saudi Arabia,14.0,0,0.7730000000000009,-0.6,0.22,1.0
DEV,12.0,MEDIUM,12.0,13.0,96.282,0,0.0,2023,Saudi Arabia,14.0,0,0.45066666666666794,-1.0,0.24,1.0
DEV,13.0,MEDIUM,13.0,13.0,96.014,0,0.0,2023,Saudi Arabia,14.0,0,0.2580000000000003,-0.8,0.26,1.0
DEV,14.0,MEDIUM,14.0,13.0,96.449,0,0.0,2023,Saudi Arabia,14.0,0,0.2343333333333343,-0.4,0.28,1.0
DEV,15.0,MEDIUM,15.0,12.0,96.017,0,0.0,2023,Saudi Arabia,14.0,0,0.1460000000000008,-0.6,0.3,1.0
DEV,16.0,MEDIUM,16.0,12.0,96.126,0,0.0,2023,Saudi Arabia,14.0,0,0.18333333333333712,-0.6,0.32,1.0
DEV,17.0,MEDIUM,17.0,11.0,109.322,1,0.0,2023,Saudi Arabia,14.0,1,5.276000000000006,-0.4,0.34,1.0
DEV,18.0,HARD,1.0,16.0,149.507,0,0.0,2023,Saudi Arabia,14.0,1,23.907666666666675,0.6,0.36,2.0
DEV,19.0,HARD,2.0,14.0,127.643,0,0.0,2023,Saudi Arabia,14.0,1,35.21500000000001,0.2,0.38,2.0
DEV,20.0,HARD,3.0,14.0,146.031,0,0.0,2023,Saudi Arabia,14.0,1,47.451333333333345,0.4,0.4,2.0
DEV,21.0,HARD,4.0,15.0,99.388,0,0.0,2023,Saudi Arabia,14.0,1,30.745000000000008,0.6,0.42,2.0
DEV,22.0,HARD,5.0,15.0,97.424,0,0.0,2023,Saudi Arabia,14.0,1,20.67200000000001,0.8,0.44,2.0
DEV,23.0,HARD,6.0,16.0,97.103,0,0.0,2023,Saudi Arabia,14.0,1,4.362666666666674,0.0,0.46,2.0
DEV,24.0,HARD,7.0,16.0,95.386,0,0.0,2023,Saudi Arabia,14.0,1,3.028666666666671,0.4,0.48,2.0
DEV,25.0,HARD,8.0,16.0,95.686,0,0.0,2023,Saudi Arabia,14.0,1,2.4493333333333376,0.4,0.5,2.0
DEV,26.0,HARD,9.0,16.0,96.074,0,0.0,2023,Saudi Arabia,14.0,1,2.106333333333339,0.2,0.52,2.0
DEV,27.0,HARD,10.0,15.0,95.766,0,0.0,2023,Saudi Arabia,14.0,1,2.233000000000009,0.0,0.54,2.0
DEV,28.0,HARD,11.0,15.0,95.508,0,0.0,2023,Saudi Arabia,14.0,1,2.1736666666666715,-0.2,0.56,2.0
DEV,29.0,HARD,12.0,15.0,95.759,0,0.0,2023,Saudi Arabia,14.0,1,2.0686666666666724,-0.2,0.58,2.0
DEV,30.0,HARD,13.0,15.0,95.778,0,0.0,2023,Saudi Arabia,14.0,1,2.0726666666666724,-0.2,0.6,2.0
DEV,31.0,HARD,14.0,15.0,95.64,0,0.0,2023,Saudi Arabia,14.0,1,2.1166666666666742,-0.2,0.62,2.0
DEV,32.0,HARD,15.0,15.0,95.141,0,0.0,2023,Saudi Arabia,14.0,1,1.9106666666666758,0.0,0.64,2.0
DEV,33.0,HARD,16.0,15.0,95.188,0,0.0,2023,Saudi Arabia,14.0,1,1.7140000000000082,0.0,0.66,2.0
DEV,34.0,HARD,17.0,15.0,95.25,0,0.0,2023,Saudi Arabia,14.0,1,1.5840000000000078,0.0,0.68,2.0
DEV,35.0,HARD,18.0,15.0,95.027,0,0.0,2023,Saudi Arabia,14.0,1,1.5460000000000065,0.0,0.7,2.0
DEV,36.0,HARD,19.0,15.0,94.763,0,0.0,2023,Saudi Arabia,14.0,1,1.4043333333333408,0.0,0.72,2.0
DEV,37.0,HARD,20.0,15.0,95.127,0,0.0,2023,Saudi Arabia,14.0,1,1.3633333333333393,0.0,0.74,2.0
DEV,38.0,HARD,21.0,15.0,95.591,0,0.0,2023,Saudi Arabia,14.0,1,1.5513333333333368,0.0,0.76,2.0
DEV,39.0,HARD,22.0,15.0,95.769,0,0.0,2023,Saudi Arabia,14.0,1,1.8866666666666703,0.0,0.78,2.0
DEV,40.0,HARD,23.0,15.0,95.091,0,0.0,2023,Saudi Arabia,14.0,1,1.8746666666666698,0.0,0.8,2.0
DEV,41.0,HARD,24.0,14.0,95.319,0,0.0,2023,Saudi Arabia,14.0,1,1.784000000000006,-0.2,0.82,2.0
DEV,42.0,HARD,25.0,14.0,94.968,0,0.0,2023,Saudi Arabia,14.0,1,1.5170000000000055,-0.2,0.84,2.0
DEV,43.0,HARD,26.0,14.0,94.22,0,0.0,2023,Saudi Arabia,14.0,1,1.2266666666666737,-0.2,0.86,2.0
DEV,44.0,HARD,27.0,14.0,94.036,0,0.0,2023,Saudi Arabia,14.0,1,0.7990000000000066,-0.2,0.88,2.0
DEV,45.0,HARD,28.0,14.0,94.126,0,0.0,2023,Saudi Arabia,14.0,1,0.5183333333333403,-0.2,0.9,2.0
DEV,46.0,HARD,29.0,14.0,94.135,0,0.0,2023,Saudi Arabia,14.0,1,0.4900000000000091,0.0,0.92,2.0
DEV,47.0,HARD,30.0,14.0,94.183,0,0.0,2023,Saudi Arabia,14.0,1,0.5390000000000109,0.0,0.94,2.0
DEV,48.0,HARD,31.0,14.0,94.199,0,0.0,2023,Saudi Arabia,14.0,1,0.563333333333342,0.0,0.96,2.0
DEV,49.0,HARD,32.0,14.0,93.609,0,0.0,2023,Saudi Arabia,14.0,1,0.38800000000000523,0.0,0.98,2.0
DEV,50.0,HARD,33.0,14.0,93.925,0,0.0,2023,Saudi Arabia,14.0,1,0.302000000000002,0.0,1.0,2.0
GAS,2.0,MEDIUM,2.0,8.0,97.056,0,0.0,2023,Saudi Arabia,9.0,0,3.776999999999994,0.0,0.04,1.0
GAS,3.0,MEDIUM,3.0,8.0,96.044,0,0.0,2023,Saudi Arabia,9.0,0,2.586999999999994,0.0,0.06,1.0
GAS,4.0,MEDIUM,4.0,8.0,96.291,0,0.0,2023,Saudi Arabia,9.0,0,0.6266666666666604,0.0,0.08,1.0
GAS,5.0,MEDIUM,5.0,8.0,95.973,0,0.0,2023,Saudi Arabia,9.0,0,0.26566666666666094,0.0,0.1,1.0
GAS,6.0,MEDIUM,6.0,8.0,95.837,0,0.0,2023,Saudi Arabia,9.0,0,0.19666666666666308,0.0,0.12,1.0
GAS,7.0,MEDIUM,7.0,9.0,97.137,0,0.0,2023,Saudi Arabia,9.0,0,0.4786666666666643,0.2,0.14,1.0
GAS,8.0,MEDIUM,8.0,9.0,96.645,0,0.0,2023,Saudi Arabia,9.0,0,0.7026666666666633,0.2,0.16,1.0
GAS,9.0,MEDIUM,9.0,10.0,96.549,0,0.0,2023,Saudi Arabia,9.0,0,0.9399999999999977,0.4,0.18,1.0
GAS,10.0,MEDIUM,10.0,10.0,96.262,0,0.0,2023,Saudi Arabia,9.0,0,0.6483333333333311,0.4,0.2,1.0
GAS,11.0,MEDIUM,11.0,10.0,96.022,0,0.0,2023,Saudi Arabia,9.0,0,0.4406666666666676,0.4,0.22,1.0
GAS,12.0,MEDIUM,12.0,10.0,96.128,0,0.0,2023,Saudi Arabia,9.0,0,0.30033333333333206,0.2,0.24,1.0
GAS,13.0,MEDIUM,13.0,10.0,96.17,0,0.0,2023,Saudi Arabia,9.0,0,0.26966666666666583,0.2,0.26,1.0
GAS,14.0,MEDIUM,14.0,9.0,98.551,1,0.0,2023,Saudi Arabia,9.0,1,1.927666666666667,-0.2,0.28,1.0
GAS,15.0,HARD,1.0,14.0,113.128,0,0.0,2023,Saudi Arabia,9.0,1,8.409333333333336,0.8,0.3,2.0
GAS,16.0,HARD,2.0,14.0,95.536,0,0.0,2023,Saudi Arabia,9.0,1,9.013000000000005,0.8,0.32,2.0
GAS,17.0,HARD,3.0,13.0,107.735,0,0.0,2023,Saudi Arabia,9.0,1,12.074333333333337,0.6,0.34,2.0
GAS,18.0,HARD,4.0,11.0,135.212,0,0.0,2023,Saudi Arabia,9.0,1,19.435666666666666,0.2,0.36,2.0
GAS,19.0,HARD,5.0,10.0,132.712,0,0.0,2023,Saudi Arabia,9.0,1,31.827666666666662,0.2,0.38,2.0
GAS,21.0,HARD,7.0,10.0,98.374,0,0.0,2023,Saudi Arabia,9.0,1,28.707333333333327,-0.8,0.42,2.0
GAS,22.0,HARD,8.0,10.0,96.576,0,0.0,2023,Saudi Arabia,9.0,1,15.828666666666663,-0.8,0.44,2.0
GAS,23.0,HARD,9.0,10.0,95.918,0,0.0,2023,Saudi Arabia,9.0,1,3.5640000000000023,-0.6,0.46,2.0
GAS,24.0,HARD,10.0,10.0,95.322,0,0.0,2023,Saudi Arabia,9.0,1,2.5466666666666717,-0.2,0.48,2.0
GAS,25.0,HARD,11.0,9.0,95.27,0,0.0,2023,Saudi Arabia,9.0,1,2.1113333333333393,-0.2,0.5,2.0
GAS,26.0,HARD,12.0,9.0,95.105,0,0.0,2023,Saudi Arabia,9.0,1,1.8403333333333383,-0.2,0.52,2.0
GAS,27.0,HARD,13.0,9.0,95.0,0,0.0,2023,Saudi Arabia,9.0,1,1.733000000000004,-0.2,0.54,2.0
GAS,28.0,HARD,14.0,9.0,94.65,0,0.0,2023,Saudi Arabia,9.0,1,1.5263333333333406,-0.2,0.56,2.0
GAS,29.0,HARD,15.0,9.0,94.601,0,0.0,2023,Saudi Arabia,9.0,1,1.358333333333339,-0.2,0.58,2.0
GAS,30.0,HARD,16.0,9.0,94.869,0,0.0,2023,Saudi Arabia,9.0,1,1.3146666666666722,0.0,0.6,2.0
GAS,31.0,HARD,17.0,9.0,94.735,0,0.0,2023,Saudi Arabia,9.0,1,1.3430000000000035,0.0,0.62,2.0
GAS,32.0,HARD,18.0,9.0,94.626,0,0.0,2023,Saudi Arabia,9.0,1,1.3513333333333388,0.0,0.64,2.0
GAS,33.0,HARD,19.0,9.0,94.516,0,0.0,2023,Saudi Arabia,9.0,1,1.233666666666674,0.0,0.66,2.0
GAS,34.0,HARD,20.0,9.0,94.394,0,0.0,2023,Saudi Arabia,9.0,1,1.1200000000000092,0.0,0.68,2.0
GAS,35.0,HARD,21.0,9.0,94.5,0,0.0,2023,Saudi Arabia,9.0,1,1.0780000000000076,0.0,0.7,2.0
GAS,36.0,HARD,22.0,9.0,94.436,0,0.0,2023,Saudi Arabia,9.0,1,1.0513333333333417,0.0,0.72,2.0
GAS,37.0,HARD,23.0,9.0,94.289,0,0.0,2023,Saudi Arabia,9.0,1,1.0163333333333402,0.0,0.74,2.0
GAS,38.0,HARD,24.0,9.0,94.355,0,0.0,2023,Saudi Arabia,9.0,1,0.9680000000000083,0.0,0.76,2.0
GAS,39.0,HARD,25.0,9.0,93.929,0,0.0,2023,Saudi Arabia,9.0,1,0.7990000000000066,0.0,0.78,2.0
GAS,40.0,HARD,26.0,9.0,94.11,0,0.0,2023,Saudi Arabia,9.0,1,0.7393333333333393,0.0,0.8,2.0
GAS,41.0,HARD,27.0,9.0,93.829,0,0.0,2023,Saudi Arabia,9.0,1,0.5640000000000024,0.0,0.82,2.0
GAS,42.0,HARD,28.0,9.0,93.96,0,0.0,2023,Saudi Arabia,9.0,1,0.574333333333333,0.0,0.84,2.0
GAS,43.0,HARD,29.0,9.0,94.026,0,0.0,2023,Saudi Arabia,9.0,1,0.5463333333333319,0.0,0.86,2.0
GAS,44.0,HARD,30.0,9.0,94.131,0,0.0,2023,Saudi Arabia,9.0,1,0.6470000000000008,0.0,0.88,2.0
GAS,45.0,HARD,31.0,9.0,93.82,0,0.0,2023,Saudi Arabia,9.0,1,0.6003333333333339,0.0,0.9,2.0
GAS,46.0,HARD,32.0,9.0,94.068,0,0.0,2023,Saudi Arabia,9.0,1,0.6143333333333345,0.0,0.92,2.0
GAS,47.0,HARD,33.0,9.0,93.81,0,0.0,2023,Saudi Arabia,9.0,1,0.5073333333333352,0.0,0.94,2.0
GAS,48.0,HARD,34.0,9.0,93.624,0,0.0,2023,Saudi Arabia,9.0,1,0.44200000000000256,0.0,0.96,2.0
GAS,49.0,HARD,35.0,9.0,93.614,0,0.0,2023,Saudi Arabia,9.0,1,0.29066666666667135,0.0,0.98,2.0
GAS,50.0,HARD,36.0,9.0,93.392,0,0.0,2023,Saudi Arabia,9.0,1,0.1513333333333359,0.0,1.0,2.0
HAM,2.0,HARD,2.0,7.0,97.188,0,0.0,2023,Saudi Arabia,5.0,0,4.0660000000000025,0.0,0.04,2.0
HAM,3.0,HARD,3.0,7.0,96.628,0,0.0,2023,Saudi Arabia,5.0,0,3.2376666666666694,0.0,0.06,2.0
HAM,4.0,HARD,4.0,7.0,96.263,0,0.0,2023,Saudi Arabia,5.0,0,1.6460000000000055,0.0,0.08,2.0
HAM,5.0,HARD,5.0,7.0,95.867,0,0.0,2023,Saudi Arabia,5.0,0,1.2056666666666729,0.0,0.1,2.0
HAM,6.0,HARD,6.0,7.0,95.973,0,0.0,2023,Saudi Arabia,5.0,0,0.9873333333333392,0.0,0.12,2.0
HAM,7.0,HARD,7.0,7.0,96.093,0,0.0,2023,Saudi Arabia,5.0,0,0.930666666666672,0.0,0.14,2.0
HAM,8.0,HARD,8.0,7.0,96.122,0,0.0,2023,Saudi Arabia,5.0,0,1.0156666666666705,0.0,0.16,2.0
HAM,9.0,HARD,9.0,8.0,96.978,0,0.0,2023,Saudi Arabia,5.0,0,1.350666666666669,0.2,0.18,2.0
HAM,10.0,HARD,10.0,8.0,95.976,0,0.0,2023,Saudi Arabia,5.0,0,1.3116666666666674,0.2,0.2,2.0
HAM,11.0,HARD,11.0,8.0,95.909,0,0.0,2023,Saudi Arabia,5.0,0,1.2406666666666695,0.2,0.22,2.0
HAM,12.0,HARD,12.0,9.0,96.568,0,0.0,2023,Saudi Arabia,5.0,0,1.1040000000000039,0.4,0.24,2.0
HAM,13.0,HARD,13.0,9.0,95.822,0,0.0,2023,Saudi Arabia,5.0,0,1.0526666666666717,0.4,0.26,2.0
HAM,14.0,HARD,14.0,8.0,95.708,0,0.0,2023,Saudi Arabia,5.0,0,0.9856666666666692,0.0,0.28,2.0
HAM,15.0,HARD,15.0,8.0,95.693,0,0.0,2023,Saudi Arabia,5.0,0,0.6940000000000026,0.0,0.3,2.0
HAM,16.0,HARD,16.0,6.0,95.228,0,0.0,2023,Saudi Arabia,5.0,0,0.49599999999999983,-0.4,0.32,2.0
HAM,17.0,HARD,17.0,5.0,95.047,0,0.0,2023,Saudi Arabia,5.0,0,0.27566666666666606,-0.8,0.34,2.0
HAM,18.0,HARD,18.0,5.0,136.76,1,0.0,2023,Saudi Arabia,5.0,1,14.666666666666663,-0.8,0.36,2.0
HAM,21.0,MEDIUM,3.0,6.0,97.234,0,0.0,2023,Saudi Arabia,5.0,1,16.037333333333326,-0.4,0.42,1.0
HAM,22.0,MEDIUM,4.0,5.0,95.182,0,0.0,2023,Saudi Arabia,5.0,1,16.784333333333326,-0.6,0.44,1.0
HAM,23.0,MEDIUM,5.0,5.0,94.715,0,0.0,2023,Saudi Arabia,5.0,1,2.7693333333333308,-0.2,0.46,1.0
HAM,24.0,MEDIUM,6.0,5.0,94.335,0,0.0,2023,Saudi Arabia,5.0,1,1.8029999999999973,0.0,0.48,1.0
HAM,25.0,MEDIUM,7.0,5.0,94.734,0,0.0,2023,Saudi Arabia,5.0,1,1.6536666666666615,0.0,0.5,1.0
HAM,26.0,MEDIUM,8.0,5.0,93.998,0,0.0,2023,Saudi Arabia,5.0,1,1.4146666666666619,-0.2,0.52,1.0
HAM,27.0,MEDIUM,9.0,5.0,93.985,0,0.0,2023,Saudi Arabia,5.0,1,1.2979999999999972,0.0,0.54,1.0
HAM,28.0,MEDIUM,10.0,5.0,94.234,0,0.0,2023,Saudi Arabia,5.0,1,1.1313333333333304,0.0,0.56,1.0
HAM,29.0,MEDIUM,11.0,5.0,94.186,0,0.0,2023,Saudi Arabia,5.0,1,1.193999999999998,0.0,0.58,1.0
HAM,30.0,MEDIUM,12.0,5.0,94.447,0,0.0,2023,Saudi Arabia,5.0,1,1.347999999999999,0.0,0.6,1.0
HAM,31.0,MEDIUM,13.0,5.0,93.846,0,0.0,2023,Saudi Arabia,5.0,1,1.2186666666666686,0.0,0.62,1.0
HAM,32.0,MEDIUM,14.0,5.0,94.071,0,0.0,2023,Saudi Arabia,5.0,1,1.1803333333333323,0.0,0.64,1.0
HAM,33.0,MEDIUM,15.0,5.0,93.874,0,0.0,2023,Saudi Arabia,5.0,1,0.9893333333333297,0.0,0.66,1.0
HAM,34.0,MEDIUM,16.0,5.0,93.864,0,0.0,2023,Saudi Arabia,5.0,1,0.99533333333333,0.0,0.68,1.0
HAM,35.0,MEDIUM,17.0,5.0,93.887,0,0.0,2023,Saudi Arabia,5.0,1,0.9339999999999975,0.0,0.7,1.0
HAM,36.0,MEDIUM,18.0,5.0,93.39,0,0.0,2023,Saudi Arabia,5.0,1,0.772666666666666,0.0,0.72,1.0
HAM,37.0,MEDIUM,19.0,5.0,93.625,0,0.0,2023,Saudi Arabia,5.0,1,0.6929999999999978,0.0,0.74,1.0
HAM,38.0,MEDIUM,20.0,5.0,93.653,0,0.0,2023,Saudi Arabia,5.0,1,0.6149999999999997,0.0,0.76,1.0
HAM,39.0,MEDIUM,21.0,5.0,93.383,0,0.0,2023,Saudi Arabia,5.0,1,0.6126666666666646,0.0,0.78,1.0
HAM,40.0,MEDIUM,22.0,5.0,93.507,0,0.0,2023,Saudi Arabia,5.0,1,0.5733333333333329,0.0,0.8,1.0
HAM,41.0,MEDIUM,23.0,5.0,93.22,0,0.0,2023,Saudi Arabia,5.0,1,0.42899999999999733,0.0,0.82,1.0
HAM,42.0,MEDIUM,24.0,5.0,93.314,0,0.0,2023,Saudi Arabia,5.0,1,0.4059999999999964,0.0,0.84,1.0
HAM,43.0,MEDIUM,25.0,5.0,93.011,0,0.0,2023,Saudi Arabia,5.0,1,0.24066666666666,0.0,0.86,1.0
HAM,44.0,MEDIUM,26.0,5.0,93.099,0,0.0,2023,Saudi Arabia,5.0,1,0.20033333333332828,0.0,0.88,1.0
HAM,45.0,MEDIUM,27.0,5.0,93.054,0,0.0,2023,Saudi Arabia,5.0,1,0.11366666666666465,0.0,0.9,1.0
HAM,46.0,MEDIUM,28.0,5.0,93.316,0,0.0,2023,Saudi Arabia,5.0,1,0.2153333333333336,0.0,0.92,1.0
HAM,47.0,MEDIUM,29.0,5.0,92.941,0,0.0,2023,Saudi Arabia,5.0,1,0.16266666666666652,0.0,0.94,1.0
HAM,48.0,MEDIUM,30.0,5.0,93.367,0,0.0,2023,Saudi Arabia,5.0,1,0.2670000000000006,0.0,0.96,1.0
HAM,49.0,MEDIUM,31.0,5.0,93.537,0,0.0,2023,Saudi Arabia,5.0,1,0.3406666666666685,0.0,0.98,1.0
HAM,50.0,MEDIUM,32.0,5.0,93.024,0,0.0,2023,Saudi Arabia,5.0,1,0.3683333333333347,0.0,1.0,1.0
HUL,2.0,MEDIUM,2.0,12.0,97.67,0,0.0,2023,Saudi Arabia,12.0,0,5.116500000000002,0.0,0.04,1.0
HUL,3.0,MEDIUM,3.0,12.0,96.538,0,0.0,2023,Saudi Arabia,12.0,0,3.5586666666666673,0.0,0.06,1.0
HUL,4.0,MEDIUM,4.0,13.0,97.593,0,0.0,2023,Saudi Arabia,12.0,0,1.1720000000000017,0.3333333333333333,0.08,1.0
HUL,5.0,MEDIUM,5.0,13.0,96.753,0,0.0,2023,Saudi Arabia,12.0,0,0.8663333333333346,0.25,0.1,1.0
HUL,6.0,MEDIUM,6.0,12.0,96.095,0,0.0,2023,Saudi Arabia,12.0,0,0.7186666666666687,0.0,0.12,1.0
HUL,7.0,MEDIUM,7.0,12.0,96.398,0,0.0,2023,Saudi Arabia,12.0,0,0.32033333333333286,0.0,0.14,1.0
HUL,8.0,MEDIUM,8.0,12.0,96.282,0,0.0,2023,Saudi Arabia,12.0,0,0.16333333333333164,0.0,0.16,1.0
HUL,9.0,MEDIUM,9.0,12.0,96.613,0,0.0,2023,Saudi Arabia,12.0,0,0.3359999999999985,-0.2,0.18,1.0
HUL,10.0,MEDIUM,10.0,12.0,96.166,0,0.0,2023,Saudi Arabia,12.0,0,0.25866666666666543,-0.2,0.2,1.0
HUL,11.0,MEDIUM,11.0,13.0,99.066,1,0.0,2023,Saudi Arabia,12.0,1,1.9583333333333333,0.2,0.22,1.0
HUL,12.0,HARD,1.0,16.0,113.453,0,0.0,2023,Saudi Arabia,12.0,1,8.343333333333334,0.8,0.24,2.0
HUL,13.0,HARD,2.0,17.0,95.892,0,0.0,2023,Saudi Arabia,12.0,1,9.023666666666665,1.0,0.26,2.0
HUL,14.0,HARD,3.0,17.0,96.821,0,0.0,2023,Saudi Arabia,12.0,1,8.27533333333333,1.0,0.28,2.0
HUL,15.0,HARD,4.0,17.0,96.004,0,0.0,2023,Saudi Arabia,12.0,1,2.4589999999999983,1.0,0.3,2.0
HUL,16.0,HARD,5.0,17.0,95.932,0,0.0,2023,Saudi Arabia,12.0,1,2.4723333333333337,0.8,0.32,2.0
HUL,17.0,HARD,6.0,16.0,109.761,0,0.0,2023,Saudi Arabia,12.0,1,6.785666666666667,0.0,0.34,2.0
HUL,18.0,HARD,7.0,15.0,136.855,0,0.0,2023,Saudi Arabia,12.0,1,20.40266666666666,-0.4,0.36,2.0
HUL,19.0,HARD,8.0,13.0,127.15,0,0.0,2023,Saudi Arabia,12.0,1,30.808666666666664,-0.8,0.38,2.0
HUL,20.0,HARD,9.0,13.0,146.826,0,0.0,2023,Saudi Arabia,12.0,1,43.163666666666664,-0.8,0.4,2.0
HUL,21.0,HARD,10.0,12.0,98.42,0,0.0,2023,Saudi Arabia,12.0,1,30.352,-1.0,0.42,2.0
HUL,22.0,HARD,11.0,12.0,96.951,0,0.0,2023,Saudi Arabia,12.0,1,20.28566666666666,-0.8,0.44,2.0
HUL,23.0,HARD,12.0,12.0,95.533,0,0.0,2023,Saudi Arabia,12.0,1,3.1879999999999975,-0.6,0.46,2.0
HUL,24.0,HARD,13.0,12.0,95.782,0,0.0,2023,Saudi Arabia,12.0,1,2.3086666666666624,-0.2,0.48,2.0
HUL,25.0,HARD,14.0,12.0,95.891,0,0.0,2023,Saudi Arabia,12.0,1,1.9553333333333331,-0.2,0.5,2.0
HUL,26.0,HARD,15.0,12.0,96.043,0,0.0,2023,Saudi Arabia,12.0,1,2.125333333333335,0.0,0.52,2.0
HUL,27.0,HARD,16.0,12.0,96.238,0,0.0,2023,Saudi Arabia,12.0,1,2.277333333333336,0.0,0.54,2.0
HUL,28.0,HARD,17.0,12.0,95.62,0,0.0,2023,Saudi Arabia,12.0,1,2.1870000000000025,0.0,0.56,2.0
HUL,29.0,HARD,18.0,12.0,95.176,0,0.0,2023,Saudi Arabia,12.0,1,1.8980000000000008,0.0,0.58,2.0
HUL,30.0,HARD,19.0,12.0,96.263,0,0.0,2023,Saudi Arabia,12.0,1,1.906333333333336,0.0,0.6,2.0
HUL,31.0,HARD,20.0,12.0,95.038,0,0.0,2023,Saudi Arabia,12.0,1,1.7123333333333335,0.0,0.62,2.0
HUL,32.0,HARD,21.0,12.0,95.368,0,0.0,2023,Saudi Arabia,12.0,1,1.776333333333331,0.0,0.64,2.0
HUL,33.0,HARD,22.0,12.0,95.028,0,0.0,2023,Saudi Arabia,12.0,1,1.3646666666666647,0.0,0.66,2.0
HUL,34.0,HARD,23.0,12.0,95.478,0,0.0,2023,Saudi Arabia,12.0,1,1.5113333333333305,0.0,0.68,2.0
HUL,35.0,HARD,24.0,12.0,95.013,0,0.0,2023,Saudi Arabia,12.0,1,1.3930000000000007,0.0,0.7,2.0
HUL,36.0,HARD,25.0,12.0,94.957,0,0.0,2023,Saudi Arabia,12.0,1,1.36933333333333,0.0,0.72,2.0
HUL,37.0,HARD,26.0,12.0,94.809,0,0.0,2023,Saudi Arabia,12.0,1,1.146333333333331,0.0,0.74,2.0
HUL,38.0,HARD,27.0,12.0,94.03,0,0.0,2023,Saudi Arabia,12.0,1,0.818666666666663,0.0,0.76,2.0
HUL,39.0,HARD,28.0,12.0,94.263,0,0.0,2023,Saudi Arabia,12.0,1,0.5873333333333335,0.0,0.78,2.0
HUL,40.0,HARD,29.0,12.0,94.365,0,0.0,2023,Saudi Arabia,12.0,1,0.43933333333333263,0.0,0.8,2.0
HUL,41.0,HARD,30.0,12.0,94.047,0,0.0,2023,Saudi Arabia,12.0,1,0.4449999999999979,0.0,0.82,2.0
HUL,42.0,HARD,31.0,12.0,94.351,0,0.0,2023,Saudi Arabia,12.0,1,0.4743333333333292,0.0,0.84,2.0
HUL,43.0,HARD,32.0,12.0,94.388,0,0.0,2023,Saudi Arabia,12.0,1,0.4819999999999993,0.0,0.86,2.0
HUL,44.0,HARD,33.0,12.0,94.168,0,0.0,2023,Saudi Arabia,12.0,1,0.5223333333333358,0.0,0.88,2.0
HUL,45.0,HARD,34.0,12.0,94.822,0,0.0,2023,Saudi Arabia,12.0,1,0.679333333333337,0.0,0.9,2.0
HUL,46.0,HARD,35.0,12.0,94.481,0,0.0,2023,Saudi Arabia,12.0,1,0.7103333333333334,0.0,0.92,2.0
HUL,47.0,HARD,36.0,12.0,94.426,0,0.0,2023,Saudi Arabia,12.0,1,0.7963333333333319,0.0,0.94,2.0
HUL,48.0,HARD,37.0,12.0,94.026,0,0.0,2023,Saudi Arabia,12.0,1,0.5309999999999965,0.0,0.96,2.0
HUL,49.0,HARD,38.0,12.0,94.106,0,0.0,2023,Saudi Arabia,12.0,1,0.4059999999999964,0.0,0.98,2.0
HUL,50.0,HARD,39.0,12.0,93.78,0,0.0,2023,Saudi Arabia,12.0,1,0.19066666666666285,0.0,1.0,2.0
LEC,2.0,SOFT,2.0,9.0,96.907,0,0.0,2023,Saudi Arabia,7.0,0,5.497500000000002,0.0,0.04,0.0
LEC,3.0,SOFT,3.0,9.0,95.825,0,0.0,2023,Saudi Arabia,7.0,0,4.070333333333338,0.0,0.06,0.0
LEC,4.0,SOFT,4.0,9.0,95.871,0,0.0,2023,Saudi Arabia,7.0,0,1.5920000000000034,0.0,0.08,0.0
LEC,5.0,SOFT,5.0,9.0,96.275,0,0.0,2023,Saudi Arabia,7.0,0,1.38133333333334,0.0,0.1,0.0
LEC,6.0,SOFT,6.0,9.0,95.347,0,0.0,2023,Saudi Arabia,7.0,0,1.2220000000000037,0.0,0.12,0.0
LEC,7.0,SOFT,7.0,8.0,96.117,0,0.0,2023,Saudi Arabia,7.0,0,1.3040000000000067,-0.2,0.14,0.0
LEC,8.0,SOFT,8.0,8.0,95.858,0,0.0,2023,Saudi Arabia,7.0,0,1.1650000000000063,-0.2,0.16,0.0
LEC,9.0,SOFT,9.0,7.0,95.364,0,0.0,2023,Saudi Arabia,7.0,0,1.1706666666666763,-0.4,0.18,0.0
LEC,10.0,SOFT,10.0,7.0,95.612,0,0.0,2023,Saudi Arabia,7.0,0,1.0023333333333397,-0.4,0.2,0.0
LEC,11.0,SOFT,11.0,7.0,95.125,0,0.0,2023,Saudi Arabia,7.0,0,0.758000000000005,-0.4,0.22,0.0
LEC,12.0,SOFT,12.0,7.0,95.438,0,0.0,2023,Saudi Arabia,7.0,0,0.7826666666666711,-0.2,0.24,0.0
LEC,13.0,SOFT,13.0,6.0,95.226,0,0.0,2023,Saudi Arabia,7.0,0,0.6540000000000058,-0.4,0.26,0.0
LEC,14.0,SOFT,14.0,5.0,94.609,0,0.0,2023,Saudi Arabia,7.0,0,0.48200000000000404,-0.4,0.28,0.0
LEC,15.0,SOFT,15.0,5.0,95.071,0,0.0,2023,Saudi Arabia,7.0,0,0.35966666666666924,-0.4,0.3,0.0
LEC,16.0,SOFT,16.0,5.0,97.681,1,0.0,2023,Saudi Arabia,7.0,1,1.6956666666666678,-0.4,0.32,0.0
LEC,17.0,HARD,1.0,8.0,119.434,0,0.0,2023,Saudi Arabia,7.0,1,10.488333333333335,0.2,0.34,2.0
LEC,18.0,HARD,2.0,7.0,134.267,0,0.0,2023,Saudi Arabia,7.0,1,24.07133333333333,0.2,0.36,2.0
LEC,19.0,HARD,3.0,7.0,143.866,0,0.0,2023,Saudi Arabia,7.0,1,39.46633333333334,0.4,0.38,2.0
LEC,21.0,HARD,5.0,7.0,98.031,0,0.0,2023,Saudi Arabia,7.0,1,32.33200000000001,0.4,0.42,2.0
LEC,22.0,HARD,6.0,7.0,95.7,0,0.0,2023,Saudi Arabia,7.0,1,19.476333333333343,0.4,0.44,2.0
LEC,23.0,HARD,7.0,7.0,94.853,0,0.0,2023,Saudi Arabia,7.0,1,3.1386666666666705,-0.2,0.46,2.0
LEC,24.0,HARD,8.0,7.0,95.403,0,0.0,2023,Saudi Arabia,7.0,1,2.26266666666667,0.0,0.48,2.0
LEC,25.0,HARD,9.0,7.0,94.742,0,0.0,2023,Saudi Arabia,7.0,1,1.9433333333333376,0.0,0.5,2.0
LEC,26.0,HARD,10.0,7.0,94.432,0,0.0,2023,Saudi Arabia,7.0,1,1.8030000000000068,0.0,0.52,2.0
LEC,27.0,HARD,11.0,7.0,94.681,0,0.0,2023,Saudi Arabia,7.0,1,1.5623333333333373,0.0,0.54,2.0
LEC,28.0,HARD,12.0,7.0,94.886,0,0.0,2023,Saudi Arabia,7.0,1,1.6103333333333343,0.0,0.56,2.0
LEC,29.0,HARD,13.0,7.0,94.321,0,0.0,2023,Saudi Arabia,7.0,1,1.573333333333333,0.0,0.58,2.0
LEC,30.0,HARD,14.0,7.0,94.334,0,0.0,2023,Saudi Arabia,7.0,1,1.4576666666666682,0.0,0.6,2.0
LEC,31.0,HARD,15.0,7.0,94.082,0,0.0,2023,Saudi Arabia,7.0,1,1.1896666666666675,0.0,0.62,2.0
LEC,32.0,HARD,16.0,7.0,94.701,0,0.0,2023,Saudi Arabia,7.0,1,1.3163333333333327,0.0,0.64,2.0
LEC,33.0,HARD,17.0,7.0,93.787,0,0.0,2023,Saudi Arabia,7.0,1,1.1340000000000003,0.0,0.66,2.0
LEC,34.0,HARD,18.0,7.0,93.716,0,0.0,2023,Saudi Arabia,7.0,1,1.0120000000000005,0.0,0.68,2.0
LEC,35.0,HARD,19.0,7.0,94.341,0,0.0,2023,Saudi Arabia,7.0,1,0.8920000000000007,0.0,0.7,2.0
LEC,36.0,HARD,20.0,7.0,93.749,0,0.0,2023,Saudi Arabia,7.0,1,0.8793333333333303,0.0,0.72,2.0
LEC,37.0,HARD,21.0,7.0,93.839,0,0.0,2023,Saudi Arabia,7.0,1,0.9203333333333319,0.0,0.74,2.0
LEC,38.0,HARD,22.0,7.0,93.713,0,0.0,2023,Saudi Arabia,7.0,1,0.7109999999999985,0.0,0.76,2.0
LEC,39.0,HARD,23.0,7.0,93.479,0,0.0,2023,Saudi Arabia,7.0,1,0.6209999999999999,0.0,0.78,2.0
LEC,40.0,HARD,24.0,7.0,93.569,0,0.0,2023,Saudi Arabia,7.0,1,0.5310000000000011,0.0,0.8,2.0
LEC,41.0,HARD,25.0,7.0,93.155,0,0.0,2023,Saudi Arabia,7.0,1,0.3450000000000036,0.0,0.82,2.0
LEC,42.0,HARD,26.0,7.0,93.384,0,0.0,2023,Saudi Arabia,7.0,1,0.3133333333333373,0.0,0.84,2.0
LEC,43.0,HARD,27.0,7.0,93.447,0,0.0,2023,Saudi Arabia,7.0,1,0.27266666666667067,0.0,0.86,2.0
LEC,44.0,HARD,28.0,7.0,93.322,0,0.0,2023,Saudi Arabia,7.0,1,0.32833333333333786,0.0,0.88,2.0
LEC,45.0,HARD,29.0,7.0,93.238,0,0.0,2023,Saudi Arabia,7.0,1,0.27966666666667095,0.0,0.9,2.0
LEC,46.0,HARD,30.0,7.0,93.419,0,0.0,2023,Saudi Arabia,7.0,1,0.2703333333333357,0.0,0.92,2.0
LEC,47.0,HARD,31.0,7.0,93.056,0,0.0,2023,Saudi Arabia,7.0,1,0.18166666666666723,0.0,0.94,2.0
LEC,48.0,HARD,32.0,7.0,94.119,0,0.0,2023,Saudi Arabia,7.0,1,0.475333333333334,0.0,0.96,2.0
LEC,49.0,HARD,33.0,7.0,93.942,0,0.0,2023,Saudi Arabia,7.0,1,0.6496666666666661,0.0,0.98,2.0
LEC,50.0,HARD,34.0,7.0,96.267,0,0.0,2023,Saudi Arabia,7.0,1,1.7199999999999989,0.0,1.0,2.0
MAG,2.0,MEDIUM,2.0,11.0,97.219,0,0.0,2023,Saudi Arabia,10.0,0,4.652499999999996,0.0,0.04,1.0
MAG,3.0,MEDIUM,3.0,11.0,96.796,0,0.0,2023,Saudi Arabia,10.0,0,3.265666666666666,0.0,0.06,1.0
MAG,4.0,MEDIUM,4.0,11.0,97.098,0,0.0,2023,Saudi Arabia,10.0,0,0.7336666666666645,0.0,0.08,1.0
MAG,5.0,MEDIUM,5.0,12.0,97.298,0,0.0,2023,Saudi Arabia,10.0,0,0.7600000000000003,0.25,0.1,1.0
MAG,6.0,MEDIUM,6.0,13.0,97.01,0,0.0,2023,Saudi Arabia,10.0,0,0.8313333333333333,0.4,0.12,1.0
MAG,7.0,MEDIUM,7.0,13.0,96.304,0,0.0,2023,Saudi Arabia,10.0,0,0.5666666666666677,0.4,0.14,1.0
MAG,8.0,MEDIUM,8.0,14.0,99.187,1,0.0,2023,Saudi Arabia,10.0,1,2.173000000000002,0.6,0.16,1.0
MAG,9.0,HARD,1.0,18.0,112.964,0,0.0,2023,Saudi Arabia,10.0,1,8.467666666666668,1.4,0.18,2.0
MAG,10.0,HARD,2.0,17.0,95.834,0,0.0,2023,Saudi Arabia,10.0,1,9.287666666666672,1.0,0.2,2.0
MAG,11.0,HARD,3.0,17.0,95.756,0,0.0,2023,Saudi Arabia,10.0,1,8.144000000000005,0.8,0.22,2.0
MAG,12.0,HARD,4.0,15.0,95.805,0,0.0,2023,Saudi Arabia,10.0,1,2.4243333333333417,0.4,0.24,2.0
MAG,13.0,HARD,5.0,15.0,95.552,0,0.0,2023,Saudi Arabia,10.0,1,2.3303333333333427,0.2,0.26,2.0
MAG,14.0,HARD,6.0,15.0,95.199,0,0.0,2023,Saudi Arabia,10.0,1,2.144666666666675,-0.6,0.28,2.0
MAG,15.0,HARD,7.0,15.0,95.179,0,0.0,2023,Saudi Arabia,10.0,1,1.936000000000007,-0.4,0.3,2.0
MAG,16.0,HARD,8.0,15.0,95.561,0,0.0,2023,Saudi Arabia,10.0,1,1.9390000000000072,-0.4,0.32,2.0
MAG,17.0,HARD,9.0,14.0,108.27,0,0.0,2023,Saudi Arabia,10.0,1,6.2960000000000065,-0.2,0.34,2.0
MAG,18.0,HARD,10.0,12.0,136.205,0,0.0,2023,Saudi Arabia,10.0,1,19.971333333333344,-0.6,0.36,2.0
MAG,19.0,HARD,11.0,11.0,131.086,0,0.0,2023,Saudi Arabia,10.0,1,31.813000000000013,-0.8,0.38,2.0
MAG,20.0,HARD,12.0,11.0,149.075,0,0.0,2023,Saudi Arabia,10.0,1,45.414666666666676,-0.8,0.4,2.0
MAG,21.0,HARD,13.0,11.0,98.649,0,0.0,2023,Saudi Arabia,10.0,1,32.89600000000001,-0.8,0.42,2.0
MAG,22.0,HARD,14.0,11.0,96.88,0,0.0,2023,Saudi Arabia,10.0,1,21.494,-0.6,0.44,2.0
MAG,23.0,HARD,15.0,11.0,95.702,0,0.0,2023,Saudi Arabia,10.0,1,3.703000000000003,-0.2,0.46,2.0
MAG,24.0,HARD,16.0,11.0,95.279,0,0.0,2023,Saudi Arabia,10.0,1,2.579666666666668,0.0,0.48,2.0
MAG,25.0,HARD,17.0,11.0,96.317,0,0.0,2023,Saudi Arabia,10.0,1,2.392000000000001,0.0,0.5,2.0
MAG,26.0,HARD,18.0,11.0,95.544,0,0.0,2023,Saudi Arabia,10.0,1,2.3393333333333337,0.0,0.52,2.0
MAG,27.0,HARD,19.0,11.0,95.501,0,0.0,2023,Saudi Arabia,10.0,1,2.413333333333336,0.0,0.54,2.0
MAG,28.0,HARD,20.0,11.0,95.564,0,0.0,2023,Saudi Arabia,10.0,1,2.1623333333333363,0.0,0.56,2.0
MAG,29.0,HARD,21.0,11.0,95.001,0,0.0,2023,Saudi Arabia,10.0,1,1.981333333333339,0.0,0.58,2.0
MAG,30.0,HARD,22.0,11.0,95.139,0,0.0,2023,Saudi Arabia,10.0,1,1.8606666666666694,0.0,0.6,2.0
MAG,31.0,HARD,23.0,11.0,95.057,0,0.0,2023,Saudi Arabia,10.0,1,1.6916666666666724,0.0,0.62,2.0
MAG,32.0,HARD,24.0,11.0,94.959,0,0.0,2023,Saudi Arabia,10.0,1,1.6776666666666717,0.0,0.64,2.0
MAG,33.0,HARD,25.0,11.0,94.402,0,0.0,2023,Saudi Arabia,10.0,1,1.4320000000000068,0.0,0.66,2.0
MAG,34.0,HARD,26.0,11.0,94.852,0,0.0,2023,Saudi Arabia,10.0,1,1.3636666666666741,0.0,0.68,2.0
MAG,35.0,HARD,27.0,11.0,95.659,0,0.0,2023,Saudi Arabia,10.0,1,1.5970000000000084,0.0,0.7,2.0
MAG,36.0,HARD,28.0,11.0,94.662,0,0.0,2023,Saudi Arabia,10.0,1,1.6836666666666769,0.0,0.72,2.0
MAG,37.0,HARD,29.0,11.0,94.357,0,0.0,2023,Saudi Arabia,10.0,1,1.5186666666666753,0.0,0.74,2.0
MAG,38.0,HARD,30.0,11.0,94.047,0,0.0,2023,Saudi Arabia,10.0,1,0.9813333333333389,0.0,0.76,2.0
MAG,39.0,HARD,31.0,11.0,94.189,0,0.0,2023,Saudi Arabia,10.0,1,0.8236666666666679,0.0,0.78,2.0
MAG,40.0,HARD,32.0,11.0,95.449,0,0.0,2023,Saudi Arabia,10.0,1,1.1876666666666675,0.0,0.8,2.0
MAG,41.0,HARD,33.0,11.0,94.27,0,0.0,2023,Saudi Arabia,10.0,1,1.2620000000000005,0.0,0.82,2.0
MAG,42.0,HARD,34.0,11.0,93.753,0,0.0,2023,Saudi Arabia,10.0,1,1.1166666666666696,0.0,0.84,2.0
MAG,43.0,HARD,35.0,11.0,94.108,0,0.0,2023,Saudi Arabia,10.0,1,0.6696666666666715,0.0,0.86,2.0
MAG,44.0,HARD,36.0,11.0,93.374,0,0.0,2023,Saudi Arabia,10.0,1,0.3710000000000046,0.0,0.88,2.0
MAG,45.0,HARD,37.0,10.0,94.134,0,0.0,2023,Saudi Arabia,10.0,1,0.49800000000000466,-0.2,0.9,2.0
MAG,46.0,HARD,38.0,10.0,95.329,0,0.0,2023,Saudi Arabia,10.0,1,0.9050000000000011,-0.2,0.92,2.0
MAG,47.0,HARD,39.0,10.0,93.833,0,0.0,2023,Saudi Arabia,10.0,1,1.0580000000000023,-0.2,0.94,2.0
MAG,48.0,HARD,40.0,10.0,93.829,0,0.0,2023,Saudi Arabia,10.0,1,0.9563333333333333,-0.2,0.96,2.0
MAG,49.0,HARD,41.0,10.0,93.746,0,0.0,2023,Saudi Arabia,10.0,1,0.42866666666666714,-0.2,0.98,2.0
MAG,50.0,HARD,42.0,10.0,94.043,0,0.0,2023,Saudi Arabia,10.0,1,0.49866666666666976,0.0,1.0,2.0
NOR,2.0,SOFT,2.0,19.0,103.07,1,0.0,2023,Saudi Arabia,17.0,1,3.7734999999999985,2.0,0.04,0.0
NOR,3.0,HARD,1.0,20.0,123.534,0,0.0,2023,Saudi Arabia,17.0,1,11.85266666666667,1.5,0.06,2.0
NOR,4.0,HARD,2.0,20.0,96.627,0,0.0,2023,Saudi Arabia,17.0,1,12.220666666666668,1.0,0.08,2.0
NOR,5.0,HARD,3.0,20.0,95.929,0,0.0,2023,Saudi Arabia,17.0,1,9.840333333333339,0.75,0.1,2.0
NOR,6.0,HARD,4.0,20.0,95.963,0,0.0,2023,Saudi Arabia,17.0,1,0.6500000000000009,0.6,0.12,2.0
NOR,7.0,HARD,5.0,20.0,95.771,0,0.0,2023,Saudi Arabia,17.0,1,0.3646666666666694,0.2,0.14,2.0
NOR,8.0,HARD,6.0,20.0,95.523,0,0.0,2023,Saudi Arabia,17.0,1,0.22933333333333414,0.0,0.16,2.0
NOR,9.0,HARD,7.0,20.0,95.721,0,0.0,2023,Saudi Arabia,17.0,1,0.14866666666667072,0.0,0.18,2.0
NOR,10.0,HARD,8.0,20.0,96.141,0,0.0,2023,Saudi Arabia,17.0,1,0.27200000000000557,0.0,0.2,2.0
NOR,11.0,HARD,9.0,20.0,96.1,0,0.0,2023,Saudi Arabia,17.0,1,0.4643333333333383,0.0,0.22,2.0
NOR,12.0,HARD,10.0,20.0,96.285,0,0.0,2023,Saudi Arabia,17.0,1,0.652333333333336,0.0,0.24,2.0
NOR,13.0,HARD,11.0,20.0,96.269,0,0.0,2023,Saudi Arabia,17.0,1,0.6950000000000026,0.0,0.26,2.0
NOR,14.0,HARD,12.0,20.0,96.289,0,0.0,2023,Saudi Arabia,17.0,1,0.758000000000005,0.0,0.28,2.0
NOR,15.0,HARD,13.0,20.0,96.228,0,0.0,2023,Saudi Arabia,17.0,1,0.7390000000000043,0.0,0.3,2.0
NOR,16.0,HARD,14.0,20.0,96.446,0,0.0,2023,Saudi Arabia,17.0,1,0.7980000000000018,0.0,0.32,2.0
NOR,17.0,HARD,15.0,18.0,116.008,0,0.0,2023,Saudi Arabia,17.0,1,7.3709999999999996,-0.4,0.34,2.0
NOR,18.0,HARD,16.0,18.0,137.711,0,0.0,2023,Saudi Arabia,17.0,1,21.19866666666667,-0.4,0.36,2.0
NOR,19.0,HARD,17.0,18.0,120.488,1,0.0,2023,Saudi Arabia,17.0,2,29.679666666666673,-0.4,0.38,2.0
NOR,20.0,MEDIUM,1.0,19.0,138.348,0,0.0,2023,Saudi Arabia,17.0,2,37.59333333333334,-0.2,0.4,1.0
NOR,21.0,MEDIUM,2.0,19.0,99.3,0,0.0,2023,Saudi Arabia,17.0,2,25.25666666666667,-0.2,0.42,1.0
NOR,22.0,MEDIUM,3.0,18.0,97.7,0,0.0,2023,Saudi Arabia,17.0,2,17.66066666666667,0.0,0.44,1.0
NOR,23.0,MEDIUM,4.0,18.0,96.253,0,0.0,2023,Saudi Arabia,17.0,2,3.629,0.0,0.46,1.0
NOR,24.0,MEDIUM,5.0,18.0,96.251,0,0.0,2023,Saudi Arabia,17.0,2,2.6126666666666694,0.0,0.48,1.0
NOR,25.0,MEDIUM,6.0,17.0,95.515,0,0.0,2023,Saudi Arabia,17.0,2,1.8843333333333352,-0.4,0.5,1.0
NOR,26.0,MEDIUM,7.0,17.0,95.315,0,0.0,2023,Saudi Arabia,17.0,2,1.5716666666666679,-0.4,0.52,1.0
NOR,27.0,MEDIUM,8.0,16.0,95.574,0,0.0,2023,Saudi Arabia,17.0,2,1.345999999999999,-0.4,0.54,1.0
NOR,28.0,MEDIUM,9.0,16.0,95.724,0,0.0,2023,Saudi Arabia,17.0,2,1.4156666666666666,-0.4,0.56,1.0
NOR,29.0,MEDIUM,10.0,16.0,95.729,0,0.0,2023,Saudi Arabia,17.0,2,1.5536666666666672,-0.4,0.58,1.0
NOR,30.0,MEDIUM,11.0,16.0,95.446,0,0.0,2023,Saudi Arabia,17.0,2,1.5110000000000003,-0.2,0.6,1.0
NOR,31.0,MEDIUM,12.0,16.0,95.694,0,0.0,2023,Saudi Arabia,17.0,2,1.5010000000000001,-0.2,0.62,1.0
NOR,32.0,MEDIUM,13.0,16.0,95.478,0,0.0,2023,Saudi Arabia,17.0,2,1.4173333333333318,0.0,0.64,1.0
NOR,33.0,MEDIUM,14.0,16.0,95.49,0,0.0,2023,Saudi Arabia,17.0,2,1.4319999999999975,0.0,0.66,1.0
NOR,34.0,MEDIUM,15.0,16.0,95.481,0,0.0,2023,Saudi Arabia,17.0,2,1.3609999999999947,0.0,0.68,1.0
NOR,35.0,MEDIUM,16.0,16.0,95.261,0,0.0,2023,Saudi Arabia,17.0,2,1.2886666666666617,0.0,0.7,1.0
NOR,36.0,MEDIUM,17.0,16.0,95.158,0,0.0,2023,Saudi Arabia,17.0,2,1.1779999999999973,0.0,0.72,1.0
NOR,37.0,MEDIUM,18.0,16.0,95.005,0,0.0,2023,Saudi Arabia,17.0,2,1.019333333333331,0.0,0.74,1.0
NOR,38.0,MEDIUM,19.0,16.0,94.658,0,0.0,2023,Saudi Arabia,17.0,2,0.8183333333333328,0.0,0.76,1.0
NOR,39.0,MEDIUM,20.0,16.0,95.057,0,0.0,2023,Saudi Arabia,17.0,2,0.7846666666666664,0.0,0.78,1.0
NOR,40.0,MEDIUM,21.0,16.0,95.549,0,0.0,2023,Saudi Arabia,17.0,2,0.9660000000000034,0.0,0.8,1.0
NOR,41.0,MEDIUM,22.0,15.0,94.969,0,0.0,2023,Saudi Arabia,17.0,2,1.0696666666666677,-0.2,0.82,1.0
NOR,42.0,MEDIUM,23.0,16.0,96.183,0,0.0,2023,Saudi Arabia,17.0,2,1.4450000000000027,0.0,0.84,1.0
NOR,43.0,MEDIUM,24.0,16.0,95.228,0,0.0,2023,Saudi Arabia,17.0,2,1.3379999999999985,0.0,0.86,1.0
NOR,44.0,MEDIUM,25.0,17.0,95.519,0,0.0,2023,Saudi Arabia,17.0,2,1.5213333333333356,0.2,0.88,1.0
NOR,45.0,MEDIUM,26.0,16.0,94.871,0,0.0,2023,Saudi Arabia,17.0,2,1.0839999999999985,0.0,0.9,1.0
NOR,46.0,MEDIUM,27.0,16.0,94.532,0,0.0,2023,Saudi Arabia,17.0,2,0.8519999999999991,0.2,0.92,1.0
NOR,47.0,MEDIUM,28.0,16.0,94.818,0,0.0,2023,Saudi Arabia,17.0,2,0.61833333333333,0.0,0.94,1.0
NOR,48.0,MEDIUM,29.0,17.0,95.378,0,0.0,2023,Saudi Arabia,17.0,2,0.7873333333333316,0.2,0.96,1.0
NOR,49.0,MEDIUM,30.0,17.0,94.122,0,0.0,2023,Saudi Arabia,17.0,2,0.6506666666666661,0.0,0.98,1.0
NOR,50.0,MEDIUM,31.0,17.0,95.307,0,0.0,2023,Saudi Arabia,17.0,2,0.8136666666666675,0.2,1.0,1.0
OCO,2.0,MEDIUM,2.0,6.0,97.006,0,0.0,2023,Saudi Arabia,8.0,0,2.896500000000003,0.0,0.04,1.0
OCO,3.0,MEDIUM,3.0,6.0,96.066,0,0.0,2023,Saudi Arabia,8.0,0,2.0433333333333366,0.0,0.06,1.0
OCO,4.0,MEDIUM,4.0,6.0,95.729,0,0.0,2023,Saudi Arabia,8.0,0,0.5380000000000015,0.0,0.08,1.0
OCO,5.0,MEDIUM,5.0,6.0,95.849,0,0.0,2023,Saudi Arabia,8.0,0,0.15233333333333596,0.0,0.1,1.0
OCO,6.0,MEDIUM,6.0,6.0,95.794,0,0.0,2023,Saudi Arabia,8.0,0,0.061666666666667425,0.0,0.12,1.0
OCO,7.0,MEDIUM,7.0,6.0,95.847,0,0.0,2023,Saudi Arabia,8.0,0,0.10099999999999909,0.0,0.14,1.0
OCO,8.0,MEDIUM,8.0,6.0,96.212,0,0.0,2023,Saudi Arabia,8.0,0,0.22199999999999895,0.0,0.16,1.0
OCO,9.0,MEDIUM,9.0,6.0,95.924,0,0.0,2023,Saudi Arabia,8.0,0,0.2653333333333355,0.0,0.18,1.0
OCO,10.0,MEDIUM,10.0,6.0,95.955,0,0.0,2023,Saudi Arabia,8.0,0,0.30133333333333684,0.0,0.2,1.0
OCO,11.0,MEDIUM,11.0,6.0,95.901,0,0.0,2023,Saudi Arabia,8.0,0,0.19766666666666785,0.0,0.22,1.0
OCO,12.0,MEDIUM,12.0,6.0,96.266,0,0.0,2023,Saudi Arabia,8.0,0,0.3116666666666674,0.0,0.24,1.0
OCO,13.0,MEDIUM,13.0,7.0,97.156,0,0.0,2023,Saudi Arabia,8.0,0,0.7120000000000033,0.2,0.26,1.0
OCO,14.0,MEDIUM,14.0,7.0,96.579,0,0.0,2023,Saudi Arabia,8.0,0,0.9380000000000024,0.2,0.28,1.0
OCO,15.0,MEDIUM,15.0,7.0,96.209,0,0.0,2023,Saudi Arabia,8.0,0,0.9190000000000017,0.2,0.3,1.0
OCO,16.0,MEDIUM,16.0,7.0,98.567,1,0.0,2023,Saudi Arabia,8.0,1,2.224999999999999,0.2,0.32,1.0
OCO,17.0,HARD,1.0,12.0,125.968,0,0.0,2023,Saudi Arabia,8.0,1,12.857000000000005,1.2,0.34,2.0
OCO,18.0,HARD,2.0,9.0,134.175,0,0.0,2023,Saudi Arabia,8.0,1,26.34800000000001,0.4,0.36,2.0
OCO,19.0,HARD,3.0,9.0,134.215,0,0.0,2023,Saudi Arabia,8.0,1,38.23066666666668,0.4,0.38,2.0
OCO,21.0,HARD,5.0,9.0,98.033,0,0.0,2023,Saudi Arabia,8.0,1,28.91900000000001,0.4,0.42,2.0
OCO,22.0,HARD,6.0,9.0,96.558,0,0.0,2023,Saudi Arabia,8.0,1,16.38000000000001,0.4,0.44,2.0
OCO,23.0,HARD,7.0,9.0,95.212,0,0.0,2023,Saudi Arabia,8.0,1,3.3790000000000098,-0.6,0.46,2.0
OCO,24.0,HARD,8.0,8.0,94.882,0,0.0,2023,Saudi Arabia,8.0,1,2.3286666666666775,-0.2,0.48,2.0
OCO,25.0,HARD,9.0,8.0,95.131,0,0.0,2023,Saudi Arabia,8.0,1,1.8530000000000086,-0.2,0.5,2.0
OCO,26.0,HARD,10.0,8.0,94.609,0,0.0,2023,Saudi Arabia,8.0,1,1.6520000000000057,-0.2,0.52,2.0
OCO,27.0,HARD,11.0,8.0,94.903,0,0.0,2023,Saudi Arabia,8.0,1,1.659000000000006,-0.2,0.54,2.0
OCO,28.0,HARD,12.0,8.0,94.918,0,0.0,2023,Saudi Arabia,8.0,1,1.588000000000008,-0.2,0.56,2.0
OCO,29.0,HARD,13.0,8.0,94.582,0,0.0,2023,Saudi Arabia,8.0,1,1.5790000000000077,0.0,0.58,2.0
OCO,30.0,HARD,14.0,8.0,94.978,0,0.0,2023,Saudi Arabia,8.0,1,1.6040000000000039,0.0,0.6,2.0
OCO,31.0,HARD,15.0,8.0,94.79,0,0.0,2023,Saudi Arabia,8.0,1,1.5613333333333372,0.0,0.62,2.0
OCO,32.0,HARD,16.0,8.0,94.641,0,0.0,2023,Saudi Arabia,8.0,1,1.5810000000000077,0.0,0.64,2.0
OCO,33.0,HARD,17.0,8.0,94.394,0,0.0,2023,Saudi Arabia,8.0,1,1.3863333333333447,0.0,0.66,2.0
OCO,34.0,HARD,18.0,8.0,94.698,0,0.0,2023,Saudi Arabia,8.0,1,1.355666666666674,0.0,0.68,2.0
OCO,35.0,HARD,19.0,8.0,94.644,0,0.0,2023,Saudi Arabia,8.0,1,1.3566666666666738,0.0,0.7,2.0
OCO,36.0,HARD,20.0,8.0,94.286,0,0.0,2023,Saudi Arabia,8.0,1,1.3206666666666724,0.0,0.72,2.0
OCO,37.0,HARD,21.0,8.0,94.136,0,0.0,2023,Saudi Arabia,8.0,1,1.13333333333334,0.0,0.74,2.0
OCO,38.0,HARD,22.0,8.0,94.216,0,0.0,2023,Saudi Arabia,8.0,1,0.9906666666666695,0.0,0.76,2.0
OCO,39.0,HARD,23.0,8.0,94.039,0,0.0,2023,Saudi Arabia,8.0,1,0.9083333333333362,0.0,0.78,2.0
OCO,40.0,HARD,24.0,8.0,93.826,0,0.0,2023,Saudi Arabia,8.0,1,0.805000000000002,0.0,0.8,2.0
OCO,41.0,HARD,25.0,8.0,93.915,0,0.0,2023,Saudi Arabia,8.0,1,0.7046666666666729,0.0,0.82,2.0
OCO,42.0,HARD,26.0,8.0,93.964,0,0.0,2023,Saudi Arabia,8.0,1,0.6796666666666719,0.0,0.84,2.0
OCO,43.0,HARD,27.0,8.0,93.897,0,0.0,2023,Saudi Arabia,8.0,1,0.7033333333333426,0.0,0.86,2.0
OCO,44.0,HARD,28.0,8.0,93.841,0,0.0,2023,Saudi Arabia,8.0,1,0.6786666666666719,0.0,0.88,2.0
OCO,45.0,HARD,29.0,8.0,93.815,0,0.0,2023,Saudi Arabia,8.0,1,0.6290000000000049,0.0,0.9,2.0
OCO,46.0,HARD,30.0,8.0,93.976,0,0.0,2023,Saudi Arabia,8.0,1,0.6553333333333361,0.0,0.92,2.0
OCO,47.0,HARD,31.0,8.0,93.998,0,0.0,2023,Saudi Arabia,8.0,1,0.707666666666673,0.0,0.94,2.0
OCO,48.0,HARD,32.0,8.0,93.723,0,0.0,2023,Saudi Arabia,8.0,1,0.6770000000000067,0.0,0.96,2.0
OCO,49.0,HARD,33.0,8.0,93.222,0,0.0,2023,Saudi Arabia,8.0,1,0.42566666666667174,0.0,0.98,2.0
OCO,50.0,HARD,34.0,8.0,94.312,0,0.0,2023,Saudi Arabia,8.0,1,0.5303333333333361,0.0,1.0,2.0
PER,2.0,MEDIUM,2.0,2.0,95.906,0,0.0,2023,Saudi Arabia,1.0,0,2.620500000000007,0.0,0.04,1.0
PER,3.0,MEDIUM,3.0,2.0,94.829,0,0.0,2023,Saudi Arabia,1.0,0,2.0363333333333364,0.0,0.06,1.0
PER,4.0,MEDIUM,4.0,1.0,95.651,0,0.0,2023,Saudi Arabia,1.0,0,1.5010000000000001,-0.3333333333333333,0.08,1.0
PER,5.0,MEDIUM,5.0,1.0,94.873,0,0.0,2023,Saudi Arabia,1.0,0,1.1566666666666663,-0.25,0.1,1.0
PER,6.0,MEDIUM,6.0,1.0,94.621,0,0.0,2023,Saudi Arabia,1.0,0,1.0873333333333335,-0.2,0.12,1.0
PER,7.0,MEDIUM,7.0,1.0,94.277,0,0.0,2023,Saudi Arabia,1.0,0,0.6293333333333351,-0.2,0.14,1.0
PER,8.0,MEDIUM,8.0,1.0,94.477,0,0.0,2023,Saudi Arabia,1.0,0,0.4973333333333348,-0.2,0.16,1.0
PER,9.0,MEDIUM,9.0,1.0,94.255,0,0.0,2023,Saudi Arabia,1.0,0,0.3753333333333349,0.0,0.18,1.0
PER,10.0,MEDIUM,10.0,1.0,94.106,0,0.0,2023,Saudi Arabia,1.0,0,0.31833333333333275,0.0,0.2,1.0
PER,11.0,MEDIUM,11.0,1.0,94.075,0,0.0,2023,Saudi Arabia,1.0,0,0.18433333333333243,0.0,0.22,1.0
PER,12.0,MEDIUM,12.0,1.0,94.16,0,0.0,2023,Saudi Arabia,1.0,0,0.15266666666666615,0.0,0.24,1.0
PER,13.0,MEDIUM,13.0,1.0,94.263,0,0.0,2023,Saudi Arabia,1.0,0,0.20500000000000304,0.0,0.26,1.0
PER,14.0,MEDIUM,14.0,1.0,94.409,0,0.0,2023,Saudi Arabia,1.0,0,0.3163333333333374,0.0,0.28,1.0
PER,15.0,MEDIUM,15.0,1.0,94.392,0,0.0,2023,Saudi Arabia,1.0,0,0.39366666666667055,0.0,0.3,1.0
PER,16.0,MEDIUM,16.0,1.0,94.19,0,0.0,2023,Saudi Arabia,1.0,0,0.3693333333333347,0.0,0.32,1.0
PER,17.0,MEDIUM,17.0,1.0,93.961,0,0.0,2023,Saudi Arabia,1.0,0,0.21999999999999886,0.0,0.34,1.0
PER,18.0,MEDIUM,18.0,1.0,127.357,1,0.0,2023,Saudi Arabia,1.0,1,11.799333333333331,0.0,0.36,1.0
PER,21.0,HARD,3.0,1.0,94.557,0,0.0,2023,Saudi Arabia,1.0,1,12.512666666666666,0.0,0.42,2.0
PER,22.0,HARD,4.0,1.0,93.895,0,0.0,2023,Saudi Arabia,1.0,1,13.081666666666663,0.0,0.44,2.0
PER,23.0,HARD,5.0,1.0,93.464,0,0.0,2023,Saudi Arabia,1.0,1,1.7839999999999965,0.0,0.46,2.0
PER,24.0,HARD,6.0,1.0,93.44,0,0.0,2023,Saudi Arabia,1.0,1,1.4116666666666617,0.0,0.48,2.0
PER,25.0,HARD,7.0,1.0,93.426,0,0.0,2023,Saudi Arabia,1.0,1,1.2553333333333303,0.0,0.5,2.0
PER,26.0,HARD,8.0,1.0,93.072,0,0.0,2023,Saudi Arabia,1.0,1,1.1246666666666651,0.0,0.52,2.0
PER,27.0,HARD,9.0,1.0,92.891,0,0.0,2023,Saudi Arabia,1.0,1,0.9416666666666677,0.0,0.54,2.0
PER,28.0,HARD,10.0,1.0,93.025,0,0.0,2023,Saudi Arabia,1.0,1,0.8080000000000022,0.0,0.56,2.0
PER,29.0,HARD,11.0,1.0,92.726,0,0.0,2023,Saudi Arabia,1.0,1,0.6926666666666677,0.0,0.58,2.0
PER,30.0,HARD,12.0,1.0,92.726,0,0.0,2023,Saudi Arabia,1.0,1,0.6376666666666656,0.0,0.6,2.0
PER,31.0,HARD,13.0,1.0,92.554,0,0.0,2023,Saudi Arabia,1.0,1,0.48066666666666436,0.0,0.62,2.0
PER,32.0,HARD,14.0,1.0,92.498,0,0.0,2023,Saudi Arabia,1.0,1,0.40466666666666623,0.0,0.64,2.0
PER,33.0,HARD,15.0,1.0,92.55,0,0.0,2023,Saudi Arabia,1.0,1,0.3459999999999989,0.0,0.66,2.0
PER,34.0,HARD,16.0,1.0,92.294,0,0.0,2023,Saudi Arabia,1.0,1,0.25933333333333053,0.0,0.68,2.0
PER,35.0,HARD,17.0,1.0,92.68,0,0.0,2023,Saudi Arabia,1.0,1,0.3199999999999979,0.0,0.7,2.0
PER,36.0,HARD,18.0,1.0,92.292,0,0.0,2023,Saudi Arabia,1.0,1,0.2339999999999994,0.0,0.72,2.0
PER,37.0,HARD,19.0,1.0,92.638,0,0.0,2023,Saudi Arabia,1.0,1,0.34866666666666885,0.0,0.74,2.0
PER,38.0,HARD,20.0,1.0,92.188,0,0.0,2023,Saudi Arabia,1.0,1,0.18466666666666734,0.0,0.76,2.0
PER,39.0,HARD,21.0,1.0,93.19,0,0.0,2023,Saudi Arabia,1.0,1,0.4839999999999994,0.0,0.78,2.0
PER,40.0,HARD,22.0,1.0,92.83,0,0.0,2023,Saudi Arabia,1.0,1,0.547999999999997,0.0,0.8,2.0
PER,41.0,HARD,23.0,1.0,92.637,0,0.0,2023,Saudi Arabia,1.0,1,0.6976666666666631,0.0,0.82,2.0
PER,42.0,HARD,24.0,1.0,92.235,0,0.0,2023,Saudi Arabia,1.0,1,0.37933333333333036,0.0,0.84,2.0
PER,43.0,HARD,25.0,1.0,92.308,0,0.0,2023,Saudi Arabia,1.0,1,0.20533333333333323,0.0,0.86,2.0
PER,44.0,HARD,26.0,1.0,92.267,0,0.0,2023,Saudi Arabia,1.0,1,0.08199999999999837,0.0,0.88,2.0
PER,45.0,HARD,27.0,1.0,92.419,0,0.0,2023,Saudi Arabia,1.0,1,0.14333333333333087,0.0,0.9,2.0
PER,46.0,HARD,28.0,1.0,92.933,0,0.0,2023,Saudi Arabia,1.0,1,0.3516666666666642,0.0,0.92,2.0
PER,47.0,HARD,29.0,1.0,92.895,0,0.0,2023,Saudi Arabia,1.0,1,0.5609999999999976,0.0,0.94,2.0
PER,48.0,HARD,30.0,1.0,93.075,0,0.0,2023,Saudi Arabia,1.0,1,0.7796666666666662,0.0,0.96,2.0
PER,49.0,HARD,31.0,1.0,93.306,0,0.0,2023,Saudi Arabia,1.0,1,0.9039999999999964,0.0,0.98,2.0
PER,50.0,HARD,32.0,1.0,93.691,0,0.0,2023,Saudi Arabia,1.0,1,1.1693333333333318,0.0,1.0,2.0
PIA,2.0,HARD,1.0,20.0,124.805,0,0.0,2023,Saudi Arabia,15.0,1,21.7425,1.0,0.04,2.0
PIA,3.0,HARD,2.0,19.0,95.634,0,0.0,2023,Saudi Arabia,15.0,1,14.943999999999997,0.0,0.06,2.0
PIA,4.0,HARD,3.0,19.0,95.512,0,0.0,2023,Saudi Arabia,15.0,1,11.029999999999996,0.0,0.08,2.0
PIA,5.0,HARD,4.0,19.0,95.662,0,0.0,2023,Saudi Arabia,15.0,1,1.3156666666666628,0.0,0.1,2.0
PIA,6.0,HARD,5.0,19.0,95.359,0,0.0,2023,Saudi Arabia,15.0,1,1.2239999999999942,0.0,0.12,2.0
PIA,7.0,HARD,6.0,19.0,95.636,0,0.0,2023,Saudi Arabia,15.0,1,1.265333333333326,-0.2,0.14,2.0
PIA,8.0,HARD,7.0,19.0,95.626,0,0.0,2023,Saudi Arabia,15.0,1,1.2533333333333256,0.0,0.16,2.0
PIA,9.0,HARD,8.0,19.0,95.9,0,0.0,2023,Saudi Arabia,15.0,1,1.4336666666666626,0.0,0.18,2.0
PIA,10.0,HARD,9.0,18.0,95.782,0,0.0,2023,Saudi Arabia,15.0,1,1.4823333333333295,-0.2,0.2,2.0
PIA,11.0,HARD,10.0,18.0,95.899,0,0.0,2023,Saudi Arabia,15.0,1,1.5733333333333281,-0.2,0.22,2.0
PIA,12.0,HARD,11.0,18.0,96.364,0,0.0,2023,Saudi Arabia,15.0,1,1.7279999999999944,-0.2,0.24,2.0
PIA,13.0,HARD,12.0,18.0,96.654,0,0.0,2023,Saudi Arabia,15.0,1,2.018666666666661,-0.2,0.26,2.0
PIA,14.0,HARD,13.0,18.0,96.275,0,0.0,2023,Saudi Arabia,15.0,1,2.143999999999996,-0.2,0.28,2.0
PIA,15.0,HARD,14.0,18.0,96.082,0,0.0,2023,Saudi Arabia,15.0,1,2.0499999999999923,0.0,0.3,2.0
PIA,16.0,HARD,15.0,18.0,96.304,0,0.0,2023,Saudi Arabia,15.0,1,1.9333333333333276,0.0,0.32,2.0
PIA,17.0,HARD,16.0,17.0,111.27,0,0.0,2023,Saudi Arabia,15.0,1,6.931666666666658,-0.2,0.34,2.0
PIA,18.0,HARD,17.0,17.0,136.427,0,0.0,2023,Saudi Arabia,15.0,1,20.379999999999992,-0.2,0.36,2.0
PIA,19.0,HARD,18.0,16.0,127.588,0,0.0,2023,Saudi Arabia,15.0,1,30.80799999999999,-0.4,0.38,2.0
PIA,20.0,HARD,19.0,16.0,143.704,0,0.0,2023,Saudi Arabia,15.0,1,41.61933333333332,-0.4,0.4,2.0
PIA,21.0,HARD,20.0,17.0,99.663,0,0.0,2023,Saudi Arabia,15.0,1,29.36466666666666,-0.2,0.42,2.0
PIA,22.0,HARD,21.0,17.0,97.626,0,0.0,2023,Saudi Arabia,15.0,1,19.37733333333333,0.0,0.44,2.0
PIA,23.0,HARD,22.0,17.0,96.562,0,0.0,2023,Saudi Arabia,15.0,1,3.663333333333327,0.0,0.46,2.0
PIA,24.0,HARD,23.0,17.0,96.405,0,0.0,2023,Saudi Arabia,15.0,1,2.5773333333333284,0.2,0.48,2.0
PIA,25.0,HARD,24.0,18.0,96.735,0,0.0,2023,Saudi Arabia,15.0,1,2.2803333333333264,0.4,0.5,2.0
PIA,26.0,HARD,25.0,18.0,95.752,0,0.0,2023,Saudi Arabia,15.0,1,2.010333333333326,0.2,0.52,2.0
PIA,27.0,HARD,26.0,17.0,95.973,0,0.0,2023,Saudi Arabia,15.0,1,1.8663333333333252,0.0,0.54,2.0
PIA,28.0,HARD,27.0,17.0,95.543,0,0.0,2023,Saudi Arabia,15.0,1,1.468999999999994,0.0,0.56,2.0
PIA,29.0,HARD,28.0,17.0,95.949,0,0.0,2023,Saudi Arabia,15.0,1,1.5346666666666617,0.0,0.58,2.0
PIA,30.0,HARD,29.0,17.0,95.673,0,0.0,2023,Saudi Arabia,15.0,1,1.4346666666666625,-0.2,0.6,2.0
PIA,31.0,HARD,30.0,17.0,95.446,0,0.0,2023,Saudi Arabia,15.0,1,1.4023333333333265,-0.2,0.62,2.0
PIA,32.0,HARD,31.0,17.0,95.224,0,0.0,2023,Saudi Arabia,15.0,1,1.1606666666666616,0.0,0.64,2.0
PIA,33.0,HARD,32.0,17.0,95.644,0,0.0,2023,Saudi Arabia,15.0,1,1.1509999999999962,0.0,0.66,2.0
PIA,34.0,HARD,33.0,17.0,95.47,0,0.0,2023,Saudi Arabia,15.0,1,1.1589999999999965,0.0,0.68,2.0
PIA,35.0,HARD,34.0,17.0,95.277,0,0.0,2023,Saudi Arabia,15.0,1,1.1766666666666623,0.0,0.7,2.0
PIA,36.0,HARD,35.0,17.0,95.005,0,0.0,2023,Saudi Arabia,15.0,1,0.963666666666659,0.0,0.72,2.0
PIA,37.0,HARD,36.0,17.0,94.859,0,0.0,2023,Saudi Arabia,15.0,1,0.7599999999999909,0.0,0.74,2.0
PIA,38.0,HARD,37.0,17.0,94.827,0,0.0,2023,Saudi Arabia,15.0,1,0.60999999999999,0.0,0.76,2.0
PIA,39.0,HARD,38.0,17.0,94.949,0,0.0,2023,Saudi Arabia,15.0,1,0.5913333333333242,0.0,0.78,2.0
PIA,40.0,HARD,39.0,17.0,94.429,0,0.0,2023,Saudi Arabia,15.0,1,0.4479999999999933,0.0,0.8,2.0
PIA,41.0,HARD,40.0,17.0,95.301,0,0.0,2023,Saudi Arabia,15.0,1,0.6059999999999945,0.0,0.82,2.0
PIA,42.0,HARD,41.0,17.0,95.951,0,0.0,2023,Saudi Arabia,15.0,1,0.939999999999993,0.0,0.84,2.0
PIA,43.0,HARD,42.0,17.0,95.257,0,0.0,2023,Saudi Arabia,15.0,1,1.215999999999994,0.0,0.86,2.0
PIA,44.0,HARD,43.0,16.0,94.861,0,0.0,2023,Saudi Arabia,15.0,1,1.0693333333333281,-0.2,0.88,2.0
PIA,45.0,HARD,44.0,17.0,95.625,0,0.0,2023,Saudi Arabia,15.0,1,0.9606666666666636,0.0,0.9,2.0
PIA,46.0,HARD,45.0,17.0,94.467,0,0.0,2023,Saudi Arabia,15.0,1,0.6973333333333281,0.0,0.92,2.0
PIA,47.0,HARD,46.0,17.0,94.509,0,0.0,2023,Saudi Arabia,15.0,1,0.5799999999999935,0.0,0.94,2.0
PIA,48.0,HARD,47.0,16.0,94.287,0,0.0,2023,Saudi Arabia,15.0,1,0.1339999999999956,-0.2,0.96,2.0
PIA,49.0,HARD,48.0,16.0,94.291,0,0.0,2023,Saudi Arabia,15.0,1,0.0753333333333283,0.0,0.98,2.0
PIA,50.0,HARD,49.0,15.0,94.618,0,0.0,2023,Saudi Arabia,15.0,1,0.11166666666665985,-0.4,1.0,2.0
RUS,2.0,MEDIUM,2.0,3.0,96.114,0,0.0,2023,Saudi Arabia,4.0,0,2.4910000000000068,0.0,0.04,1.0
RUS,3.0,MEDIUM,3.0,3.0,95.3,0,0.0,2023,Saudi Arabia,4.0,0,1.7966666666666715,0.0,0.06,1.0
RUS,4.0,MEDIUM,4.0,3.0,95.596,0,0.0,2023,Saudi Arabia,4.0,0,0.7780000000000058,0.0,0.08,1.0
RUS,5.0,MEDIUM,5.0,3.0,95.423,0,0.0,2023,Saudi Arabia,4.0,0,0.5476666666666716,0.0,0.1,1.0
RUS,6.0,MEDIUM,6.0,3.0,95.477,0,0.0,2023,Saudi Arabia,4.0,0,0.6066666666666739,0.0,0.12,1.0
RUS,7.0,MEDIUM,7.0,3.0,95.256,0,0.0,2023,Saudi Arabia,4.0,0,0.4933333333333394,0.0,0.14,1.0
RUS,8.0,MEDIUM,8.0,3.0,95.157,0,0.0,2023,Saudi Arabia,4.0,0,0.40466666666667095,0.0,0.16,1.0
RUS,9.0,MEDIUM,9.0,3.0,95.89,0,0.0,2023,Saudi Arabia,4.0,0,0.5423333333333366,0.0,0.18,1.0
RUS,10.0,MEDIUM,10.0,3.0,95.265,0,0.0,2023,Saudi Arabia,4.0,0,0.5453333333333367,0.0,0.2,1.0
RUS,11.0,MEDIUM,11.0,3.0,95.4,0,0.0,2023,Saudi Arabia,4.0,0,0.6263333333333397,0.0,0.22,1.0
RUS,12.0,MEDIUM,12.0,3.0,95.283,0,0.0,2023,Saudi Arabia,4.0,0,0.4240000000000066,0.0,0.24,1.0
RUS,13.0,MEDIUM,13.0,3.0,95.043,0,0.0,2023,Saudi Arabia,4.0,0,0.3500000000000085,0.0,0.26,1.0
RUS,14.0,MEDIUM,14.0,3.0,94.94,0,0.0,2023,Saudi Arabia,4.0,0,0.19666666666667254,0.0,0.28,1.0
RUS,15.0,MEDIUM,15.0,3.0,94.946,0,0.0,2023,Saudi Arabia,4.0,0,0.0843333333333381,0.0,0.3,1.0
RUS,16.0,MEDIUM,16.0,3.0,95.12,0,0.0,2023,Saudi Arabia,4.0,0,0.11000000000000416,0.0,0.32,1.0
RUS,17.0,MEDIUM,17.0,3.0,94.892,0,0.0,2023,Saudi Arabia,4.0,0,0.09400000000000357,0.0,0.34,1.0
RUS,18.0,MEDIUM,18.0,3.0,132.217,1,0.0,2023,Saudi Arabia,4.0,1,13.337333333333339,0.0,0.36,1.0
RUS,21.0,HARD,3.0,3.0,96.802,0,0.0,2023,Saudi Arabia,4.0,1,14.717666666666668,0.0,0.42,2.0
RUS,22.0,HARD,4.0,3.0,95.07,0,0.0,2023,Saudi Arabia,4.0,1,15.596666666666664,0.0,0.44,2.0
RUS,23.0,HARD,5.0,4.0,94.958,0,0.0,2023,Saudi Arabia,4.0,1,3.1769999999999925,0.2,0.46,2.0
RUS,24.0,HARD,6.0,4.0,95.063,0,0.0,2023,Saudi Arabia,4.0,1,2.5973333333333244,0.2,0.48,2.0
RUS,25.0,HARD,7.0,4.0,94.106,0,0.0,2023,Saudi Arabia,4.0,1,2.2759999999999914,0.2,0.5,2.0
RUS,26.0,HARD,8.0,4.0,94.493,0,0.0,2023,Saudi Arabia,4.0,1,2.1209999999999902,0.2,0.52,2.0
RUS,27.0,HARD,9.0,4.0,94.118,0,0.0,2023,Saudi Arabia,4.0,1,1.8059999999999878,0.2,0.54,2.0
RUS,28.0,HARD,10.0,4.0,94.091,0,0.0,2023,Saudi Arabia,4.0,1,1.8009999999999877,0.0,0.56,2.0
RUS,29.0,HARD,11.0,4.0,93.688,0,0.0,2023,Saudi Arabia,4.0,1,1.5326666666666569,0.0,0.58,2.0
RUS,30.0,HARD,12.0,4.0,94.165,0,0.0,2023,Saudi Arabia,4.0,1,1.5483333333333273,0.0,0.6,2.0
RUS,31.0,HARD,13.0,4.0,93.433,0,0.0,2023,Saudi Arabia,4.0,1,1.3289999999999982,0.0,0.62,2.0
RUS,32.0,HARD,14.0,4.0,93.633,0,0.0,2023,Saudi Arabia,4.0,1,1.3106666666666626,0.0,0.64,2.0
RUS,33.0,HARD,15.0,4.0,93.52,0,0.0,2023,Saudi Arabia,4.0,1,1.0956666666666592,0.0,0.66,2.0
RUS,34.0,HARD,16.0,4.0,93.758,0,0.0,2023,Saudi Arabia,4.0,1,1.2039999999999889,0.0,0.68,2.0
RUS,35.0,HARD,17.0,4.0,93.756,0,0.0,2023,Saudi Arabia,4.0,1,1.2449999999999903,0.0,0.7,2.0
RUS,36.0,HARD,18.0,4.0,93.625,0,0.0,2023,Saudi Arabia,4.0,1,1.2799999999999916,0.0,0.72,2.0
RUS,37.0,HARD,19.0,4.0,93.524,0,0.0,2023,Saudi Arabia,4.0,1,1.2019999999999935,0.0,0.74,2.0
RUS,38.0,HARD,20.0,4.0,93.42,0,0.0,2023,Saudi Arabia,4.0,1,1.0899999999999939,0.0,0.76,2.0
RUS,39.0,HARD,21.0,4.0,93.555,0,0.0,2023,Saudi Arabia,4.0,1,1.0666666666666629,0.0,0.78,2.0
RUS,40.0,HARD,22.0,4.0,93.459,0,0.0,2023,Saudi Arabia,4.0,1,1.044999999999997,0.0,0.8,2.0
RUS,41.0,HARD,23.0,4.0,92.998,0,0.0,2023,Saudi Arabia,4.0,1,0.9043333333333313,0.0,0.82,2.0
RUS,42.0,HARD,24.0,4.0,93.041,0,0.0,2023,Saudi Arabia,4.0,1,0.7329999999999947,0.0,0.84,2.0
RUS,43.0,HARD,25.0,4.0,93.083,0,0.0,2023,Saudi Arabia,4.0,1,0.6076666666666597,0.0,0.86,2.0
RUS,44.0,HARD,26.0,4.0,93.243,0,0.0,2023,Saudi Arabia,4.0,1,0.6893333333333231,0.0,0.88,2.0
RUS,45.0,HARD,27.0,4.0,92.917,0,0.0,2023,Saudi Arabia,4.0,1,0.6479999999999914,0.0,0.9,2.0
RUS,46.0,HARD,28.0,4.0,92.982,0,0.0,2023,Saudi Arabia,4.0,1,0.6143333333333251,0.0,0.92,2.0
RUS,47.0,HARD,29.0,4.0,92.901,0,0.0,2023,Saudi Arabia,4.0,1,0.5003333333333254,0.0,0.94,2.0
RUS,48.0,HARD,30.0,4.0,92.756,0,0.0,2023,Saudi Arabia,4.0,1,0.44666666666665833,0.0,0.96,2.0
RUS,49.0,HARD,31.0,4.0,93.135,0,0.0,2023,Saudi Arabia,4.0,1,0.49766666666666026,0.0,0.98,2.0
RUS,50.0,HARD,32.0,4.0,92.433,0,0.0,2023,Saudi Arabia,4.0,1,0.34166666666666384,0.0,1.0,2.0
SAI,2.0,MEDIUM,2.0,5.0,96.583,0,0.0,2023,Saudi Arabia,6.0,0,2.996999999999993,0.0,0.04,1.0
SAI,3.0,MEDIUM,3.0,5.0,95.354,0,0.0,2023,Saudi Arabia,6.0,0,2.11566666666666,0.0,0.06,1.0
SAI,4.0,MEDIUM,4.0,5.0,95.428,0,0.0,2023,Saudi Arabia,6.0,0,0.7873333333333269,0.0,0.08,1.0
SAI,5.0,MEDIUM,5.0,5.0,95.433,0,0.0,2023,Saudi Arabia,6.0,0,0.40399999999999636,0.0,0.1,1.0
SAI,6.0,MEDIUM,6.0,5.0,95.667,0,0.0,2023,Saudi Arabia,6.0,0,0.5083333333333305,0.0,0.12,1.0
SAI,7.0,MEDIUM,7.0,5.0,95.216,0,0.0,2023,Saudi Arabia,6.0,0,0.4376666666666627,0.0,0.14,1.0
SAI,8.0,MEDIUM,8.0,5.0,95.321,0,0.0,2023,Saudi Arabia,6.0,0,0.4003333333333264,0.0,0.16,1.0
SAI,9.0,MEDIUM,9.0,5.0,96.378,0,0.0,2023,Saudi Arabia,6.0,0,0.6373333333333259,0.0,0.18,1.0
SAI,10.0,MEDIUM,10.0,5.0,96.056,0,0.0,2023,Saudi Arabia,6.0,0,0.917333333333327,0.0,0.2,1.0
SAI,11.0,MEDIUM,11.0,5.0,95.842,0,0.0,2023,Saudi Arabia,6.0,0,1.090999999999994,0.0,0.22,1.0
SAI,12.0,MEDIUM,12.0,5.0,95.944,0,0.0,2023,Saudi Arabia,6.0,0,0.9463333333333281,0.0,0.24,1.0
SAI,13.0,MEDIUM,13.0,4.0,95.256,0,0.0,2023,Saudi Arabia,6.0,0,0.6796666666666624,-0.2,0.26,1.0
SAI,14.0,MEDIUM,14.0,4.0,95.001,0,0.0,2023,Saudi Arabia,6.0,0,0.3993333333333311,-0.2,0.28,1.0
SAI,15.0,MEDIUM,15.0,4.0,97.523,1,0.0,2023,Saudi Arabia,6.0,1,1.6519999999999964,-0.2,0.3,1.0
SAI,16.0,HARD,1.0,9.0,113.399,0,0.0,2023,Saudi Arabia,6.0,1,8.425999999999997,0.8,0.32,2.0
SAI,17.0,HARD,2.0,7.0,102.111,0,0.0,2023,Saudi Arabia,6.0,1,11.52233333333333,0.4,0.34,2.0
SAI,18.0,HARD,3.0,6.0,132.896,0,0.0,2023,Saudi Arabia,6.0,1,23.31333333333333,0.4,0.36,2.0
SAI,19.0,HARD,4.0,5.0,145.323,0,0.0,2023,Saudi Arabia,6.0,1,33.95466666666666,0.2,0.38,2.0
SAI,21.0,HARD,6.0,5.0,97.37,0,0.0,2023,Saudi Arabia,6.0,1,32.37433333333333,0.2,0.42,2.0
SAI,22.0,HARD,7.0,6.0,96.313,0,0.0,2023,Saudi Arabia,6.0,1,20.180000000000003,-0.6,0.44,2.0
SAI,23.0,HARD,8.0,6.0,95.041,0,0.0,2023,Saudi Arabia,6.0,1,3.419333333333332,-0.2,0.46,2.0
SAI,24.0,HARD,9.0,6.0,94.656,0,0.0,2023,Saudi Arabia,6.0,1,2.5146666666666655,0.0,0.48,2.0
SAI,25.0,HARD,10.0,6.0,94.814,0,0.0,2023,Saudi Arabia,6.0,1,2.0149999999999957,0.2,0.5,2.0
SAI,26.0,HARD,11.0,6.0,94.415,0,0.0,2023,Saudi Arabia,6.0,1,1.8063333333333322,0.2,0.52,2.0
SAI,27.0,HARD,12.0,6.0,94.539,0,0.0,2023,Saudi Arabia,6.0,1,1.7673333333333308,0.0,0.54,2.0
SAI,28.0,HARD,13.0,6.0,94.762,0,0.0,2023,Saudi Arabia,6.0,1,1.75,0.0,0.56,2.0
SAI,29.0,HARD,14.0,6.0,94.331,0,0.0,2023,Saudi Arabia,6.0,1,1.7219999999999989,0.0,0.58,2.0
SAI,30.0,HARD,15.0,6.0,94.498,0,0.0,2023,Saudi Arabia,6.0,1,1.7083333333333333,0.0,0.6,2.0
SAI,31.0,HARD,16.0,6.0,94.104,0,0.0,2023,Saudi Arabia,6.0,1,1.4889999999999997,0.0,0.62,2.0
SAI,32.0,HARD,17.0,6.0,93.867,0,0.0,2023,Saudi Arabia,6.0,1,1.3343333333333334,0.0,0.64,2.0
SAI,33.0,HARD,18.0,6.0,93.989,0,0.0,2023,Saudi Arabia,6.0,1,1.1646666666666665,0.0,0.66,2.0
SAI,34.0,HARD,19.0,6.0,93.861,0,0.0,2023,Saudi Arabia,6.0,1,1.0836666666666683,0.0,0.68,2.0
SAI,35.0,HARD,20.0,6.0,93.862,0,0.0,2023,Saudi Arabia,6.0,1,1.0819999999999983,0.0,0.7,2.0
SAI,36.0,HARD,21.0,6.0,93.539,0,0.0,2023,Saudi Arabia,6.0,1,0.9319999999999974,0.0,0.72,2.0
SAI,37.0,HARD,22.0,6.0,93.803,0,0.0,2023,Saudi Arabia,6.0,1,0.9126666666666617,0.0,0.74,2.0
SAI,38.0,HARD,23.0,6.0,93.913,0,0.0,2023,Saudi Arabia,6.0,1,0.9296666666666624,0.0,0.76,2.0
SAI,39.0,HARD,24.0,6.0,93.465,0,0.0,2023,Saudi Arabia,6.0,1,0.9049999999999964,0.0,0.78,2.0
SAI,40.0,HARD,25.0,6.0,93.403,0,0.0,2023,Saudi Arabia,6.0,1,0.771666666666666,0.0,0.8,2.0
SAI,41.0,HARD,26.0,6.0,93.411,0,0.0,2023,Saudi Arabia,6.0,1,0.6043333333333342,0.0,0.82,2.0
SAI,42.0,HARD,27.0,6.0,93.432,0,0.0,2023,Saudi Arabia,6.0,1,0.5933333333333337,0.0,0.84,2.0
SAI,43.0,HARD,28.0,6.0,93.288,0,0.0,2023,Saudi Arabia,6.0,1,0.5549999999999974,0.0,0.86,2.0
SAI,44.0,HARD,29.0,6.0,93.358,0,0.0,2023,Saudi Arabia,6.0,1,0.5373333333333316,0.0,0.88,2.0
SAI,45.0,HARD,30.0,6.0,93.512,0,0.0,2023,Saudi Arabia,6.0,1,0.5639999999999977,0.0,0.9,2.0
SAI,46.0,HARD,31.0,6.0,93.149,0,0.0,2023,Saudi Arabia,6.0,1,0.5176666666666657,0.0,0.92,2.0
SAI,47.0,HARD,32.0,6.0,93.128,0,0.0,2023,Saudi Arabia,6.0,1,0.4409999999999978,0.0,0.94,2.0
SAI,48.0,HARD,33.0,6.0,92.92,0,0.0,2023,Saudi Arabia,6.0,1,0.24366666666666484,0.0,0.96,2.0
SAI,49.0,HARD,34.0,6.0,93.564,0,0.0,2023,Saudi Arabia,6.0,1,0.3819999999999955,0.0,0.98,2.0
SAI,50.0,HARD,35.0,6.0,92.822,0,0.0,2023,Saudi Arabia,6.0,1,0.2799999999999964,0.0,1.0,2.0
SAR,2.0,HARD,2.0,17.0,99.426,0,0.0,2023,Saudi Arabia,16.0,0,7.218999999999994,-3.0,0.04,2.0
SAR,3.0,HARD,3.0,17.0,96.997,0,0.0,2023,Saudi Arabia,16.0,0,5.102999999999994,-1.5,0.06,2.0
SAR,4.0,HARD,4.0,17.0,96.844,0,0.0,2023,Saudi Arabia,16.0,0,1.6296666666666606,-1.0,0.08,2.0
SAR,5.0,HARD,5.0,17.0,96.881,0,0.0,2023,Saudi Arabia,16.0,0,0.7813333333333267,-0.75,0.1,2.0
SAR,6.0,HARD,6.0,17.0,97.043,0,0.0,2023,Saudi Arabia,16.0,0,0.7966666666666621,-0.6,0.12,2.0
SAR,7.0,HARD,7.0,17.0,97.282,0,0.0,2023,Saudi Arabia,16.0,0,0.9426666666666629,0.0,0.14,2.0
SAR,8.0,HARD,8.0,18.0,98.259,0,0.0,2023,Saudi Arabia,16.0,0,1.4019999999999964,0.2,0.16,2.0
SAR,9.0,HARD,9.0,16.0,97.159,0,0.0,2023,Saudi Arabia,16.0,0,1.4406666666666628,-0.2,0.18,2.0
SAR,10.0,HARD,10.0,16.0,96.757,0,0.0,2023,Saudi Arabia,16.0,0,1.2656666666666656,-0.2,0.2,2.0
SAR,11.0,HARD,11.0,16.0,96.735,0,0.0,2023,Saudi Arabia,16.0,0,0.7576666666666654,-0.2,0.22,2.0
SAR,12.0,HARD,12.0,14.0,96.645,0,0.0,2023,Saudi Arabia,16.0,0,0.5863333333333287,-0.6,0.24,2.0
SAR,13.0,HARD,13.0,14.0,96.126,0,0.0,2023,Saudi Arabia,16.0,0,0.3759999999999953,-0.8,0.26,2.0
SAR,14.0,HARD,14.0,14.0,96.434,0,0.0,2023,Saudi Arabia,16.0,0,0.27566666666666134,-0.4,0.28,2.0
SAR,15.0,HARD,15.0,13.0,96.19,0,0.0,2023,Saudi Arabia,16.0,0,0.12399999999999523,-0.6,0.3,2.0
SAR,16.0,HARD,16.0,13.0,96.154,0,0.0,2023,Saudi Arabia,16.0,0,0.13333333333332575,-0.6,0.32,2.0
SAR,17.0,HARD,17.0,10.0,107.279,0,0.0,2023,Saudi Arabia,16.0,0,3.7483333333333255,-0.8,0.34,2.0
SAR,18.0,HARD,18.0,10.0,136.225,1,0.0,2023,Saudi Arabia,16.0,1,17.64566666666666,-0.8,0.36,2.0
SAR,19.0,MEDIUM,1.0,15.0,142.638,0,0.0,2023,Saudi Arabia,16.0,1,33.69266666666667,0.2,0.38,1.0
SAR,20.0,MEDIUM,2.0,15.0,144.92,0,0.0,2023,Saudi Arabia,16.0,1,46.792,0.4,0.4,1.0
SAR,21.0,MEDIUM,3.0,14.0,98.699,0,0.0,2023,Saudi Arabia,16.0,1,34.28333333333334,0.2,0.42,1.0
SAR,22.0,MEDIUM,4.0,14.0,97.11,0,0.0,2023,Saudi Arabia,16.0,1,19.107333333333333,0.8,0.44,1.0
SAR,23.0,MEDIUM,5.0,14.0,95.822,0,0.0,2023,Saudi Arabia,16.0,1,2.741333333333339,0.8,0.46,1.0
SAR,24.0,MEDIUM,6.0,14.0,95.557,0,0.0,2023,Saudi Arabia,16.0,1,1.6940000000000073,-0.2,0.48,1.0
SAR,25.0,MEDIUM,7.0,14.0,95.738,0,0.0,2023,Saudi Arabia,16.0,1,1.2366666666666741,-0.2,0.5,1.0
SAR,26.0,MEDIUM,8.0,13.0,96.912,0,0.0,2023,Saudi Arabia,16.0,1,1.6000000000000085,-0.2,0.52,1.0
SAR,27.0,MEDIUM,9.0,13.0,95.604,0,0.0,2023,Saudi Arabia,16.0,1,1.6156666666666741,-0.2,0.54,1.0
SAR,28.0,MEDIUM,10.0,13.0,95.208,0,0.0,2023,Saudi Arabia,16.0,1,1.4390000000000072,-0.2,0.56,1.0
SAR,29.0,MEDIUM,11.0,13.0,94.738,0,0.0,2023,Saudi Arabia,16.0,1,0.7143333333333383,-0.2,0.58,1.0
SAR,30.0,MEDIUM,12.0,13.0,96.407,0,0.0,2023,Saudi Arabia,16.0,1,0.9820000000000041,-0.2,0.6,1.0
SAR,31.0,MEDIUM,13.0,13.0,95.039,0,0.0,2023,Saudi Arabia,16.0,1,0.9256666666666717,0.0,0.62,1.0
SAR,32.0,MEDIUM,14.0,13.0,95.314,0,0.0,2023,Saudi Arabia,16.0,1,1.1176666666666695,0.0,0.64,1.0
SAR,33.0,MEDIUM,15.0,13.0,95.325,0,0.0,2023,Saudi Arabia,16.0,1,0.757000000000005,0.0,0.66,1.0
SAR,34.0,MEDIUM,16.0,13.0,95.069,0,0.0,2023,Saudi Arabia,16.0,1,0.7670000000000053,0.0,0.68,1.0
SAR,35.0,MEDIUM,17.0,13.0,95.523,0,0.0,2023,Saudi Arabia,16.0,1,0.8366666666666731,0.0,0.7,1.0
SAR,36.0,MEDIUM,18.0,13.0,95.534,0,0.0,2023,Saudi Arabia,16.0,1,0.9063333333333409,0.0,0.72,1.0
SAR,37.0,MEDIUM,19.0,13.0,95.437,0,0.0,2023,Saudi Arabia,16.0,1,1.029000000000006,0.0,0.74,1.0
SAR,38.0,MEDIUM,20.0,14.0,96.144,0,0.0,2023,Saudi Arabia,16.0,1,1.2360000000000089,0.2,0.76,1.0
SAR,39.0,MEDIUM,21.0,14.0,95.718,0,0.0,2023,Saudi Arabia,16.0,1,1.2973333333333414,0.2,0.78,1.0
SAR,40.0,MEDIUM,22.0,14.0,95.18,0,0.0,2023,Saudi Arabia,16.0,1,1.2116666666666778,0.2,0.8,1.0
SAR,41.0,MEDIUM,23.0,16.0,95.974,0,0.0,2023,Saudi Arabia,16.0,1,1.1550000000000107,0.6,0.82,1.0
SAR,42.0,MEDIUM,24.0,15.0,95.92,0,0.0,2023,Saudi Arabia,16.0,1,1.2223333333333433,0.4,0.84,1.0
SAR,43.0,MEDIUM,25.0,15.0,95.229,0,0.0,2023,Saudi Arabia,16.0,1,1.2386666666666741,0.2,0.86,1.0
SAR,44.0,MEDIUM,26.0,15.0,94.905,0,0.0,2023,Saudi Arabia,16.0,1,0.88233333333334,0.2,0.88,1.0
SAR,45.0,MEDIUM,27.0,15.0,95.13,0,0.0,2023,Saudi Arabia,16.0,1,0.6190000000000045,0.2,0.9,1.0
SAR,46.0,MEDIUM,28.0,15.0,94.569,0,0.0,2023,Saudi Arabia,16.0,1,0.39900000000000563,-0.2,0.92,1.0
SAR,47.0,MEDIUM,29.0,15.0,94.896,0,0.0,2023,Saudi Arabia,16.0,1,0.3960000000000055,0.0,0.94,1.0
SAR,48.0,MEDIUM,30.0,15.0,94.584,0,0.0,2023,Saudi Arabia,16.0,1,0.2140000000000081,0.0,0.96,1.0
SAR,49.0,MEDIUM,31.0,15.0,94.469,0,0.0,2023,Saudi Arabia,16.0,1,0.18066666666667194,0.0,0.98,1.0
SAR,50.0,MEDIUM,32.0,16.0,96.175,0,0.0,2023,Saudi Arabia,16.0,1,0.6070000000000041,0.2,1.0,1.0
STR,2.0,MEDIUM,2.0,4.0,96.324,0,0.0,2023,Saudi Arabia,10.0,0,2.5685000000000002,0.0,0.04,1.0
STR,3.0,MEDIUM,3.0,4.0,95.239,0,0.0,2023,Saudi Arabia,10.0,0,1.7453333333333347,0.0,0.06,1.0
STR,4.0,MEDIUM,4.0,4.0,95.56,0,0.0,2023,Saudi Arabia,10.0,0,0.5676666666666677,0.0,0.08,1.0
STR,5.0,MEDIUM,5.0,4.0,95.471,0,0.0,2023,Saudi Arabia,10.0,0,0.28333333333333616,0.0,0.1,1.0
STR,6.0,MEDIUM,6.0,4.0,95.551,0,0.0,2023,Saudi Arabia,10.0,0,0.38733333333333536,0.0,0.12,1.0
STR,7.0,MEDIUM,7.0,4.0,95.14,0,0.0,2023,Saudi Arabia,10.0,0,0.24733333333333482,0.0,0.14,1.0
STR,8.0,MEDIUM,8.0,4.0,95.616,0,0.0,2023,Saudi Arabia,10.0,0,0.2956666666666668,0.0,0.16,1.0
STR,9.0,MEDIUM,9.0,4.0,96.118,0,0.0,2023,Saudi Arabia,10.0,0,0.4846666666666645,0.0,0.18,1.0
STR,10.0,MEDIUM,10.0,4.0,95.443,0,0.0,2023,Saudi Arabia,10.0,0,0.5856666666666636,0.0,0.2,1.0
STR,11.0,MEDIUM,11.0,4.0,95.512,0,0.0,2023,Saudi Arabia,10.0,0,0.5509999999999972,0.0,0.22,1.0
STR,12.0,MEDIUM,12.0,4.0,96.522,0,0.0,2023,Saudi Arabia,10.0,0,0.6856666666666674,0.0,0.24,1.0
STR,13.0,MEDIUM,13.0,5.0,98.543,1,0.0,2023,Saudi Arabia,10.0,1,1.3450000000000035,0.2,0.26,1.0
STR,14.0,HARD,2.0,11.0,114.305,0,0.0,2023,Saudi Arabia,10.0,1,7.235333333333339,1.4,0.28,2.0
STR,15.0,HARD,3.0,10.0,96.262,0,0.0,2023,Saudi Arabia,10.0,1,6.774666666666671,1.2,0.3,2.0
STR,16.0,HARD,4.0,10.0,96.485,0,0.0,2023,Saudi Arabia,10.0,1,6.0886666666666684,1.2,0.32,2.0
TSU,2.0,MEDIUM,2.0,14.0,98.171,0,0.0,2023,Saudi Arabia,11.0,0,6.264000000000003,0.0,0.04,1.0
TSU,3.0,MEDIUM,3.0,14.0,97.15,0,0.0,2023,Saudi Arabia,11.0,0,4.687333333333338,0.0,0.06,1.0
TSU,4.0,MEDIUM,4.0,14.0,97.006,0,0.0,2023,Saudi Arabia,11.0,0,1.8263333333333378,0.0,0.08,1.0
TSU,5.0,MEDIUM,5.0,14.0,96.705,0,0.0,2023,Saudi Arabia,11.0,0,1.3376666666666683,0.0,0.1,1.0
TSU,6.0,MEDIUM,6.0,14.0,96.788,0,0.0,2023,Saudi Arabia,11.0,0,1.2169999999999987,0.0,0.12,1.0
TSU,7.0,MEDIUM,7.0,14.0,96.655,0,0.0,2023,Saudi Arabia,11.0,0,1.099999999999999,0.0,0.14,1.0
TSU,8.0,MEDIUM,8.0,13.0,96.569,0,0.0,2023,Saudi Arabia,11.0,0,1.054666666666667,-0.2,0.16,1.0
TSU,9.0,MEDIUM,9.0,13.0,96.285,0,0.0,2023,Saudi Arabia,11.0,0,0.8870000000000005,-0.2,0.18,1.0
TSU,10.0,MEDIUM,10.0,13.0,96.187,0,0.0,2023,Saudi Arabia,11.0,0,0.7309999999999993,-0.2,0.2,1.0
TSU,11.0,MEDIUM,11.0,12.0,96.2,0,0.0,2023,Saudi Arabia,11.0,0,0.6079999999999993,-0.4,0.22,1.0
TSU,12.0,MEDIUM,12.0,11.0,95.839,0,0.0,2023,Saudi Arabia,11.0,0,0.45933333333333337,-0.6,0.24,1.0
TSU,13.0,MEDIUM,13.0,11.0,96.087,0,0.0,2023,Saudi Arabia,11.0,0,0.42600000000000193,-0.4,0.26,1.0
TSU,14.0,MEDIUM,14.0,10.0,95.938,0,0.0,2023,Saudi Arabia,11.0,0,0.33866666666666845,-0.6,0.28,1.0
TSU,15.0,MEDIUM,15.0,9.0,95.616,0,0.0,2023,Saudi Arabia,11.0,0,0.2643333333333355,-0.8,0.3,1.0
TSU,16.0,MEDIUM,16.0,8.0,95.638,0,0.0,2023,Saudi Arabia,11.0,0,0.11466666666666943,-0.8,0.32,1.0
TSU,17.0,MEDIUM,17.0,6.0,102.41,1,0.0,2023,Saudi Arabia,11.0,1,2.833666666666668,-1.0,0.34,1.0
TSU,18.0,HARD,1.0,8.0,149.289,0,0.0,2023,Saudi Arabia,11.0,1,21.28633333333333,-0.6,0.36,2.0
TSU,19.0,HARD,2.0,8.0,134.657,0,0.0,2023,Saudi Arabia,11.0,1,34.85433333333334,-0.4,0.38,2.0
TSU,21.0,HARD,4.0,8.0,98.152,0,0.0,2023,Saudi Arabia,11.0,1,33.435,-0.2,0.42,2.0
TSU,22.0,HARD,5.0,8.0,96.197,0,0.0,2023,Saudi Arabia,11.0,1,15.737666666666675,0.0,0.44,2.0
TSU,23.0,HARD,6.0,8.0,95.717,0,0.0,2023,Saudi Arabia,11.0,1,2.7576666666666703,0.4,0.46,2.0
TSU,24.0,HARD,7.0,9.0,96.425,0,0.0,2023,Saudi Arabia,11.0,1,2.182000000000002,0.2,0.48,2.0
TSU,25.0,HARD,8.0,10.0,96.833,0,0.0,2023,Saudi Arabia,11.0,1,2.3940000000000006,0.4,0.5,2.0
TSU,26.0,HARD,9.0,10.0,95.513,0,0.0,2023,Saudi Arabia,11.0,1,2.3260000000000027,0.4,0.52,2.0
TSU,27.0,HARD,10.0,10.0,95.392,0,0.0,2023,Saudi Arabia,11.0,1,1.9816666666666691,0.4,0.54,2.0
TSU,28.0,HARD,11.0,10.0,95.155,0,0.0,2023,Saudi Arabia,11.0,1,1.4223333333333368,0.4,0.56,2.0
TSU,29.0,HARD,12.0,10.0,94.791,0,0.0,2023,Saudi Arabia,11.0,1,1.1816666666666673,0.2,0.58,2.0
TSU,30.0,HARD,13.0,10.0,95.113,0,0.0,2023,Saudi Arabia,11.0,1,1.0886666666666684,0.0,0.6,2.0
TSU,31.0,HARD,14.0,10.0,94.929,0,0.0,2023,Saudi Arabia,11.0,1,1.0133333333333354,0.0,0.62,2.0
TSU,32.0,HARD,15.0,10.0,95.246,0,0.0,2023,Saudi Arabia,11.0,1,1.1650000000000016,0.0,0.64,2.0
TSU,33.0,HARD,16.0,10.0,94.797,0,0.0,2023,Saudi Arabia,11.0,1,1.0596666666666674,0.0,0.66,2.0
TSU,34.0,HARD,17.0,10.0,94.925,0,0.0,2023,Saudi Arabia,11.0,1,1.0583333333333325,0.0,0.68,2.0
TSU,35.0,HARD,18.0,10.0,94.878,0,0.0,2023,Saudi Arabia,11.0,1,0.9356666666666674,0.0,0.7,2.0
TSU,36.0,HARD,19.0,10.0,94.61,0,0.0,2023,Saudi Arabia,11.0,1,0.8733333333333348,0.0,0.72,2.0
TSU,37.0,HARD,20.0,10.0,94.715,0,0.0,2023,Saudi Arabia,11.0,1,0.8033333333333369,0.0,0.74,2.0
TSU,38.0,HARD,21.0,10.0,94.488,0,0.0,2023,Saudi Arabia,11.0,1,0.6733333333333368,0.0,0.76,2.0
TSU,39.0,HARD,22.0,10.0,94.353,0,0.0,2023,Saudi Arabia,11.0,1,0.5876666666666684,0.0,0.78,2.0
TSU,40.0,HARD,23.0,10.0,94.373,0,0.0,2023,Saudi Arabia,11.0,1,0.47366666666666885,0.0,0.8,2.0
TSU,41.0,HARD,24.0,10.0,94.316,0,0.0,2023,Saudi Arabia,11.0,1,0.4163333333333365,0.0,0.82,2.0
TSU,42.0,HARD,25.0,10.0,94.056,0,0.0,2023,Saudi Arabia,11.0,1,0.31733333333333746,0.0,0.84,2.0
TSU,43.0,HARD,26.0,10.0,93.989,0,0.0,2023,Saudi Arabia,11.0,1,0.18933333333333735,0.0,0.86,2.0
TSU,44.0,HARD,27.0,10.0,94.189,0,0.0,2023,Saudi Arabia,11.0,1,0.14700000000000082,0.0,0.88,2.0
TSU,45.0,HARD,28.0,11.0,94.599,0,0.0,2023,Saudi Arabia,11.0,1,0.32800000000000296,0.2,0.9,2.0
TSU,46.0,HARD,29.0,11.0,97.002,0,0.0,2023,Saudi Arabia,11.0,1,1.3323333333333334,0.2,0.92,2.0
TSU,47.0,HARD,30.0,11.0,94.282,0,0.0,2023,Saudi Arabia,11.0,1,1.3633333333333344,0.2,0.94,2.0
TSU,48.0,HARD,31.0,11.0,94.125,0,0.0,2023,Saudi Arabia,11.0,1,1.2053333333333331,0.2,0.96,2.0
TSU,49.0,HARD,32.0,11.0,94.117,0,0.0,2023,Saudi Arabia,11.0,1,0.24366666666666958,0.2,0.98,2.0
TSU,50.0,HARD,33.0,11.0,93.931,0,0.0,2023,Saudi Arabia,11.0,1,0.1266666666666699,0.0,1.0,2.0
VER,2.0,MEDIUM,2.0,13.0,97.68,0,0.0,2023,Saudi Arabia,2.0,0,7.660999999999994,0.0,0.04,1.0
VER,3.0,MEDIUM,3.0,13.0,96.526,0,0.0,2023,Saudi Arabia,2.0,0,6.019333333333326,0.0,0.06,1.0
VER,4.0,MEDIUM,4.0,12.0,96.503,0,0.0,2023,Saudi Arabia,2.0,0,3.1129999999999947,-0.3333333333333333,0.08,1.0
VER,5.0,MEDIUM,5.0,11.0,95.359,0,0.0,2023,Saudi Arabia,2.0,0,2.339333333333324,-0.5,0.1,1.0
VER,6.0,MEDIUM,6.0,11.0,95.84,0,0.0,2023,Saudi Arabia,2.0,0,2.11066666666666,-0.4,0.12,1.0
VER,7.0,MEDIUM,7.0,11.0,95.687,0,0.0,2023,Saudi Arabia,2.0,0,1.838666666666659,-0.4,0.14,1.0
VER,8.0,MEDIUM,8.0,10.0,95.129,0,0.0,2023,Saudi Arabia,2.0,0,1.7619999999999958,-0.6,0.16,1.0
VER,9.0,MEDIUM,9.0,9.0,95.561,0,0.0,2023,Saudi Arabia,2.0,0,1.668999999999997,-0.6,0.18,1.0
VER,10.0,MEDIUM,10.0,9.0,95.443,0,0.0,2023,Saudi Arabia,2.0,0,1.5876666666666637,-0.4,0.2,1.0
VER,11.0,MEDIUM,11.0,9.0,95.306,0,0.0,2023,Saudi Arabia,2.0,0,1.6466666666666612,-0.4,0.22,1.0
VER,12.0,MEDIUM,12.0,8.0,94.848,0,0.0,2023,Saudi Arabia,2.0,0,1.4089999999999918,-0.6,0.24,1.0
VER,13.0,MEDIUM,13.0,8.0,95.183,0,0.0,2023,Saudi Arabia,2.0,0,1.3223333333333283,-0.4,0.26,1.0
VER,14.0,MEDIUM,14.0,6.0,94.2,0,0.0,2023,Saudi Arabia,2.0,0,0.9536666666666633,-0.6,0.28,1.0
VER,15.0,MEDIUM,15.0,6.0,94.499,0,0.0,2023,Saudi Arabia,2.0,0,0.8373333333333287,-0.6,0.3,1.0
VER,16.0,MEDIUM,16.0,4.0,94.443,0,0.0,2023,Saudi Arabia,2.0,0,0.590666666666659,-1.0,0.32,1.0
VER,17.0,MEDIUM,17.0,4.0,93.79,0,0.0,2023,Saudi Arabia,2.0,0,0.4539999999999935,-0.8,0.34,1.0
VER,18.0,MEDIUM,18.0,4.0,134.348,1,0.0,2023,Saudi Arabia,2.0,1,14.365,-0.8,0.36,1.0
VER,21.0,HARD,3.0,4.0,96.946,0,0.0,2023,Saudi Arabia,2.0,1,15.827333333333334,-0.4,0.42,2.0
VER,22.0,HARD,4.0,4.0,94.973,0,0.0,2023,Saudi Arabia,2.0,1,16.849666666666664,-0.4,0.44,2.0
VER,23.0,HARD,5.0,3.0,94.115,0,0.0,2023,Saudi Arabia,2.0,1,3.438666666666658,-0.2,0.46,2.0
VER,24.0,HARD,6.0,3.0,94.146,0,0.0,2023,Saudi Arabia,2.0,1,2.5053333333333256,-0.2,0.48,2.0
VER,25.0,HARD,7.0,2.0,92.933,0,0.0,2023,Saudi Arabia,2.0,1,1.8253333333333284,-0.4,0.5,2.0
VER,26.0,HARD,8.0,2.0,92.94,0,0.0,2023,Saudi Arabia,2.0,1,1.4336666666666626,-0.4,0.52,2.0
VER,27.0,HARD,9.0,2.0,92.838,0,0.0,2023,Saudi Arabia,2.0,1,0.9976666666666603,-0.4,0.54,2.0
VER,28.0,HARD,10.0,2.0,92.869,0,0.0,2023,Saudi Arabia,2.0,1,0.9763333333333245,-0.2,0.56,2.0
VER,29.0,HARD,11.0,2.0,92.67,0,0.0,2023,Saudi Arabia,2.0,1,0.8863333333333259,-0.2,0.58,2.0
VER,30.0,HARD,12.0,2.0,92.877,0,0.0,2023,Saudi Arabia,2.0,1,0.8993333333333263,0.0,0.6,2.0
VER,31.0,HARD,13.0,2.0,92.382,0,0.0,2023,Saudi Arabia,2.0,1,0.7369999999999948,0.0,0.62,2.0
VER,32.0,HARD,14.0,2.0,92.4,0,0.0,2023,Saudi Arabia,2.0,1,0.6469999999999961,0.0,0.64,2.0
VER,33.0,HARD,15.0,2.0,92.387,0,0.0,2023,Saudi Arabia,2.0,1,0.48366666666666447,0.0,0.66,2.0
VER,34.0,HARD,16.0,2.0,92.341,0,0.0,2023,Saudi Arabia,2.0,1,0.46999999999999414,0.0,0.68,2.0
VER,35.0,HARD,17.0,2.0,92.249,0,0.0,2023,Saudi Arabia,2.0,1,0.4196666666666573,0.0,0.7,2.0
VER,36.0,HARD,18.0,2.0,92.384,0,0.0,2023,Saudi Arabia,2.0,1,0.41866666666665725,0.0,0.72,2.0
VER,37.0,HARD,19.0,2.0,92.496,0,0.0,2023,Saudi Arabia,2.0,1,0.47033333333332433,0.0,0.74,2.0
VER,38.0,HARD,20.0,2.0,93.123,0,0.0,2023,Saudi Arabia,2.0,1,0.7616666666666608,0.0,0.76,2.0
VER,39.0,HARD,21.0,2.0,92.432,0,0.0,2023,Saudi Arabia,2.0,1,0.7776666666666614,0.0,0.78,2.0
VER,40.0,HARD,22.0,2.0,92.606,0,0.0,2023,Saudi Arabia,2.0,1,0.8143333333333279,0.0,0.8,2.0
VER,41.0,HARD,23.0,2.0,92.638,0,0.0,2023,Saudi Arabia,2.0,1,0.6526666666666614,0.0,0.82,2.0
VER,42.0,HARD,24.0,2.0,92.274,0,0.0,2023,Saudi Arabia,2.0,1,0.5999999999999943,0.0,0.84,2.0
VER,43.0,HARD,25.0,2.0,92.343,0,0.0,2023,Saudi Arabia,2.0,1,0.5123333333333306,0.0,0.86,2.0
VER,44.0,HARD,26.0,2.0,92.848,0,0.0,2023,Saudi Arabia,2.0,1,0.5823333333333286,0.0,0.88,2.0
VER,45.0,HARD,27.0,2.0,92.968,0,0.0,2023,Saudi Arabia,2.0,1,0.8136666666666628,0.0,0.9,2.0
VER,46.0,HARD,28.0,2.0,93.148,0,0.0,2023,Saudi Arabia,2.0,1,1.0819999999999936,0.0,0.92,2.0
VER,47.0,HARD,29.0,2.0,93.238,0,0.0,2023,Saudi Arabia,2.0,1,1.2119999999999937,0.0,0.94,2.0
VER,48.0,HARD,30.0,2.0,93.607,0,0.0,2023,Saudi Arabia,2.0,1,1.4249999999999925,0.0,0.96,2.0
VER,49.0,HARD,31.0,2.0,93.835,0,0.0,2023,Saudi Arabia,2.0,1,1.6539999999999917,0.0,0.98,2.0
VER,50.0,HARD,32.0,2.0,91.906,0,0.0,2023,Saudi Arabia,2.0,1,1.2099999999999937,0.0,1.0,2.0
ZHO,2.0,MEDIUM,2.0,10.0,96.615,0,0.0,2023,Saudi Arabia,13.0,0,4.661499999999997,0.0,0.04,1.0
ZHO,3.0,MEDIUM,3.0,10.0,96.26,0,0.0,2023,Saudi Arabia,13.0,0,3.2183333333333337,0.0,0.06,1.0
ZHO,4.0,MEDIUM,4.0,10.0,96.359,0,0.0,2023,Saudi Arabia,13.0,0,0.4833333333333343,0.0,0.08,1.0
ZHO,5.0,MEDIUM,5.0,10.0,96.314,0,0.0,2023,Saudi Arabia,13.0,0,0.3830000000000003,0.0,0.1,1.0
ZHO,6.0,MEDIUM,6.0,10.0,95.928,0,0.0,2023,Saudi Arabia,13.0,0,0.27233333333333104,0.0,0.12,1.0
ZHO,7.0,MEDIUM,7.0,10.0,96.506,0,0.0,2023,Saudi Arabia,13.0,0,0.32133333333333286,0.0,0.14,1.0
ZHO,8.0,MEDIUM,8.0,11.0,97.134,0,0.0,2023,Saudi Arabia,13.0,0,0.5946666666666687,0.2,0.16,1.0
ZHO,9.0,MEDIUM,9.0,11.0,96.451,0,0.0,2023,Saudi Arabia,13.0,0,0.7690000000000007,0.2,0.18,1.0
ZHO,10.0,MEDIUM,10.0,11.0,96.253,0,0.0,2023,Saudi Arabia,13.0,0,0.6846666666666673,0.2,0.2,1.0
ZHO,11.0,MEDIUM,11.0,11.0,99.247,1,0.0,2023,Saudi Arabia,13.0,1,1.6106666666666645,0.2,0.22,1.0
ZHO,12.0,HARD,1.0,17.0,115.874,0,0.0,2023,Saudi Arabia,13.0,1,8.306666666666663,1.4,0.24,2.0
ZHO,13.0,HARD,2.0,16.0,95.263,0,0.0,2023,Saudi Arabia,13.0,1,8.198333333333329,1.0,0.26,2.0
ZHO,14.0,HARD,3.0,16.0,95.547,0,0.0,2023,Saudi Arabia,13.0,1,6.964999999999994,1.0,0.28,2.0
ZHO,15.0,HARD,4.0,16.0,95.618,0,0.0,2023,Saudi Arabia,13.0,1,0.21299999999999386,1.0,0.3,2.0
ZHO,16.0,HARD,5.0,16.0,95.98,0,0.0,2023,Saudi Arabia,13.0,1,0.45199999999999346,1.0,0.32,2.0
ZHO,17.0,HARD,6.0,15.0,109.326,0,0.0,2023,Saudi Arabia,13.0,1,5.044999999999992,-0.4,0.34,2.0
ZHO,18.0,HARD,7.0,14.0,137.713,1,0.0,2023,Saudi Arabia,13.0,2,19.53299999999999,-0.4,0.36,2.0
ZHO,19.0,MEDIUM,1.0,17.0,135.298,0,0.0,2023,Saudi Arabia,13.0,2,33.09533333333332,0.2,0.38,1.0
ZHO,20.0,MEDIUM,2.0,17.0,141.617,0,0.0,2023,Saudi Arabia,13.0,2,44.31533333333332,0.2,0.4,1.0
ZHO,21.0,MEDIUM,3.0,16.0,98.769,0,0.0,2023,Saudi Arabia,13.0,2,31.333999999999993,0.0,0.42,1.0
ZHO,22.0,MEDIUM,4.0,16.0,97.391,0,0.0,2023,Saudi Arabia,13.0,2,18.698333333333327,0.2,0.44,1.0
ZHO,23.0,MEDIUM,5.0,15.0,96.346,0,0.0,2023,Saudi Arabia,13.0,2,3.607999999999999,0.2,0.46,1.0
ZHO,24.0,MEDIUM,6.0,15.0,95.452,0,0.0,2023,Saudi Arabia,13.0,2,2.5023333333333304,-0.4,0.48,1.0
ZHO,25.0,MEDIUM,7.0,15.0,95.56,0,0.0,2023,Saudi Arabia,13.0,2,1.891999999999996,-0.4,0.5,1.0
ZHO,26.0,MEDIUM,8.0,14.0,96.338,0,0.0,2023,Saudi Arabia,13.0,2,1.889333333333326,-0.4,0.52,1.0
ZHO,27.0,MEDIUM,9.0,14.0,95.629,0,0.0,2023,Saudi Arabia,13.0,2,1.9483333333333281,-0.4,0.54,1.0
ZHO,28.0,MEDIUM,10.0,14.0,95.4,0,0.0,2023,Saudi Arabia,13.0,2,1.894999999999996,-0.2,0.56,1.0
ZHO,29.0,MEDIUM,11.0,14.0,94.811,0,0.0,2023,Saudi Arabia,13.0,2,1.3860000000000003,-0.2,0.58,1.0
ZHO,30.0,MEDIUM,12.0,14.0,96.153,0,0.0,2023,Saudi Arabia,13.0,2,1.5606666666666673,-0.2,0.6,1.0
ZHO,31.0,MEDIUM,13.0,14.0,95.268,0,0.0,2023,Saudi Arabia,13.0,2,1.5166666666666657,0.0,0.62,1.0
ZHO,32.0,MEDIUM,14.0,14.0,95.136,0,0.0,2023,Saudi Arabia,13.0,2,1.6249999999999953,0.0,0.64,1.0
ZHO,33.0,MEDIUM,15.0,14.0,95.397,0,0.0,2023,Saudi Arabia,13.0,2,1.3729999999999951,0.0,0.66,1.0
ZHO,34.0,MEDIUM,16.0,14.0,95.361,0,0.0,2023,Saudi Arabia,13.0,2,1.4039999999999964,0.0,0.68,1.0
ZHO,35.0,MEDIUM,17.0,14.0,95.164,0,0.0,2023,Saudi Arabia,13.0,2,1.4133333333333316,0.0,0.7,1.0
ZHO,36.0,MEDIUM,18.0,14.0,95.233,0,0.0,2023,Saudi Arabia,13.0,2,1.3586666666666645,0.0,0.72,1.0
ZHO,37.0,MEDIUM,19.0,14.0,95.391,0,0.0,2023,Saudi Arabia,13.0,2,1.368666666666665,0.0,0.74,1.0
ZHO,38.0,MEDIUM,20.0,13.0,95.158,0,0.0,2023,Saudi Arabia,13.0,2,1.3666666666666647,-0.2,0.76,1.0
ZHO,39.0,MEDIUM,21.0,13.0,94.646,0,0.0,2023,Saudi Arabia,13.0,2,1.170999999999997,-0.2,0.78,1.0
ZHO,40.0,MEDIUM,22.0,13.0,94.764,0,0.0,2023,Saudi Arabia,13.0,2,0.9619999999999939,-0.2,0.8,1.0
ZHO,41.0,MEDIUM,23.0,13.0,94.363,0,0.0,2023,Saudi Arabia,13.0,2,0.6969999999999933,-0.2,0.82,1.0
ZHO,42.0,MEDIUM,24.0,13.0,94.825,0,0.0,2023,Saudi Arabia,13.0,2,0.7566666666666606,-0.2,0.84,1.0
ZHO,43.0,MEDIUM,25.0,13.0,94.514,0,0.0,2023,Saudi Arabia,13.0,2,0.6733333333333272,0.0,0.86,1.0
ZHO,44.0,MEDIUM,26.0,13.0,94.622,0,0.0,2023,Saudi Arabia,13.0,2,0.7596666666666607,0.0,0.88,1.0
ZHO,45.0,MEDIUM,27.0,13.0,94.541,0,0.0,2023,Saudi Arabia,13.0,2,0.664999999999992,0.0,0.9,1.0
ZHO,46.0,MEDIUM,28.0,13.0,94.538,0,0.0,2023,Saudi Arabia,13.0,2,0.6729999999999924,0.0,0.92,1.0
ZHO,47.0,MEDIUM,29.0,13.0,94.18,0,0.0,2023,Saudi Arabia,13.0,2,0.5256666666666613,0.0,0.94,1.0
ZHO,48.0,MEDIUM,30.0,13.0,94.138,0,0.0,2023,Saudi Arabia,13.0,2,0.3913333333333308,0.0,0.96,1.0
ZHO,49.0,MEDIUM,31.0,13.0,93.894,0,0.0,2023,Saudi Arabia,13.0,2,0.17666666666666705,0.0,0.98,1.0
ZHO,50.0,MEDIUM,32.0,13.0,94.105,0,0.0,2023,Saudi Arabia,13.0,2,0.1516666666666661,0.0,1.0,1.0
