Driver,LapNumber,Compound,TyreLife,Position,LapTimeSeconds,PitThisLap,PitStopDuration,Year,Race,FinalPosition
VER,1.0,SOFT,4.0,1.0,99.019,0,0.0,2023,Bahrain,1.0
VER,2.0,SOFT,5.0,1.0,97.974,0,0.0,2023,Bahrain,1.0
VER,3.0,SOFT,6.0,1.0,98.006,0,0.0,2023,Bahrain,1.0
VER,4.0,SOFT,7.0,1.0,97.976,0,0.0,2023,Bahrain,1.0
VER,5.0,SOFT,8.0,1.0,98.035,0,0.0,2023,Bahrain,1.0
VER,6.0,SOFT,9.0,1.0,97.986,0,0.0,2023,Bahrain,1.0
VER,7.0,SOFT,10.0,1.0,98.021,0,0.0,2023,Bahrain,1.0
VER,8.0,SOFT,11.0,1.0,98.154,0,0.0,2023,Bahrain,1.0
VER,9.0,SOFT,12.0,1.0,98.278,0,0.0,2023,Bahrain,1.0
VER,10.0,SOFT,13.0,1.0,98.369,0,0.0,2023,Bahrain,1.0
VER,11.0,SOFT,14.0,1.0,98.483,0,0.0,2023,Bahrain,1.0
VER,12.0,SOFT,15.0,1.0,98.591,0,0.0,2023,Bahrain,1.0
VER,13.0,SOFT,16.0,1.0,98.482,0,0.0,2023,Bahrain,1.0
VER,14.0,SOFT,17.0,1.0,101.295,1,0.0,2023,Bahrain,1.0
VER,15.0,SOFT,1.0,2.0,118.378,0,0.0,2023,Bahrain,1.0
VER,16.0,SOFT,2.0,2.0,97.801,0,0.0,2023,Bahrain,1.0
VER,17.0,SOFT,3.0,2.0,97.648,0,0.0,2023,Bahrain,1.0
VER,18.0,SOFT,4.0,1.0,97.614,0,0.0,2023,Bahrain,1.0
VER,19.0,SOFT,5.0,1.0,97.712,0,0.0,2023,Bahrain,1.0
VER,20.0,SOFT,6.0,1.0,97.788,0,0.0,2023,Bahrain,1.0
VER,21.0,SOFT,7.0,1.0,97.582,0,0.0,2023,Bahrain,1.0
VER,22.0,SOFT,8.0,1.0,97.651,0,0.0,2023,Bahrain,1.0
VER,23.0,SOFT,9.0,1.0,97.552,0,0.0,2023,Bahrain,1.0
VER,24.0,SOFT,10.0,1.0,97.387,0,0.0,2023,Bahrain,1.0
VER,25.0,SOFT,11.0,1.0,97.372,0,0.0,2023,Bahrain,1.0
VER,26.0,SOFT,12.0,1.0,97.682,0,0.0,2023,Bahrain,1.0
VER,27.0,SOFT,13.0,1.0,97.379,0,0.0,2023,Bahrain,1.0
VER,28.0,SOFT,14.0,1.0,97.651,0,0.0,2023,Bahrain,1.0
VER,29.0,SOFT,15.0,1.0,97.571,0,0.0,2023,Bahrain,1.0
VER,30.0,SOFT,16.0,1.0,97.549,0,0.0,2023,Bahrain,1.0
VER,31.0,SOFT,17.0,1.0,97.431,0,0.0,2023,Bahrain,1.0
VER,32.0,SOFT,18.0,1.0,97.691,0,0.0,2023,Bahrain,1.0
VER,33.0,SOFT,19.0,1.0,97.686,0,0.0,2023,Bahrain,1.0
VER,34.0,SOFT,20.0,1.0,97.839,0,0.0,2023,Bahrain,1.0
VER,35.0,SOFT,21.0,1.0,97.85,0,0.0,2023,Bahrain,1.0
VER,36.0,SOFT,22.0,1.0,100.964,1,0.0,2023,Bahrain,1.0
VER,37.0,HARD,1.0,1.0,118.49,0,0.0,2023,Bahrain,1.0
VER,38.0,HARD,2.0,1.0,96.297,0,0.0,2023,Bahrain,1.0
VER,39.0,HARD,3.0,1.0,96.446,0,0.0,2023,Bahrain,1.0
VER,40.0,HARD,4.0,1.0,96.942,0,0.0,2023,Bahrain,1.0
VER,41.0,HARD,5.0,1.0,120.495,0,0.0,2023,Bahrain,1.0
VER,42.0,HARD,6.0,1.0,104.824,0,0.0,2023,Bahrain,1.0
VER,43.0,HARD,7.0,1.0,96.89,0,0.0,2023,Bahrain,1.0
VER,44.0,HARD,8.0,1.0,96.236,0,0.0,2023,Bahrain,1.0
VER,45.0,HARD,9.0,1.0,97.015,0,0.0,2023,Bahrain,1.0
VER,46.0,HARD,10.0,1.0,96.701,0,0.0,2023,Bahrain,1.0
VER,47.0,HARD,11.0,1.0,97.009,0,0.0,2023,Bahrain,1.0
VER,48.0,HARD,12.0,1.0,96.918,0,0.0,2023,Bahrain,1.0
VER,49.0,HARD,13.0,1.0,96.962,0,0.0,2023,Bahrain,1.0
VER,50.0,HARD,14.0,1.0,97.25,0,0.0,2023,Bahrain,1.0
VER,51.0,HARD,15.0,1.0,97.427,0,0.0,2023,Bahrain,1.0
VER,52.0,HARD,16.0,1.0,96.919,0,0.0,2023,Bahrain,1.0
VER,53.0,HARD,17.0,1.0,96.89,0,0.0,2023,Bahrain,1.0
VER,54.0,HARD,18.0,1.0,96.678,0,0.0,2023,Bahrain,1.0
VER,55.0,HARD,19.0,1.0,96.322,0,0.0,2023,Bahrain,1.0
VER,56.0,HARD,20.0,1.0,97.205,0,0.0,2023,Bahrain,1.0
VER,57.0,HARD,21.0,1.0,96.373,0,0.0,2023,Bahrain,1.0
GAS,1.0,SOFT,1.0,19.0,109.649,0,0.0,2023,Bahrain,9.0
GAS,2.0,SOFT,2.0,18.0,100.438,0,0.0,2023,Bahrain,9.0
GAS,3.0,SOFT,3.0,18.0,100.643,0,0.0,2023,Bahrain,9.0
GAS,4.0,SOFT,4.0,18.0,100.894,0,0.0,2023,Bahrain,9.0
GAS,5.0,SOFT,5.0,18.0,100.818,0,0.0,2023,Bahrain,9.0
GAS,6.0,SOFT,6.0,18.0,101.11,0,0.0,2023,Bahrain,9.0
GAS,7.0,SOFT,7.0,18.0,101.134,0,0.0,2023,Bahrain,9.0
GAS,8.0,SOFT,8.0,18.0,101.173,0,0.0,2023,Bahrain,9.0
GAS,9.0,SOFT,9.0,19.0,104.201,1,0.0,2023,Bahrain,9.0
GAS,10.0,HARD,1.0,20.0,121.262,0,0.0,2023,Bahrain,9.0
GAS,11.0,HARD,2.0,19.0,98.762,0,0.0,2023,Bahrain,9.0
GAS,12.0,HARD,3.0,17.0,98.928,0,0.0,2023,Bahrain,9.0
GAS,13.0,HARD,4.0,14.0,99.349,0,0.0,2023,Bahrain,9.0
GAS,14.0,HARD,5.0,14.0,98.859,0,0.0,2023,Bahrain,9.0
GAS,15.0,HARD,6.0,14.0,98.985,0,0.0,2023,Bahrain,9.0
GAS,16.0,HARD,7.0,12.0,98.945,0,0.0,2023,Bahrain,9.0
GAS,17.0,HARD,8.0,12.0,99.011,0,0.0,2023,Bahrain,9.0
GAS,18.0,HARD,9.0,12.0,99.029,0,0.0,2023,Bahrain,9.0
GAS,19.0,HARD,10.0,12.0,99.066,0,0.0,2023,Bahrain,9.0
GAS,20.0,HARD,11.0,12.0,99.017,0,0.0,2023,Bahrain,9.0
GAS,21.0,HARD,12.0,12.0,99.327,0,0.0,2023,Bahrain,9.0
GAS,22.0,HARD,13.0,12.0,99.485,0,0.0,2023,Bahrain,9.0
GAS,23.0,HARD,14.0,12.0,99.263,0,0.0,2023,Bahrain,9.0
GAS,24.0,HARD,15.0,12.0,99.761,0,0.0,2023,Bahrain,9.0
GAS,25.0,HARD,16.0,12.0,102.288,1,0.0,2023,Bahrain,9.0
GAS,26.0,HARD,1.0,17.0,119.404,0,0.0,2023,Bahrain,9.0
GAS,27.0,HARD,2.0,15.0,98.729,0,0.0,2023,Bahrain,9.0
GAS,28.0,HARD,3.0,14.0,97.761,0,0.0,2023,Bahrain,9.0
GAS,29.0,HARD,4.0,14.0,98.012,0,0.0,2023,Bahrain,9.0
GAS,30.0,HARD,5.0,13.0,97.76,0,0.0,2023,Bahrain,9.0
GAS,31.0,HARD,6.0,12.0,97.968,0,0.0,2023,Bahrain,9.0
GAS,32.0,HARD,7.0,12.0,98.012,0,0.0,2023,Bahrain,9.0
GAS,33.0,HARD,8.0,11.0,97.974,0,0.0,2023,Bahrain,9.0
GAS,34.0,HARD,9.0,11.0,98.022,0,0.0,2023,Bahrain,9.0
GAS,35.0,HARD,10.0,11.0,98.088,0,0.0,2023,Bahrain,9.0
GAS,36.0,HARD,11.0,11.0,98.184,0,0.0,2023,Bahrain,9.0
GAS,37.0,HARD,12.0,11.0,98.133,0,0.0,2023,Bahrain,9.0
GAS,38.0,HARD,13.0,11.0,98.108,0,0.0,2023,Bahrain,9.0
GAS,39.0,HARD,14.0,11.0,98.537,0,0.0,2023,Bahrain,9.0
GAS,40.0,HARD,15.0,10.0,109.707,1,0.0,2023,Bahrain,9.0
GAS,41.0,SOFT,1.0,10.0,128.544,0,0.0,2023,Bahrain,9.0
GAS,42.0,SOFT,2.0,9.0,95.068,0,0.0,2023,Bahrain,9.0
GAS,43.0,SOFT,3.0,9.0,95.942,0,0.0,2023,Bahrain,9.0
GAS,44.0,SOFT,4.0,9.0,95.792,0,0.0,2023,Bahrain,9.0
GAS,45.0,SOFT,5.0,9.0,96.186,0,0.0,2023,Bahrain,9.0
GAS,46.0,SOFT,6.0,9.0,96.041,0,0.0,2023,Bahrain,9.0
GAS,47.0,SOFT,7.0,9.0,96.12,0,0.0,2023,Bahrain,9.0
GAS,48.0,SOFT,8.0,9.0,96.368,0,0.0,2023,Bahrain,9.0
GAS,49.0,SOFT,9.0,9.0,96.803,0,0.0,2023,Bahrain,9.0
GAS,50.0,SOFT,10.0,9.0,96.551,0,0.0,2023,Bahrain,9.0
GAS,51.0,SOFT,11.0,9.0,96.635,0,0.0,2023,Bahrain,9.0
GAS,52.0,SOFT,12.0,9.0,96.891,0,0.0,2023,Bahrain,9.0
GAS,53.0,SOFT,13.0,9.0,96.979,0,0.0,2023,Bahrain,9.0
GAS,54.0,SOFT,14.0,9.0,97.222,0,0.0,2023,Bahrain,9.0
GAS,55.0,SOFT,15.0,9.0,97.559,0,0.0,2023,Bahrain,9.0
GAS,56.0,SOFT,16.0,9.0,97.845,0,0.0,2023,Bahrain,9.0
GAS,57.0,SOFT,17.0,9.0,98.147,0,0.0,2023,Bahrain,9.0
PER,1.0,SOFT,4.0,3.0,101.063,0,0.0,2023,Bahrain,2.0
PER,2.0,SOFT,5.0,3.0,98.862,0,0.0,2023,Bahrain,2.0
PER,3.0,SOFT,6.0,3.0,98.83,0,0.0,2023,Bahrain,2.0
PER,4.0,SOFT,7.0,3.0,98.758,0,0.0,2023,Bahrain,2.0
PER,5.0,SOFT,8.0,3.0,98.404,0,0.0,2023,Bahrain,2.0
PER,6.0,SOFT,9.0,3.0,98.718,0,0.0,2023,Bahrain,2.0
PER,7.0,SOFT,10.0,3.0,98.804,0,0.0,2023,Bahrain,2.0
PER,8.0,SOFT,11.0,3.0,99.172,0,0.0,2023,Bahrain,2.0
PER,9.0,SOFT,12.0,3.0,98.914,0,0.0,2023,Bahrain,2.0
PER,10.0,SOFT,13.0,3.0,99.085,0,0.0,2023,Bahrain,2.0
PER,11.0,SOFT,14.0,3.0,99.249,0,0.0,2023,Bahrain,2.0
PER,12.0,SOFT,15.0,3.0,99.197,0,0.0,2023,Bahrain,2.0
PER,13.0,SOFT,16.0,2.0,99.336,0,0.0,2023,Bahrain,2.0
PER,14.0,SOFT,17.0,2.0,98.739,0,0.0,2023,Bahrain,2.0
PER,15.0,SOFT,18.0,1.0,98.608,0,0.0,2023,Bahrain,2.0
PER,16.0,SOFT,19.0,1.0,98.77,0,0.0,2023,Bahrain,2.0
PER,17.0,SOFT,20.0,1.0,101.36,1,0.0,2023,Bahrain,2.0
PER,18.0,SOFT,3.0,3.0,118.797,0,0.0,2023,Bahrain,2.0
PER,19.0,SOFT,4.0,3.0,97.659,0,0.0,2023,Bahrain,2.0
PER,20.0,SOFT,5.0,3.0,97.448,0,0.0,2023,Bahrain,2.0
PER,21.0,SOFT,6.0,3.0,97.24,0,0.0,2023,Bahrain,2.0
PER,22.0,SOFT,7.0,3.0,97.169,0,0.0,2023,Bahrain,2.0
PER,23.0,SOFT,8.0,3.0,97.304,0,0.0,2023,Bahrain,2.0
PER,24.0,SOFT,9.0,3.0,97.352,0,0.0,2023,Bahrain,2.0
PER,25.0,SOFT,10.0,3.0,98.418,0,0.0,2023,Bahrain,2.0
PER,26.0,SOFT,11.0,2.0,97.454,0,0.0,2023,Bahrain,2.0
PER,27.0,SOFT,12.0,2.0,97.387,0,0.0,2023,Bahrain,2.0
PER,28.0,SOFT,13.0,2.0,97.211,0,0.0,2023,Bahrain,2.0
PER,29.0,SOFT,14.0,2.0,97.733,0,0.0,2023,Bahrain,2.0
PER,30.0,SOFT,15.0,2.0,97.4,0,0.0,2023,Bahrain,2.0
PER,31.0,SOFT,16.0,2.0,97.919,0,0.0,2023,Bahrain,2.0
PER,32.0,SOFT,17.0,2.0,97.722,0,0.0,2023,Bahrain,2.0
PER,33.0,SOFT,18.0,2.0,97.869,0,0.0,2023,Bahrain,2.0
PER,34.0,SOFT,19.0,2.0,100.686,1,0.0,2023,Bahrain,2.0
PER,35.0,HARD,1.0,2.0,118.785,0,0.0,2023,Bahrain,2.0
PER,36.0,HARD,2.0,2.0,96.82,0,0.0,2023,Bahrain,2.0
PER,37.0,HARD,3.0,2.0,96.344,0,0.0,2023,Bahrain,2.0
PER,38.0,HARD,4.0,2.0,96.431,0,0.0,2023,Bahrain,2.0
PER,39.0,HARD,5.0,2.0,96.429,0,0.0,2023,Bahrain,2.0
PER,40.0,HARD,6.0,2.0,97.114,0,0.0,2023,Bahrain,2.0
PER,41.0,HARD,7.0,2.0,123.522,0,0.0,2023,Bahrain,2.0
PER,42.0,HARD,8.0,2.0,99.657,0,0.0,2023,Bahrain,2.0
PER,43.0,HARD,9.0,2.0,96.554,0,0.0,2023,Bahrain,2.0
PER,44.0,HARD,10.0,2.0,96.978,0,0.0,2023,Bahrain,2.0
PER,45.0,HARD,11.0,2.0,96.928,0,0.0,2023,Bahrain,2.0
PER,46.0,HARD,12.0,2.0,97.257,0,0.0,2023,Bahrain,2.0
PER,47.0,HARD,13.0,2.0,96.661,0,0.0,2023,Bahrain,2.0
PER,48.0,HARD,14.0,2.0,96.859,0,0.0,2023,Bahrain,2.0
PER,49.0,HARD,15.0,2.0,97.049,0,0.0,2023,Bahrain,2.0
PER,50.0,HARD,16.0,2.0,97.731,0,0.0,2023,Bahrain,2.0
PER,51.0,HARD,17.0,2.0,97.049,0,0.0,2023,Bahrain,2.0
PER,52.0,HARD,18.0,2.0,97.062,0,0.0,2023,Bahrain,2.0
PER,53.0,HARD,19.0,2.0,97.345,0,0.0,2023,Bahrain,2.0
PER,54.0,HARD,20.0,2.0,97.296,0,0.0,2023,Bahrain,2.0
PER,55.0,HARD,21.0,2.0,97.092,0,0.0,2023,Bahrain,2.0
PER,56.0,HARD,22.0,2.0,96.565,0,0.0,2023,Bahrain,2.0
PER,57.0,HARD,23.0,2.0,96.558,0,0.0,2023,Bahrain,2.0
ALO,1.0,SOFT,4.0,7.0,103.608,0,0.0,2023,Bahrain,3.0
ALO,2.0,SOFT,5.0,7.0,99.792,0,0.0,2023,Bahrain,3.0
ALO,3.0,SOFT,6.0,7.0,99.1,0,0.0,2023,Bahrain,3.0
ALO,4.0,SOFT,7.0,7.0,99.548,0,0.0,2023,Bahrain,3.0
ALO,5.0,SOFT,8.0,7.0,99.662,0,0.0,2023,Bahrain,3.0
ALO,6.0,SOFT,9.0,7.0,99.674,0,0.0,2023,Bahrain,3.0
ALO,7.0,SOFT,10.0,7.0,99.729,0,0.0,2023,Bahrain,3.0
ALO,8.0,SOFT,11.0,7.0,99.959,0,0.0,2023,Bahrain,3.0
ALO,9.0,SOFT,12.0,7.0,100.275,0,0.0,2023,Bahrain,3.0
ALO,10.0,SOFT,13.0,7.0,100.203,0,0.0,2023,Bahrain,3.0
ALO,11.0,SOFT,14.0,7.0,101.147,0,0.0,2023,Bahrain,3.0
ALO,12.0,SOFT,15.0,6.0,100.934,0,0.0,2023,Bahrain,3.0
ALO,13.0,SOFT,16.0,5.0,100.341,0,0.0,2023,Bahrain,3.0
ALO,14.0,SOFT,17.0,4.0,102.212,1,0.0,2023,Bahrain,3.0
ALO,15.0,HARD,1.0,8.0,119.692,0,0.0,2023,Bahrain,3.0
ALO,16.0,HARD,2.0,7.0,97.542,0,0.0,2023,Bahrain,3.0
ALO,17.0,HARD,3.0,6.0,98.139,0,0.0,2023,Bahrain,3.0
ALO,18.0,HARD,4.0,6.0,98.124,0,0.0,2023,Bahrain,3.0
ALO,19.0,HARD,5.0,6.0,98.361,0,0.0,2023,Bahrain,3.0
ALO,20.0,HARD,6.0,6.0,98.318,0,0.0,2023,Bahrain,3.0
ALO,21.0,HARD,7.0,6.0,98.407,0,0.0,2023,Bahrain,3.0
ALO,22.0,HARD,8.0,6.0,98.2,0,0.0,2023,Bahrain,3.0
ALO,23.0,HARD,9.0,6.0,97.853,0,0.0,2023,Bahrain,3.0
ALO,24.0,HARD,10.0,6.0,97.878,0,0.0,2023,Bahrain,3.0
ALO,25.0,HARD,11.0,6.0,98.139,0,0.0,2023,Bahrain,3.0
ALO,26.0,HARD,12.0,6.0,98.127,0,0.0,2023,Bahrain,3.0
ALO,27.0,HARD,13.0,6.0,98.612,0,0.0,2023,Bahrain,3.0
ALO,28.0,HARD,14.0,6.0,98.199,0,0.0,2023,Bahrain,3.0
ALO,29.0,HARD,15.0,6.0,98.585,0,0.0,2023,Bahrain,3.0
ALO,30.0,HARD,16.0,5.0,98.282,0,0.0,2023,Bahrain,3.0
ALO,31.0,HARD,17.0,5.0,98.009,0,0.0,2023,Bahrain,3.0
ALO,32.0,HARD,18.0,4.0,97.871,0,0.0,2023,Bahrain,3.0
ALO,33.0,HARD,19.0,4.0,97.769,0,0.0,2023,Bahrain,3.0
ALO,34.0,HARD,20.0,3.0,100.353,1,0.0,2023,Bahrain,3.0
ALO,35.0,HARD,1.0,6.0,117.389,0,0.0,2023,Bahrain,3.0
ALO,36.0,HARD,2.0,6.0,96.156,0,0.0,2023,Bahrain,3.0
ALO,37.0,HARD,3.0,6.0,97.431,0,0.0,2023,Bahrain,3.0
ALO,38.0,HARD,4.0,5.0,97.002,0,0.0,2023,Bahrain,3.0
ALO,39.0,HARD,5.0,5.0,97.243,0,0.0,2023,Bahrain,3.0
ALO,40.0,HARD,6.0,4.0,97.208,0,0.0,2023,Bahrain,3.0
ALO,41.0,HARD,7.0,4.0,126.713,0,0.0,2023,Bahrain,3.0
ALO,42.0,HARD,8.0,4.0,96.334,0,0.0,2023,Bahrain,3.0
ALO,43.0,HARD,9.0,4.0,96.911,0,0.0,2023,Bahrain,3.0
ALO,44.0,HARD,10.0,4.0,97.022,0,0.0,2023,Bahrain,3.0
ALO,45.0,HARD,11.0,3.0,97.931,0,0.0,2023,Bahrain,3.0
ALO,46.0,HARD,12.0,3.0,97.087,0,0.0,2023,Bahrain,3.0
ALO,47.0,HARD,13.0,3.0,97.326,0,0.0,2023,Bahrain,3.0
ALO,48.0,HARD,14.0,3.0,96.783,0,0.0,2023,Bahrain,3.0
ALO,49.0,HARD,15.0,3.0,96.726,0,0.0,2023,Bahrain,3.0
ALO,50.0,HARD,16.0,3.0,96.331,0,0.0,2023,Bahrain,3.0
ALO,51.0,HARD,17.0,3.0,96.96,0,0.0,2023,Bahrain,3.0
ALO,52.0,HARD,18.0,3.0,97.01,0,0.0,2023,Bahrain,3.0
ALO,53.0,HARD,19.0,3.0,97.01,0,0.0,2023,Bahrain,3.0
ALO,54.0,HARD,20.0,3.0,97.599,0,0.0,2023,Bahrain,3.0
ALO,55.0,HARD,21.0,3.0,97.662,0,0.0,2023,Bahrain,3.0
ALO,56.0,HARD,22.0,3.0,97.473,0,0.0,2023,Bahrain,3.0
ALO,57.0,HARD,23.0,3.0,97.422,0,0.0,2023,Bahrain,3.0
LEC,1.0,SOFT,1.0,2.0,100.23,0,0.0,2023,Bahrain,3.0
LEC,2.0,SOFT,2.0,2.0,98.75,0,0.0,2023,Bahrain,3.0
LEC,3.0,SOFT,3.0,2.0,98.658,0,0.0,2023,Bahrain,3.0
LEC,4.0,SOFT,4.0,2.0,98.825,0,0.0,2023,Bahrain,3.0
LEC,5.0,SOFT,5.0,2.0,98.664,0,0.0,2023,Bahrain,3.0
LEC,6.0,SOFT,6.0,2.0,98.572,0,0.0,2023,Bahrain,3.0
LEC,7.0,SOFT,7.0,2.0,98.691,0,0.0,2023,Bahrain,3.0
LEC,8.0,SOFT,8.0,2.0,98.614,0,0.0,2023,Bahrain,3.0
LEC,9.0,SOFT,9.0,2.0,98.828,0,0.0,2023,Bahrain,3.0
LEC,10.0,SOFT,10.0,2.0,99.073,0,0.0,2023,Bahrain,3.0
LEC,11.0,SOFT,11.0,2.0,99.212,0,0.0,2023,Bahrain,3.0
LEC,12.0,SOFT,12.0,2.0,99.489,0,0.0,2023,Bahrain,3.0
LEC,13.0,SOFT,13.0,3.0,102.068,1,0.0,2023,Bahrain,3.0
LEC,14.0,HARD,1.0,5.0,118.77,0,0.0,2023,Bahrain,3.0
LEC,15.0,HARD,2.0,3.0,98.477,0,0.0,2023,Bahrain,3.0
LEC,16.0,HARD,3.0,3.0,97.953,0,0.0,2023,Bahrain,3.0
LEC,17.0,HARD,4.0,3.0,98.031,0,0.0,2023,Bahrain,3.0
LEC,18.0,HARD,5.0,2.0,97.798,0,0.0,2023,Bahrain,3.0
LEC,19.0,HARD,6.0,2.0,97.858,0,0.0,2023,Bahrain,3.0
LEC,20.0,HARD,7.0,2.0,97.631,0,0.0,2023,Bahrain,3.0
LEC,21.0,HARD,8.0,2.0,97.753,0,0.0,2023,Bahrain,3.0
LEC,22.0,HARD,9.0,2.0,98.162,0,0.0,2023,Bahrain,3.0
LEC,23.0,HARD,10.0,2.0,98.054,0,0.0,2023,Bahrain,3.0
LEC,24.0,HARD,11.0,2.0,97.972,0,0.0,2023,Bahrain,3.0
LEC,25.0,HARD,12.0,2.0,98.541,0,0.0,2023,Bahrain,3.0
LEC,26.0,HARD,13.0,3.0,99.668,0,0.0,2023,Bahrain,3.0
LEC,27.0,HARD,14.0,3.0,98.814,0,0.0,2023,Bahrain,3.0
LEC,28.0,HARD,15.0,3.0,98.618,0,0.0,2023,Bahrain,3.0
LEC,29.0,HARD,16.0,3.0,98.447,0,0.0,2023,Bahrain,3.0
LEC,30.0,HARD,17.0,3.0,98.39,0,0.0,2023,Bahrain,3.0
LEC,31.0,HARD,18.0,3.0,98.746,0,0.0,2023,Bahrain,3.0
LEC,32.0,HARD,19.0,3.0,98.948,0,0.0,2023,Bahrain,3.0
LEC,33.0,HARD,20.0,3.0,101.323,1,0.0,2023,Bahrain,3.0
LEC,34.0,HARD,1.0,4.0,119.477,0,0.0,2023,Bahrain,3.0
LEC,35.0,HARD,2.0,3.0,98.073,0,0.0,2023,Bahrain,3.0
LEC,36.0,HARD,3.0,3.0,97.313,0,0.0,2023,Bahrain,3.0
LEC,37.0,HARD,4.0,3.0,97.17,0,0.0,2023,Bahrain,3.0
LEC,38.0,HARD,5.0,3.0,97.17,0,0.0,2023,Bahrain,3.0
LEC,39.0,HARD,6.0,3.0,97.287,0,0.0,2023,Bahrain,3.0
STR,1.0,SOFT,4.0,9.0,104.67,0,0.0,2023,Bahrain,6.0
STR,2.0,SOFT,5.0,9.0,99.892,0,0.0,2023,Bahrain,6.0
STR,3.0,SOFT,6.0,9.0,99.625,0,0.0,2023,Bahrain,6.0
STR,4.0,SOFT,7.0,9.0,99.745,0,0.0,2023,Bahrain,6.0
STR,5.0,SOFT,8.0,8.0,99.144,0,0.0,2023,Bahrain,6.0
STR,6.0,SOFT,9.0,8.0,99.714,0,0.0,2023,Bahrain,6.0
STR,7.0,SOFT,10.0,8.0,99.945,0,0.0,2023,Bahrain,6.0
STR,8.0,SOFT,11.0,8.0,99.801,0,0.0,2023,Bahrain,6.0
STR,9.0,SOFT,12.0,8.0,100.106,0,0.0,2023,Bahrain,6.0
STR,10.0,SOFT,13.0,8.0,100.192,0,0.0,2023,Bahrain,6.0
STR,11.0,SOFT,14.0,8.0,100.923,0,0.0,2023,Bahrain,6.0
STR,12.0,SOFT,15.0,8.0,101.039,0,0.0,2023,Bahrain,6.0
STR,13.0,SOFT,16.0,6.0,101.12,0,0.0,2023,Bahrain,6.0
STR,14.0,SOFT,17.0,3.0,100.002,0,0.0,2023,Bahrain,6.0
STR,15.0,SOFT,18.0,4.0,102.841,1,0.0,2023,Bahrain,6.0
STR,16.0,HARD,1.0,9.0,119.876,0,0.0,2023,Bahrain,6.0
STR,17.0,HARD,2.0,9.0,97.507,0,0.0,2023,Bahrain,6.0
STR,18.0,HARD,3.0,9.0,98.127,0,0.0,2023,Bahrain,6.0
STR,19.0,HARD,4.0,9.0,98.587,0,0.0,2023,Bahrain,6.0
STR,20.0,HARD,5.0,8.0,98.038,0,0.0,2023,Bahrain,6.0
STR,21.0,HARD,6.0,8.0,98.273,0,0.0,2023,Bahrain,6.0
STR,22.0,HARD,7.0,8.0,98.73,0,0.0,2023,Bahrain,6.0
STR,23.0,HARD,8.0,8.0,98.295,0,0.0,2023,Bahrain,6.0
STR,24.0,HARD,9.0,8.0,98.478,0,0.0,2023,Bahrain,6.0
STR,25.0,HARD,10.0,8.0,98.25,0,0.0,2023,Bahrain,6.0
STR,26.0,HARD,11.0,8.0,98.482,0,0.0,2023,Bahrain,6.0
STR,27.0,HARD,12.0,8.0,99.021,0,0.0,2023,Bahrain,6.0
STR,28.0,HARD,13.0,8.0,98.723,0,0.0,2023,Bahrain,6.0
STR,29.0,HARD,14.0,8.0,98.71,0,0.0,2023,Bahrain,6.0
STR,30.0,HARD,15.0,8.0,101.467,1,0.0,2023,Bahrain,6.0
STR,31.0,HARD,1.0,8.0,117.063,0,0.0,2023,Bahrain,6.0
STR,32.0,HARD,2.0,7.0,96.546,0,0.0,2023,Bahrain,6.0
STR,33.0,HARD,3.0,7.0,97.21,0,0.0,2023,Bahrain,6.0
STR,34.0,HARD,4.0,7.0,97.168,0,0.0,2023,Bahrain,6.0
STR,35.0,HARD,5.0,7.0,97.521,0,0.0,2023,Bahrain,6.0
STR,36.0,HARD,6.0,7.0,97.72,0,0.0,2023,Bahrain,6.0
STR,37.0,HARD,7.0,7.0,97.68,0,0.0,2023,Bahrain,6.0
STR,38.0,HARD,8.0,7.0,97.274,0,0.0,2023,Bahrain,6.0
STR,39.0,HARD,9.0,7.0,97.456,0,0.0,2023,Bahrain,6.0
STR,40.0,HARD,10.0,6.0,97.916,0,0.0,2023,Bahrain,6.0
STR,41.0,HARD,11.0,6.0,126.809,0,0.0,2023,Bahrain,6.0
STR,42.0,HARD,12.0,6.0,97.298,0,0.0,2023,Bahrain,6.0
STR,43.0,HARD,13.0,6.0,97.304,0,0.0,2023,Bahrain,6.0
STR,44.0,HARD,14.0,6.0,97.299,0,0.0,2023,Bahrain,6.0
STR,45.0,HARD,15.0,6.0,97.222,0,0.0,2023,Bahrain,6.0
STR,46.0,HARD,16.0,6.0,97.562,0,0.0,2023,Bahrain,6.0
STR,47.0,HARD,17.0,6.0,97.257,0,0.0,2023,Bahrain,6.0
STR,48.0,HARD,18.0,6.0,97.448,0,0.0,2023,Bahrain,6.0
STR,49.0,HARD,19.0,6.0,97.551,0,0.0,2023,Bahrain,6.0
STR,50.0,HARD,20.0,6.0,97.388,0,0.0,2023,Bahrain,6.0
STR,51.0,HARD,21.0,6.0,97.866,0,0.0,2023,Bahrain,6.0
STR,52.0,HARD,22.0,6.0,97.579,0,0.0,2023,Bahrain,6.0
STR,53.0,HARD,23.0,6.0,98.379,0,0.0,2023,Bahrain,6.0
STR,54.0,HARD,24.0,6.0,97.597,0,0.0,2023,Bahrain,6.0
STR,55.0,HARD,25.0,6.0,97.701,0,0.0,2023,Bahrain,6.0
STR,56.0,HARD,26.0,6.0,98.11,0,0.0,2023,Bahrain,6.0
STR,57.0,HARD,27.0,6.0,97.991,0,0.0,2023,Bahrain,6.0
SAR,1.0,SOFT,1.0,13.0,106.855,0,0.0,2023,Bahrain,12.0
SAR,2.0,SOFT,2.0,13.0,100.467,0,0.0,2023,Bahrain,12.0
SAR,3.0,SOFT,3.0,13.0,100.349,0,0.0,2023,Bahrain,12.0
SAR,4.0,SOFT,4.0,13.0,100.644,0,0.0,2023,Bahrain,12.0
SAR,5.0,SOFT,5.0,13.0,100.902,0,0.0,2023,Bahrain,12.0
SAR,6.0,SOFT,6.0,13.0,100.791,0,0.0,2023,Bahrain,12.0
SAR,7.0,SOFT,7.0,13.0,100.892,0,0.0,2023,Bahrain,12.0
SAR,8.0,SOFT,8.0,13.0,100.868,0,0.0,2023,Bahrain,12.0
SAR,9.0,SOFT,9.0,13.0,100.908,0,0.0,2023,Bahrain,12.0
SAR,10.0,SOFT,10.0,12.0,101.133,0,0.0,2023,Bahrain,12.0
SAR,11.0,SOFT,11.0,11.0,101.532,0,0.0,2023,Bahrain,12.0
SAR,12.0,SOFT,12.0,10.0,103.88,1,0.0,2023,Bahrain,12.0
SAR,13.0,SOFT,1.0,15.0,120.255,0,0.0,2023,Bahrain,12.0
SAR,14.0,SOFT,2.0,15.0,98.413,0,0.0,2023,Bahrain,12.0
SAR,15.0,SOFT,3.0,15.0,99.033,0,0.0,2023,Bahrain,12.0
SAR,16.0,SOFT,4.0,13.0,98.988,0,0.0,2023,Bahrain,12.0
SAR,17.0,SOFT,5.0,13.0,99.439,0,0.0,2023,Bahrain,12.0
SAR,18.0,SOFT,6.0,13.0,99.399,0,0.0,2023,Bahrain,12.0
SAR,19.0,SOFT,7.0,13.0,99.22,0,0.0,2023,Bahrain,12.0
SAR,20.0,SOFT,8.0,13.0,99.186,0,0.0,2023,Bahrain,12.0
SAR,21.0,SOFT,9.0,13.0,99.612,0,0.0,2023,Bahrain,12.0
SAR,22.0,SOFT,10.0,13.0,99.362,0,0.0,2023,Bahrain,12.0
SAR,23.0,SOFT,11.0,13.0,99.692,0,0.0,2023,Bahrain,12.0
SAR,24.0,SOFT,12.0,13.0,99.872,0,0.0,2023,Bahrain,12.0
SAR,25.0,SOFT,13.0,13.0,99.834,0,0.0,2023,Bahrain,12.0
SAR,26.0,SOFT,14.0,12.0,100.006,0,0.0,2023,Bahrain,12.0
SAR,27.0,SOFT,15.0,10.0,99.602,0,0.0,2023,Bahrain,12.0
SAR,28.0,SOFT,16.0,10.0,99.62,0,0.0,2023,Bahrain,12.0
SAR,29.0,SOFT,17.0,10.0,99.673,0,0.0,2023,Bahrain,12.0
SAR,30.0,SOFT,18.0,10.0,102.409,1,0.0,2023,Bahrain,12.0
SAR,31.0,HARD,1.0,14.0,119.303,0,0.0,2023,Bahrain,12.0
SAR,32.0,HARD,2.0,14.0,97.613,0,0.0,2023,Bahrain,12.0
SAR,33.0,HARD,3.0,13.0,97.862,0,0.0,2023,Bahrain,12.0
SAR,34.0,HARD,4.0,13.0,97.902,0,0.0,2023,Bahrain,12.0
SAR,35.0,HARD,5.0,13.0,98.029,0,0.0,2023,Bahrain,12.0
SAR,36.0,HARD,6.0,13.0,97.717,0,0.0,2023,Bahrain,12.0
SAR,37.0,HARD,7.0,13.0,97.831,0,0.0,2023,Bahrain,12.0
SAR,38.0,HARD,8.0,13.0,98.015,0,0.0,2023,Bahrain,12.0
SAR,39.0,HARD,9.0,13.0,97.971,0,0.0,2023,Bahrain,12.0
SAR,40.0,HARD,10.0,12.0,113.753,1,0.0,2023,Bahrain,12.0
SAR,41.0,SOFT,1.0,14.0,125.614,0,0.0,2023,Bahrain,12.0
SAR,42.0,SOFT,2.0,14.0,96.037,0,0.0,2023,Bahrain,12.0
SAR,43.0,SOFT,3.0,14.0,96.801,0,0.0,2023,Bahrain,12.0
SAR,44.0,SOFT,4.0,13.0,97.407,0,0.0,2023,Bahrain,12.0
SAR,45.0,SOFT,5.0,13.0,97.462,0,0.0,2023,Bahrain,12.0
SAR,46.0,SOFT,6.0,13.0,98.441,0,0.0,2023,Bahrain,12.0
SAR,47.0,SOFT,7.0,12.0,97.227,0,0.0,2023,Bahrain,12.0
SAR,48.0,SOFT,8.0,12.0,97.068,0,0.0,2023,Bahrain,12.0
SAR,49.0,SOFT,9.0,12.0,97.225,0,0.0,2023,Bahrain,12.0
SAR,50.0,SOFT,10.0,12.0,97.29,0,0.0,2023,Bahrain,12.0
SAR,51.0,SOFT,11.0,12.0,97.472,0,0.0,2023,Bahrain,12.0
SAR,52.0,SOFT,12.0,12.0,97.456,0,0.0,2023,Bahrain,12.0
SAR,53.0,SOFT,13.0,12.0,97.662,0,0.0,2023,Bahrain,12.0
SAR,54.0,SOFT,14.0,12.0,97.936,0,0.0,2023,Bahrain,12.0
SAR,55.0,SOFT,15.0,12.0,98.316,0,0.0,2023,Bahrain,12.0
SAR,56.0,SOFT,16.0,12.0,99.626,0,0.0,2023,Bahrain,12.0
MAG,1.0,HARD,1.0,18.0,109.33,0,0.0,2023,Bahrain,13.0
MAG,2.0,HARD,2.0,19.0,101.521,0,0.0,2023,Bahrain,13.0
MAG,3.0,HARD,3.0,20.0,101.978,0,0.0,2023,Bahrain,13.0
MAG,4.0,HARD,4.0,20.0,100.773,0,0.0,2023,Bahrain,13.0
MAG,5.0,HARD,5.0,20.0,101.34,0,0.0,2023,Bahrain,13.0
MAG,6.0,HARD,6.0,20.0,101.125,0,0.0,2023,Bahrain,13.0
MAG,7.0,HARD,7.0,20.0,101.526,0,0.0,2023,Bahrain,13.0
MAG,8.0,HARD,8.0,20.0,101.283,0,0.0,2023,Bahrain,13.0
MAG,9.0,HARD,9.0,20.0,101.278,0,0.0,2023,Bahrain,13.0
MAG,10.0,HARD,10.0,19.0,101.719,0,0.0,2023,Bahrain,13.0
MAG,11.0,HARD,11.0,15.0,102.049,0,0.0,2023,Bahrain,13.0
MAG,12.0,HARD,12.0,13.0,101.345,0,0.0,2023,Bahrain,13.0
MAG,13.0,HARD,13.0,9.0,101.654,0,0.0,2023,Bahrain,13.0
MAG,14.0,HARD,14.0,9.0,101.739,0,0.0,2023,Bahrain,13.0
MAG,15.0,HARD,15.0,11.0,104.899,1,0.0,2023,Bahrain,13.0
MAG,16.0,HARD,1.0,18.0,120.587,0,0.0,2023,Bahrain,13.0
MAG,17.0,HARD,2.0,18.0,98.319,0,0.0,2023,Bahrain,13.0
MAG,18.0,HARD,3.0,17.0,98.274,0,0.0,2023,Bahrain,13.0
MAG,19.0,HARD,4.0,17.0,98.803,0,0.0,2023,Bahrain,13.0
MAG,20.0,HARD,5.0,17.0,99.083,0,0.0,2023,Bahrain,13.0
MAG,21.0,HARD,6.0,17.0,99.086,0,0.0,2023,Bahrain,13.0
MAG,22.0,HARD,7.0,17.0,98.913,0,0.0,2023,Bahrain,13.0
MAG,23.0,HARD,8.0,17.0,99.027,0,0.0,2023,Bahrain,13.0
MAG,24.0,HARD,9.0,17.0,98.947,0,0.0,2023,Bahrain,13.0
MAG,25.0,HARD,10.0,17.0,99.476,0,0.0,2023,Bahrain,13.0
MAG,26.0,HARD,11.0,15.0,99.601,0,0.0,2023,Bahrain,13.0
MAG,27.0,HARD,12.0,13.0,99.298,0,0.0,2023,Bahrain,13.0
MAG,28.0,HARD,13.0,12.0,99.316,0,0.0,2023,Bahrain,13.0
MAG,29.0,HARD,14.0,13.0,101.979,1,0.0,2023,Bahrain,13.0
MAG,30.0,SOFT,1.0,17.0,120.933,0,0.0,2023,Bahrain,13.0
MAG,31.0,SOFT,2.0,17.0,98.593,0,0.0,2023,Bahrain,13.0
MAG,32.0,SOFT,3.0,16.0,97.644,0,0.0,2023,Bahrain,13.0
MAG,33.0,SOFT,4.0,16.0,97.097,0,0.0,2023,Bahrain,13.0
MAG,34.0,SOFT,5.0,16.0,97.528,0,0.0,2023,Bahrain,13.0
MAG,35.0,SOFT,6.0,16.0,97.46,0,0.0,2023,Bahrain,13.0
MAG,36.0,SOFT,7.0,16.0,97.754,0,0.0,2023,Bahrain,13.0
MAG,37.0,SOFT,8.0,16.0,97.998,0,0.0,2023,Bahrain,13.0
MAG,38.0,SOFT,9.0,16.0,98.303,0,0.0,2023,Bahrain,13.0
MAG,39.0,SOFT,10.0,16.0,98.587,0,0.0,2023,Bahrain,13.0
MAG,40.0,SOFT,11.0,15.0,117.797,1,0.0,2023,Bahrain,13.0
MAG,41.0,SOFT,1.0,15.0,122.547,0,0.0,2023,Bahrain,13.0
MAG,42.0,SOFT,2.0,15.0,96.471,0,0.0,2023,Bahrain,13.0
MAG,43.0,SOFT,3.0,15.0,96.942,0,0.0,2023,Bahrain,13.0
MAG,44.0,SOFT,4.0,15.0,96.588,0,0.0,2023,Bahrain,13.0
MAG,45.0,SOFT,5.0,15.0,97.126,0,0.0,2023,Bahrain,13.0
MAG,46.0,SOFT,6.0,15.0,97.589,0,0.0,2023,Bahrain,13.0
MAG,47.0,SOFT,7.0,15.0,97.629,0,0.0,2023,Bahrain,13.0
MAG,48.0,SOFT,8.0,15.0,97.607,0,0.0,2023,Bahrain,13.0
MAG,49.0,SOFT,9.0,15.0,97.739,0,0.0,2023,Bahrain,13.0
MAG,50.0,SOFT,10.0,15.0,98.315,0,0.0,2023,Bahrain,13.0
MAG,51.0,SOFT,11.0,14.0,98.157,0,0.0,2023,Bahrain,13.0
MAG,52.0,SOFT,12.0,14.0,97.963,0,0.0,2023,Bahrain,13.0
MAG,53.0,SOFT,13.0,14.0,97.982,0,0.0,2023,Bahrain,13.0
MAG,54.0,SOFT,14.0,14.0,99.651,0,0.0,2023,Bahrain,13.0
MAG,55.0,SOFT,15.0,13.0,98.446,0,0.0,2023,Bahrain,13.0
MAG,56.0,SOFT,16.0,13.0,98.779,0,0.0,2023,Bahrain,13.0
DEV,1.0,SOFT,1.0,20.0,109.959,0,0.0,2023,Bahrain,14.0
DEV,2.0,SOFT,2.0,20.0,101.289,0,0.0,2023,Bahrain,14.0
DEV,3.0,SOFT,3.0,19.0,100.914,0,0.0,2023,Bahrain,14.0
DEV,4.0,SOFT,4.0,19.0,100.373,0,0.0,2023,Bahrain,14.0
DEV,5.0,SOFT,5.0,19.0,100.63,0,0.0,2023,Bahrain,14.0
DEV,6.0,SOFT,6.0,19.0,101.125,0,0.0,2023,Bahrain,14.0
DEV,7.0,SOFT,7.0,19.0,101.166,0,0.0,2023,Bahrain,14.0
DEV,8.0,SOFT,8.0,19.0,101.23,0,0.0,2023,Bahrain,14.0
DEV,9.0,SOFT,9.0,18.0,101.573,0,0.0,2023,Bahrain,14.0
DEV,10.0,SOFT,10.0,18.0,101.666,0,0.0,2023,Bahrain,14.0
DEV,11.0,SOFT,11.0,17.0,105.46,1,0.0,2023,Bahrain,14.0
DEV,12.0,HARD,1.0,19.0,121.184,0,0.0,2023,Bahrain,14.0
DEV,13.0,HARD,2.0,18.0,98.924,0,0.0,2023,Bahrain,14.0
DEV,14.0,HARD,3.0,17.0,98.829,0,0.0,2023,Bahrain,14.0
DEV,15.0,HARD,4.0,17.0,98.868,0,0.0,2023,Bahrain,14.0
DEV,16.0,HARD,5.0,15.0,99.127,0,0.0,2023,Bahrain,14.0
DEV,17.0,HARD,6.0,14.0,98.996,0,0.0,2023,Bahrain,14.0
DEV,18.0,HARD,7.0,14.0,99.054,0,0.0,2023,Bahrain,14.0
DEV,19.0,HARD,8.0,14.0,99.078,0,0.0,2023,Bahrain,14.0
DEV,20.0,HARD,9.0,14.0,99.182,0,0.0,2023,Bahrain,14.0
DEV,21.0,HARD,10.0,14.0,99.182,0,0.0,2023,Bahrain,14.0
DEV,22.0,HARD,11.0,14.0,99.296,0,0.0,2023,Bahrain,14.0
DEV,23.0,HARD,12.0,14.0,99.542,0,0.0,2023,Bahrain,14.0
DEV,24.0,HARD,13.0,14.0,99.807,0,0.0,2023,Bahrain,14.0
DEV,25.0,HARD,14.0,15.0,100.96,0,0.0,2023,Bahrain,14.0
DEV,26.0,HARD,15.0,14.0,99.97,0,0.0,2023,Bahrain,14.0
DEV,27.0,HARD,16.0,12.0,102.309,1,0.0,2023,Bahrain,14.0
DEV,28.0,HARD,1.0,16.0,120.083,0,0.0,2023,Bahrain,14.0
DEV,29.0,HARD,2.0,16.0,98.121,0,0.0,2023,Bahrain,14.0
DEV,30.0,HARD,3.0,15.0,97.709,0,0.0,2023,Bahrain,14.0
DEV,31.0,HARD,4.0,15.0,97.909,0,0.0,2023,Bahrain,14.0
DEV,32.0,HARD,5.0,15.0,97.902,0,0.0,2023,Bahrain,14.0
DEV,33.0,HARD,6.0,14.0,97.933,0,0.0,2023,Bahrain,14.0
DEV,34.0,HARD,7.0,14.0,98.266,0,0.0,2023,Bahrain,14.0
DEV,35.0,HARD,8.0,14.0,98.123,0,0.0,2023,Bahrain,14.0
DEV,36.0,HARD,9.0,14.0,98.206,0,0.0,2023,Bahrain,14.0
DEV,37.0,HARD,10.0,14.0,98.423,0,0.0,2023,Bahrain,14.0
DEV,38.0,HARD,11.0,14.0,98.379,0,0.0,2023,Bahrain,14.0
DEV,39.0,HARD,12.0,14.0,98.535,0,0.0,2023,Bahrain,14.0
DEV,40.0,HARD,13.0,13.0,113.544,0,0.0,2023,Bahrain,14.0
DEV,41.0,HARD,14.0,11.0,114.359,0,0.0,2023,Bahrain,14.0
DEV,42.0,HARD,15.0,12.0,99.873,0,0.0,2023,Bahrain,14.0
DEV,43.0,HARD,16.0,13.0,100.177,0,0.0,2023,Bahrain,14.0
DEV,44.0,HARD,17.0,14.0,99.588,0,0.0,2023,Bahrain,14.0
DEV,45.0,HARD,18.0,14.0,98.889,0,0.0,2023,Bahrain,14.0
DEV,46.0,HARD,19.0,14.0,98.871,0,0.0,2023,Bahrain,14.0
DEV,47.0,HARD,20.0,14.0,98.921,0,0.0,2023,Bahrain,14.0
DEV,48.0,HARD,21.0,14.0,100.441,0,0.0,2023,Bahrain,14.0
DEV,49.0,HARD,22.0,14.0,98.985,0,0.0,2023,Bahrain,14.0
DEV,50.0,HARD,23.0,14.0,99.089,0,0.0,2023,Bahrain,14.0
DEV,51.0,HARD,24.0,15.0,100.475,0,0.0,2023,Bahrain,14.0
DEV,52.0,HARD,25.0,15.0,100.33,0,0.0,2023,Bahrain,14.0
DEV,53.0,HARD,26.0,15.0,99.15,0,0.0,2023,Bahrain,14.0
DEV,54.0,HARD,27.0,15.0,98.885,0,0.0,2023,Bahrain,14.0
DEV,55.0,HARD,28.0,14.0,99.239,0,0.0,2023,Bahrain,14.0
DEV,56.0,HARD,29.0,14.0,99.161,0,0.0,2023,Bahrain,14.0
TSU,1.0,SOFT,1.0,15.0,107.791,0,0.0,2023,Bahrain,11.0
TSU,2.0,SOFT,2.0,15.0,100.837,0,0.0,2023,Bahrain,11.0
TSU,3.0,SOFT,3.0,15.0,100.243,0,0.0,2023,Bahrain,11.0
TSU,4.0,SOFT,4.0,14.0,99.95,0,0.0,2023,Bahrain,11.0
TSU,5.0,SOFT,5.0,14.0,101.131,0,0.0,2023,Bahrain,11.0
TSU,6.0,SOFT,6.0,14.0,100.886,0,0.0,2023,Bahrain,11.0
TSU,7.0,SOFT,7.0,14.0,100.952,0,0.0,2023,Bahrain,11.0
TSU,8.0,SOFT,8.0,14.0,100.846,0,0.0,2023,Bahrain,11.0
TSU,9.0,SOFT,9.0,14.0,101.01,0,0.0,2023,Bahrain,11.0
TSU,10.0,SOFT,10.0,14.0,103.749,1,0.0,2023,Bahrain,11.0
TSU,11.0,HARD,1.0,18.0,119.843,0,0.0,2023,Bahrain,11.0
TSU,12.0,HARD,2.0,16.0,99.143,0,0.0,2023,Bahrain,11.0
TSU,13.0,HARD,3.0,13.0,99.471,0,0.0,2023,Bahrain,11.0
TSU,14.0,HARD,4.0,13.0,98.742,0,0.0,2023,Bahrain,11.0
TSU,15.0,HARD,5.0,12.0,98.975,0,0.0,2023,Bahrain,11.0
TSU,16.0,HARD,6.0,11.0,99.061,0,0.0,2023,Bahrain,11.0
TSU,17.0,HARD,7.0,11.0,99.021,0,0.0,2023,Bahrain,11.0
TSU,18.0,HARD,8.0,11.0,99.302,0,0.0,2023,Bahrain,11.0
TSU,19.0,HARD,9.0,11.0,99.17,0,0.0,2023,Bahrain,11.0
TSU,20.0,HARD,10.0,11.0,99.282,0,0.0,2023,Bahrain,11.0
TSU,21.0,HARD,11.0,11.0,99.325,0,0.0,2023,Bahrain,11.0
TSU,22.0,HARD,12.0,11.0,99.439,0,0.0,2023,Bahrain,11.0
TSU,23.0,HARD,13.0,11.0,99.632,0,0.0,2023,Bahrain,11.0
TSU,24.0,HARD,14.0,11.0,100.109,0,0.0,2023,Bahrain,11.0
TSU,25.0,HARD,15.0,11.0,99.746,0,0.0,2023,Bahrain,11.0
TSU,26.0,HARD,16.0,11.0,102.227,1,0.0,2023,Bahrain,11.0
TSU,27.0,HARD,1.0,16.0,120.3,0,0.0,2023,Bahrain,11.0
TSU,28.0,HARD,2.0,15.0,97.824,0,0.0,2023,Bahrain,11.0
TSU,29.0,HARD,3.0,15.0,97.779,0,0.0,2023,Bahrain,11.0
TSU,30.0,HARD,4.0,14.0,98.147,0,0.0,2023,Bahrain,11.0
TSU,31.0,HARD,5.0,13.0,97.813,0,0.0,2023,Bahrain,11.0
TSU,32.0,HARD,6.0,13.0,98.017,0,0.0,2023,Bahrain,11.0
TSU,33.0,HARD,7.0,12.0,98.094,0,0.0,2023,Bahrain,11.0
TSU,34.0,HARD,8.0,12.0,98.13,0,0.0,2023,Bahrain,11.0
TSU,35.0,HARD,9.0,12.0,98.163,0,0.0,2023,Bahrain,11.0
TSU,36.0,HARD,10.0,12.0,98.059,0,0.0,2023,Bahrain,11.0
TSU,37.0,HARD,11.0,12.0,98.075,0,0.0,2023,Bahrain,11.0
TSU,38.0,HARD,12.0,12.0,98.084,0,0.0,2023,Bahrain,11.0
TSU,39.0,HARD,13.0,12.0,98.419,0,0.0,2023,Bahrain,11.0
TSU,40.0,HARD,14.0,11.0,110.35,1,0.0,2023,Bahrain,11.0
TSU,41.0,SOFT,4.0,13.0,130.782,0,0.0,2023,Bahrain,11.0
TSU,42.0,SOFT,5.0,11.0,96.637,0,0.0,2023,Bahrain,11.0
TSU,43.0,SOFT,6.0,11.0,97.028,0,0.0,2023,Bahrain,11.0
TSU,44.0,SOFT,7.0,11.0,97.01,0,0.0,2023,Bahrain,11.0
TSU,45.0,SOFT,8.0,11.0,97.021,0,0.0,2023,Bahrain,11.0
TSU,46.0,SOFT,9.0,11.0,97.258,0,0.0,2023,Bahrain,11.0
TSU,47.0,SOFT,10.0,11.0,97.359,0,0.0,2023,Bahrain,11.0
TSU,48.0,SOFT,11.0,11.0,97.238,0,0.0,2023,Bahrain,11.0
TSU,49.0,SOFT,12.0,11.0,97.528,0,0.0,2023,Bahrain,11.0
TSU,50.0,SOFT,13.0,11.0,97.624,0,0.0,2023,Bahrain,11.0
TSU,51.0,SOFT,14.0,11.0,97.706,0,0.0,2023,Bahrain,11.0
TSU,52.0,SOFT,15.0,11.0,97.59,0,0.0,2023,Bahrain,11.0
TSU,53.0,SOFT,16.0,11.0,97.675,0,0.0,2023,Bahrain,11.0
TSU,54.0,SOFT,17.0,11.0,97.72,0,0.0,2023,Bahrain,11.0
TSU,55.0,SOFT,18.0,11.0,97.945,0,0.0,2023,Bahrain,11.0
TSU,56.0,SOFT,19.0,11.0,98.102,0,0.0,2023,Bahrain,11.0
TSU,57.0,SOFT,20.0,11.0,98.246,0,0.0,2023,Bahrain,11.0
ALB,1.0,SOFT,1.0,12.0,106.453,0,0.0,2023,Bahrain,10.0
ALB,2.0,SOFT,2.0,12.0,100.43,0,0.0,2023,Bahrain,10.0
ALB,3.0,SOFT,3.0,12.0,100.143,0,0.0,2023,Bahrain,10.0
ALB,4.0,SOFT,4.0,11.0,99.761,0,0.0,2023,Bahrain,10.0
ALB,5.0,SOFT,5.0,11.0,100.606,0,0.0,2023,Bahrain,10.0
ALB,6.0,SOFT,6.0,11.0,100.744,0,0.0,2023,Bahrain,10.0
ALB,7.0,SOFT,7.0,11.0,100.646,0,0.0,2023,Bahrain,10.0
ALB,8.0,SOFT,8.0,11.0,100.918,0,0.0,2023,Bahrain,10.0
ALB,9.0,SOFT,9.0,11.0,100.969,0,0.0,2023,Bahrain,10.0
ALB,10.0,SOFT,10.0,11.0,101.119,0,0.0,2023,Bahrain,10.0
ALB,11.0,SOFT,11.0,12.0,103.948,1,0.0,2023,Bahrain,10.0
ALB,12.0,SOFT,1.0,15.0,119.445,0,0.0,2023,Bahrain,10.0
ALB,13.0,SOFT,2.0,11.0,98.649,0,0.0,2023,Bahrain,10.0
ALB,14.0,SOFT,3.0,11.0,98.472,0,0.0,2023,Bahrain,10.0
ALB,15.0,SOFT,4.0,10.0,99.158,0,0.0,2023,Bahrain,10.0
ALB,16.0,SOFT,5.0,10.0,99.253,0,0.0,2023,Bahrain,10.0
ALB,17.0,SOFT,6.0,10.0,99.094,0,0.0,2023,Bahrain,10.0
ALB,18.0,SOFT,7.0,10.0,99.049,0,0.0,2023,Bahrain,10.0
ALB,19.0,SOFT,8.0,10.0,99.272,0,0.0,2023,Bahrain,10.0
ALB,20.0,SOFT,9.0,10.0,99.299,0,0.0,2023,Bahrain,10.0
ALB,21.0,SOFT,10.0,10.0,99.591,0,0.0,2023,Bahrain,10.0
ALB,22.0,SOFT,11.0,10.0,99.588,0,0.0,2023,Bahrain,10.0
ALB,23.0,SOFT,12.0,10.0,99.802,0,0.0,2023,Bahrain,10.0
ALB,24.0,SOFT,13.0,10.0,99.89,0,0.0,2023,Bahrain,10.0
ALB,25.0,SOFT,14.0,10.0,99.832,0,0.0,2023,Bahrain,10.0
ALB,26.0,SOFT,15.0,10.0,102.61,1,0.0,2023,Bahrain,10.0
ALB,27.0,HARD,1.0,14.0,119.87,0,0.0,2023,Bahrain,10.0
ALB,28.0,HARD,2.0,13.0,97.503,0,0.0,2023,Bahrain,10.0
ALB,29.0,HARD,3.0,12.0,98.127,0,0.0,2023,Bahrain,10.0
ALB,30.0,HARD,4.0,12.0,97.931,0,0.0,2023,Bahrain,10.0
ALB,31.0,HARD,5.0,11.0,98.104,0,0.0,2023,Bahrain,10.0
ALB,32.0,HARD,6.0,11.0,97.919,0,0.0,2023,Bahrain,10.0
ALB,33.0,HARD,7.0,10.0,98.104,0,0.0,2023,Bahrain,10.0
ALB,34.0,HARD,8.0,10.0,97.961,0,0.0,2023,Bahrain,10.0
ALB,35.0,HARD,9.0,10.0,97.984,0,0.0,2023,Bahrain,10.0
ALB,36.0,HARD,10.0,10.0,98.176,0,0.0,2023,Bahrain,10.0
ALB,37.0,HARD,11.0,10.0,98.038,0,0.0,2023,Bahrain,10.0
ALB,38.0,HARD,12.0,10.0,98.33,0,0.0,2023,Bahrain,10.0
ALB,39.0,HARD,13.0,10.0,98.346,0,0.0,2023,Bahrain,10.0
ALB,40.0,HARD,14.0,9.0,110.177,1,0.0,2023,Bahrain,10.0
ALB,41.0,SOFT,1.0,9.0,128.659,0,0.0,2023,Bahrain,10.0
ALB,42.0,SOFT,2.0,10.0,97.211,0,0.0,2023,Bahrain,10.0
ALB,43.0,SOFT,3.0,10.0,97.144,0,0.0,2023,Bahrain,10.0
ALB,44.0,SOFT,4.0,10.0,97.327,0,0.0,2023,Bahrain,10.0
ALB,45.0,SOFT,5.0,10.0,97.503,0,0.0,2023,Bahrain,10.0
ALB,46.0,SOFT,6.0,10.0,97.577,0,0.0,2023,Bahrain,10.0
ALB,47.0,SOFT,7.0,10.0,97.545,0,0.0,2023,Bahrain,10.0
ALB,48.0,SOFT,8.0,10.0,97.684,0,0.0,2023,Bahrain,10.0
ALB,49.0,SOFT,9.0,10.0,97.609,0,0.0,2023,Bahrain,10.0
ALB,50.0,SOFT,10.0,10.0,97.695,0,0.0,2023,Bahrain,10.0
ALB,51.0,SOFT,11.0,10.0,97.727,0,0.0,2023,Bahrain,10.0
ALB,52.0,SOFT,12.0,10.0,97.861,0,0.0,2023,Bahrain,10.0
ALB,53.0,SOFT,13.0,10.0,97.778,0,0.0,2023,Bahrain,10.0
ALB,54.0,SOFT,14.0,10.0,97.78,0,0.0,2023,Bahrain,10.0
ALB,55.0,SOFT,15.0,10.0,97.803,0,0.0,2023,Bahrain,10.0
ALB,56.0,SOFT,16.0,10.0,98.159,0,0.0,2023,Bahrain,10.0
ALB,57.0,SOFT,17.0,10.0,98.137,0,0.0,2023,Bahrain,10.0
ZHO,1.0,SOFT,1.0,17.0,108.467,0,0.0,2023,Bahrain,16.0
ZHO,2.0,SOFT,2.0,17.0,101.091,0,0.0,2023,Bahrain,16.0
ZHO,3.0,SOFT,3.0,17.0,100.596,0,0.0,2023,Bahrain,16.0
ZHO,4.0,SOFT,4.0,17.0,100.853,0,0.0,2023,Bahrain,16.0
ZHO,5.0,SOFT,5.0,17.0,100.814,0,0.0,2023,Bahrain,16.0
ZHO,6.0,SOFT,6.0,17.0,101.156,0,0.0,2023,Bahrain,16.0
ZHO,7.0,SOFT,7.0,17.0,101.197,0,0.0,2023,Bahrain,16.0
ZHO,8.0,SOFT,8.0,17.0,101.184,0,0.0,2023,Bahrain,16.0
ZHO,9.0,SOFT,9.0,17.0,101.526,0,0.0,2023,Bahrain,16.0
ZHO,10.0,SOFT,10.0,17.0,101.743,0,0.0,2023,Bahrain,16.0
ZHO,11.0,SOFT,11.0,14.0,102.108,0,0.0,2023,Bahrain,16.0
ZHO,12.0,SOFT,12.0,12.0,103.87,1,0.0,2023,Bahrain,16.0
ZHO,13.0,HARD,1.0,20.0,122.101,0,0.0,2023,Bahrain,16.0
ZHO,14.0,HARD,2.0,19.0,99.33,0,0.0,2023,Bahrain,16.0
ZHO,15.0,HARD,3.0,19.0,99.229,0,0.0,2023,Bahrain,16.0
ZHO,16.0,HARD,4.0,17.0,98.998,0,0.0,2023,Bahrain,16.0
ZHO,17.0,HARD,5.0,17.0,99.143,0,0.0,2023,Bahrain,16.0
ZHO,18.0,HARD,6.0,15.0,98.873,0,0.0,2023,Bahrain,16.0
ZHO,19.0,HARD,7.0,15.0,98.794,0,0.0,2023,Bahrain,16.0
ZHO,20.0,HARD,8.0,15.0,98.896,0,0.0,2023,Bahrain,16.0
ZHO,21.0,HARD,9.0,15.0,98.888,0,0.0,2023,Bahrain,16.0
ZHO,22.0,HARD,10.0,15.0,99.115,0,0.0,2023,Bahrain,16.0
ZHO,23.0,HARD,11.0,15.0,99.462,0,0.0,2023,Bahrain,16.0
ZHO,24.0,HARD,12.0,15.0,99.503,0,0.0,2023,Bahrain,16.0
ZHO,25.0,HARD,13.0,14.0,99.066,0,0.0,2023,Bahrain,16.0
ZHO,26.0,HARD,14.0,13.0,99.427,0,0.0,2023,Bahrain,16.0
ZHO,27.0,HARD,15.0,11.0,99.235,0,0.0,2023,Bahrain,16.0
ZHO,28.0,HARD,16.0,11.0,99.412,0,0.0,2023,Bahrain,16.0
ZHO,29.0,HARD,17.0,11.0,99.361,0,0.0,2023,Bahrain,16.0
ZHO,30.0,HARD,18.0,9.0,99.382,0,0.0,2023,Bahrain,16.0
ZHO,31.0,HARD,19.0,9.0,99.67,0,0.0,2023,Bahrain,16.0
ZHO,32.0,HARD,20.0,10.0,102.096,1,0.0,2023,Bahrain,16.0
ZHO,33.0,SOFT,4.0,15.0,119.659,0,0.0,2023,Bahrain,16.0
ZHO,34.0,SOFT,5.0,15.0,97.037,0,0.0,2023,Bahrain,16.0
ZHO,35.0,SOFT,6.0,15.0,97.55,0,0.0,2023,Bahrain,16.0
ZHO,36.0,SOFT,7.0,15.0,97.957,0,0.0,2023,Bahrain,16.0
ZHO,37.0,SOFT,8.0,15.0,98.003,0,0.0,2023,Bahrain,16.0
ZHO,38.0,SOFT,9.0,15.0,98.422,0,0.0,2023,Bahrain,16.0
ZHO,39.0,SOFT,10.0,15.0,98.368,0,0.0,2023,Bahrain,16.0
ZHO,40.0,SOFT,11.0,14.0,113.456,0,0.0,2023,Bahrain,16.0
ZHO,41.0,SOFT,12.0,12.0,112.5,0,0.0,2023,Bahrain,16.0
ZHO,42.0,SOFT,13.0,13.0,99.904,0,0.0,2023,Bahrain,16.0
ZHO,43.0,SOFT,14.0,12.0,98.311,0,0.0,2023,Bahrain,16.0
ZHO,44.0,SOFT,15.0,12.0,97.974,0,0.0,2023,Bahrain,16.0
ZHO,45.0,SOFT,16.0,12.0,97.95,0,0.0,2023,Bahrain,16.0
ZHO,46.0,SOFT,17.0,12.0,98.336,0,0.0,2023,Bahrain,16.0
ZHO,47.0,SOFT,18.0,13.0,99.553,0,0.0,2023,Bahrain,16.0
ZHO,48.0,SOFT,19.0,13.0,98.596,0,0.0,2023,Bahrain,16.0
ZHO,49.0,SOFT,20.0,13.0,98.628,0,0.0,2023,Bahrain,16.0
ZHO,50.0,SOFT,21.0,13.0,99.893,0,0.0,2023,Bahrain,16.0
ZHO,51.0,SOFT,22.0,13.0,98.719,0,0.0,2023,Bahrain,16.0
ZHO,52.0,SOFT,23.0,13.0,98.713,0,0.0,2023,Bahrain,16.0
ZHO,53.0,SOFT,24.0,13.0,98.634,0,0.0,2023,Bahrain,16.0
ZHO,54.0,SOFT,25.0,13.0,101.967,1,0.0,2023,Bahrain,16.0
ZHO,55.0,SOFT,4.0,16.0,127.673,0,0.0,2023,Bahrain,16.0
ZHO,56.0,SOFT,5.0,16.0,93.996,0,0.0,2023,Bahrain,16.0
HUL,1.0,SOFT,4.0,14.0,107.339,0,0.0,2023,Bahrain,15.0
HUL,2.0,SOFT,5.0,14.0,100.72,0,0.0,2023,Bahrain,15.0
HUL,3.0,SOFT,6.0,14.0,100.484,0,0.0,2023,Bahrain,15.0
HUL,4.0,SOFT,7.0,15.0,101.004,0,0.0,2023,Bahrain,15.0
HUL,5.0,SOFT,8.0,15.0,101.002,0,0.0,2023,Bahrain,15.0
HUL,6.0,SOFT,9.0,15.0,101.002,0,0.0,2023,Bahrain,15.0
HUL,7.0,SOFT,10.0,15.0,101.148,0,0.0,2023,Bahrain,15.0
HUL,8.0,SOFT,11.0,15.0,101.249,0,0.0,2023,Bahrain,15.0
HUL,9.0,SOFT,12.0,15.0,101.615,0,0.0,2023,Bahrain,15.0
HUL,10.0,SOFT,13.0,15.0,102.252,0,0.0,2023,Bahrain,15.0
HUL,11.0,SOFT,14.0,16.0,106.79,1,0.0,2023,Bahrain,15.0
HUL,12.0,HARD,1.0,20.0,122.579,0,0.0,2023,Bahrain,15.0
HUL,13.0,HARD,2.0,19.0,99.406,0,0.0,2023,Bahrain,15.0
HUL,14.0,HARD,3.0,18.0,98.847,0,0.0,2023,Bahrain,15.0
HUL,15.0,HARD,4.0,18.0,98.972,0,0.0,2023,Bahrain,15.0
HUL,16.0,HARD,5.0,16.0,99.136,0,0.0,2023,Bahrain,15.0
HUL,17.0,HARD,6.0,16.0,99.396,0,0.0,2023,Bahrain,15.0
HUL,18.0,HARD,7.0,16.0,100.323,0,0.0,2023,Bahrain,15.0
HUL,19.0,HARD,8.0,16.0,99.633,0,0.0,2023,Bahrain,15.0
HUL,20.0,HARD,9.0,16.0,99.495,0,0.0,2023,Bahrain,15.0
HUL,21.0,HARD,10.0,16.0,99.703,0,0.0,2023,Bahrain,15.0
HUL,22.0,HARD,11.0,16.0,99.934,0,0.0,2023,Bahrain,15.0
HUL,23.0,HARD,12.0,16.0,99.866,0,0.0,2023,Bahrain,15.0
HUL,24.0,HARD,13.0,16.0,99.855,0,0.0,2023,Bahrain,15.0
HUL,25.0,HARD,14.0,16.0,100.295,0,0.0,2023,Bahrain,15.0
HUL,26.0,HARD,15.0,16.0,102.931,1,0.0,2023,Bahrain,15.0
HUL,27.0,HARD,1.0,19.0,132.037,0,0.0,2023,Bahrain,15.0
HUL,28.0,HARD,2.0,18.0,96.981,0,0.0,2023,Bahrain,15.0
HUL,29.0,HARD,3.0,18.0,97.398,0,0.0,2023,Bahrain,15.0
HUL,30.0,HARD,4.0,18.0,97.617,0,0.0,2023,Bahrain,15.0
HUL,31.0,HARD,5.0,18.0,97.891,0,0.0,2023,Bahrain,15.0
HUL,32.0,HARD,6.0,17.0,97.806,0,0.0,2023,Bahrain,15.0
HUL,33.0,HARD,7.0,17.0,97.761,0,0.0,2023,Bahrain,15.0
HUL,34.0,HARD,8.0,17.0,97.895,0,0.0,2023,Bahrain,15.0
HUL,35.0,HARD,9.0,17.0,98.093,0,0.0,2023,Bahrain,15.0
HUL,36.0,HARD,10.0,17.0,98.245,0,0.0,2023,Bahrain,15.0
HUL,37.0,HARD,11.0,17.0,98.108,0,0.0,2023,Bahrain,15.0
HUL,38.0,HARD,12.0,17.0,98.191,0,0.0,2023,Bahrain,15.0
HUL,39.0,HARD,13.0,17.0,98.184,0,0.0,2023,Bahrain,15.0
HUL,40.0,HARD,14.0,16.0,118.689,1,0.0,2023,Bahrain,15.0
HUL,41.0,SOFT,4.0,16.0,125.275,0,0.0,2023,Bahrain,15.0
HUL,42.0,SOFT,5.0,16.0,96.616,0,0.0,2023,Bahrain,15.0
HUL,43.0,SOFT,6.0,16.0,96.793,0,0.0,2023,Bahrain,15.0
HUL,44.0,SOFT,7.0,16.0,97.076,0,0.0,2023,Bahrain,15.0
HUL,45.0,SOFT,8.0,16.0,97.314,0,0.0,2023,Bahrain,15.0
HUL,46.0,SOFT,9.0,16.0,99.972,0,0.0,2023,Bahrain,15.0
HUL,47.0,SOFT,10.0,16.0,96.806,0,0.0,2023,Bahrain,15.0
HUL,48.0,SOFT,11.0,16.0,97.086,0,0.0,2023,Bahrain,15.0
HUL,49.0,SOFT,12.0,16.0,97.077,0,0.0,2023,Bahrain,15.0
HUL,50.0,SOFT,13.0,16.0,97.242,0,0.0,2023,Bahrain,15.0
HUL,51.0,SOFT,14.0,16.0,97.306,0,0.0,2023,Bahrain,15.0
HUL,52.0,SOFT,15.0,16.0,97.917,0,0.0,2023,Bahrain,15.0
HUL,53.0,SOFT,16.0,16.0,98.067,0,0.0,2023,Bahrain,15.0
HUL,54.0,SOFT,17.0,16.0,98.458,0,0.0,2023,Bahrain,15.0
HUL,55.0,SOFT,18.0,15.0,98.564,0,0.0,2023,Bahrain,15.0
HUL,56.0,SOFT,19.0,15.0,99.206,0,0.0,2023,Bahrain,15.0
OCO,1.0,SOFT,4.0,11.0,105.967,0,0.0,2023,Bahrain,17.0
OCO,2.0,SOFT,5.0,11.0,100.408,0,0.0,2023,Bahrain,17.0
OCO,3.0,SOFT,6.0,11.0,99.948,0,0.0,2023,Bahrain,17.0
OCO,4.0,SOFT,7.0,10.0,99.543,0,0.0,2023,Bahrain,17.0
OCO,5.0,SOFT,8.0,10.0,100.281,0,0.0,2023,Bahrain,17.0
OCO,6.0,SOFT,9.0,10.0,100.331,0,0.0,2023,Bahrain,17.0
OCO,7.0,SOFT,10.0,10.0,100.488,0,0.0,2023,Bahrain,17.0
OCO,8.0,SOFT,11.0,10.0,100.562,0,0.0,2023,Bahrain,17.0
OCO,9.0,SOFT,12.0,10.0,100.866,0,0.0,2023,Bahrain,17.0
OCO,10.0,SOFT,13.0,10.0,100.858,0,0.0,2023,Bahrain,17.0
OCO,11.0,SOFT,14.0,10.0,101.035,0,0.0,2023,Bahrain,17.0
OCO,12.0,SOFT,15.0,9.0,103.787,1,0.0,2023,Bahrain,17.0
OCO,13.0,HARD,1.0,12.0,120.381,0,0.0,2023,Bahrain,17.0
OCO,14.0,HARD,2.0,12.0,98.649,0,0.0,2023,Bahrain,17.0
OCO,15.0,HARD,3.0,13.0,101.863,1,0.0,2023,Bahrain,17.0
OCO,16.0,HARD,4.0,19.0,135.708,0,0.0,2023,Bahrain,17.0
OCO,17.0,HARD,5.0,19.0,98.78,0,0.0,2023,Bahrain,17.0
OCO,18.0,HARD,6.0,18.0,98.886,0,0.0,2023,Bahrain,17.0
OCO,19.0,HARD,7.0,18.0,98.817,0,0.0,2023,Bahrain,17.0
OCO,20.0,HARD,8.0,18.0,98.809,0,0.0,2023,Bahrain,17.0
OCO,21.0,HARD,9.0,18.0,98.976,0,0.0,2023,Bahrain,17.0
OCO,22.0,HARD,10.0,18.0,99.028,0,0.0,2023,Bahrain,17.0
OCO,23.0,HARD,11.0,19.0,100.052,0,0.0,2023,Bahrain,17.0
OCO,24.0,HARD,12.0,19.0,99.382,0,0.0,2023,Bahrain,17.0
OCO,25.0,HARD,13.0,19.0,99.435,0,0.0,2023,Bahrain,17.0
OCO,26.0,HARD,14.0,19.0,99.521,0,0.0,2023,Bahrain,17.0
OCO,27.0,HARD,15.0,18.0,99.594,0,0.0,2023,Bahrain,17.0
OCO,28.0,HARD,16.0,17.0,100.026,0,0.0,2023,Bahrain,17.0
OCO,29.0,HARD,17.0,17.0,101.181,0,0.0,2023,Bahrain,17.0
OCO,30.0,HARD,18.0,16.0,99.757,0,0.0,2023,Bahrain,17.0
OCO,31.0,HARD,19.0,16.0,99.748,0,0.0,2023,Bahrain,17.0
OCO,32.0,HARD,20.0,18.0,104.296,1,0.0,2023,Bahrain,17.0
OCO,33.0,HARD,1.0,19.0,138.694,0,0.0,2023,Bahrain,17.0
OCO,34.0,HARD,2.0,19.0,96.797,0,0.0,2023,Bahrain,17.0
OCO,35.0,HARD,3.0,19.0,96.964,0,0.0,2023,Bahrain,17.0
OCO,36.0,HARD,4.0,19.0,97.364,0,0.0,2023,Bahrain,17.0
OCO,37.0,HARD,5.0,19.0,97.338,0,0.0,2023,Bahrain,17.0
OCO,38.0,HARD,6.0,18.0,97.216,0,0.0,2023,Bahrain,17.0
OCO,39.0,HARD,7.0,18.0,97.523,0,0.0,2023,Bahrain,17.0
OCO,40.0,HARD,8.0,17.0,128.023,0,0.0,2023,Bahrain,17.0
OCO,41.0,HARD,9.0,17.0,102.684,1,0.0,2023,Bahrain,17.0
NOR,1.0,SOFT,1.0,10.0,105.364,0,0.0,2023,Bahrain,17.0
NOR,2.0,SOFT,2.0,10.0,100.433,0,0.0,2023,Bahrain,17.0
NOR,3.0,SOFT,3.0,10.0,99.777,0,0.0,2023,Bahrain,17.0
NOR,4.0,SOFT,4.0,12.0,102.267,0,0.0,2023,Bahrain,17.0
NOR,5.0,SOFT,5.0,12.0,100.664,0,0.0,2023,Bahrain,17.0
NOR,6.0,SOFT,6.0,12.0,100.814,0,0.0,2023,Bahrain,17.0
NOR,7.0,SOFT,7.0,12.0,100.726,0,0.0,2023,Bahrain,17.0
NOR,8.0,SOFT,8.0,12.0,100.857,0,0.0,2023,Bahrain,17.0
NOR,9.0,SOFT,9.0,12.0,100.783,0,0.0,2023,Bahrain,17.0
NOR,10.0,SOFT,10.0,13.0,103.521,1,0.0,2023,Bahrain,17.0
NOR,11.0,HARD,1.0,20.0,129.886,0,0.0,2023,Bahrain,17.0
NOR,12.0,HARD,2.0,18.0,99.314,0,0.0,2023,Bahrain,17.0
NOR,13.0,HARD,3.0,17.0,99.51,0,0.0,2023,Bahrain,17.0
NOR,14.0,HARD,4.0,16.0,99.243,0,0.0,2023,Bahrain,17.0
NOR,15.0,HARD,5.0,16.0,98.87,0,0.0,2023,Bahrain,17.0
NOR,16.0,HARD,6.0,14.0,98.86,0,0.0,2023,Bahrain,17.0
NOR,17.0,HARD,7.0,15.0,101.501,1,0.0,2023,Bahrain,17.0
NOR,18.0,SOFT,4.0,19.0,128.607,0,0.0,2023,Bahrain,17.0
NOR,19.0,SOFT,5.0,19.0,97.966,0,0.0,2023,Bahrain,17.0
NOR,20.0,SOFT,6.0,19.0,98.345,0,0.0,2023,Bahrain,17.0
NOR,21.0,SOFT,7.0,19.0,98.297,0,0.0,2023,Bahrain,17.0
NOR,22.0,SOFT,8.0,19.0,98.908,0,0.0,2023,Bahrain,17.0
NOR,23.0,SOFT,9.0,18.0,98.291,0,0.0,2023,Bahrain,17.0
NOR,24.0,SOFT,10.0,18.0,98.696,0,0.0,2023,Bahrain,17.0
NOR,25.0,SOFT,11.0,18.0,98.447,0,0.0,2023,Bahrain,17.0
NOR,26.0,SOFT,12.0,18.0,98.44,0,0.0,2023,Bahrain,17.0
NOR,27.0,SOFT,13.0,17.0,100.973,1,0.0,2023,Bahrain,17.0
NOR,28.0,MEDIUM,1.0,19.0,127.663,0,0.0,2023,Bahrain,17.0
NOR,29.0,MEDIUM,2.0,19.0,97.26,0,0.0,2023,Bahrain,17.0
NOR,30.0,MEDIUM,3.0,19.0,97.605,0,0.0,2023,Bahrain,17.0
NOR,31.0,MEDIUM,4.0,19.0,97.768,0,0.0,2023,Bahrain,17.0
NOR,32.0,MEDIUM,5.0,19.0,98.111,0,0.0,2023,Bahrain,17.0
NOR,33.0,MEDIUM,6.0,18.0,97.52,0,0.0,2023,Bahrain,17.0
NOR,34.0,MEDIUM,7.0,18.0,97.987,0,0.0,2023,Bahrain,17.0
NOR,35.0,MEDIUM,8.0,18.0,97.87,0,0.0,2023,Bahrain,17.0
NOR,36.0,MEDIUM,9.0,18.0,99.886,0,0.0,2023,Bahrain,17.0
NOR,37.0,MEDIUM,10.0,18.0,100.197,1,0.0,2023,Bahrain,17.0
NOR,38.0,HARD,1.0,19.0,128.682,0,0.0,2023,Bahrain,17.0
NOR,39.0,HARD,2.0,19.0,98.347,0,0.0,2023,Bahrain,17.0
NOR,40.0,HARD,3.0,18.0,127.97,0,0.0,2023,Bahrain,17.0
NOR,41.0,HARD,4.0,18.0,96.705,0,0.0,2023,Bahrain,17.0
NOR,42.0,HARD,5.0,17.0,96.668,0,0.0,2023,Bahrain,17.0
NOR,43.0,HARD,6.0,17.0,96.687,0,0.0,2023,Bahrain,17.0
NOR,44.0,HARD,7.0,17.0,97.219,0,0.0,2023,Bahrain,17.0
NOR,45.0,HARD,8.0,17.0,97.426,0,0.0,2023,Bahrain,17.0
NOR,46.0,HARD,9.0,17.0,97.656,0,0.0,2023,Bahrain,17.0
NOR,47.0,HARD,10.0,17.0,100.433,1,0.0,2023,Bahrain,17.0
NOR,48.0,SOFT,5.0,17.0,126.905,0,0.0,2023,Bahrain,17.0
NOR,49.0,SOFT,6.0,17.0,99.08,0,0.0,2023,Bahrain,17.0
NOR,50.0,SOFT,7.0,17.0,95.257,0,0.0,2023,Bahrain,17.0
NOR,51.0,SOFT,8.0,17.0,95.822,0,0.0,2023,Bahrain,17.0
NOR,52.0,SOFT,9.0,17.0,96.152,0,0.0,2023,Bahrain,17.0
NOR,53.0,SOFT,10.0,17.0,96.5,0,0.0,2023,Bahrain,17.0
NOR,54.0,SOFT,11.0,17.0,99.789,1,0.0,2023,Bahrain,17.0
NOR,55.0,SOFT,7.0,17.0,124.847,0,0.0,2023,Bahrain,17.0
HAM,1.0,SOFT,4.0,5.0,102.288,0,0.0,2023,Bahrain,5.0
HAM,2.0,SOFT,5.0,5.0,99.166,0,0.0,2023,Bahrain,5.0
HAM,3.0,SOFT,6.0,5.0,99.22,0,0.0,2023,Bahrain,5.0
HAM,4.0,SOFT,7.0,5.0,99.198,0,0.0,2023,Bahrain,5.0
HAM,5.0,SOFT,8.0,5.0,99.335,0,0.0,2023,Bahrain,5.0
HAM,6.0,SOFT,9.0,5.0,99.756,0,0.0,2023,Bahrain,5.0
HAM,7.0,SOFT,10.0,5.0,99.757,0,0.0,2023,Bahrain,5.0
HAM,8.0,SOFT,11.0,5.0,100.267,0,0.0,2023,Bahrain,5.0
HAM,9.0,SOFT,12.0,5.0,100.323,0,0.0,2023,Bahrain,5.0
HAM,10.0,SOFT,13.0,5.0,100.289,0,0.0,2023,Bahrain,5.0
HAM,11.0,SOFT,14.0,5.0,100.752,0,0.0,2023,Bahrain,5.0
HAM,12.0,SOFT,15.0,7.0,103.336,1,0.0,2023,Bahrain,5.0
HAM,13.0,HARD,1.0,8.0,119.179,0,0.0,2023,Bahrain,5.0
HAM,14.0,HARD,2.0,7.0,98.308,0,0.0,2023,Bahrain,5.0
HAM,15.0,HARD,3.0,6.0,98.527,0,0.0,2023,Bahrain,5.0
HAM,16.0,HARD,4.0,5.0,98.617,0,0.0,2023,Bahrain,5.0
HAM,17.0,HARD,5.0,5.0,98.704,0,0.0,2023,Bahrain,5.0
HAM,18.0,HARD,6.0,5.0,98.69,0,0.0,2023,Bahrain,5.0
HAM,19.0,HARD,7.0,5.0,98.684,0,0.0,2023,Bahrain,5.0
HAM,20.0,HARD,8.0,5.0,98.478,0,0.0,2023,Bahrain,5.0
HAM,21.0,HARD,9.0,5.0,98.581,0,0.0,2023,Bahrain,5.0
HAM,22.0,HARD,10.0,5.0,98.46,0,0.0,2023,Bahrain,5.0
HAM,23.0,HARD,11.0,5.0,98.384,0,0.0,2023,Bahrain,5.0
HAM,24.0,HARD,12.0,5.0,98.367,0,0.0,2023,Bahrain,5.0
HAM,25.0,HARD,13.0,5.0,98.29,0,0.0,2023,Bahrain,5.0
HAM,26.0,HARD,14.0,5.0,98.339,0,0.0,2023,Bahrain,5.0
HAM,27.0,HARD,15.0,5.0,98.369,0,0.0,2023,Bahrain,5.0
HAM,28.0,HARD,16.0,5.0,98.265,0,0.0,2023,Bahrain,5.0
HAM,29.0,HARD,17.0,5.0,98.38,0,0.0,2023,Bahrain,5.0
HAM,30.0,HARD,18.0,6.0,101.175,1,0.0,2023,Bahrain,5.0
HAM,31.0,HARD,1.0,7.0,119.503,0,0.0,2023,Bahrain,5.0
HAM,32.0,HARD,2.0,6.0,97.563,0,0.0,2023,Bahrain,5.0
HAM,33.0,HARD,3.0,6.0,97.549,0,0.0,2023,Bahrain,5.0
HAM,34.0,HARD,4.0,6.0,98.135,0,0.0,2023,Bahrain,5.0
HAM,35.0,HARD,5.0,5.0,96.831,0,0.0,2023,Bahrain,5.0
HAM,36.0,HARD,6.0,5.0,96.546,0,0.0,2023,Bahrain,5.0
HAM,37.0,HARD,7.0,5.0,97.388,0,0.0,2023,Bahrain,5.0
HAM,38.0,HARD,8.0,6.0,98.304,0,0.0,2023,Bahrain,5.0
HAM,39.0,HARD,9.0,6.0,97.478,0,0.0,2023,Bahrain,5.0
HAM,40.0,HARD,10.0,5.0,97.494,0,0.0,2023,Bahrain,5.0
HAM,41.0,HARD,11.0,5.0,126.491,0,0.0,2023,Bahrain,5.0
HAM,42.0,HARD,12.0,5.0,97.061,0,0.0,2023,Bahrain,5.0
HAM,43.0,HARD,13.0,5.0,97.111,0,0.0,2023,Bahrain,5.0
HAM,44.0,HARD,14.0,5.0,97.048,0,0.0,2023,Bahrain,5.0
HAM,45.0,HARD,15.0,5.0,97.661,0,0.0,2023,Bahrain,5.0
HAM,46.0,HARD,16.0,5.0,97.779,0,0.0,2023,Bahrain,5.0
HAM,47.0,HARD,17.0,5.0,98.517,0,0.0,2023,Bahrain,5.0
HAM,48.0,HARD,18.0,5.0,97.844,0,0.0,2023,Bahrain,5.0
HAM,49.0,HARD,19.0,5.0,97.954,0,0.0,2023,Bahrain,5.0
HAM,50.0,HARD,20.0,5.0,97.77,0,0.0,2023,Bahrain,5.0
HAM,51.0,HARD,21.0,5.0,98.014,0,0.0,2023,Bahrain,5.0
HAM,52.0,HARD,22.0,5.0,97.803,0,0.0,2023,Bahrain,5.0
HAM,53.0,HARD,23.0,5.0,97.988,0,0.0,2023,Bahrain,5.0
HAM,54.0,HARD,24.0,5.0,98.076,0,0.0,2023,Bahrain,5.0
HAM,55.0,HARD,25.0,5.0,97.955,0,0.0,2023,Bahrain,5.0
HAM,56.0,HARD,26.0,5.0,98.111,0,0.0,2023,Bahrain,5.0
HAM,57.0,HARD,27.0,5.0,98.255,0,0.0,2023,Bahrain,5.0
SAI,1.0,SOFT,4.0,4.0,101.659,0,0.0,2023,Bahrain,4.0
SAI,2.0,SOFT,5.0,4.0,98.933,0,0.0,2023,Bahrain,4.0
SAI,3.0,SOFT,6.0,4.0,99.042,0,0.0,2023,Bahrain,4.0
SAI,4.0,SOFT,7.0,4.0,98.985,0,0.0,2023,Bahrain,4.0
SAI,5.0,SOFT,8.0,4.0,99.128,0,0.0,2023,Bahrain,4.0
SAI,6.0,SOFT,9.0,4.0,99.474,0,0.0,2023,Bahrain,4.0
SAI,7.0,SOFT,10.0,4.0,99.502,0,0.0,2023,Bahrain,4.0
SAI,8.0,SOFT,11.0,4.0,99.779,0,0.0,2023,Bahrain,4.0
SAI,9.0,SOFT,12.0,4.0,99.744,0,0.0,2023,Bahrain,4.0
SAI,10.0,SOFT,13.0,4.0,100.102,0,0.0,2023,Bahrain,4.0
SAI,11.0,SOFT,14.0,4.0,100.507,0,0.0,2023,Bahrain,4.0
SAI,12.0,SOFT,15.0,4.0,100.52,0,0.0,2023,Bahrain,4.0
SAI,13.0,SOFT,16.0,4.0,103.31,1,0.0,2023,Bahrain,4.0
SAI,14.0,HARD,1.0,6.0,119.006,0,0.0,2023,Bahrain,4.0
SAI,15.0,HARD,2.0,5.0,97.985,0,0.0,2023,Bahrain,4.0
SAI,16.0,HARD,3.0,4.0,98.433,0,0.0,2023,Bahrain,4.0
SAI,17.0,HARD,4.0,4.0,98.161,0,0.0,2023,Bahrain,4.0
SAI,18.0,HARD,5.0,4.0,98.287,0,0.0,2023,Bahrain,4.0
SAI,19.0,HARD,6.0,4.0,98.21,0,0.0,2023,Bahrain,4.0
SAI,20.0,HARD,7.0,4.0,98.096,0,0.0,2023,Bahrain,4.0
SAI,21.0,HARD,8.0,4.0,98.24,0,0.0,2023,Bahrain,4.0
SAI,22.0,HARD,9.0,4.0,98.453,0,0.0,2023,Bahrain,4.0
SAI,23.0,HARD,10.0,4.0,98.597,0,0.0,2023,Bahrain,4.0
SAI,24.0,HARD,11.0,4.0,98.314,0,0.0,2023,Bahrain,4.0
SAI,25.0,HARD,12.0,4.0,98.571,0,0.0,2023,Bahrain,4.0
SAI,26.0,HARD,13.0,4.0,98.331,0,0.0,2023,Bahrain,4.0
SAI,27.0,HARD,14.0,4.0,98.423,0,0.0,2023,Bahrain,4.0
SAI,28.0,HARD,15.0,4.0,98.474,0,0.0,2023,Bahrain,4.0
SAI,29.0,HARD,16.0,4.0,98.55,0,0.0,2023,Bahrain,4.0
SAI,30.0,HARD,17.0,4.0,98.601,0,0.0,2023,Bahrain,4.0
SAI,31.0,HARD,18.0,4.0,101.274,1,0.0,2023,Bahrain,4.0
SAI,32.0,HARD,1.0,5.0,118.492,0,0.0,2023,Bahrain,4.0
SAI,33.0,HARD,2.0,5.0,97.548,0,0.0,2023,Bahrain,4.0
SAI,34.0,HARD,3.0,5.0,97.475,0,0.0,2023,Bahrain,4.0
SAI,35.0,HARD,4.0,4.0,97.441,0,0.0,2023,Bahrain,4.0
SAI,36.0,HARD,5.0,4.0,97.706,0,0.0,2023,Bahrain,4.0
SAI,37.0,HARD,6.0,4.0,97.13,0,0.0,2023,Bahrain,4.0
SAI,38.0,HARD,7.0,4.0,97.444,0,0.0,2023,Bahrain,4.0
SAI,39.0,HARD,8.0,4.0,97.403,0,0.0,2023,Bahrain,4.0
SAI,40.0,HARD,9.0,3.0,97.587,0,0.0,2023,Bahrain,4.0
SAI,41.0,HARD,10.0,3.0,126.436,0,0.0,2023,Bahrain,4.0
SAI,42.0,HARD,11.0,3.0,97.375,0,0.0,2023,Bahrain,4.0
SAI,43.0,HARD,12.0,3.0,97.294,0,0.0,2023,Bahrain,4.0
SAI,44.0,HARD,13.0,3.0,97.389,0,0.0,2023,Bahrain,4.0
SAI,45.0,HARD,14.0,4.0,99.561,0,0.0,2023,Bahrain,4.0
SAI,46.0,HARD,15.0,4.0,97.844,0,0.0,2023,Bahrain,4.0
SAI,47.0,HARD,16.0,4.0,98.222,0,0.0,2023,Bahrain,4.0
SAI,48.0,HARD,17.0,4.0,97.897,0,0.0,2023,Bahrain,4.0
SAI,49.0,HARD,18.0,4.0,97.765,0,0.0,2023,Bahrain,4.0
SAI,50.0,HARD,19.0,4.0,97.604,0,0.0,2023,Bahrain,4.0
SAI,51.0,HARD,20.0,4.0,97.672,0,0.0,2023,Bahrain,4.0
SAI,52.0,HARD,21.0,4.0,97.49,0,0.0,2023,Bahrain,4.0
SAI,53.0,HARD,22.0,4.0,97.66,0,0.0,2023,Bahrain,4.0
SAI,54.0,HARD,23.0,4.0,97.694,0,0.0,2023,Bahrain,4.0
SAI,55.0,HARD,24.0,4.0,97.821,0,0.0,2023,Bahrain,4.0
SAI,56.0,HARD,25.0,4.0,98.126,0,0.0,2023,Bahrain,4.0
SAI,57.0,HARD,26.0,4.0,98.021,0,0.0,2023,Bahrain,4.0
RUS,1.0,SOFT,4.0,6.0,102.662,0,0.0,2023,Bahrain,7.0
RUS,2.0,SOFT,5.0,6.0,99.59,0,0.0,2023,Bahrain,7.0
RUS,3.0,SOFT,6.0,6.0,99.093,0,0.0,2023,Bahrain,7.0
RUS,4.0,SOFT,7.0,6.0,99.261,0,0.0,2023,Bahrain,7.0
RUS,5.0,SOFT,8.0,6.0,99.549,0,0.0,2023,Bahrain,7.0
RUS,6.0,SOFT,9.0,6.0,99.493,0,0.0,2023,Bahrain,7.0
RUS,7.0,SOFT,10.0,6.0,100.056,0,0.0,2023,Bahrain,7.0
RUS,8.0,SOFT,11.0,6.0,100.31,0,0.0,2023,Bahrain,7.0
RUS,9.0,SOFT,12.0,6.0,100.42,0,0.0,2023,Bahrain,7.0
RUS,10.0,SOFT,13.0,6.0,100.532,0,0.0,2023,Bahrain,7.0
RUS,11.0,SOFT,14.0,6.0,101.085,0,0.0,2023,Bahrain,7.0
RUS,12.0,SOFT,15.0,5.0,101.112,0,0.0,2023,Bahrain,7.0
RUS,13.0,SOFT,16.0,7.0,104.691,1,0.0,2023,Bahrain,7.0
RUS,14.0,HARD,1.0,10.0,121.269,0,0.0,2023,Bahrain,7.0
RUS,15.0,HARD,2.0,9.0,97.46,0,0.0,2023,Bahrain,7.0
RUS,16.0,HARD,3.0,8.0,97.833,0,0.0,2023,Bahrain,7.0
RUS,17.0,HARD,4.0,8.0,98.604,0,0.0,2023,Bahrain,7.0
RUS,18.0,HARD,5.0,7.0,98.427,0,0.0,2023,Bahrain,7.0
RUS,19.0,HARD,6.0,7.0,98.512,0,0.0,2023,Bahrain,7.0
RUS,20.0,HARD,7.0,7.0,98.578,0,0.0,2023,Bahrain,7.0
RUS,21.0,HARD,8.0,7.0,98.555,0,0.0,2023,Bahrain,7.0
RUS,22.0,HARD,9.0,7.0,98.438,0,0.0,2023,Bahrain,7.0
RUS,23.0,HARD,10.0,7.0,98.773,0,0.0,2023,Bahrain,7.0
RUS,24.0,HARD,11.0,7.0,98.643,0,0.0,2023,Bahrain,7.0
RUS,25.0,HARD,12.0,7.0,98.487,0,0.0,2023,Bahrain,7.0
RUS,26.0,HARD,13.0,7.0,98.462,0,0.0,2023,Bahrain,7.0
RUS,27.0,HARD,14.0,7.0,98.625,0,0.0,2023,Bahrain,7.0
RUS,28.0,HARD,15.0,7.0,98.448,0,0.0,2023,Bahrain,7.0
RUS,29.0,HARD,16.0,7.0,98.792,0,0.0,2023,Bahrain,7.0
RUS,30.0,HARD,17.0,7.0,98.541,0,0.0,2023,Bahrain,7.0
RUS,31.0,HARD,18.0,6.0,101.035,1,0.0,2023,Bahrain,7.0
RUS,32.0,HARD,1.0,8.0,118.694,0,0.0,2023,Bahrain,7.0
RUS,33.0,HARD,2.0,8.0,97.221,0,0.0,2023,Bahrain,7.0
RUS,34.0,HARD,3.0,8.0,97.311,0,0.0,2023,Bahrain,7.0
RUS,35.0,HARD,4.0,8.0,97.592,0,0.0,2023,Bahrain,7.0
RUS,36.0,HARD,5.0,8.0,97.607,0,0.0,2023,Bahrain,7.0
RUS,37.0,HARD,6.0,8.0,97.822,0,0.0,2023,Bahrain,7.0
RUS,38.0,HARD,7.0,8.0,97.66,0,0.0,2023,Bahrain,7.0
RUS,39.0,HARD,8.0,8.0,97.495,0,0.0,2023,Bahrain,7.0
RUS,40.0,HARD,9.0,7.0,98.085,0,0.0,2023,Bahrain,7.0
RUS,41.0,HARD,10.0,7.0,126.293,0,0.0,2023,Bahrain,7.0
RUS,42.0,HARD,11.0,7.0,97.035,0,0.0,2023,Bahrain,7.0
RUS,43.0,HARD,12.0,7.0,97.48,0,0.0,2023,Bahrain,7.0
RUS,44.0,HARD,13.0,7.0,97.597,0,0.0,2023,Bahrain,7.0
RUS,45.0,HARD,14.0,7.0,97.316,0,0.0,2023,Bahrain,7.0
RUS,46.0,HARD,15.0,7.0,97.571,0,0.0,2023,Bahrain,7.0
RUS,47.0,HARD,16.0,7.0,97.432,0,0.0,2023,Bahrain,7.0
RUS,48.0,HARD,17.0,7.0,97.52,0,0.0,2023,Bahrain,7.0
RUS,49.0,HARD,18.0,7.0,97.718,0,0.0,2023,Bahrain,7.0
RUS,50.0,HARD,19.0,7.0,97.383,0,0.0,2023,Bahrain,7.0
RUS,51.0,HARD,20.0,7.0,97.825,0,0.0,2023,Bahrain,7.0
RUS,52.0,HARD,21.0,7.0,97.589,0,0.0,2023,Bahrain,7.0
RUS,53.0,HARD,22.0,7.0,97.841,0,0.0,2023,Bahrain,7.0
RUS,54.0,HARD,23.0,7.0,97.923,0,0.0,2023,Bahrain,7.0
RUS,55.0,HARD,24.0,7.0,97.86,0,0.0,2023,Bahrain,7.0
RUS,56.0,HARD,25.0,7.0,97.636,0,0.0,2023,Bahrain,7.0
RUS,57.0,HARD,26.0,7.0,97.767,0,0.0,2023,Bahrain,7.0
BOT,1.0,SOFT,1.0,8.0,104.154,0,0.0,2023,Bahrain,8.0
BOT,2.0,SOFT,2.0,8.0,99.956,0,0.0,2023,Bahrain,8.0
BOT,3.0,SOFT,3.0,8.0,99.397,0,0.0,2023,Bahrain,8.0
BOT,4.0,SOFT,4.0,8.0,99.823,0,0.0,2023,Bahrain,8.0
BOT,5.0,SOFT,5.0,9.0,101.033,0,0.0,2023,Bahrain,8.0
BOT,6.0,SOFT,6.0,9.0,100.265,0,0.0,2023,Bahrain,8.0
BOT,7.0,SOFT,7.0,9.0,100.564,0,0.0,2023,Bahrain,8.0
BOT,8.0,SOFT,8.0,9.0,100.387,0,0.0,2023,Bahrain,8.0
BOT,9.0,SOFT,9.0,9.0,100.275,0,0.0,2023,Bahrain,8.0
BOT,10.0,SOFT,10.0,9.0,100.676,0,0.0,2023,Bahrain,8.0
BOT,11.0,SOFT,11.0,9.0,103.269,1,0.0,2023,Bahrain,8.0
BOT,12.0,HARD,1.0,14.0,119.45,0,0.0,2023,Bahrain,8.0
BOT,13.0,HARD,2.0,10.0,98.03,0,0.0,2023,Bahrain,8.0
BOT,14.0,HARD,3.0,8.0,98.098,0,0.0,2023,Bahrain,8.0
BOT,15.0,HARD,4.0,7.0,98.851,0,0.0,2023,Bahrain,8.0
BOT,16.0,HARD,5.0,6.0,98.494,0,0.0,2023,Bahrain,8.0
BOT,17.0,HARD,6.0,7.0,99.973,0,0.0,2023,Bahrain,8.0
BOT,18.0,HARD,7.0,8.0,100.24,0,0.0,2023,Bahrain,8.0
BOT,19.0,HARD,8.0,8.0,99.497,0,0.0,2023,Bahrain,8.0
BOT,20.0,HARD,9.0,9.0,100.442,0,0.0,2023,Bahrain,8.0
BOT,21.0,HARD,10.0,9.0,99.355,0,0.0,2023,Bahrain,8.0
BOT,22.0,HARD,11.0,9.0,99.356,0,0.0,2023,Bahrain,8.0
BOT,23.0,HARD,12.0,9.0,99.311,0,0.0,2023,Bahrain,8.0
BOT,24.0,HARD,13.0,9.0,99.427,0,0.0,2023,Bahrain,8.0
BOT,25.0,HARD,14.0,9.0,99.49,0,0.0,2023,Bahrain,8.0
BOT,26.0,HARD,15.0,9.0,99.5,0,0.0,2023,Bahrain,8.0
BOT,27.0,HARD,16.0,9.0,99.287,0,0.0,2023,Bahrain,8.0
BOT,28.0,HARD,17.0,9.0,99.016,0,0.0,2023,Bahrain,8.0
BOT,29.0,HARD,18.0,9.0,102.22,1,0.0,2023,Bahrain,8.0
BOT,30.0,HARD,1.0,11.0,118.886,0,0.0,2023,Bahrain,8.0
BOT,31.0,HARD,2.0,10.0,97.379,0,0.0,2023,Bahrain,8.0
BOT,32.0,HARD,3.0,9.0,97.675,0,0.0,2023,Bahrain,8.0
BOT,33.0,HARD,4.0,9.0,97.775,0,0.0,2023,Bahrain,8.0
BOT,34.0,HARD,5.0,9.0,97.774,0,0.0,2023,Bahrain,8.0
BOT,35.0,HARD,6.0,9.0,97.817,0,0.0,2023,Bahrain,8.0
BOT,36.0,HARD,7.0,9.0,97.827,0,0.0,2023,Bahrain,8.0
BOT,37.0,HARD,8.0,9.0,97.774,0,0.0,2023,Bahrain,8.0
BOT,38.0,HARD,9.0,9.0,97.658,0,0.0,2023,Bahrain,8.0
BOT,39.0,HARD,10.0,9.0,97.784,0,0.0,2023,Bahrain,8.0
BOT,40.0,HARD,11.0,8.0,110.376,0,0.0,2023,Bahrain,8.0
BOT,41.0,HARD,12.0,8.0,115.281,0,0.0,2023,Bahrain,8.0
BOT,42.0,HARD,13.0,8.0,97.736,0,0.0,2023,Bahrain,8.0
BOT,43.0,HARD,14.0,8.0,97.813,0,0.0,2023,Bahrain,8.0
BOT,44.0,HARD,15.0,8.0,97.868,0,0.0,2023,Bahrain,8.0
BOT,45.0,HARD,16.0,8.0,97.688,0,0.0,2023,Bahrain,8.0
BOT,46.0,HARD,17.0,8.0,97.83,0,0.0,2023,Bahrain,8.0
BOT,47.0,HARD,18.0,8.0,97.815,0,0.0,2023,Bahrain,8.0
BOT,48.0,HARD,19.0,8.0,97.5,0,0.0,2023,Bahrain,8.0
BOT,49.0,HARD,20.0,8.0,97.85,0,0.0,2023,Bahrain,8.0
BOT,50.0,HARD,21.0,8.0,97.71,0,0.0,2023,Bahrain,8.0
BOT,51.0,HARD,22.0,8.0,97.816,0,0.0,2023,Bahrain,8.0
BOT,52.0,HARD,23.0,8.0,97.947,0,0.0,2023,Bahrain,8.0
BOT,53.0,HARD,24.0,8.0,97.856,0,0.0,2023,Bahrain,8.0
BOT,54.0,HARD,25.0,8.0,97.738,0,0.0,2023,Bahrain,8.0
BOT,55.0,HARD,26.0,8.0,97.807,0,0.0,2023,Bahrain,8.0
BOT,56.0,HARD,27.0,8.0,98.16,0,0.0,2023,Bahrain,8.0
BOT,57.0,HARD,28.0,8.0,98.407,0,0.0,2023,Bahrain,8.0
PIA,1.0,SOFT,1.0,16.0,108.214,0,0.0,2023,Bahrain,16.0
PIA,2.0,SOFT,2.0,16.0,100.83,0,0.0,2023,Bahrain,16.0
PIA,3.0,SOFT,3.0,16.0,100.691,0,0.0,2023,Bahrain,16.0
PIA,4.0,SOFT,4.0,16.0,100.718,0,0.0,2023,Bahrain,16.0
PIA,5.0,SOFT,5.0,16.0,100.862,0,0.0,2023,Bahrain,16.0
PIA,6.0,SOFT,6.0,16.0,101.111,0,0.0,2023,Bahrain,16.0
PIA,7.0,SOFT,7.0,16.0,101.167,0,0.0,2023,Bahrain,16.0
PIA,8.0,SOFT,8.0,16.0,101.295,0,0.0,2023,Bahrain,16.0
PIA,9.0,SOFT,9.0,16.0,101.534,0,0.0,2023,Bahrain,16.0
PIA,10.0,SOFT,10.0,16.0,101.584,0,0.0,2023,Bahrain,16.0
PIA,11.0,SOFT,11.0,13.0,101.352,0,0.0,2023,Bahrain,16.0
PIA,12.0,SOFT,12.0,11.0,101.156,0,0.0,2023,Bahrain,16.0
PIA,13.0,SOFT,13.0,16.0,122.071,1,0.0,2023,Bahrain,16.0
VER,1.0,MEDIUM,1.0,13.0,105.222,0,0.0,2023,Saudi Arabia,2.0
VER,2.0,MEDIUM,2.0,13.0,97.68,0,0.0,2023,Saudi Arabia,2.0
VER,3.0,MEDIUM,3.0,13.0,96.526,0,0.0,2023,Saudi Arabia,2.0
VER,4.0,MEDIUM,4.0,12.0,96.503,0,0.0,2023,Saudi Arabia,2.0
VER,5.0,MEDIUM,5.0,11.0,95.359,0,0.0,2023,Saudi Arabia,2.0
VER,6.0,MEDIUM,6.0,11.0,95.84,0,0.0,2023,Saudi Arabia,2.0
VER,7.0,MEDIUM,7.0,11.0,95.687,0,0.0,2023,Saudi Arabia,2.0
VER,8.0,MEDIUM,8.0,10.0,95.129,0,0.0,2023,Saudi Arabia,2.0
VER,9.0,MEDIUM,9.0,9.0,95.561,0,0.0,2023,Saudi Arabia,2.0
VER,10.0,MEDIUM,10.0,9.0,95.443,0,0.0,2023,Saudi Arabia,2.0
VER,11.0,MEDIUM,11.0,9.0,95.306,0,0.0,2023,Saudi Arabia,2.0
VER,12.0,MEDIUM,12.0,8.0,94.848,0,0.0,2023,Saudi Arabia,2.0
VER,13.0,MEDIUM,13.0,8.0,95.183,0,0.0,2023,Saudi Arabia,2.0
VER,14.0,MEDIUM,14.0,6.0,94.2,0,0.0,2023,Saudi Arabia,2.0
VER,15.0,MEDIUM,15.0,6.0,94.499,0,0.0,2023,Saudi Arabia,2.0
VER,16.0,MEDIUM,16.0,4.0,94.443,0,0.0,2023,Saudi Arabia,2.0
VER,17.0,MEDIUM,17.0,4.0,93.79,0,0.0,2023,Saudi Arabia,2.0
VER,18.0,MEDIUM,18.0,4.0,134.348,1,0.0,2023,Saudi Arabia,2.0
VER,21.0,HARD,3.0,4.0,96.946,0,0.0,2023,Saudi Arabia,2.0
VER,22.0,HARD,4.0,4.0,94.973,0,0.0,2023,Saudi Arabia,2.0
VER,23.0,HARD,5.0,3.0,94.115,0,0.0,2023,Saudi Arabia,2.0
VER,24.0,HARD,6.0,3.0,94.146,0,0.0,2023,Saudi Arabia,2.0
VER,25.0,HARD,7.0,2.0,92.933,0,0.0,2023,Saudi Arabia,2.0
VER,26.0,HARD,8.0,2.0,92.94,0,0.0,2023,Saudi Arabia,2.0
VER,27.0,HARD,9.0,2.0,92.838,0,0.0,2023,Saudi Arabia,2.0
VER,28.0,HARD,10.0,2.0,92.869,0,0.0,2023,Saudi Arabia,2.0
VER,29.0,HARD,11.0,2.0,92.67,0,0.0,2023,Saudi Arabia,2.0
VER,30.0,HARD,12.0,2.0,92.877,0,0.0,2023,Saudi Arabia,2.0
VER,31.0,HARD,13.0,2.0,92.382,0,0.0,2023,Saudi Arabia,2.0
VER,32.0,HARD,14.0,2.0,92.4,0,0.0,2023,Saudi Arabia,2.0
VER,33.0,HARD,15.0,2.0,92.387,0,0.0,2023,Saudi Arabia,2.0
VER,34.0,HARD,16.0,2.0,92.341,0,0.0,2023,Saudi Arabia,2.0
VER,35.0,HARD,17.0,2.0,92.249,0,0.0,2023,Saudi Arabia,2.0
VER,36.0,HARD,18.0,2.0,92.384,0,0.0,2023,Saudi Arabia,2.0
VER,37.0,HARD,19.0,2.0,92.496,0,0.0,2023,Saudi Arabia,2.0
VER,38.0,HARD,20.0,2.0,93.123,0,0.0,2023,Saudi Arabia,2.0
VER,39.0,HARD,21.0,2.0,92.432,0,0.0,2023,Saudi Arabia,2.0
VER,40.0,HARD,22.0,2.0,92.606,0,0.0,2023,Saudi Arabia,2.0
VER,41.0,HARD,23.0,2.0,92.638,0,0.0,2023,Saudi Arabia,2.0
VER,42.0,HARD,24.0,2.0,92.274,0,0.0,2023,Saudi Arabia,2.0
VER,43.0,HARD,25.0,2.0,92.343,0,0.0,2023,Saudi Arabia,2.0
VER,44.0,HARD,26.0,2.0,92.848,0,0.0,2023,Saudi Arabia,2.0
VER,45.0,HARD,27.0,2.0,92.968,0,0.0,2023,Saudi Arabia,2.0
VER,46.0,HARD,28.0,2.0,93.148,0,0.0,2023,Saudi Arabia,2.0
VER,47.0,HARD,29.0,2.0,93.238,0,0.0,2023,Saudi Arabia,2.0
VER,48.0,HARD,30.0,2.0,93.607,0,0.0,2023,Saudi Arabia,2.0
VER,49.0,HARD,31.0,2.0,93.835,0,0.0,2023,Saudi Arabia,2.0
VER,50.0,HARD,32.0,2.0,91.906,0,0.0,2023,Saudi Arabia,2.0
GAS,1.0,MEDIUM,1.0,8.0,102.172,0,0.0,2023,Saudi Arabia,9.0
GAS,2.0,MEDIUM,2.0,8.0,97.056,0,0.0,2023,Saudi Arabia,9.0
GAS,3.0,MEDIUM,3.0,8.0,96.044,0,0.0,2023,Saudi Arabia,9.0
GAS,4.0,MEDIUM,4.0,8.0,96.291,0,0.0,2023,Saudi Arabia,9.0
GAS,5.0,MEDIUM,5.0,8.0,95.973,0,0.0,2023,Saudi Arabia,9.0
GAS,6.0,MEDIUM,6.0,8.0,95.837,0,0.0,2023,Saudi Arabia,9.0
GAS,7.0,MEDIUM,7.0,9.0,97.137,0,0.0,2023,Saudi Arabia,9.0
GAS,8.0,MEDIUM,8.0,9.0,96.645,0,0.0,2023,Saudi Arabia,9.0
GAS,9.0,MEDIUM,9.0,10.0,96.549,0,0.0,2023,Saudi Arabia,9.0
GAS,10.0,MEDIUM,10.0,10.0,96.262,0,0.0,2023,Saudi Arabia,9.0
GAS,11.0,MEDIUM,11.0,10.0,96.022,0,0.0,2023,Saudi Arabia,9.0
GAS,12.0,MEDIUM,12.0,10.0,96.128,0,0.0,2023,Saudi Arabia,9.0
GAS,13.0,MEDIUM,13.0,10.0,96.17,0,0.0,2023,Saudi Arabia,9.0
GAS,14.0,MEDIUM,14.0,9.0,98.551,1,0.0,2023,Saudi Arabia,9.0
GAS,15.0,HARD,1.0,14.0,113.128,0,0.0,2023,Saudi Arabia,9.0
GAS,16.0,HARD,2.0,14.0,95.536,0,0.0,2023,Saudi Arabia,9.0
GAS,17.0,HARD,3.0,13.0,107.735,0,0.0,2023,Saudi Arabia,9.0
GAS,18.0,HARD,4.0,11.0,135.212,0,0.0,2023,Saudi Arabia,9.0
GAS,19.0,HARD,5.0,10.0,132.712,0,0.0,2023,Saudi Arabia,9.0
GAS,21.0,HARD,7.0,10.0,98.374,0,0.0,2023,Saudi Arabia,9.0
GAS,22.0,HARD,8.0,10.0,96.576,0,0.0,2023,Saudi Arabia,9.0
GAS,23.0,HARD,9.0,10.0,95.918,0,0.0,2023,Saudi Arabia,9.0
GAS,24.0,HARD,10.0,10.0,95.322,0,0.0,2023,Saudi Arabia,9.0
GAS,25.0,HARD,11.0,9.0,95.27,0,0.0,2023,Saudi Arabia,9.0
GAS,26.0,HARD,12.0,9.0,95.105,0,0.0,2023,Saudi Arabia,9.0
GAS,27.0,HARD,13.0,9.0,95.0,0,0.0,2023,Saudi Arabia,9.0
GAS,28.0,HARD,14.0,9.0,94.65,0,0.0,2023,Saudi Arabia,9.0
GAS,29.0,HARD,15.0,9.0,94.601,0,0.0,2023,Saudi Arabia,9.0
GAS,30.0,HARD,16.0,9.0,94.869,0,0.0,2023,Saudi Arabia,9.0
GAS,31.0,HARD,17.0,9.0,94.735,0,0.0,2023,Saudi Arabia,9.0
GAS,32.0,HARD,18.0,9.0,94.626,0,0.0,2023,Saudi Arabia,9.0
GAS,33.0,HARD,19.0,9.0,94.516,0,0.0,2023,Saudi Arabia,9.0
GAS,34.0,HARD,20.0,9.0,94.394,0,0.0,2023,Saudi Arabia,9.0
GAS,35.0,HARD,21.0,9.0,94.5,0,0.0,2023,Saudi Arabia,9.0
GAS,36.0,HARD,22.0,9.0,94.436,0,0.0,2023,Saudi Arabia,9.0
GAS,37.0,HARD,23.0,9.0,94.289,0,0.0,2023,Saudi Arabia,9.0
GAS,38.0,HARD,24.0,9.0,94.355,0,0.0,2023,Saudi Arabia,9.0
GAS,39.0,HARD,25.0,9.0,93.929,0,0.0,2023,Saudi Arabia,9.0
GAS,40.0,HARD,26.0,9.0,94.11,0,0.0,2023,Saudi Arabia,9.0
GAS,41.0,HARD,27.0,9.0,93.829,0,0.0,2023,Saudi Arabia,9.0
GAS,42.0,HARD,28.0,9.0,93.96,0,0.0,2023,Saudi Arabia,9.0
GAS,43.0,HARD,29.0,9.0,94.026,0,0.0,2023,Saudi Arabia,9.0
GAS,44.0,HARD,30.0,9.0,94.131,0,0.0,2023,Saudi Arabia,9.0
GAS,45.0,HARD,31.0,9.0,93.82,0,0.0,2023,Saudi Arabia,9.0
GAS,46.0,HARD,32.0,9.0,94.068,0,0.0,2023,Saudi Arabia,9.0
GAS,47.0,HARD,33.0,9.0,93.81,0,0.0,2023,Saudi Arabia,9.0
GAS,48.0,HARD,34.0,9.0,93.624,0,0.0,2023,Saudi Arabia,9.0
GAS,49.0,HARD,35.0,9.0,93.614,0,0.0,2023,Saudi Arabia,9.0
GAS,50.0,HARD,36.0,9.0,93.392,0,0.0,2023,Saudi Arabia,9.0
PER,1.0,MEDIUM,1.0,2.0,97.257,0,0.0,2023,Saudi Arabia,1.0
PER,2.0,MEDIUM,2.0,2.0,95.906,0,0.0,2023,Saudi Arabia,1.0
PER,3.0,MEDIUM,3.0,2.0,94.829,0,0.0,2023,Saudi Arabia,1.0
PER,4.0,MEDIUM,4.0,1.0,95.651,0,0.0,2023,Saudi Arabia,1.0
PER,5.0,MEDIUM,5.0,1.0,94.873,0,0.0,2023,Saudi Arabia,1.0
PER,6.0,MEDIUM,6.0,1.0,94.621,0,0.0,2023,Saudi Arabia,1.0
PER,7.0,MEDIUM,7.0,1.0,94.277,0,0.0,2023,Saudi Arabia,1.0
PER,8.0,MEDIUM,8.0,1.0,94.477,0,0.0,2023,Saudi Arabia,1.0
PER,9.0,MEDIUM,9.0,1.0,94.255,0,0.0,2023,Saudi Arabia,1.0
PER,10.0,MEDIUM,10.0,1.0,94.106,0,0.0,2023,Saudi Arabia,1.0
PER,11.0,MEDIUM,11.0,1.0,94.075,0,0.0,2023,Saudi Arabia,1.0
PER,12.0,MEDIUM,12.0,1.0,94.16,0,0.0,2023,Saudi Arabia,1.0
PER,13.0,MEDIUM,13.0,1.0,94.263,0,0.0,2023,Saudi Arabia,1.0
PER,14.0,MEDIUM,14.0,1.0,94.409,0,0.0,2023,Saudi Arabia,1.0
PER,15.0,MEDIUM,15.0,1.0,94.392,0,0.0,2023,Saudi Arabia,1.0
PER,16.0,MEDIUM,16.0,1.0,94.19,0,0.0,2023,Saudi Arabia,1.0
PER,17.0,MEDIUM,17.0,1.0,93.961,0,0.0,2023,Saudi Arabia,1.0
PER,18.0,MEDIUM,18.0,1.0,127.357,1,0.0,2023,Saudi Arabia,1.0
PER,21.0,HARD,3.0,1.0,94.557,0,0.0,2023,Saudi Arabia,1.0
PER,22.0,HARD,4.0,1.0,93.895,0,0.0,2023,Saudi Arabia,1.0
PER,23.0,HARD,5.0,1.0,93.464,0,0.0,2023,Saudi Arabia,1.0
PER,24.0,HARD,6.0,1.0,93.44,0,0.0,2023,Saudi Arabia,1.0
PER,25.0,HARD,7.0,1.0,93.426,0,0.0,2023,Saudi Arabia,1.0
PER,26.0,HARD,8.0,1.0,93.072,0,0.0,2023,Saudi Arabia,1.0
PER,27.0,HARD,9.0,1.0,92.891,0,0.0,2023,Saudi Arabia,1.0
PER,28.0,HARD,10.0,1.0,93.025,0,0.0,2023,Saudi Arabia,1.0
PER,29.0,HARD,11.0,1.0,92.726,0,0.0,2023,Saudi Arabia,1.0
PER,30.0,HARD,12.0,1.0,92.726,0,0.0,2023,Saudi Arabia,1.0
PER,31.0,HARD,13.0,1.0,92.554,0,0.0,2023,Saudi Arabia,1.0
PER,32.0,HARD,14.0,1.0,92.498,0,0.0,2023,Saudi Arabia,1.0
PER,33.0,HARD,15.0,1.0,92.55,0,0.0,2023,Saudi Arabia,1.0
PER,34.0,HARD,16.0,1.0,92.294,0,0.0,2023,Saudi Arabia,1.0
PER,35.0,HARD,17.0,1.0,92.68,0,0.0,2023,Saudi Arabia,1.0
PER,36.0,HARD,18.0,1.0,92.292,0,0.0,2023,Saudi Arabia,1.0
PER,37.0,HARD,19.0,1.0,92.638,0,0.0,2023,Saudi Arabia,1.0
PER,38.0,HARD,20.0,1.0,92.188,0,0.0,2023,Saudi Arabia,1.0
PER,39.0,HARD,21.0,1.0,93.19,0,0.0,2023,Saudi Arabia,1.0
PER,40.0,HARD,22.0,1.0,92.83,0,0.0,2023,Saudi Arabia,1.0
PER,41.0,HARD,23.0,1.0,92.637,0,0.0,2023,Saudi Arabia,1.0
PER,42.0,HARD,24.0,1.0,92.235,0,0.0,2023,Saudi Arabia,1.0
PER,43.0,HARD,25.0,1.0,92.308,0,0.0,2023,Saudi Arabia,1.0
PER,44.0,HARD,26.0,1.0,92.267,0,0.0,2023,Saudi Arabia,1.0
PER,45.0,HARD,27.0,1.0,92.419,0,0.0,2023,Saudi Arabia,1.0
PER,46.0,HARD,28.0,1.0,92.933,0,0.0,2023,Saudi Arabia,1.0
PER,47.0,HARD,29.0,1.0,92.895,0,0.0,2023,Saudi Arabia,1.0
PER,48.0,HARD,30.0,1.0,93.075,0,0.0,2023,Saudi Arabia,1.0
PER,49.0,HARD,31.0,1.0,93.306,0,0.0,2023,Saudi Arabia,1.0
PER,50.0,HARD,32.0,1.0,93.691,0,0.0,2023,Saudi Arabia,1.0
ALO,1.0,MEDIUM,1.0,1.0,96.851,0,0.0,2023,Saudi Arabia,3.0
ALO,2.0,MEDIUM,2.0,1.0,95.567,0,0.0,2023,Saudi Arabia,3.0
ALO,3.0,MEDIUM,3.0,1.0,95.14,0,0.0,2023,Saudi Arabia,3.0
ALO,4.0,MEDIUM,4.0,2.0,96.664,0,0.0,2023,Saudi Arabia,3.0
ALO,5.0,MEDIUM,5.0,2.0,94.92,0,0.0,2023,Saudi Arabia,3.0
ALO,6.0,MEDIUM,6.0,2.0,94.658,0,0.0,2023,Saudi Arabia,3.0
ALO,7.0,MEDIUM,7.0,2.0,94.422,0,0.0,2023,Saudi Arabia,3.0
ALO,8.0,MEDIUM,8.0,2.0,94.398,0,0.0,2023,Saudi Arabia,3.0
ALO,9.0,MEDIUM,9.0,2.0,94.4,0,0.0,2023,Saudi Arabia,3.0
ALO,10.0,MEDIUM,10.0,2.0,94.835,0,0.0,2023,Saudi Arabia,3.0
ALO,11.0,MEDIUM,11.0,2.0,94.982,0,0.0,2023,Saudi Arabia,3.0
ALO,12.0,MEDIUM,12.0,2.0,94.927,0,0.0,2023,Saudi Arabia,3.0
ALO,13.0,MEDIUM,13.0,2.0,94.918,0,0.0,2023,Saudi Arabia,3.0
ALO,14.0,MEDIUM,14.0,2.0,94.837,0,0.0,2023,Saudi Arabia,3.0
ALO,15.0,MEDIUM,15.0,2.0,94.717,0,0.0,2023,Saudi Arabia,3.0
ALO,16.0,MEDIUM,16.0,2.0,94.842,0,0.0,2023,Saudi Arabia,3.0
ALO,17.0,MEDIUM,17.0,2.0,94.595,0,0.0,2023,Saudi Arabia,3.0
ALO,18.0,MEDIUM,18.0,2.0,129.623,1,0.0,2023,Saudi Arabia,3.0
ALO,21.0,HARD,4.0,2.0,96.033,0,0.0,2023,Saudi Arabia,3.0
ALO,22.0,HARD,5.0,2.0,94.738,0,0.0,2023,Saudi Arabia,3.0
ALO,23.0,HARD,6.0,2.0,94.771,0,0.0,2023,Saudi Arabia,3.0
ALO,24.0,HARD,7.0,2.0,94.836,0,0.0,2023,Saudi Arabia,3.0
ALO,25.0,HARD,8.0,3.0,94.136,0,0.0,2023,Saudi Arabia,3.0
ALO,26.0,HARD,9.0,3.0,94.119,0,0.0,2023,Saudi Arabia,3.0
ALO,27.0,HARD,10.0,3.0,94.246,0,0.0,2023,Saudi Arabia,3.0
ALO,28.0,HARD,11.0,3.0,94.062,0,0.0,2023,Saudi Arabia,3.0
ALO,29.0,HARD,12.0,3.0,93.988,0,0.0,2023,Saudi Arabia,3.0
ALO,30.0,HARD,13.0,3.0,93.654,0,0.0,2023,Saudi Arabia,3.0
ALO,31.0,HARD,14.0,3.0,93.605,0,0.0,2023,Saudi Arabia,3.0
ALO,32.0,HARD,15.0,3.0,93.401,0,0.0,2023,Saudi Arabia,3.0
ALO,33.0,HARD,16.0,3.0,93.337,0,0.0,2023,Saudi Arabia,3.0
ALO,34.0,HARD,17.0,3.0,93.22,0,0.0,2023,Saudi Arabia,3.0
ALO,35.0,HARD,18.0,3.0,93.514,0,0.0,2023,Saudi Arabia,3.0
ALO,36.0,HARD,19.0,3.0,93.323,0,0.0,2023,Saudi Arabia,3.0
ALO,37.0,HARD,20.0,3.0,93.175,0,0.0,2023,Saudi Arabia,3.0
ALO,38.0,HARD,21.0,3.0,93.174,0,0.0,2023,Saudi Arabia,3.0
ALO,39.0,HARD,22.0,3.0,93.249,0,0.0,2023,Saudi Arabia,3.0
ALO,40.0,HARD,23.0,3.0,92.768,0,0.0,2023,Saudi Arabia,3.0
ALO,41.0,HARD,24.0,3.0,93.127,0,0.0,2023,Saudi Arabia,3.0
ALO,42.0,HARD,25.0,3.0,93.156,0,0.0,2023,Saudi Arabia,3.0
ALO,43.0,HARD,26.0,3.0,93.207,0,0.0,2023,Saudi Arabia,3.0
ALO,44.0,HARD,27.0,3.0,93.189,0,0.0,2023,Saudi Arabia,3.0
ALO,45.0,HARD,28.0,3.0,93.075,0,0.0,2023,Saudi Arabia,3.0
ALO,46.0,HARD,29.0,3.0,92.979,0,0.0,2023,Saudi Arabia,3.0
ALO,47.0,HARD,30.0,3.0,92.887,0,0.0,2023,Saudi Arabia,3.0
ALO,48.0,HARD,31.0,3.0,92.802,0,0.0,2023,Saudi Arabia,3.0
ALO,49.0,HARD,32.0,3.0,92.815,0,0.0,2023,Saudi Arabia,3.0
ALO,50.0,HARD,33.0,3.0,92.24,0,0.0,2023,Saudi Arabia,3.0
LEC,1.0,SOFT,1.0,9.0,103.306,0,0.0,2023,Saudi Arabia,7.0
LEC,2.0,SOFT,2.0,9.0,96.907,0,0.0,2023,Saudi Arabia,7.0
LEC,3.0,SOFT,3.0,9.0,95.825,0,0.0,2023,Saudi Arabia,7.0
LEC,4.0,SOFT,4.0,9.0,95.871,0,0.0,2023,Saudi Arabia,7.0
LEC,5.0,SOFT,5.0,9.0,96.275,0,0.0,2023,Saudi Arabia,7.0
LEC,6.0,SOFT,6.0,9.0,95.347,0,0.0,2023,Saudi Arabia,7.0
LEC,7.0,SOFT,7.0,8.0,96.117,0,0.0,2023,Saudi Arabia,7.0
LEC,8.0,SOFT,8.0,8.0,95.858,0,0.0,2023,Saudi Arabia,7.0
LEC,9.0,SOFT,9.0,7.0,95.364,0,0.0,2023,Saudi Arabia,7.0
LEC,10.0,SOFT,10.0,7.0,95.612,0,0.0,2023,Saudi Arabia,7.0
LEC,11.0,SOFT,11.0,7.0,95.125,0,0.0,2023,Saudi Arabia,7.0
LEC,12.0,SOFT,12.0,7.0,95.438,0,0.0,2023,Saudi Arabia,7.0
LEC,13.0,SOFT,13.0,6.0,95.226,0,0.0,2023,Saudi Arabia,7.0
LEC,14.0,SOFT,14.0,5.0,94.609,0,0.0,2023,Saudi Arabia,7.0
LEC,15.0,SOFT,15.0,5.0,95.071,0,0.0,2023,Saudi Arabia,7.0
LEC,16.0,SOFT,16.0,5.0,97.681,1,0.0,2023,Saudi Arabia,7.0
LEC,17.0,HARD,1.0,8.0,119.434,0,0.0,2023,Saudi Arabia,7.0
LEC,18.0,HARD,2.0,7.0,134.267,0,0.0,2023,Saudi Arabia,7.0
LEC,19.0,HARD,3.0,7.0,143.866,0,0.0,2023,Saudi Arabia,7.0
LEC,21.0,HARD,5.0,7.0,98.031,0,0.0,2023,Saudi Arabia,7.0
LEC,22.0,HARD,6.0,7.0,95.7,0,0.0,2023,Saudi Arabia,7.0
LEC,23.0,HARD,7.0,7.0,94.853,0,0.0,2023,Saudi Arabia,7.0
LEC,24.0,HARD,8.0,7.0,95.403,0,0.0,2023,Saudi Arabia,7.0
LEC,25.0,HARD,9.0,7.0,94.742,0,0.0,2023,Saudi Arabia,7.0
LEC,26.0,HARD,10.0,7.0,94.432,0,0.0,2023,Saudi Arabia,7.0
LEC,27.0,HARD,11.0,7.0,94.681,0,0.0,2023,Saudi Arabia,7.0
LEC,28.0,HARD,12.0,7.0,94.886,0,0.0,2023,Saudi Arabia,7.0
LEC,29.0,HARD,13.0,7.0,94.321,0,0.0,2023,Saudi Arabia,7.0
LEC,30.0,HARD,14.0,7.0,94.334,0,0.0,2023,Saudi Arabia,7.0
LEC,31.0,HARD,15.0,7.0,94.082,0,0.0,2023,Saudi Arabia,7.0
LEC,32.0,HARD,16.0,7.0,94.701,0,0.0,2023,Saudi Arabia,7.0
LEC,33.0,HARD,17.0,7.0,93.787,0,0.0,2023,Saudi Arabia,7.0
LEC,34.0,HARD,18.0,7.0,93.716,0,0.0,2023,Saudi Arabia,7.0
LEC,35.0,HARD,19.0,7.0,94.341,0,0.0,2023,Saudi Arabia,7.0
LEC,36.0,HARD,20.0,7.0,93.749,0,0.0,2023,Saudi Arabia,7.0
LEC,37.0,HARD,21.0,7.0,93.839,0,0.0,2023,Saudi Arabia,7.0
LEC,38.0,HARD,22.0,7.0,93.713,0,0.0,2023,Saudi Arabia,7.0
LEC,39.0,HARD,23.0,7.0,93.479,0,0.0,2023,Saudi Arabia,7.0
LEC,40.0,HARD,24.0,7.0,93.569,0,0.0,2023,Saudi Arabia,7.0
LEC,41.0,HARD,25.0,7.0,93.155,0,0.0,2023,Saudi Arabia,7.0
LEC,42.0,HARD,26.0,7.0,93.384,0,0.0,2023,Saudi Arabia,7.0
LEC,43.0,HARD,27.0,7.0,93.447,0,0.0,2023,Saudi Arabia,7.0
LEC,44.0,HARD,28.0,7.0,93.322,0,0.0,2023,Saudi Arabia,7.0
LEC,45.0,HARD,29.0,7.0,93.238,0,0.0,2023,Saudi Arabia,7.0
LEC,46.0,HARD,30.0,7.0,93.419,0,0.0,2023,Saudi Arabia,7.0
LEC,47.0,HARD,31.0,7.0,93.056,0,0.0,2023,Saudi Arabia,7.0
LEC,48.0,HARD,32.0,7.0,94.119,0,0.0,2023,Saudi Arabia,7.0
LEC,49.0,HARD,33.0,7.0,93.942,0,0.0,2023,Saudi Arabia,7.0
LEC,50.0,HARD,34.0,7.0,96.267,0,0.0,2023,Saudi Arabia,7.0
STR,1.0,MEDIUM,1.0,4.0,99.093,0,0.0,2023,Saudi Arabia,10.0
STR,2.0,MEDIUM,2.0,4.0,96.324,0,0.0,2023,Saudi Arabia,10.0
STR,3.0,MEDIUM,3.0,4.0,95.239,0,0.0,2023,Saudi Arabia,10.0
STR,4.0,MEDIUM,4.0,4.0,95.56,0,0.0,2023,Saudi Arabia,10.0
STR,5.0,MEDIUM,5.0,4.0,95.471,0,0.0,2023,Saudi Arabia,10.0
STR,6.0,MEDIUM,6.0,4.0,95.551,0,0.0,2023,Saudi Arabia,10.0
STR,7.0,MEDIUM,7.0,4.0,95.14,0,0.0,2023,Saudi Arabia,10.0
STR,8.0,MEDIUM,8.0,4.0,95.616,0,0.0,2023,Saudi Arabia,10.0
STR,9.0,MEDIUM,9.0,4.0,96.118,0,0.0,2023,Saudi Arabia,10.0
STR,10.0,MEDIUM,10.0,4.0,95.443,0,0.0,2023,Saudi Arabia,10.0
STR,11.0,MEDIUM,11.0,4.0,95.512,0,0.0,2023,Saudi Arabia,10.0
STR,12.0,MEDIUM,12.0,4.0,96.522,0,0.0,2023,Saudi Arabia,10.0
STR,13.0,MEDIUM,13.0,5.0,98.543,1,0.0,2023,Saudi Arabia,10.0
STR,14.0,HARD,2.0,11.0,114.305,0,0.0,2023,Saudi Arabia,10.0
STR,15.0,HARD,3.0,10.0,96.262,0,0.0,2023,Saudi Arabia,10.0
STR,16.0,HARD,4.0,10.0,96.485,0,0.0,2023,Saudi Arabia,10.0
SAR,1.0,HARD,1.0,20.0,107.264,0,0.0,2023,Saudi Arabia,16.0
SAR,2.0,HARD,2.0,17.0,99.426,0,0.0,2023,Saudi Arabia,16.0
SAR,3.0,HARD,3.0,17.0,96.997,0,0.0,2023,Saudi Arabia,16.0
SAR,4.0,HARD,4.0,17.0,96.844,0,0.0,2023,Saudi Arabia,16.0
SAR,5.0,HARD,5.0,17.0,96.881,0,0.0,2023,Saudi Arabia,16.0
SAR,6.0,HARD,6.0,17.0,97.043,0,0.0,2023,Saudi Arabia,16.0
SAR,7.0,HARD,7.0,17.0,97.282,0,0.0,2023,Saudi Arabia,16.0
SAR,8.0,HARD,8.0,18.0,98.259,0,0.0,2023,Saudi Arabia,16.0
SAR,9.0,HARD,9.0,16.0,97.159,0,0.0,2023,Saudi Arabia,16.0
SAR,10.0,HARD,10.0,16.0,96.757,0,0.0,2023,Saudi Arabia,16.0
SAR,11.0,HARD,11.0,16.0,96.735,0,0.0,2023,Saudi Arabia,16.0
SAR,12.0,HARD,12.0,14.0,96.645,0,0.0,2023,Saudi Arabia,16.0
SAR,13.0,HARD,13.0,14.0,96.126,0,0.0,2023,Saudi Arabia,16.0
SAR,14.0,HARD,14.0,14.0,96.434,0,0.0,2023,Saudi Arabia,16.0
SAR,15.0,HARD,15.0,13.0,96.19,0,0.0,2023,Saudi Arabia,16.0
SAR,16.0,HARD,16.0,13.0,96.154,0,0.0,2023,Saudi Arabia,16.0
SAR,17.0,HARD,17.0,10.0,107.279,0,0.0,2023,Saudi Arabia,16.0
SAR,18.0,HARD,18.0,10.0,136.225,1,0.0,2023,Saudi Arabia,16.0
SAR,19.0,MEDIUM,1.0,15.0,142.638,0,0.0,2023,Saudi Arabia,16.0
SAR,20.0,MEDIUM,2.0,15.0,144.92,0,0.0,2023,Saudi Arabia,16.0
SAR,21.0,MEDIUM,3.0,14.0,98.699,0,0.0,2023,Saudi Arabia,16.0
SAR,22.0,MEDIUM,4.0,14.0,97.11,0,0.0,2023,Saudi Arabia,16.0
SAR,23.0,MEDIUM,5.0,14.0,95.822,0,0.0,2023,Saudi Arabia,16.0
SAR,24.0,MEDIUM,6.0,14.0,95.557,0,0.0,2023,Saudi Arabia,16.0
SAR,25.0,MEDIUM,7.0,14.0,95.738,0,0.0,2023,Saudi Arabia,16.0
SAR,26.0,MEDIUM,8.0,13.0,96.912,0,0.0,2023,Saudi Arabia,16.0
SAR,27.0,MEDIUM,9.0,13.0,95.604,0,0.0,2023,Saudi Arabia,16.0
SAR,28.0,MEDIUM,10.0,13.0,95.208,0,0.0,2023,Saudi Arabia,16.0
SAR,29.0,MEDIUM,11.0,13.0,94.738,0,0.0,2023,Saudi Arabia,16.0
SAR,30.0,MEDIUM,12.0,13.0,96.407,0,0.0,2023,Saudi Arabia,16.0
SAR,31.0,MEDIUM,13.0,13.0,95.039,0,0.0,2023,Saudi Arabia,16.0
SAR,32.0,MEDIUM,14.0,13.0,95.314,0,0.0,2023,Saudi Arabia,16.0
SAR,33.0,MEDIUM,15.0,13.0,95.325,0,0.0,2023,Saudi Arabia,16.0
SAR,34.0,MEDIUM,16.0,13.0,95.069,0,0.0,2023,Saudi Arabia,16.0
SAR,35.0,MEDIUM,17.0,13.0,95.523,0,0.0,2023,Saudi Arabia,16.0
SAR,36.0,MEDIUM,18.0,13.0,95.534,0,0.0,2023,Saudi Arabia,16.0
SAR,37.0,MEDIUM,19.0,13.0,95.437,0,0.0,2023,Saudi Arabia,16.0
SAR,38.0,MEDIUM,20.0,14.0,96.144,0,0.0,2023,Saudi Arabia,16.0
SAR,39.0,MEDIUM,21.0,14.0,95.718,0,0.0,2023,Saudi Arabia,16.0
SAR,40.0,MEDIUM,22.0,14.0,95.18,0,0.0,2023,Saudi Arabia,16.0
SAR,41.0,MEDIUM,23.0,16.0,95.974,0,0.0,2023,Saudi Arabia,16.0
SAR,42.0,MEDIUM,24.0,15.0,95.92,0,0.0,2023,Saudi Arabia,16.0
SAR,43.0,MEDIUM,25.0,15.0,95.229,0,0.0,2023,Saudi Arabia,16.0
SAR,44.0,MEDIUM,26.0,15.0,94.905,0,0.0,2023,Saudi Arabia,16.0
SAR,45.0,MEDIUM,27.0,15.0,95.13,0,0.0,2023,Saudi Arabia,16.0
SAR,46.0,MEDIUM,28.0,15.0,94.569,0,0.0,2023,Saudi Arabia,16.0
SAR,47.0,MEDIUM,29.0,15.0,94.896,0,0.0,2023,Saudi Arabia,16.0
SAR,48.0,MEDIUM,30.0,15.0,94.584,0,0.0,2023,Saudi Arabia,16.0
SAR,49.0,MEDIUM,31.0,15.0,94.469,0,0.0,2023,Saudi Arabia,16.0
SAR,50.0,MEDIUM,32.0,16.0,96.175,0,0.0,2023,Saudi Arabia,16.0
MAG,1.0,MEDIUM,1.0,11.0,104.694,0,0.0,2023,Saudi Arabia,10.0
MAG,2.0,MEDIUM,2.0,11.0,97.219,0,0.0,2023,Saudi Arabia,10.0
MAG,3.0,MEDIUM,3.0,11.0,96.796,0,0.0,2023,Saudi Arabia,10.0
MAG,4.0,MEDIUM,4.0,11.0,97.098,0,0.0,2023,Saudi Arabia,10.0
MAG,5.0,MEDIUM,5.0,12.0,97.298,0,0.0,2023,Saudi Arabia,10.0
MAG,6.0,MEDIUM,6.0,13.0,97.01,0,0.0,2023,Saudi Arabia,10.0
MAG,7.0,MEDIUM,7.0,13.0,96.304,0,0.0,2023,Saudi Arabia,10.0
MAG,8.0,MEDIUM,8.0,14.0,99.187,1,0.0,2023,Saudi Arabia,10.0
MAG,9.0,HARD,1.0,18.0,112.964,0,0.0,2023,Saudi Arabia,10.0
MAG,10.0,HARD,2.0,17.0,95.834,0,0.0,2023,Saudi Arabia,10.0
MAG,11.0,HARD,3.0,17.0,95.756,0,0.0,2023,Saudi Arabia,10.0
MAG,12.0,HARD,4.0,15.0,95.805,0,0.0,2023,Saudi Arabia,10.0
MAG,13.0,HARD,5.0,15.0,95.552,0,0.0,2023,Saudi Arabia,10.0
MAG,14.0,HARD,6.0,15.0,95.199,0,0.0,2023,Saudi Arabia,10.0
MAG,15.0,HARD,7.0,15.0,95.179,0,0.0,2023,Saudi Arabia,10.0
MAG,16.0,HARD,8.0,15.0,95.561,0,0.0,2023,Saudi Arabia,10.0
MAG,17.0,HARD,9.0,14.0,108.27,0,0.0,2023,Saudi Arabia,10.0
MAG,18.0,HARD,10.0,12.0,136.205,0,0.0,2023,Saudi Arabia,10.0
MAG,19.0,HARD,11.0,11.0,131.086,0,0.0,2023,Saudi Arabia,10.0
MAG,20.0,HARD,12.0,11.0,149.075,0,0.0,2023,Saudi Arabia,10.0
MAG,21.0,HARD,13.0,11.0,98.649,0,0.0,2023,Saudi Arabia,10.0
MAG,22.0,HARD,14.0,11.0,96.88,0,0.0,2023,Saudi Arabia,10.0
MAG,23.0,HARD,15.0,11.0,95.702,0,0.0,2023,Saudi Arabia,10.0
MAG,24.0,HARD,16.0,11.0,95.279,0,0.0,2023,Saudi Arabia,10.0
MAG,25.0,HARD,17.0,11.0,96.317,0,0.0,2023,Saudi Arabia,10.0
MAG,26.0,HARD,18.0,11.0,95.544,0,0.0,2023,Saudi Arabia,10.0
MAG,27.0,HARD,19.0,11.0,95.501,0,0.0,2023,Saudi Arabia,10.0
MAG,28.0,HARD,20.0,11.0,95.564,0,0.0,2023,Saudi Arabia,10.0
MAG,29.0,HARD,21.0,11.0,95.001,0,0.0,2023,Saudi Arabia,10.0
MAG,30.0,HARD,22.0,11.0,95.139,0,0.0,2023,Saudi Arabia,10.0
MAG,31.0,HARD,23.0,11.0,95.057,0,0.0,2023,Saudi Arabia,10.0
MAG,32.0,HARD,24.0,11.0,94.959,0,0.0,2023,Saudi Arabia,10.0
MAG,33.0,HARD,25.0,11.0,94.402,0,0.0,2023,Saudi Arabia,10.0
MAG,34.0,HARD,26.0,11.0,94.852,0,0.0,2023,Saudi Arabia,10.0
MAG,35.0,HARD,27.0,11.0,95.659,0,0.0,2023,Saudi Arabia,10.0
MAG,36.0,HARD,28.0,11.0,94.662,0,0.0,2023,Saudi Arabia,10.0
MAG,37.0,HARD,29.0,11.0,94.357,0,0.0,2023,Saudi Arabia,10.0
MAG,38.0,HARD,30.0,11.0,94.047,0,0.0,2023,Saudi Arabia,10.0
MAG,39.0,HARD,31.0,11.0,94.189,0,0.0,2023,Saudi Arabia,10.0
MAG,40.0,HARD,32.0,11.0,95.449,0,0.0,2023,Saudi Arabia,10.0
MAG,41.0,HARD,33.0,11.0,94.27,0,0.0,2023,Saudi Arabia,10.0
MAG,42.0,HARD,34.0,11.0,93.753,0,0.0,2023,Saudi Arabia,10.0
MAG,43.0,HARD,35.0,11.0,94.108,0,0.0,2023,Saudi Arabia,10.0
MAG,44.0,HARD,36.0,11.0,93.374,0,0.0,2023,Saudi Arabia,10.0
MAG,45.0,HARD,37.0,10.0,94.134,0,0.0,2023,Saudi Arabia,10.0
MAG,46.0,HARD,38.0,10.0,95.329,0,0.0,2023,Saudi Arabia,10.0
MAG,47.0,HARD,39.0,10.0,93.833,0,0.0,2023,Saudi Arabia,10.0
MAG,48.0,HARD,40.0,10.0,93.829,0,0.0,2023,Saudi Arabia,10.0
MAG,49.0,HARD,41.0,10.0,93.746,0,0.0,2023,Saudi Arabia,10.0
MAG,50.0,HARD,42.0,10.0,94.043,0,0.0,2023,Saudi Arabia,10.0
DEV,1.0,MEDIUM,1.0,18.0,106.74,0,0.0,2023,Saudi Arabia,14.0
DEV,2.0,MEDIUM,2.0,18.0,100.748,0,0.0,2023,Saudi Arabia,14.0
DEV,3.0,MEDIUM,3.0,18.0,96.945,0,0.0,2023,Saudi Arabia,14.0
DEV,4.0,MEDIUM,4.0,18.0,96.847,0,0.0,2023,Saudi Arabia,14.0
DEV,5.0,MEDIUM,5.0,18.0,96.992,0,0.0,2023,Saudi Arabia,14.0
DEV,6.0,MEDIUM,6.0,18.0,96.862,0,0.0,2023,Saudi Arabia,14.0
DEV,7.0,MEDIUM,7.0,18.0,97.087,0,0.0,2023,Saudi Arabia,14.0
DEV,8.0,MEDIUM,8.0,17.0,97.22,0,0.0,2023,Saudi Arabia,14.0
DEV,9.0,MEDIUM,9.0,15.0,97.249,0,0.0,2023,Saudi Arabia,14.0
DEV,10.0,MEDIUM,10.0,15.0,96.592,0,0.0,2023,Saudi Arabia,14.0
DEV,11.0,MEDIUM,11.0,15.0,96.52,0,0.0,2023,Saudi Arabia,14.0
DEV,12.0,MEDIUM,12.0,13.0,96.282,0,0.0,2023,Saudi Arabia,14.0
DEV,13.0,MEDIUM,13.0,13.0,96.014,0,0.0,2023,Saudi Arabia,14.0
DEV,14.0,MEDIUM,14.0,13.0,96.449,0,0.0,2023,Saudi Arabia,14.0
DEV,15.0,MEDIUM,15.0,12.0,96.017,0,0.0,2023,Saudi Arabia,14.0
DEV,16.0,MEDIUM,16.0,12.0,96.126,0,0.0,2023,Saudi Arabia,14.0
DEV,17.0,MEDIUM,17.0,11.0,109.322,1,0.0,2023,Saudi Arabia,14.0
DEV,18.0,HARD,1.0,16.0,149.507,0,0.0,2023,Saudi Arabia,14.0
DEV,19.0,HARD,2.0,14.0,127.643,0,0.0,2023,Saudi Arabia,14.0
DEV,20.0,HARD,3.0,14.0,146.031,0,0.0,2023,Saudi Arabia,14.0
DEV,21.0,HARD,4.0,15.0,99.388,0,0.0,2023,Saudi Arabia,14.0
DEV,22.0,HARD,5.0,15.0,97.424,0,0.0,2023,Saudi Arabia,14.0
DEV,23.0,HARD,6.0,16.0,97.103,0,0.0,2023,Saudi Arabia,14.0
DEV,24.0,HARD,7.0,16.0,95.386,0,0.0,2023,Saudi Arabia,14.0
DEV,25.0,HARD,8.0,16.0,95.686,0,0.0,2023,Saudi Arabia,14.0
DEV,26.0,HARD,9.0,16.0,96.074,0,0.0,2023,Saudi Arabia,14.0
DEV,27.0,HARD,10.0,15.0,95.766,0,0.0,2023,Saudi Arabia,14.0
DEV,28.0,HARD,11.0,15.0,95.508,0,0.0,2023,Saudi Arabia,14.0
DEV,29.0,HARD,12.0,15.0,95.759,0,0.0,2023,Saudi Arabia,14.0
DEV,30.0,HARD,13.0,15.0,95.778,0,0.0,2023,Saudi Arabia,14.0
DEV,31.0,HARD,14.0,15.0,95.64,0,0.0,2023,Saudi Arabia,14.0
DEV,32.0,HARD,15.0,15.0,95.141,0,0.0,2023,Saudi Arabia,14.0
DEV,33.0,HARD,16.0,15.0,95.188,0,0.0,2023,Saudi Arabia,14.0
DEV,34.0,HARD,17.0,15.0,95.25,0,0.0,2023,Saudi Arabia,14.0
DEV,35.0,HARD,18.0,15.0,95.027,0,0.0,2023,Saudi Arabia,14.0
DEV,36.0,HARD,19.0,15.0,94.763,0,0.0,2023,Saudi Arabia,14.0
DEV,37.0,HARD,20.0,15.0,95.127,0,0.0,2023,Saudi Arabia,14.0
DEV,38.0,HARD,21.0,15.0,95.591,0,0.0,2023,Saudi Arabia,14.0
DEV,39.0,HARD,22.0,15.0,95.769,0,0.0,2023,Saudi Arabia,14.0
DEV,40.0,HARD,23.0,15.0,95.091,0,0.0,2023,Saudi Arabia,14.0
DEV,41.0,HARD,24.0,14.0,95.319,0,0.0,2023,Saudi Arabia,14.0
DEV,42.0,HARD,25.0,14.0,94.968,0,0.0,2023,Saudi Arabia,14.0
DEV,43.0,HARD,26.0,14.0,94.22,0,0.0,2023,Saudi Arabia,14.0
DEV,44.0,HARD,27.0,14.0,94.036,0,0.0,2023,Saudi Arabia,14.0
DEV,45.0,HARD,28.0,14.0,94.126,0,0.0,2023,Saudi Arabia,14.0
DEV,46.0,HARD,29.0,14.0,94.135,0,0.0,2023,Saudi Arabia,14.0
DEV,47.0,HARD,30.0,14.0,94.183,0,0.0,2023,Saudi Arabia,14.0
DEV,48.0,HARD,31.0,14.0,94.199,0,0.0,2023,Saudi Arabia,14.0
DEV,49.0,HARD,32.0,14.0,93.609,0,0.0,2023,Saudi Arabia,14.0
DEV,50.0,HARD,33.0,14.0,93.925,0,0.0,2023,Saudi Arabia,14.0
TSU,1.0,MEDIUM,1.0,14.0,105.589,0,0.0,2023,Saudi Arabia,11.0
TSU,2.0,MEDIUM,2.0,14.0,98.171,0,0.0,2023,Saudi Arabia,11.0
TSU,3.0,MEDIUM,3.0,14.0,97.15,0,0.0,2023,Saudi Arabia,11.0
TSU,4.0,MEDIUM,4.0,14.0,97.006,0,0.0,2023,Saudi Arabia,11.0
TSU,5.0,MEDIUM,5.0,14.0,96.705,0,0.0,2023,Saudi Arabia,11.0
TSU,6.0,MEDIUM,6.0,14.0,96.788,0,0.0,2023,Saudi Arabia,11.0
TSU,7.0,MEDIUM,7.0,14.0,96.655,0,0.0,2023,Saudi Arabia,11.0
TSU,8.0,MEDIUM,8.0,13.0,96.569,0,0.0,2023,Saudi Arabia,11.0
TSU,9.0,MEDIUM,9.0,13.0,96.285,0,0.0,2023,Saudi Arabia,11.0
TSU,10.0,MEDIUM,10.0,13.0,96.187,0,0.0,2023,Saudi Arabia,11.0
TSU,11.0,MEDIUM,11.0,12.0,96.2,0,0.0,2023,Saudi Arabia,11.0
TSU,12.0,MEDIUM,12.0,11.0,95.839,0,0.0,2023,Saudi Arabia,11.0
TSU,13.0,MEDIUM,13.0,11.0,96.087,0,0.0,2023,Saudi Arabia,11.0
TSU,14.0,MEDIUM,14.0,10.0,95.938,0,0.0,2023,Saudi Arabia,11.0
TSU,15.0,MEDIUM,15.0,9.0,95.616,0,0.0,2023,Saudi Arabia,11.0
TSU,16.0,MEDIUM,16.0,8.0,95.638,0,0.0,2023,Saudi Arabia,11.0
TSU,17.0,MEDIUM,17.0,6.0,102.41,1,0.0,2023,Saudi Arabia,11.0
TSU,18.0,HARD,1.0,8.0,149.289,0,0.0,2023,Saudi Arabia,11.0
TSU,19.0,HARD,2.0,8.0,134.657,0,0.0,2023,Saudi Arabia,11.0
TSU,21.0,HARD,4.0,8.0,98.152,0,0.0,2023,Saudi Arabia,11.0
TSU,22.0,HARD,5.0,8.0,96.197,0,0.0,2023,Saudi Arabia,11.0
TSU,23.0,HARD,6.0,8.0,95.717,0,0.0,2023,Saudi Arabia,11.0
TSU,24.0,HARD,7.0,9.0,96.425,0,0.0,2023,Saudi Arabia,11.0
TSU,25.0,HARD,8.0,10.0,96.833,0,0.0,2023,Saudi Arabia,11.0
TSU,26.0,HARD,9.0,10.0,95.513,0,0.0,2023,Saudi Arabia,11.0
TSU,27.0,HARD,10.0,10.0,95.392,0,0.0,2023,Saudi Arabia,11.0
TSU,28.0,HARD,11.0,10.0,95.155,0,0.0,2023,Saudi Arabia,11.0
TSU,29.0,HARD,12.0,10.0,94.791,0,0.0,2023,Saudi Arabia,11.0
TSU,30.0,HARD,13.0,10.0,95.113,0,0.0,2023,Saudi Arabia,11.0
TSU,31.0,HARD,14.0,10.0,94.929,0,0.0,2023,Saudi Arabia,11.0
TSU,32.0,HARD,15.0,10.0,95.246,0,0.0,2023,Saudi Arabia,11.0
TSU,33.0,HARD,16.0,10.0,94.797,0,0.0,2023,Saudi Arabia,11.0
TSU,34.0,HARD,17.0,10.0,94.925,0,0.0,2023,Saudi Arabia,11.0
TSU,35.0,HARD,18.0,10.0,94.878,0,0.0,2023,Saudi Arabia,11.0
TSU,36.0,HARD,19.0,10.0,94.61,0,0.0,2023,Saudi Arabia,11.0
TSU,37.0,HARD,20.0,10.0,94.715,0,0.0,2023,Saudi Arabia,11.0
TSU,38.0,HARD,21.0,10.0,94.488,0,0.0,2023,Saudi Arabia,11.0
TSU,39.0,HARD,22.0,10.0,94.353,0,0.0,2023,Saudi Arabia,11.0
TSU,40.0,HARD,23.0,10.0,94.373,0,0.0,2023,Saudi Arabia,11.0
TSU,41.0,HARD,24.0,10.0,94.316,0,0.0,2023,Saudi Arabia,11.0
TSU,42.0,HARD,25.0,10.0,94.056,0,0.0,2023,Saudi Arabia,11.0
TSU,43.0,HARD,26.0,10.0,93.989,0,0.0,2023,Saudi Arabia,11.0
TSU,44.0,HARD,27.0,10.0,94.189,0,0.0,2023,Saudi Arabia,11.0
TSU,45.0,HARD,28.0,11.0,94.599,0,0.0,2023,Saudi Arabia,11.0
TSU,46.0,HARD,29.0,11.0,97.002,0,0.0,2023,Saudi Arabia,11.0
TSU,47.0,HARD,30.0,11.0,94.282,0,0.0,2023,Saudi Arabia,11.0
TSU,48.0,HARD,31.0,11.0,94.125,0,0.0,2023,Saudi Arabia,11.0
TSU,49.0,HARD,32.0,11.0,94.117,0,0.0,2023,Saudi Arabia,11.0
TSU,50.0,HARD,33.0,11.0,93.931,0,0.0,2023,Saudi Arabia,11.0
ALB,1.0,MEDIUM,1.0,16.0,105.985,0,0.0,2023,Saudi Arabia,15.0
ALB,2.0,MEDIUM,2.0,16.0,98.916,0,0.0,2023,Saudi Arabia,15.0
ALB,3.0,MEDIUM,3.0,16.0,97.065,0,0.0,2023,Saudi Arabia,15.0
ALB,4.0,MEDIUM,4.0,16.0,96.913,0,0.0,2023,Saudi Arabia,15.0
ALB,5.0,MEDIUM,5.0,16.0,97.108,0,0.0,2023,Saudi Arabia,15.0
ALB,6.0,MEDIUM,6.0,16.0,97.004,0,0.0,2023,Saudi Arabia,15.0
ALB,7.0,MEDIUM,7.0,16.0,97.577,0,0.0,2023,Saudi Arabia,15.0
ALB,8.0,MEDIUM,8.0,15.0,97.053,0,0.0,2023,Saudi Arabia,15.0
ALB,9.0,MEDIUM,9.0,14.0,96.126,0,0.0,2023,Saudi Arabia,15.0
ALB,10.0,MEDIUM,10.0,14.0,96.311,0,0.0,2023,Saudi Arabia,15.0
ALB,11.0,MEDIUM,11.0,14.0,95.911,0,0.0,2023,Saudi Arabia,15.0
ALB,12.0,MEDIUM,12.0,12.0,96.066,0,0.0,2023,Saudi Arabia,15.0
ALB,13.0,MEDIUM,13.0,12.0,96.026,0,0.0,2023,Saudi Arabia,15.0
ALB,14.0,MEDIUM,14.0,12.0,96.878,0,0.0,2023,Saudi Arabia,15.0
ALB,15.0,MEDIUM,15.0,11.0,96.622,0,0.0,2023,Saudi Arabia,15.0
ALB,16.0,MEDIUM,16.0,11.0,96.83,0,0.0,2023,Saudi Arabia,15.0
ALB,17.0,MEDIUM,17.0,9.0,104.635,1,0.0,2023,Saudi Arabia,15.0
ALB,19.0,HARD,2.0,12.0,130.688,0,0.0,2023,Saudi Arabia,15.0
ALB,20.0,HARD,3.0,12.0,148.46,0,0.0,2023,Saudi Arabia,15.0
ALB,21.0,HARD,4.0,13.0,99.011,0,0.0,2023,Saudi Arabia,15.0
ALB,22.0,HARD,5.0,13.0,96.964,0,0.0,2023,Saudi Arabia,15.0
ALB,23.0,HARD,6.0,13.0,95.656,0,0.0,2023,Saudi Arabia,15.0
ALB,24.0,HARD,7.0,13.0,95.567,0,0.0,2023,Saudi Arabia,15.0
ALB,25.0,HARD,8.0,13.0,96.007,0,0.0,2023,Saudi Arabia,15.0
ALB,26.0,HARD,9.0,15.0,98.229,0,0.0,2023,Saudi Arabia,15.0
ZHO,1.0,MEDIUM,1.0,10.0,104.564,0,0.0,2023,Saudi Arabia,13.0
ZHO,2.0,MEDIUM,2.0,10.0,96.615,0,0.0,2023,Saudi Arabia,13.0
ZHO,3.0,MEDIUM,3.0,10.0,96.26,0,0.0,2023,Saudi Arabia,13.0
ZHO,4.0,MEDIUM,4.0,10.0,96.359,0,0.0,2023,Saudi Arabia,13.0
ZHO,5.0,MEDIUM,5.0,10.0,96.314,0,0.0,2023,Saudi Arabia,13.0
ZHO,6.0,MEDIUM,6.0,10.0,95.928,0,0.0,2023,Saudi Arabia,13.0
ZHO,7.0,MEDIUM,7.0,10.0,96.506,0,0.0,2023,Saudi Arabia,13.0
ZHO,8.0,MEDIUM,8.0,11.0,97.134,0,0.0,2023,Saudi Arabia,13.0
ZHO,9.0,MEDIUM,9.0,11.0,96.451,0,0.0,2023,Saudi Arabia,13.0
ZHO,10.0,MEDIUM,10.0,11.0,96.253,0,0.0,2023,Saudi Arabia,13.0
ZHO,11.0,MEDIUM,11.0,11.0,99.247,1,0.0,2023,Saudi Arabia,13.0
ZHO,12.0,HARD,1.0,17.0,115.874,0,0.0,2023,Saudi Arabia,13.0
ZHO,13.0,HARD,2.0,16.0,95.263,0,0.0,2023,Saudi Arabia,13.0
ZHO,14.0,HARD,3.0,16.0,95.547,0,0.0,2023,Saudi Arabia,13.0
ZHO,15.0,HARD,4.0,16.0,95.618,0,0.0,2023,Saudi Arabia,13.0
ZHO,16.0,HARD,5.0,16.0,95.98,0,0.0,2023,Saudi Arabia,13.0
ZHO,17.0,HARD,6.0,15.0,109.326,0,0.0,2023,Saudi Arabia,13.0
ZHO,18.0,HARD,7.0,14.0,137.713,1,0.0,2023,Saudi Arabia,13.0
ZHO,19.0,MEDIUM,1.0,17.0,135.298,0,0.0,2023,Saudi Arabia,13.0
ZHO,20.0,MEDIUM,2.0,17.0,141.617,0,0.0,2023,Saudi Arabia,13.0
ZHO,21.0,MEDIUM,3.0,16.0,98.769,0,0.0,2023,Saudi Arabia,13.0
ZHO,22.0,MEDIUM,4.0,16.0,97.391,0,0.0,2023,Saudi Arabia,13.0
ZHO,23.0,MEDIUM,5.0,15.0,96.346,0,0.0,2023,Saudi Arabia,13.0
ZHO,24.0,MEDIUM,6.0,15.0,95.452,0,0.0,2023,Saudi Arabia,13.0
ZHO,25.0,MEDIUM,7.0,15.0,95.56,0,0.0,2023,Saudi Arabia,13.0
ZHO,26.0,MEDIUM,8.0,14.0,96.338,0,0.0,2023,Saudi Arabia,13.0
ZHO,27.0,MEDIUM,9.0,14.0,95.629,0,0.0,2023,Saudi Arabia,13.0
ZHO,28.0,MEDIUM,10.0,14.0,95.4,0,0.0,2023,Saudi Arabia,13.0
ZHO,29.0,MEDIUM,11.0,14.0,94.811,0,0.0,2023,Saudi Arabia,13.0
ZHO,30.0,MEDIUM,12.0,14.0,96.153,0,0.0,2023,Saudi Arabia,13.0
ZHO,31.0,MEDIUM,13.0,14.0,95.268,0,0.0,2023,Saudi Arabia,13.0
ZHO,32.0,MEDIUM,14.0,14.0,95.136,0,0.0,2023,Saudi Arabia,13.0
ZHO,33.0,MEDIUM,15.0,14.0,95.397,0,0.0,2023,Saudi Arabia,13.0
ZHO,34.0,MEDIUM,16.0,14.0,95.361,0,0.0,2023,Saudi Arabia,13.0
ZHO,35.0,MEDIUM,17.0,14.0,95.164,0,0.0,2023,Saudi Arabia,13.0
ZHO,36.0,MEDIUM,18.0,14.0,95.233,0,0.0,2023,Saudi Arabia,13.0
ZHO,37.0,MEDIUM,19.0,14.0,95.391,0,0.0,2023,Saudi Arabia,13.0
ZHO,38.0,MEDIUM,20.0,13.0,95.158,0,0.0,2023,Saudi Arabia,13.0
ZHO,39.0,MEDIUM,21.0,13.0,94.646,0,0.0,2023,Saudi Arabia,13.0
ZHO,40.0,MEDIUM,22.0,13.0,94.764,0,0.0,2023,Saudi Arabia,13.0
ZHO,41.0,MEDIUM,23.0,13.0,94.363,0,0.0,2023,Saudi Arabia,13.0
ZHO,42.0,MEDIUM,24.0,13.0,94.825,0,0.0,2023,Saudi Arabia,13.0
ZHO,43.0,MEDIUM,25.0,13.0,94.514,0,0.0,2023,Saudi Arabia,13.0
ZHO,44.0,MEDIUM,26.0,13.0,94.622,0,0.0,2023,Saudi Arabia,13.0
ZHO,45.0,MEDIUM,27.0,13.0,94.541,0,0.0,2023,Saudi Arabia,13.0
ZHO,46.0,MEDIUM,28.0,13.0,94.538,0,0.0,2023,Saudi Arabia,13.0
ZHO,47.0,MEDIUM,29.0,13.0,94.18,0,0.0,2023,Saudi Arabia,13.0
ZHO,48.0,MEDIUM,30.0,13.0,94.138,0,0.0,2023,Saudi Arabia,13.0
ZHO,49.0,MEDIUM,31.0,13.0,93.894,0,0.0,2023,Saudi Arabia,13.0
ZHO,50.0,MEDIUM,32.0,13.0,94.105,0,0.0,2023,Saudi Arabia,13.0
HUL,1.0,MEDIUM,1.0,12.0,104.753,0,0.0,2023,Saudi Arabia,12.0
HUL,2.0,MEDIUM,2.0,12.0,97.67,0,0.0,2023,Saudi Arabia,12.0
HUL,3.0,MEDIUM,3.0,12.0,96.538,0,0.0,2023,Saudi Arabia,12.0
HUL,4.0,MEDIUM,4.0,13.0,97.593,0,0.0,2023,Saudi Arabia,12.0
HUL,5.0,MEDIUM,5.0,13.0,96.753,0,0.0,2023,Saudi Arabia,12.0
HUL,6.0,MEDIUM,6.0,12.0,96.095,0,0.0,2023,Saudi Arabia,12.0
HUL,7.0,MEDIUM,7.0,12.0,96.398,0,0.0,2023,Saudi Arabia,12.0
HUL,8.0,MEDIUM,8.0,12.0,96.282,0,0.0,2023,Saudi Arabia,12.0
HUL,9.0,MEDIUM,9.0,12.0,96.613,0,0.0,2023,Saudi Arabia,12.0
HUL,10.0,MEDIUM,10.0,12.0,96.166,0,0.0,2023,Saudi Arabia,12.0
HUL,11.0,MEDIUM,11.0,13.0,99.066,1,0.0,2023,Saudi Arabia,12.0
HUL,12.0,HARD,1.0,16.0,113.453,0,0.0,2023,Saudi Arabia,12.0
HUL,13.0,HARD,2.0,17.0,95.892,0,0.0,2023,Saudi Arabia,12.0
HUL,14.0,HARD,3.0,17.0,96.821,0,0.0,2023,Saudi Arabia,12.0
HUL,15.0,HARD,4.0,17.0,96.004,0,0.0,2023,Saudi Arabia,12.0
HUL,16.0,HARD,5.0,17.0,95.932,0,0.0,2023,Saudi Arabia,12.0
HUL,17.0,HARD,6.0,16.0,109.761,0,0.0,2023,Saudi Arabia,12.0
HUL,18.0,HARD,7.0,15.0,136.855,0,0.0,2023,Saudi Arabia,12.0
HUL,19.0,HARD,8.0,13.0,127.15,0,0.0,2023,Saudi Arabia,12.0
HUL,20.0,HARD,9.0,13.0,146.826,0,0.0,2023,Saudi Arabia,12.0
HUL,21.0,HARD,10.0,12.0,98.42,0,0.0,2023,Saudi Arabia,12.0
HUL,22.0,HARD,11.0,12.0,96.951,0,0.0,2023,Saudi Arabia,12.0
HUL,23.0,HARD,12.0,12.0,95.533,0,0.0,2023,Saudi Arabia,12.0
HUL,24.0,HARD,13.0,12.0,95.782,0,0.0,2023,Saudi Arabia,12.0
HUL,25.0,HARD,14.0,12.0,95.891,0,0.0,2023,Saudi Arabia,12.0
HUL,26.0,HARD,15.0,12.0,96.043,0,0.0,2023,Saudi Arabia,12.0
HUL,27.0,HARD,16.0,12.0,96.238,0,0.0,2023,Saudi Arabia,12.0
HUL,28.0,HARD,17.0,12.0,95.62,0,0.0,2023,Saudi Arabia,12.0
HUL,29.0,HARD,18.0,12.0,95.176,0,0.0,2023,Saudi Arabia,12.0
HUL,30.0,HARD,19.0,12.0,96.263,0,0.0,2023,Saudi Arabia,12.0
HUL,31.0,HARD,20.0,12.0,95.038,0,0.0,2023,Saudi Arabia,12.0
HUL,32.0,HARD,21.0,12.0,95.368,0,0.0,2023,Saudi Arabia,12.0
HUL,33.0,HARD,22.0,12.0,95.028,0,0.0,2023,Saudi Arabia,12.0
HUL,34.0,HARD,23.0,12.0,95.478,0,0.0,2023,Saudi Arabia,12.0
HUL,35.0,HARD,24.0,12.0,95.013,0,0.0,2023,Saudi Arabia,12.0
HUL,36.0,HARD,25.0,12.0,94.957,0,0.0,2023,Saudi Arabia,12.0
HUL,37.0,HARD,26.0,12.0,94.809,0,0.0,2023,Saudi Arabia,12.0
HUL,38.0,HARD,27.0,12.0,94.03,0,0.0,2023,Saudi Arabia,12.0
HUL,39.0,HARD,28.0,12.0,94.263,0,0.0,2023,Saudi Arabia,12.0
HUL,40.0,HARD,29.0,12.0,94.365,0,0.0,2023,Saudi Arabia,12.0
HUL,41.0,HARD,30.0,12.0,94.047,0,0.0,2023,Saudi Arabia,12.0
HUL,42.0,HARD,31.0,12.0,94.351,0,0.0,2023,Saudi Arabia,12.0
HUL,43.0,HARD,32.0,12.0,94.388,0,0.0,2023,Saudi Arabia,12.0
HUL,44.0,HARD,33.0,12.0,94.168,0,0.0,2023,Saudi Arabia,12.0
HUL,45.0,HARD,34.0,12.0,94.822,0,0.0,2023,Saudi Arabia,12.0
HUL,46.0,HARD,35.0,12.0,94.481,0,0.0,2023,Saudi Arabia,12.0
HUL,47.0,HARD,36.0,12.0,94.426,0,0.0,2023,Saudi Arabia,12.0
HUL,48.0,HARD,37.0,12.0,94.026,0,0.0,2023,Saudi Arabia,12.0
HUL,49.0,HARD,38.0,12.0,94.106,0,0.0,2023,Saudi Arabia,12.0
HUL,50.0,HARD,39.0,12.0,93.78,0,0.0,2023,Saudi Arabia,12.0
OCO,1.0,MEDIUM,1.0,6.0,100.245,0,0.0,2023,Saudi Arabia,8.0
OCO,2.0,MEDIUM,2.0,6.0,97.006,0,0.0,2023,Saudi Arabia,8.0
OCO,3.0,MEDIUM,3.0,6.0,96.066,0,0.0,2023,Saudi Arabia,8.0
OCO,4.0,MEDIUM,4.0,6.0,95.729,0,0.0,2023,Saudi Arabia,8.0
OCO,5.0,MEDIUM,5.0,6.0,95.849,0,0.0,2023,Saudi Arabia,8.0
OCO,6.0,MEDIUM,6.0,6.0,95.794,0,0.0,2023,Saudi Arabia,8.0
OCO,7.0,MEDIUM,7.0,6.0,95.847,0,0.0,2023,Saudi Arabia,8.0
OCO,8.0,MEDIUM,8.0,6.0,96.212,0,0.0,2023,Saudi Arabia,8.0
OCO,9.0,MEDIUM,9.0,6.0,95.924,0,0.0,2023,Saudi Arabia,8.0
OCO,10.0,MEDIUM,10.0,6.0,95.955,0,0.0,2023,Saudi Arabia,8.0
OCO,11.0,MEDIUM,11.0,6.0,95.901,0,0.0,2023,Saudi Arabia,8.0
OCO,12.0,MEDIUM,12.0,6.0,96.266,0,0.0,2023,Saudi Arabia,8.0
OCO,13.0,MEDIUM,13.0,7.0,97.156,0,0.0,2023,Saudi Arabia,8.0
OCO,14.0,MEDIUM,14.0,7.0,96.579,0,0.0,2023,Saudi Arabia,8.0
OCO,15.0,MEDIUM,15.0,7.0,96.209,0,0.0,2023,Saudi Arabia,8.0
OCO,16.0,MEDIUM,16.0,7.0,98.567,1,0.0,2023,Saudi Arabia,8.0
OCO,17.0,HARD,1.0,12.0,125.968,0,0.0,2023,Saudi Arabia,8.0
OCO,18.0,HARD,2.0,9.0,134.175,0,0.0,2023,Saudi Arabia,8.0
OCO,19.0,HARD,3.0,9.0,134.215,0,0.0,2023,Saudi Arabia,8.0
OCO,21.0,HARD,5.0,9.0,98.033,0,0.0,2023,Saudi Arabia,8.0
OCO,22.0,HARD,6.0,9.0,96.558,0,0.0,2023,Saudi Arabia,8.0
OCO,23.0,HARD,7.0,9.0,95.212,0,0.0,2023,Saudi Arabia,8.0
OCO,24.0,HARD,8.0,8.0,94.882,0,0.0,2023,Saudi Arabia,8.0
OCO,25.0,HARD,9.0,8.0,95.131,0,0.0,2023,Saudi Arabia,8.0
OCO,26.0,HARD,10.0,8.0,94.609,0,0.0,2023,Saudi Arabia,8.0
OCO,27.0,HARD,11.0,8.0,94.903,0,0.0,2023,Saudi Arabia,8.0
OCO,28.0,HARD,12.0,8.0,94.918,0,0.0,2023,Saudi Arabia,8.0
OCO,29.0,HARD,13.0,8.0,94.582,0,0.0,2023,Saudi Arabia,8.0
OCO,30.0,HARD,14.0,8.0,94.978,0,0.0,2023,Saudi Arabia,8.0
OCO,31.0,HARD,15.0,8.0,94.79,0,0.0,2023,Saudi Arabia,8.0
OCO,32.0,HARD,16.0,8.0,94.641,0,0.0,2023,Saudi Arabia,8.0
OCO,33.0,HARD,17.0,8.0,94.394,0,0.0,2023,Saudi Arabia,8.0
OCO,34.0,HARD,18.0,8.0,94.698,0,0.0,2023,Saudi Arabia,8.0
OCO,35.0,HARD,19.0,8.0,94.644,0,0.0,2023,Saudi Arabia,8.0
OCO,36.0,HARD,20.0,8.0,94.286,0,0.0,2023,Saudi Arabia,8.0
OCO,37.0,HARD,21.0,8.0,94.136,0,0.0,2023,Saudi Arabia,8.0
OCO,38.0,HARD,22.0,8.0,94.216,0,0.0,2023,Saudi Arabia,8.0
OCO,39.0,HARD,23.0,8.0,94.039,0,0.0,2023,Saudi Arabia,8.0
OCO,40.0,HARD,24.0,8.0,93.826,0,0.0,2023,Saudi Arabia,8.0
OCO,41.0,HARD,25.0,8.0,93.915,0,0.0,2023,Saudi Arabia,8.0
OCO,42.0,HARD,26.0,8.0,93.964,0,0.0,2023,Saudi Arabia,8.0
OCO,43.0,HARD,27.0,8.0,93.897,0,0.0,2023,Saudi Arabia,8.0
OCO,44.0,HARD,28.0,8.0,93.841,0,0.0,2023,Saudi Arabia,8.0
OCO,45.0,HARD,29.0,8.0,93.815,0,0.0,2023,Saudi Arabia,8.0
OCO,46.0,HARD,30.0,8.0,93.976,0,0.0,2023,Saudi Arabia,8.0
OCO,47.0,HARD,31.0,8.0,93.998,0,0.0,2023,Saudi Arabia,8.0
OCO,48.0,HARD,32.0,8.0,93.723,0,0.0,2023,Saudi Arabia,8.0
OCO,49.0,HARD,33.0,8.0,93.222,0,0.0,2023,Saudi Arabia,8.0
OCO,50.0,HARD,34.0,8.0,94.312,0,0.0,2023,Saudi Arabia,8.0
NOR,1.0,SOFT,1.0,17.0,106.323,0,0.0,2023,Saudi Arabia,17.0
NOR,2.0,SOFT,2.0,19.0,103.07,1,0.0,2023,Saudi Arabia,17.0
NOR,3.0,HARD,1.0,20.0,123.534,0,0.0,2023,Saudi Arabia,17.0
NOR,4.0,HARD,2.0,20.0,96.627,0,0.0,2023,Saudi Arabia,17.0
NOR,5.0,HARD,3.0,20.0,95.929,0,0.0,2023,Saudi Arabia,17.0
NOR,6.0,HARD,4.0,20.0,95.963,0,0.0,2023,Saudi Arabia,17.0
NOR,7.0,HARD,5.0,20.0,95.771,0,0.0,2023,Saudi Arabia,17.0
NOR,8.0,HARD,6.0,20.0,95.523,0,0.0,2023,Saudi Arabia,17.0
NOR,9.0,HARD,7.0,20.0,95.721,0,0.0,2023,Saudi Arabia,17.0
NOR,10.0,HARD,8.0,20.0,96.141,0,0.0,2023,Saudi Arabia,17.0
NOR,11.0,HARD,9.0,20.0,96.1,0,0.0,2023,Saudi Arabia,17.0
NOR,12.0,HARD,10.0,20.0,96.285,0,0.0,2023,Saudi Arabia,17.0
NOR,13.0,HARD,11.0,20.0,96.269,0,0.0,2023,Saudi Arabia,17.0
NOR,14.0,HARD,12.0,20.0,96.289,0,0.0,2023,Saudi Arabia,17.0
NOR,15.0,HARD,13.0,20.0,96.228,0,0.0,2023,Saudi Arabia,17.0
NOR,16.0,HARD,14.0,20.0,96.446,0,0.0,2023,Saudi Arabia,17.0
NOR,17.0,HARD,15.0,18.0,116.008,0,0.0,2023,Saudi Arabia,17.0
NOR,18.0,HARD,16.0,18.0,137.711,0,0.0,2023,Saudi Arabia,17.0
NOR,19.0,HARD,17.0,18.0,120.488,1,0.0,2023,Saudi Arabia,17.0
NOR,20.0,MEDIUM,1.0,19.0,138.348,0,0.0,2023,Saudi Arabia,17.0
NOR,21.0,MEDIUM,2.0,19.0,99.3,0,0.0,2023,Saudi Arabia,17.0
NOR,22.0,MEDIUM,3.0,18.0,97.7,0,0.0,2023,Saudi Arabia,17.0
NOR,23.0,MEDIUM,4.0,18.0,96.253,0,0.0,2023,Saudi Arabia,17.0
NOR,24.0,MEDIUM,5.0,18.0,96.251,0,0.0,2023,Saudi Arabia,17.0
NOR,25.0,MEDIUM,6.0,17.0,95.515,0,0.0,2023,Saudi Arabia,17.0
NOR,26.0,MEDIUM,7.0,17.0,95.315,0,0.0,2023,Saudi Arabia,17.0
NOR,27.0,MEDIUM,8.0,16.0,95.574,0,0.0,2023,Saudi Arabia,17.0
NOR,28.0,MEDIUM,9.0,16.0,95.724,0,0.0,2023,Saudi Arabia,17.0
NOR,29.0,MEDIUM,10.0,16.0,95.729,0,0.0,2023,Saudi Arabia,17.0
NOR,30.0,MEDIUM,11.0,16.0,95.446,0,0.0,2023,Saudi Arabia,17.0
NOR,31.0,MEDIUM,12.0,16.0,95.694,0,0.0,2023,Saudi Arabia,17.0
NOR,32.0,MEDIUM,13.0,16.0,95.478,0,0.0,2023,Saudi Arabia,17.0
NOR,33.0,MEDIUM,14.0,16.0,95.49,0,0.0,2023,Saudi Arabia,17.0
NOR,34.0,MEDIUM,15.0,16.0,95.481,0,0.0,2023,Saudi Arabia,17.0
NOR,35.0,MEDIUM,16.0,16.0,95.261,0,0.0,2023,Saudi Arabia,17.0
NOR,36.0,MEDIUM,17.0,16.0,95.158,0,0.0,2023,Saudi Arabia,17.0
NOR,37.0,MEDIUM,18.0,16.0,95.005,0,0.0,2023,Saudi Arabia,17.0
NOR,38.0,MEDIUM,19.0,16.0,94.658,0,0.0,2023,Saudi Arabia,17.0
NOR,39.0,MEDIUM,20.0,16.0,95.057,0,0.0,2023,Saudi Arabia,17.0
NOR,40.0,MEDIUM,21.0,16.0,95.549,0,0.0,2023,Saudi Arabia,17.0
NOR,41.0,MEDIUM,22.0,15.0,94.969,0,0.0,2023,Saudi Arabia,17.0
NOR,42.0,MEDIUM,23.0,16.0,96.183,0,0.0,2023,Saudi Arabia,17.0
NOR,43.0,MEDIUM,24.0,16.0,95.228,0,0.0,2023,Saudi Arabia,17.0
NOR,44.0,MEDIUM,25.0,17.0,95.519,0,0.0,2023,Saudi Arabia,17.0
NOR,45.0,MEDIUM,26.0,16.0,94.871,0,0.0,2023,Saudi Arabia,17.0
NOR,46.0,MEDIUM,27.0,16.0,94.532,0,0.0,2023,Saudi Arabia,17.0
NOR,47.0,MEDIUM,28.0,16.0,94.818,0,0.0,2023,Saudi Arabia,17.0
NOR,48.0,MEDIUM,29.0,17.0,95.378,0,0.0,2023,Saudi Arabia,17.0
NOR,49.0,MEDIUM,30.0,17.0,94.122,0,0.0,2023,Saudi Arabia,17.0
NOR,50.0,MEDIUM,31.0,17.0,95.307,0,0.0,2023,Saudi Arabia,17.0
HAM,1.0,HARD,1.0,7.0,101.038,0,0.0,2023,Saudi Arabia,5.0
HAM,2.0,HARD,2.0,7.0,97.188,0,0.0,2023,Saudi Arabia,5.0
HAM,3.0,HARD,3.0,7.0,96.628,0,0.0,2023,Saudi Arabia,5.0
HAM,4.0,HARD,4.0,7.0,96.263,0,0.0,2023,Saudi Arabia,5.0
HAM,5.0,HARD,5.0,7.0,95.867,0,0.0,2023,Saudi Arabia,5.0
HAM,6.0,HARD,6.0,7.0,95.973,0,0.0,2023,Saudi Arabia,5.0
HAM,7.0,HARD,7.0,7.0,96.093,0,0.0,2023,Saudi Arabia,5.0
HAM,8.0,HARD,8.0,7.0,96.122,0,0.0,2023,Saudi Arabia,5.0
HAM,9.0,HARD,9.0,8.0,96.978,0,0.0,2023,Saudi Arabia,5.0
HAM,10.0,HARD,10.0,8.0,95.976,0,0.0,2023,Saudi Arabia,5.0
HAM,11.0,HARD,11.0,8.0,95.909,0,0.0,2023,Saudi Arabia,5.0
HAM,12.0,HARD,12.0,9.0,96.568,0,0.0,2023,Saudi Arabia,5.0
HAM,13.0,HARD,13.0,9.0,95.822,0,0.0,2023,Saudi Arabia,5.0
HAM,14.0,HARD,14.0,8.0,95.708,0,0.0,2023,Saudi Arabia,5.0
HAM,15.0,HARD,15.0,8.0,95.693,0,0.0,2023,Saudi Arabia,5.0
HAM,16.0,HARD,16.0,6.0,95.228,0,0.0,2023,Saudi Arabia,5.0
HAM,17.0,HARD,17.0,5.0,95.047,0,0.0,2023,Saudi Arabia,5.0
HAM,18.0,HARD,18.0,5.0,136.76,1,0.0,2023,Saudi Arabia,5.0
HAM,21.0,MEDIUM,3.0,6.0,97.234,0,0.0,2023,Saudi Arabia,5.0
HAM,22.0,MEDIUM,4.0,5.0,95.182,0,0.0,2023,Saudi Arabia,5.0
HAM,23.0,MEDIUM,5.0,5.0,94.715,0,0.0,2023,Saudi Arabia,5.0
HAM,24.0,MEDIUM,6.0,5.0,94.335,0,0.0,2023,Saudi Arabia,5.0
HAM,25.0,MEDIUM,7.0,5.0,94.734,0,0.0,2023,Saudi Arabia,5.0
HAM,26.0,MEDIUM,8.0,5.0,93.998,0,0.0,2023,Saudi Arabia,5.0
HAM,27.0,MEDIUM,9.0,5.0,93.985,0,0.0,2023,Saudi Arabia,5.0
HAM,28.0,MEDIUM,10.0,5.0,94.234,0,0.0,2023,Saudi Arabia,5.0
HAM,29.0,MEDIUM,11.0,5.0,94.186,0,0.0,2023,Saudi Arabia,5.0
HAM,30.0,MEDIUM,12.0,5.0,94.447,0,0.0,2023,Saudi Arabia,5.0
HAM,31.0,MEDIUM,13.0,5.0,93.846,0,0.0,2023,Saudi Arabia,5.0
HAM,32.0,MEDIUM,14.0,5.0,94.071,0,0.0,2023,Saudi Arabia,5.0
HAM,33.0,MEDIUM,15.0,5.0,93.874,0,0.0,2023,Saudi Arabia,5.0
HAM,34.0,MEDIUM,16.0,5.0,93.864,0,0.0,2023,Saudi Arabia,5.0
HAM,35.0,MEDIUM,17.0,5.0,93.887,0,0.0,2023,Saudi Arabia,5.0
HAM,36.0,MEDIUM,18.0,5.0,93.39,0,0.0,2023,Saudi Arabia,5.0
HAM,37.0,MEDIUM,19.0,5.0,93.625,0,0.0,2023,Saudi Arabia,5.0
HAM,38.0,MEDIUM,20.0,5.0,93.653,0,0.0,2023,Saudi Arabia,5.0
HAM,39.0,MEDIUM,21.0,5.0,93.383,0,0.0,2023,Saudi Arabia,5.0
HAM,40.0,MEDIUM,22.0,5.0,93.507,0,0.0,2023,Saudi Arabia,5.0
HAM,41.0,MEDIUM,23.0,5.0,93.22,0,0.0,2023,Saudi Arabia,5.0
HAM,42.0,MEDIUM,24.0,5.0,93.314,0,0.0,2023,Saudi Arabia,5.0
HAM,43.0,MEDIUM,25.0,5.0,93.011,0,0.0,2023,Saudi Arabia,5.0
HAM,44.0,MEDIUM,26.0,5.0,93.099,0,0.0,2023,Saudi Arabia,5.0
HAM,45.0,MEDIUM,27.0,5.0,93.054,0,0.0,2023,Saudi Arabia,5.0
HAM,46.0,MEDIUM,28.0,5.0,93.316,0,0.0,2023,Saudi Arabia,5.0
HAM,47.0,MEDIUM,29.0,5.0,92.941,0,0.0,2023,Saudi Arabia,5.0
HAM,48.0,MEDIUM,30.0,5.0,93.367,0,0.0,2023,Saudi Arabia,5.0
HAM,49.0,MEDIUM,31.0,5.0,93.537,0,0.0,2023,Saudi Arabia,5.0
HAM,50.0,MEDIUM,32.0,5.0,93.024,0,0.0,2023,Saudi Arabia,5.0
SAI,1.0,MEDIUM,1.0,5.0,99.413,0,0.0,2023,Saudi Arabia,6.0
SAI,2.0,MEDIUM,2.0,5.0,96.583,0,0.0,2023,Saudi Arabia,6.0
SAI,3.0,MEDIUM,3.0,5.0,95.354,0,0.0,2023,Saudi Arabia,6.0
SAI,4.0,MEDIUM,4.0,5.0,95.428,0,0.0,2023,Saudi Arabia,6.0
SAI,5.0,MEDIUM,5.0,5.0,95.433,0,0.0,2023,Saudi Arabia,6.0
SAI,6.0,MEDIUM,6.0,5.0,95.667,0,0.0,2023,Saudi Arabia,6.0
SAI,7.0,MEDIUM,7.0,5.0,95.216,0,0.0,2023,Saudi Arabia,6.0
SAI,8.0,MEDIUM,8.0,5.0,95.321,0,0.0,2023,Saudi Arabia,6.0
SAI,9.0,MEDIUM,9.0,5.0,96.378,0,0.0,2023,Saudi Arabia,6.0
SAI,10.0,MEDIUM,10.0,5.0,96.056,0,0.0,2023,Saudi Arabia,6.0
SAI,11.0,MEDIUM,11.0,5.0,95.842,0,0.0,2023,Saudi Arabia,6.0
SAI,12.0,MEDIUM,12.0,5.0,95.944,0,0.0,2023,Saudi Arabia,6.0
SAI,13.0,MEDIUM,13.0,4.0,95.256,0,0.0,2023,Saudi Arabia,6.0
SAI,14.0,MEDIUM,14.0,4.0,95.001,0,0.0,2023,Saudi Arabia,6.0
SAI,15.0,MEDIUM,15.0,4.0,97.523,1,0.0,2023,Saudi Arabia,6.0
SAI,16.0,HARD,1.0,9.0,113.399,0,0.0,2023,Saudi Arabia,6.0
SAI,17.0,HARD,2.0,7.0,102.111,0,0.0,2023,Saudi Arabia,6.0
SAI,18.0,HARD,3.0,6.0,132.896,0,0.0,2023,Saudi Arabia,6.0
SAI,19.0,HARD,4.0,5.0,145.323,0,0.0,2023,Saudi Arabia,6.0
SAI,21.0,HARD,6.0,5.0,97.37,0,0.0,2023,Saudi Arabia,6.0
SAI,22.0,HARD,7.0,6.0,96.313,0,0.0,2023,Saudi Arabia,6.0
SAI,23.0,HARD,8.0,6.0,95.041,0,0.0,2023,Saudi Arabia,6.0
SAI,24.0,HARD,9.0,6.0,94.656,0,0.0,2023,Saudi Arabia,6.0
SAI,25.0,HARD,10.0,6.0,94.814,0,0.0,2023,Saudi Arabia,6.0
SAI,26.0,HARD,11.0,6.0,94.415,0,0.0,2023,Saudi Arabia,6.0
SAI,27.0,HARD,12.0,6.0,94.539,0,0.0,2023,Saudi Arabia,6.0
SAI,28.0,HARD,13.0,6.0,94.762,0,0.0,2023,Saudi Arabia,6.0
SAI,29.0,HARD,14.0,6.0,94.331,0,0.0,2023,Saudi Arabia,6.0
SAI,30.0,HARD,15.0,6.0,94.498,0,0.0,2023,Saudi Arabia,6.0
SAI,31.0,HARD,16.0,6.0,94.104,0,0.0,2023,Saudi Arabia,6.0
SAI,32.0,HARD,17.0,6.0,93.867,0,0.0,2023,Saudi Arabia,6.0
SAI,33.0,HARD,18.0,6.0,93.989,0,0.0,2023,Saudi Arabia,6.0
SAI,34.0,HARD,19.0,6.0,93.861,0,0.0,2023,Saudi Arabia,6.0
SAI,35.0,HARD,20.0,6.0,93.862,0,0.0,2023,Saudi Arabia,6.0
SAI,36.0,HARD,21.0,6.0,93.539,0,0.0,2023,Saudi Arabia,6.0
SAI,37.0,HARD,22.0,6.0,93.803,0,0.0,2023,Saudi Arabia,6.0
SAI,38.0,HARD,23.0,6.0,93.913,0,0.0,2023,Saudi Arabia,6.0
SAI,39.0,HARD,24.0,6.0,93.465,0,0.0,2023,Saudi Arabia,6.0
SAI,40.0,HARD,25.0,6.0,93.403,0,0.0,2023,Saudi Arabia,6.0
SAI,41.0,HARD,26.0,6.0,93.411,0,0.0,2023,Saudi Arabia,6.0
SAI,42.0,HARD,27.0,6.0,93.432,0,0.0,2023,Saudi Arabia,6.0
SAI,43.0,HARD,28.0,6.0,93.288,0,0.0,2023,Saudi Arabia,6.0
SAI,44.0,HARD,29.0,6.0,93.358,0,0.0,2023,Saudi Arabia,6.0
SAI,45.0,HARD,30.0,6.0,93.512,0,0.0,2023,Saudi Arabia,6.0
SAI,46.0,HARD,31.0,6.0,93.149,0,0.0,2023,Saudi Arabia,6.0
SAI,47.0,HARD,32.0,6.0,93.128,0,0.0,2023,Saudi Arabia,6.0
SAI,48.0,HARD,33.0,6.0,92.92,0,0.0,2023,Saudi Arabia,6.0
SAI,49.0,HARD,34.0,6.0,93.564,0,0.0,2023,Saudi Arabia,6.0
SAI,50.0,HARD,35.0,6.0,92.822,0,0.0,2023,Saudi Arabia,6.0
RUS,1.0,MEDIUM,1.0,3.0,98.652,0,0.0,2023,Saudi Arabia,4.0
RUS,2.0,MEDIUM,2.0,3.0,96.114,0,0.0,2023,Saudi Arabia,4.0
RUS,3.0,MEDIUM,3.0,3.0,95.3,0,0.0,2023,Saudi Arabia,4.0
RUS,4.0,MEDIUM,4.0,3.0,95.596,0,0.0,2023,Saudi Arabia,4.0
RUS,5.0,MEDIUM,5.0,3.0,95.423,0,0.0,2023,Saudi Arabia,4.0
RUS,6.0,MEDIUM,6.0,3.0,95.477,0,0.0,2023,Saudi Arabia,4.0
RUS,7.0,MEDIUM,7.0,3.0,95.256,0,0.0,2023,Saudi Arabia,4.0
RUS,8.0,MEDIUM,8.0,3.0,95.157,0,0.0,2023,Saudi Arabia,4.0
RUS,9.0,MEDIUM,9.0,3.0,95.89,0,0.0,2023,Saudi Arabia,4.0
RUS,10.0,MEDIUM,10.0,3.0,95.265,0,0.0,2023,Saudi Arabia,4.0
RUS,11.0,MEDIUM,11.0,3.0,95.4,0,0.0,2023,Saudi Arabia,4.0
RUS,12.0,MEDIUM,12.0,3.0,95.283,0,0.0,2023,Saudi Arabia,4.0
RUS,13.0,MEDIUM,13.0,3.0,95.043,0,0.0,2023,Saudi Arabia,4.0
RUS,14.0,MEDIUM,14.0,3.0,94.94,0,0.0,2023,Saudi Arabia,4.0
RUS,15.0,MEDIUM,15.0,3.0,94.946,0,0.0,2023,Saudi Arabia,4.0
RUS,16.0,MEDIUM,16.0,3.0,95.12,0,0.0,2023,Saudi Arabia,4.0
RUS,17.0,MEDIUM,17.0,3.0,94.892,0,0.0,2023,Saudi Arabia,4.0
RUS,18.0,MEDIUM,18.0,3.0,132.217,1,0.0,2023,Saudi Arabia,4.0
RUS,21.0,HARD,3.0,3.0,96.802,0,0.0,2023,Saudi Arabia,4.0
RUS,22.0,HARD,4.0,3.0,95.07,0,0.0,2023,Saudi Arabia,4.0
RUS,23.0,HARD,5.0,4.0,94.958,0,0.0,2023,Saudi Arabia,4.0
RUS,24.0,HARD,6.0,4.0,95.063,0,0.0,2023,Saudi Arabia,4.0
RUS,25.0,HARD,7.0,4.0,94.106,0,0.0,2023,Saudi Arabia,4.0
RUS,26.0,HARD,8.0,4.0,94.493,0,0.0,2023,Saudi Arabia,4.0
RUS,27.0,HARD,9.0,4.0,94.118,0,0.0,2023,Saudi Arabia,4.0
RUS,28.0,HARD,10.0,4.0,94.091,0,0.0,2023,Saudi Arabia,4.0
RUS,29.0,HARD,11.0,4.0,93.688,0,0.0,2023,Saudi Arabia,4.0
RUS,30.0,HARD,12.0,4.0,94.165,0,0.0,2023,Saudi Arabia,4.0
RUS,31.0,HARD,13.0,4.0,93.433,0,0.0,2023,Saudi Arabia,4.0
RUS,32.0,HARD,14.0,4.0,93.633,0,0.0,2023,Saudi Arabia,4.0
RUS,33.0,HARD,15.0,4.0,93.52,0,0.0,2023,Saudi Arabia,4.0
RUS,34.0,HARD,16.0,4.0,93.758,0,0.0,2023,Saudi Arabia,4.0
RUS,35.0,HARD,17.0,4.0,93.756,0,0.0,2023,Saudi Arabia,4.0
RUS,36.0,HARD,18.0,4.0,93.625,0,0.0,2023,Saudi Arabia,4.0
RUS,37.0,HARD,19.0,4.0,93.524,0,0.0,2023,Saudi Arabia,4.0
RUS,38.0,HARD,20.0,4.0,93.42,0,0.0,2023,Saudi Arabia,4.0
RUS,39.0,HARD,21.0,4.0,93.555,0,0.0,2023,Saudi Arabia,4.0
RUS,40.0,HARD,22.0,4.0,93.459,0,0.0,2023,Saudi Arabia,4.0
RUS,41.0,HARD,23.0,4.0,92.998,0,0.0,2023,Saudi Arabia,4.0
RUS,42.0,HARD,24.0,4.0,93.041,0,0.0,2023,Saudi Arabia,4.0
RUS,43.0,HARD,25.0,4.0,93.083,0,0.0,2023,Saudi Arabia,4.0
RUS,44.0,HARD,26.0,4.0,93.243,0,0.0,2023,Saudi Arabia,4.0
RUS,45.0,HARD,27.0,4.0,92.917,0,0.0,2023,Saudi Arabia,4.0
RUS,46.0,HARD,28.0,4.0,92.982,0,0.0,2023,Saudi Arabia,4.0
RUS,47.0,HARD,29.0,4.0,92.901,0,0.0,2023,Saudi Arabia,4.0
RUS,48.0,HARD,30.0,4.0,92.756,0,0.0,2023,Saudi Arabia,4.0
RUS,49.0,HARD,31.0,4.0,93.135,0,0.0,2023,Saudi Arabia,4.0
RUS,50.0,HARD,32.0,4.0,92.433,0,0.0,2023,Saudi Arabia,4.0
BOT,1.0,MEDIUM,1.0,15.0,105.612,0,0.0,2023,Saudi Arabia,18.0
BOT,2.0,MEDIUM,2.0,15.0,98.763,0,0.0,2023,Saudi Arabia,18.0
BOT,3.0,MEDIUM,3.0,15.0,96.956,0,0.0,2023,Saudi Arabia,18.0
BOT,4.0,MEDIUM,4.0,15.0,97.211,0,0.0,2023,Saudi Arabia,18.0
BOT,5.0,MEDIUM,5.0,15.0,96.597,0,0.0,2023,Saudi Arabia,18.0
BOT,6.0,MEDIUM,6.0,15.0,97.418,0,0.0,2023,Saudi Arabia,18.0
BOT,7.0,MEDIUM,7.0,15.0,97.674,0,0.0,2023,Saudi Arabia,18.0
BOT,8.0,MEDIUM,8.0,16.0,98.831,0,0.0,2023,Saudi Arabia,18.0
BOT,9.0,MEDIUM,9.0,17.0,99.617,1,0.0,2023,Saudi Arabia,18.0
BOT,10.0,HARD,1.0,19.0,114.489,0,0.0,2023,Saudi Arabia,18.0
BOT,11.0,HARD,2.0,19.0,96.218,0,0.0,2023,Saudi Arabia,18.0
BOT,12.0,HARD,3.0,19.0,95.927,0,0.0,2023,Saudi Arabia,18.0
BOT,13.0,HARD,4.0,19.0,96.495,0,0.0,2023,Saudi Arabia,18.0
BOT,14.0,HARD,5.0,19.0,96.207,0,0.0,2023,Saudi Arabia,18.0
BOT,15.0,HARD,6.0,19.0,96.259,0,0.0,2023,Saudi Arabia,18.0
BOT,16.0,HARD,7.0,19.0,96.153,0,0.0,2023,Saudi Arabia,18.0
BOT,17.0,HARD,8.0,19.0,118.961,1,0.0,2023,Saudi Arabia,18.0
BOT,19.0,MEDIUM,2.0,19.0,115.77,0,0.0,2023,Saudi Arabia,18.0
BOT,20.0,MEDIUM,3.0,18.0,128.105,0,0.0,2023,Saudi Arabia,18.0
BOT,21.0,MEDIUM,4.0,18.0,99.065,0,0.0,2023,Saudi Arabia,18.0
BOT,22.0,MEDIUM,5.0,19.0,98.366,0,0.0,2023,Saudi Arabia,18.0
BOT,23.0,MEDIUM,6.0,19.0,98.218,0,0.0,2023,Saudi Arabia,18.0
BOT,24.0,MEDIUM,7.0,19.0,96.239,0,0.0,2023,Saudi Arabia,18.0
BOT,25.0,MEDIUM,8.0,19.0,96.412,0,0.0,2023,Saudi Arabia,18.0
BOT,26.0,MEDIUM,9.0,19.0,96.343,0,0.0,2023,Saudi Arabia,18.0
BOT,27.0,MEDIUM,10.0,18.0,96.993,0,0.0,2023,Saudi Arabia,18.0
BOT,28.0,MEDIUM,11.0,18.0,96.128,0,0.0,2023,Saudi Arabia,18.0
BOT,29.0,MEDIUM,12.0,18.0,96.166,0,0.0,2023,Saudi Arabia,18.0
BOT,30.0,MEDIUM,13.0,18.0,95.846,0,0.0,2023,Saudi Arabia,18.0
BOT,31.0,MEDIUM,14.0,18.0,96.248,0,0.0,2023,Saudi Arabia,18.0
BOT,32.0,MEDIUM,15.0,18.0,96.142,0,0.0,2023,Saudi Arabia,18.0
BOT,33.0,MEDIUM,16.0,18.0,95.997,0,0.0,2023,Saudi Arabia,18.0
BOT,34.0,MEDIUM,17.0,18.0,96.148,0,0.0,2023,Saudi Arabia,18.0
BOT,35.0,MEDIUM,18.0,18.0,98.834,1,0.0,2023,Saudi Arabia,18.0
BOT,36.0,SOFT,1.0,18.0,114.109,0,0.0,2023,Saudi Arabia,18.0
BOT,37.0,SOFT,2.0,18.0,94.384,0,0.0,2023,Saudi Arabia,18.0
BOT,38.0,SOFT,3.0,18.0,94.976,0,0.0,2023,Saudi Arabia,18.0
BOT,39.0,SOFT,4.0,18.0,95.348,0,0.0,2023,Saudi Arabia,18.0
BOT,40.0,SOFT,5.0,18.0,96.474,0,0.0,2023,Saudi Arabia,18.0
BOT,41.0,SOFT,6.0,18.0,96.7,0,0.0,2023,Saudi Arabia,18.0
BOT,42.0,SOFT,7.0,18.0,95.325,0,0.0,2023,Saudi Arabia,18.0
BOT,43.0,SOFT,8.0,18.0,95.288,0,0.0,2023,Saudi Arabia,18.0
BOT,44.0,SOFT,9.0,18.0,95.004,0,0.0,2023,Saudi Arabia,18.0
BOT,45.0,SOFT,10.0,18.0,95.227,0,0.0,2023,Saudi Arabia,18.0
BOT,46.0,SOFT,11.0,18.0,95.283,0,0.0,2023,Saudi Arabia,18.0
BOT,47.0,SOFT,12.0,18.0,96.694,0,0.0,2023,Saudi Arabia,18.0
BOT,48.0,SOFT,13.0,18.0,96.607,0,0.0,2023,Saudi Arabia,18.0
BOT,49.0,SOFT,14.0,18.0,95.501,0,0.0,2023,Saudi Arabia,18.0
PIA,1.0,MEDIUM,1.0,19.0,107.254,1,0.0,2023,Saudi Arabia,15.0
PIA,2.0,HARD,1.0,20.0,124.805,0,0.0,2023,Saudi Arabia,15.0
PIA,3.0,HARD,2.0,19.0,95.634,0,0.0,2023,Saudi Arabia,15.0
PIA,4.0,HARD,3.0,19.0,95.512,0,0.0,2023,Saudi Arabia,15.0
PIA,5.0,HARD,4.0,19.0,95.662,0,0.0,2023,Saudi Arabia,15.0
PIA,6.0,HARD,5.0,19.0,95.359,0,0.0,2023,Saudi Arabia,15.0
PIA,7.0,HARD,6.0,19.0,95.636,0,0.0,2023,Saudi Arabia,15.0
PIA,8.0,HARD,7.0,19.0,95.626,0,0.0,2023,Saudi Arabia,15.0
PIA,9.0,HARD,8.0,19.0,95.9,0,0.0,2023,Saudi Arabia,15.0
PIA,10.0,HARD,9.0,18.0,95.782,0,0.0,2023,Saudi Arabia,15.0
PIA,11.0,HARD,10.0,18.0,95.899,0,0.0,2023,Saudi Arabia,15.0
PIA,12.0,HARD,11.0,18.0,96.364,0,0.0,2023,Saudi Arabia,15.0
PIA,13.0,HARD,12.0,18.0,96.654,0,0.0,2023,Saudi Arabia,15.0
PIA,14.0,HARD,13.0,18.0,96.275,0,0.0,2023,Saudi Arabia,15.0
PIA,15.0,HARD,14.0,18.0,96.082,0,0.0,2023,Saudi Arabia,15.0
PIA,16.0,HARD,15.0,18.0,96.304,0,0.0,2023,Saudi Arabia,15.0
PIA,17.0,HARD,16.0,17.0,111.27,0,0.0,2023,Saudi Arabia,15.0
PIA,18.0,HARD,17.0,17.0,136.427,0,0.0,2023,Saudi Arabia,15.0
PIA,19.0,HARD,18.0,16.0,127.588,0,0.0,2023,Saudi Arabia,15.0
PIA,20.0,HARD,19.0,16.0,143.704,0,0.0,2023,Saudi Arabia,15.0
PIA,21.0,HARD,20.0,17.0,99.663,0,0.0,2023,Saudi Arabia,15.0
PIA,22.0,HARD,21.0,17.0,97.626,0,0.0,2023,Saudi Arabia,15.0
PIA,23.0,HARD,22.0,17.0,96.562,0,0.0,2023,Saudi Arabia,15.0
PIA,24.0,HARD,23.0,17.0,96.405,0,0.0,2023,Saudi Arabia,15.0
PIA,25.0,HARD,24.0,18.0,96.735,0,0.0,2023,Saudi Arabia,15.0
PIA,26.0,HARD,25.0,18.0,95.752,0,0.0,2023,Saudi Arabia,15.0
PIA,27.0,HARD,26.0,17.0,95.973,0,0.0,2023,Saudi Arabia,15.0
PIA,28.0,HARD,27.0,17.0,95.543,0,0.0,2023,Saudi Arabia,15.0
PIA,29.0,HARD,28.0,17.0,95.949,0,0.0,2023,Saudi Arabia,15.0
PIA,30.0,HARD,29.0,17.0,95.673,0,0.0,2023,Saudi Arabia,15.0
PIA,31.0,HARD,30.0,17.0,95.446,0,0.0,2023,Saudi Arabia,15.0
PIA,32.0,HARD,31.0,17.0,95.224,0,0.0,2023,Saudi Arabia,15.0
PIA,33.0,HARD,32.0,17.0,95.644,0,0.0,2023,Saudi Arabia,15.0
PIA,34.0,HARD,33.0,17.0,95.47,0,0.0,2023,Saudi Arabia,15.0
PIA,35.0,HARD,34.0,17.0,95.277,0,0.0,2023,Saudi Arabia,15.0
PIA,36.0,HARD,35.0,17.0,95.005,0,0.0,2023,Saudi Arabia,15.0
PIA,37.0,HARD,36.0,17.0,94.859,0,0.0,2023,Saudi Arabia,15.0
PIA,38.0,HARD,37.0,17.0,94.827,0,0.0,2023,Saudi Arabia,15.0
PIA,39.0,HARD,38.0,17.0,94.949,0,0.0,2023,Saudi Arabia,15.0
PIA,40.0,HARD,39.0,17.0,94.429,0,0.0,2023,Saudi Arabia,15.0
PIA,41.0,HARD,40.0,17.0,95.301,0,0.0,2023,Saudi Arabia,15.0
PIA,42.0,HARD,41.0,17.0,95.951,0,0.0,2023,Saudi Arabia,15.0
PIA,43.0,HARD,42.0,17.0,95.257,0,0.0,2023,Saudi Arabia,15.0
PIA,44.0,HARD,43.0,16.0,94.861,0,0.0,2023,Saudi Arabia,15.0
PIA,45.0,HARD,44.0,17.0,95.625,0,0.0,2023,Saudi Arabia,15.0
PIA,46.0,HARD,45.0,17.0,94.467,0,0.0,2023,Saudi Arabia,15.0
PIA,47.0,HARD,46.0,17.0,94.509,0,0.0,2023,Saudi Arabia,15.0
PIA,48.0,HARD,47.0,16.0,94.287,0,0.0,2023,Saudi Arabia,15.0
PIA,49.0,HARD,48.0,16.0,94.291,0,0.0,2023,Saudi Arabia,15.0
PIA,50.0,HARD,49.0,15.0,94.618,0,0.0,2023,Saudi Arabia,15.0
VER,1.0,MEDIUM,1.0,3.0,101.571,0,0.0,2023,Australia,1.0
VER,2.0,MEDIUM,2.0,3.0,132.105,0,0.0,2023,Australia,1.0
VER,3.0,MEDIUM,3.0,3.0,130.657,0,0.0,2023,Australia,1.0
VER,4.0,MEDIUM,4.0,3.0,83.391,0,0.0,2023,Australia,1.0
VER,5.0,MEDIUM,5.0,3.0,83.104,0,0.0,2023,Australia,1.0
VER,6.0,MEDIUM,6.0,3.0,82.843,0,0.0,2023,Australia,1.0
VER,7.0,MEDIUM,7.0,2.0,95.07,0,0.0,2023,Australia,1.0
VER,10.0,HARD,2.0,2.0,87.827,0,0.0,2023,Australia,1.0
VER,11.0,HARD,3.0,2.0,83.46,0,0.0,2023,Australia,1.0
VER,12.0,HARD,4.0,1.0,81.994,0,0.0,2023,Australia,1.0
VER,13.0,HARD,5.0,1.0,83.286,0,0.0,2023,Australia,1.0
VER,14.0,HARD,6.0,1.0,82.869,0,0.0,2023,Australia,1.0
VER,15.0,HARD,7.0,1.0,82.817,0,0.0,2023,Australia,1.0
VER,16.0,HARD,8.0,1.0,82.599,0,0.0,2023,Australia,1.0
VER,17.0,HARD,9.0,1.0,82.595,0,0.0,2023,Australia,1.0
VER,18.0,HARD,10.0,1.0,100.315,0,0.0,2023,Australia,1.0
VER,19.0,HARD,11.0,1.0,103.75,0,0.0,2023,Australia,1.0
VER,20.0,HARD,12.0,1.0,82.389,0,0.0,2023,Australia,1.0
VER,21.0,HARD,13.0,1.0,82.11,0,0.0,2023,Australia,1.0
VER,22.0,HARD,14.0,1.0,82.269,0,0.0,2023,Australia,1.0
VER,23.0,HARD,15.0,1.0,82.193,0,0.0,2023,Australia,1.0
VER,24.0,HARD,16.0,1.0,81.843,0,0.0,2023,Australia,1.0
VER,25.0,HARD,17.0,1.0,82.104,0,0.0,2023,Australia,1.0
VER,26.0,HARD,18.0,1.0,81.972,0,0.0,2023,Australia,1.0
VER,27.0,HARD,19.0,1.0,81.924,0,0.0,2023,Australia,1.0
VER,28.0,HARD,20.0,1.0,81.926,0,0.0,2023,Australia,1.0
VER,29.0,HARD,21.0,1.0,81.772,0,0.0,2023,Australia,1.0
VER,30.0,HARD,22.0,1.0,82.002,0,0.0,2023,Australia,1.0
VER,31.0,HARD,23.0,1.0,82.024,0,0.0,2023,Australia,1.0
VER,32.0,HARD,24.0,1.0,82.012,0,0.0,2023,Australia,1.0
VER,33.0,HARD,25.0,1.0,81.819,0,0.0,2023,Australia,1.0
VER,34.0,HARD,26.0,1.0,81.894,0,0.0,2023,Australia,1.0
VER,35.0,HARD,27.0,1.0,81.681,0,0.0,2023,Australia,1.0
VER,36.0,HARD,28.0,1.0,81.732,0,0.0,2023,Australia,1.0
VER,37.0,HARD,29.0,1.0,81.403,0,0.0,2023,Australia,1.0
VER,38.0,HARD,30.0,1.0,81.319,0,0.0,2023,Australia,1.0
VER,39.0,HARD,31.0,1.0,81.578,0,0.0,2023,Australia,1.0
VER,40.0,HARD,32.0,1.0,81.078,0,0.0,2023,Australia,1.0
VER,41.0,HARD,33.0,1.0,80.986,0,0.0,2023,Australia,1.0
VER,42.0,HARD,34.0,1.0,81.148,0,0.0,2023,Australia,1.0
VER,43.0,HARD,35.0,1.0,81.166,0,0.0,2023,Australia,1.0
VER,44.0,HARD,36.0,1.0,81.089,0,0.0,2023,Australia,1.0
VER,45.0,HARD,37.0,1.0,80.807,0,0.0,2023,Australia,1.0
VER,46.0,HARD,38.0,1.0,80.703,0,0.0,2023,Australia,1.0
VER,47.0,HARD,39.0,1.0,84.107,0,0.0,2023,Australia,1.0
VER,48.0,HARD,40.0,1.0,81.073,0,0.0,2023,Australia,1.0
VER,49.0,HARD,41.0,1.0,80.342,0,0.0,2023,Australia,1.0
VER,50.0,HARD,42.0,1.0,80.471,0,0.0,2023,Australia,1.0
VER,51.0,HARD,43.0,1.0,80.632,0,0.0,2023,Australia,1.0
VER,52.0,HARD,44.0,1.0,80.738,0,0.0,2023,Australia,1.0
VER,53.0,HARD,45.0,1.0,80.671,0,0.0,2023,Australia,1.0
VER,54.0,HARD,46.0,1.0,91.178,0,0.0,2023,Australia,1.0
GAS,1.0,SOFT,1.0,8.0,110.293,0,0.0,2023,Australia,5.0
GAS,2.0,SOFT,2.0,8.0,131.323,0,0.0,2023,Australia,5.0
GAS,3.0,SOFT,3.0,8.0,125.832,0,0.0,2023,Australia,5.0
GAS,4.0,SOFT,4.0,8.0,84.671,0,0.0,2023,Australia,5.0
GAS,5.0,SOFT,5.0,8.0,84.29,0,0.0,2023,Australia,5.0
GAS,6.0,SOFT,6.0,8.0,83.529,0,0.0,2023,Australia,5.0
GAS,7.0,SOFT,7.0,5.0,96.571,0,0.0,2023,Australia,5.0
GAS,10.0,HARD,2.0,4.0,89.037,0,0.0,2023,Australia,5.0
GAS,11.0,HARD,3.0,4.0,84.459,0,0.0,2023,Australia,5.0
GAS,12.0,HARD,4.0,4.0,83.647,0,0.0,2023,Australia,5.0
GAS,13.0,HARD,5.0,5.0,84.568,0,0.0,2023,Australia,5.0
GAS,14.0,HARD,6.0,5.0,83.268,0,0.0,2023,Australia,5.0
GAS,15.0,HARD,7.0,5.0,83.078,0,0.0,2023,Australia,5.0
GAS,16.0,HARD,8.0,5.0,82.777,0,0.0,2023,Australia,5.0
GAS,17.0,HARD,9.0,4.0,83.243,0,0.0,2023,Australia,5.0
GAS,18.0,HARD,10.0,4.0,103.086,0,0.0,2023,Australia,5.0
GAS,19.0,HARD,11.0,4.0,100.408,0,0.0,2023,Australia,5.0
GAS,20.0,HARD,12.0,4.0,82.599,0,0.0,2023,Australia,5.0
GAS,21.0,HARD,13.0,4.0,82.45,0,0.0,2023,Australia,5.0
GAS,22.0,HARD,14.0,4.0,82.85,0,0.0,2023,Australia,5.0
GAS,23.0,HARD,15.0,4.0,82.531,0,0.0,2023,Australia,5.0
GAS,24.0,HARD,16.0,4.0,82.498,0,0.0,2023,Australia,5.0
GAS,25.0,HARD,17.0,5.0,84.245,0,0.0,2023,Australia,5.0
GAS,26.0,HARD,18.0,5.0,82.313,0,0.0,2023,Australia,5.0
GAS,27.0,HARD,19.0,5.0,82.115,0,0.0,2023,Australia,5.0
GAS,28.0,HARD,20.0,5.0,82.026,0,0.0,2023,Australia,5.0
GAS,29.0,HARD,21.0,5.0,82.237,0,0.0,2023,Australia,5.0
GAS,30.0,HARD,22.0,5.0,82.188,0,0.0,2023,Australia,5.0
GAS,31.0,HARD,23.0,5.0,81.964,0,0.0,2023,Australia,5.0
GAS,32.0,HARD,24.0,5.0,81.947,0,0.0,2023,Australia,5.0
GAS,33.0,HARD,25.0,5.0,81.806,0,0.0,2023,Australia,5.0
GAS,34.0,HARD,26.0,5.0,81.776,0,0.0,2023,Australia,5.0
GAS,35.0,HARD,27.0,5.0,81.842,0,0.0,2023,Australia,5.0
GAS,36.0,HARD,28.0,5.0,81.684,0,0.0,2023,Australia,5.0
GAS,37.0,HARD,29.0,5.0,81.748,0,0.0,2023,Australia,5.0
GAS,38.0,HARD,30.0,5.0,81.425,0,0.0,2023,Australia,5.0
GAS,39.0,HARD,31.0,5.0,81.823,0,0.0,2023,Australia,5.0
GAS,40.0,HARD,32.0,5.0,81.801,0,0.0,2023,Australia,5.0
GAS,41.0,HARD,33.0,5.0,81.586,0,0.0,2023,Australia,5.0
GAS,42.0,HARD,34.0,5.0,81.422,0,0.0,2023,Australia,5.0
GAS,43.0,HARD,35.0,5.0,81.103,0,0.0,2023,Australia,5.0
GAS,44.0,HARD,36.0,5.0,81.177,0,0.0,2023,Australia,5.0
GAS,45.0,HARD,37.0,5.0,81.455,0,0.0,2023,Australia,5.0
GAS,46.0,HARD,38.0,5.0,81.24,0,0.0,2023,Australia,5.0
GAS,47.0,HARD,39.0,5.0,80.995,0,0.0,2023,Australia,5.0
GAS,48.0,HARD,40.0,5.0,81.242,0,0.0,2023,Australia,5.0
GAS,49.0,HARD,41.0,5.0,81.152,0,0.0,2023,Australia,5.0
GAS,50.0,HARD,42.0,5.0,81.604,0,0.0,2023,Australia,5.0
GAS,51.0,HARD,43.0,5.0,81.616,0,0.0,2023,Australia,5.0
GAS,52.0,HARD,44.0,5.0,81.62,0,0.0,2023,Australia,5.0
GAS,53.0,HARD,45.0,5.0,81.098,0,0.0,2023,Australia,5.0
GAS,54.0,HARD,46.0,5.0,98.993,0,0.0,2023,Australia,5.0
PER,1.0,HARD,1.0,18.0,132.096,1,-107.983,2023,Australia,7.0
PER,2.0,MEDIUM,1.0,18.0,131.789,1,-113.827,2023,Australia,7.0
PER,3.0,HARD,1.0,18.0,110.649,0,0.0,2023,Australia,7.0
PER,4.0,HARD,2.0,17.0,85.108,0,0.0,2023,Australia,7.0
PER,5.0,HARD,3.0,17.0,84.501,0,0.0,2023,Australia,7.0
PER,6.0,HARD,4.0,16.0,83.584,0,0.0,2023,Australia,7.0
PER,7.0,HARD,5.0,14.0,101.11,0,0.0,2023,Australia,7.0
PER,10.0,HARD,3.0,16.0,93.436,0,0.0,2023,Australia,7.0
PER,11.0,HARD,4.0,16.0,86.003,0,0.0,2023,Australia,7.0
PER,12.0,HARD,5.0,16.0,83.982,0,0.0,2023,Australia,7.0
PER,13.0,HARD,6.0,15.0,83.052,0,0.0,2023,Australia,7.0
PER,14.0,HARD,7.0,15.0,83.33,0,0.0,2023,Australia,7.0
PER,15.0,HARD,8.0,14.0,84.167,0,0.0,2023,Australia,7.0
PER,16.0,HARD,9.0,13.0,84.299,0,0.0,2023,Australia,7.0
PER,17.0,HARD,10.0,12.0,82.345,0,0.0,2023,Australia,7.0
PER,18.0,HARD,11.0,12.0,108.483,0,0.0,2023,Australia,7.0
PER,19.0,HARD,12.0,12.0,96.565,0,0.0,2023,Australia,7.0
PER,20.0,HARD,13.0,12.0,82.757,0,0.0,2023,Australia,7.0
PER,21.0,HARD,14.0,11.0,83.537,0,0.0,2023,Australia,7.0
PER,22.0,HARD,15.0,10.0,82.737,0,0.0,2023,Australia,7.0
PER,23.0,HARD,16.0,9.0,82.186,0,0.0,2023,Australia,7.0
PER,24.0,HARD,17.0,9.0,82.678,0,0.0,2023,Australia,7.0
PER,25.0,HARD,18.0,9.0,82.064,0,0.0,2023,Australia,7.0
PER,26.0,HARD,19.0,9.0,82.224,0,0.0,2023,Australia,7.0
PER,27.0,HARD,20.0,9.0,82.07,0,0.0,2023,Australia,7.0
PER,28.0,HARD,21.0,9.0,82.244,0,0.0,2023,Australia,7.0
PER,29.0,HARD,22.0,9.0,81.908,0,0.0,2023,Australia,7.0
PER,30.0,HARD,23.0,9.0,81.918,0,0.0,2023,Australia,7.0
PER,31.0,HARD,24.0,9.0,81.812,0,0.0,2023,Australia,7.0
PER,32.0,HARD,25.0,9.0,81.456,0,0.0,2023,Australia,7.0
PER,33.0,HARD,26.0,9.0,81.807,0,0.0,2023,Australia,7.0
PER,34.0,HARD,27.0,9.0,81.907,0,0.0,2023,Australia,7.0
PER,35.0,HARD,28.0,9.0,82.236,0,0.0,2023,Australia,7.0
PER,36.0,HARD,29.0,9.0,82.059,0,0.0,2023,Australia,7.0
PER,37.0,HARD,30.0,9.0,81.814,0,0.0,2023,Australia,7.0
PER,38.0,HARD,31.0,9.0,81.701,0,0.0,2023,Australia,7.0
PER,39.0,HARD,32.0,9.0,81.718,0,0.0,2023,Australia,7.0
PER,40.0,HARD,33.0,9.0,81.602,0,0.0,2023,Australia,7.0
PER,41.0,HARD,34.0,9.0,81.744,0,0.0,2023,Australia,7.0
PER,42.0,HARD,35.0,9.0,80.979,0,0.0,2023,Australia,7.0
PER,43.0,HARD,36.0,8.0,80.697,0,0.0,2023,Australia,7.0
PER,44.0,HARD,37.0,7.0,81.232,0,0.0,2023,Australia,7.0
PER,45.0,HARD,38.0,7.0,81.147,0,0.0,2023,Australia,7.0
PER,46.0,HARD,39.0,7.0,81.004,0,0.0,2023,Australia,7.0
PER,47.0,HARD,40.0,7.0,80.643,0,0.0,2023,Australia,7.0
PER,48.0,HARD,41.0,7.0,80.732,0,0.0,2023,Australia,7.0
PER,49.0,HARD,42.0,7.0,80.747,0,0.0,2023,Australia,7.0
PER,50.0,HARD,43.0,7.0,81.019,0,0.0,2023,Australia,7.0
PER,51.0,HARD,44.0,7.0,81.31,0,0.0,2023,Australia,7.0
PER,52.0,HARD,45.0,7.0,80.855,0,0.0,2023,Australia,7.0
PER,53.0,HARD,46.0,7.0,80.235,0,0.0,2023,Australia,7.0
PER,54.0,HARD,47.0,7.0,100.5,0,0.0,2023,Australia,7.0
ALO,1.0,MEDIUM,2.0,5.0,105.543,0,0.0,2023,Australia,3.0
ALO,2.0,MEDIUM,3.0,5.0,130.728,0,0.0,2023,Australia,3.0
ALO,3.0,MEDIUM,4.0,5.0,129.502,0,0.0,2023,Australia,3.0
ALO,4.0,MEDIUM,5.0,5.0,84.293,0,0.0,2023,Australia,3.0
ALO,5.0,MEDIUM,6.0,5.0,83.29,0,0.0,2023,Australia,3.0
ALO,6.0,MEDIUM,7.0,5.0,82.603,0,0.0,2023,Australia,3.0
ALO,7.0,MEDIUM,8.0,3.0,95.355,0,0.0,2023,Australia,3.0
ALO,10.0,HARD,2.0,3.0,88.668,0,0.0,2023,Australia,3.0
ALO,11.0,HARD,3.0,3.0,84.644,0,0.0,2023,Australia,3.0
ALO,12.0,HARD,4.0,3.0,83.321,0,0.0,2023,Australia,3.0
ALO,13.0,HARD,5.0,3.0,83.634,0,0.0,2023,Australia,3.0
ALO,14.0,HARD,6.0,3.0,83.424,0,0.0,2023,Australia,3.0
ALO,15.0,HARD,7.0,3.0,83.008,0,0.0,2023,Australia,3.0
ALO,16.0,HARD,8.0,3.0,82.26,0,0.0,2023,Australia,3.0
ALO,17.0,HARD,9.0,3.0,82.261,0,0.0,2023,Australia,3.0
ALO,18.0,HARD,10.0,3.0,101.221,0,0.0,2023,Australia,3.0
ALO,19.0,HARD,11.0,3.0,102.386,0,0.0,2023,Australia,3.0
ALO,20.0,HARD,12.0,3.0,82.913,0,0.0,2023,Australia,3.0
ALO,21.0,HARD,13.0,3.0,82.921,0,0.0,2023,Australia,3.0
ALO,22.0,HARD,14.0,3.0,83.054,0,0.0,2023,Australia,3.0
ALO,23.0,HARD,15.0,3.0,83.087,0,0.0,2023,Australia,3.0
ALO,24.0,HARD,16.0,3.0,82.885,0,0.0,2023,Australia,3.0
ALO,25.0,HARD,17.0,3.0,82.934,0,0.0,2023,Australia,3.0
ALO,26.0,HARD,18.0,3.0,82.325,0,0.0,2023,Australia,3.0
ALO,27.0,HARD,19.0,3.0,82.354,0,0.0,2023,Australia,3.0
ALO,28.0,HARD,20.0,3.0,81.901,0,0.0,2023,Australia,3.0
ALO,29.0,HARD,21.0,3.0,82.029,0,0.0,2023,Australia,3.0
ALO,30.0,HARD,22.0,3.0,81.932,0,0.0,2023,Australia,3.0
ALO,31.0,HARD,23.0,3.0,82.456,0,0.0,2023,Australia,3.0
ALO,32.0,HARD,24.0,3.0,82.098,0,0.0,2023,Australia,3.0
ALO,33.0,HARD,25.0,3.0,81.991,0,0.0,2023,Australia,3.0
ALO,34.0,HARD,26.0,3.0,82.021,0,0.0,2023,Australia,3.0
ALO,35.0,HARD,27.0,3.0,81.728,0,0.0,2023,Australia,3.0
ALO,36.0,HARD,28.0,3.0,81.687,0,0.0,2023,Australia,3.0
ALO,37.0,HARD,29.0,3.0,81.573,0,0.0,2023,Australia,3.0
ALO,38.0,HARD,30.0,3.0,81.716,0,0.0,2023,Australia,3.0
ALO,39.0,HARD,31.0,3.0,81.654,0,0.0,2023,Australia,3.0
ALO,40.0,HARD,32.0,3.0,81.694,0,0.0,2023,Australia,3.0
ALO,41.0,HARD,33.0,3.0,81.37,0,0.0,2023,Australia,3.0
ALO,42.0,HARD,34.0,3.0,81.284,0,0.0,2023,Australia,3.0
ALO,43.0,HARD,35.0,3.0,81.206,0,0.0,2023,Australia,3.0
ALO,44.0,HARD,36.0,3.0,80.959,0,0.0,2023,Australia,3.0
ALO,45.0,HARD,37.0,3.0,81.063,0,0.0,2023,Australia,3.0
ALO,46.0,HARD,38.0,3.0,80.69,0,0.0,2023,Australia,3.0
ALO,47.0,HARD,39.0,3.0,81.031,0,0.0,2023,Australia,3.0
ALO,48.0,HARD,40.0,3.0,81.118,0,0.0,2023,Australia,3.0
ALO,49.0,HARD,41.0,3.0,80.734,0,0.0,2023,Australia,3.0
ALO,50.0,HARD,42.0,3.0,80.723,0,0.0,2023,Australia,3.0
ALO,51.0,HARD,43.0,3.0,80.904,0,0.0,2023,Australia,3.0
ALO,52.0,HARD,44.0,3.0,80.516,0,0.0,2023,Australia,3.0
ALO,53.0,HARD,45.0,3.0,80.476,0,0.0,2023,Australia,3.0
ALO,54.0,HARD,46.0,3.0,95.066,0,0.0,2023,Australia,3.0
STR,1.0,MEDIUM,2.0,7.0,108.052,0,0.0,2023,Australia,6.0
STR,2.0,MEDIUM,3.0,7.0,131.142,0,0.0,2023,Australia,6.0
STR,3.0,MEDIUM,4.0,7.0,127.757,0,0.0,2023,Australia,6.0
STR,4.0,MEDIUM,5.0,7.0,84.385,0,0.0,2023,Australia,6.0
STR,5.0,MEDIUM,6.0,7.0,83.937,0,0.0,2023,Australia,6.0
STR,6.0,MEDIUM,7.0,7.0,83.076,0,0.0,2023,Australia,6.0
STR,7.0,MEDIUM,8.0,4.0,98.03,0,0.0,2023,Australia,6.0
STR,10.0,HARD,2.0,6.0,90.499,0,0.0,2023,Australia,6.0
STR,11.0,HARD,3.0,6.0,84.738,0,0.0,2023,Australia,6.0
STR,12.0,HARD,4.0,6.0,83.277,0,0.0,2023,Australia,6.0
STR,13.0,HARD,5.0,6.0,83.802,0,0.0,2023,Australia,6.0
STR,14.0,HARD,6.0,6.0,83.271,0,0.0,2023,Australia,6.0
STR,15.0,HARD,7.0,7.0,83.647,0,0.0,2023,Australia,6.0
STR,16.0,HARD,8.0,7.0,83.077,0,0.0,2023,Australia,6.0
STR,17.0,HARD,9.0,6.0,83.317,0,0.0,2023,Australia,6.0
STR,18.0,HARD,10.0,6.0,105.34,0,0.0,2023,Australia,6.0
STR,19.0,HARD,11.0,6.0,98.708,0,0.0,2023,Australia,6.0
STR,20.0,HARD,12.0,6.0,82.155,0,0.0,2023,Australia,6.0
STR,21.0,HARD,13.0,6.0,82.187,0,0.0,2023,Australia,6.0
STR,22.0,HARD,14.0,6.0,82.731,0,0.0,2023,Australia,6.0
STR,23.0,HARD,15.0,6.0,82.699,0,0.0,2023,Australia,6.0
STR,24.0,HARD,16.0,6.0,82.543,0,0.0,2023,Australia,6.0
STR,25.0,HARD,17.0,6.0,83.371,0,0.0,2023,Australia,6.0
STR,26.0,HARD,18.0,6.0,82.502,0,0.0,2023,Australia,6.0
STR,27.0,HARD,19.0,6.0,82.104,0,0.0,2023,Australia,6.0
STR,28.0,HARD,20.0,6.0,82.187,0,0.0,2023,Australia,6.0
STR,29.0,HARD,21.0,6.0,82.005,0,0.0,2023,Australia,6.0
STR,30.0,HARD,22.0,6.0,82.187,0,0.0,2023,Australia,6.0
STR,31.0,HARD,23.0,6.0,82.069,0,0.0,2023,Australia,6.0
STR,32.0,HARD,24.0,6.0,82.174,0,0.0,2023,Australia,6.0
STR,33.0,HARD,25.0,6.0,81.976,0,0.0,2023,Australia,6.0
STR,34.0,HARD,26.0,6.0,82.231,0,0.0,2023,Australia,6.0
STR,35.0,HARD,27.0,6.0,82.065,0,0.0,2023,Australia,6.0
STR,36.0,HARD,28.0,6.0,82.048,0,0.0,2023,Australia,6.0
STR,37.0,HARD,29.0,6.0,82.298,0,0.0,2023,Australia,6.0
STR,38.0,HARD,30.0,6.0,81.451,0,0.0,2023,Australia,6.0
STR,39.0,HARD,31.0,6.0,81.691,0,0.0,2023,Australia,6.0
STR,40.0,HARD,32.0,6.0,81.506,0,0.0,2023,Australia,6.0
STR,41.0,HARD,33.0,6.0,81.725,0,0.0,2023,Australia,6.0
STR,42.0,HARD,34.0,6.0,81.583,0,0.0,2023,Australia,6.0
STR,43.0,HARD,35.0,6.0,81.189,0,0.0,2023,Australia,6.0
STR,44.0,HARD,36.0,6.0,82.039,0,0.0,2023,Australia,6.0
STR,45.0,HARD,37.0,6.0,81.317,0,0.0,2023,Australia,6.0
STR,46.0,HARD,38.0,6.0,81.273,0,0.0,2023,Australia,6.0
STR,47.0,HARD,39.0,6.0,81.435,0,0.0,2023,Australia,6.0
STR,48.0,HARD,40.0,6.0,81.025,0,0.0,2023,Australia,6.0
STR,49.0,HARD,41.0,6.0,81.133,0,0.0,2023,Australia,6.0
STR,50.0,HARD,42.0,6.0,80.934,0,0.0,2023,Australia,6.0
STR,51.0,HARD,43.0,6.0,81.155,0,0.0,2023,Australia,6.0
STR,52.0,HARD,44.0,6.0,81.131,0,0.0,2023,Australia,6.0
STR,53.0,HARD,45.0,6.0,80.957,0,0.0,2023,Australia,6.0
STR,54.0,HARD,46.0,6.0,99.175,0,0.0,2023,Australia,6.0
SAR,1.0,HARD,1.0,17.0,131.454,1,0.0,2023,Australia,15.0
SAR,2.0,MEDIUM,1.0,19.0,133.1,1,-113.952,2023,Australia,15.0
SAR,3.0,HARD,2.0,19.0,110.807,0,0.0,2023,Australia,15.0
SAR,4.0,HARD,3.0,19.0,85.804,0,0.0,2023,Australia,15.0
SAR,5.0,HARD,4.0,19.0,85.136,0,0.0,2023,Australia,15.0
SAR,6.0,HARD,5.0,19.0,84.319,0,0.0,2023,Australia,15.0
SAR,7.0,HARD,6.0,17.0,102.694,0,0.0,2023,Australia,15.0
SAR,10.0,MEDIUM,2.0,15.0,92.633,0,0.0,2023,Australia,15.0
SAR,11.0,MEDIUM,3.0,15.0,85.76,0,0.0,2023,Australia,15.0
SAR,12.0,MEDIUM,4.0,15.0,84.08,0,0.0,2023,Australia,15.0
SAR,13.0,MEDIUM,5.0,16.0,84.245,0,0.0,2023,Australia,15.0
SAR,14.0,MEDIUM,6.0,16.0,83.499,0,0.0,2023,Australia,15.0
SAR,15.0,MEDIUM,7.0,16.0,84.186,0,0.0,2023,Australia,15.0
SAR,16.0,MEDIUM,8.0,16.0,84.676,0,0.0,2023,Australia,15.0
SAR,17.0,MEDIUM,9.0,16.0,84.105,0,0.0,2023,Australia,15.0
SAR,18.0,MEDIUM,10.0,15.0,109.052,0,0.0,2023,Australia,15.0
SAR,19.0,MEDIUM,11.0,15.0,96.916,0,0.0,2023,Australia,15.0
SAR,20.0,MEDIUM,12.0,15.0,83.766,0,0.0,2023,Australia,15.0
SAR,21.0,MEDIUM,13.0,15.0,83.878,0,0.0,2023,Australia,15.0
SAR,22.0,MEDIUM,14.0,15.0,84.059,0,0.0,2023,Australia,15.0
SAR,23.0,MEDIUM,15.0,15.0,83.982,0,0.0,2023,Australia,15.0
SAR,24.0,MEDIUM,16.0,15.0,84.049,0,0.0,2023,Australia,15.0
SAR,25.0,MEDIUM,17.0,15.0,83.993,0,0.0,2023,Australia,15.0
SAR,26.0,MEDIUM,18.0,15.0,84.205,0,0.0,2023,Australia,15.0
SAR,27.0,MEDIUM,19.0,15.0,83.758,0,0.0,2023,Australia,15.0
SAR,28.0,MEDIUM,20.0,15.0,83.735,0,0.0,2023,Australia,15.0
SAR,29.0,MEDIUM,21.0,15.0,84.122,0,0.0,2023,Australia,15.0
SAR,30.0,MEDIUM,22.0,15.0,84.282,0,0.0,2023,Australia,15.0
SAR,31.0,MEDIUM,23.0,15.0,84.16,0,0.0,2023,Australia,15.0
SAR,32.0,MEDIUM,24.0,15.0,83.996,0,0.0,2023,Australia,15.0
SAR,33.0,MEDIUM,25.0,15.0,84.377,0,0.0,2023,Australia,15.0
SAR,34.0,MEDIUM,26.0,15.0,83.848,0,0.0,2023,Australia,15.0
SAR,35.0,MEDIUM,27.0,16.0,84.874,0,0.0,2023,Australia,15.0
SAR,36.0,MEDIUM,28.0,17.0,99.313,1,0.0,2023,Australia,15.0
SAR,37.0,HARD,8.0,17.0,89.657,0,0.0,2023,Australia,15.0
SAR,38.0,HARD,9.0,17.0,84.396,0,0.0,2023,Australia,15.0
SAR,39.0,HARD,10.0,17.0,82.887,0,0.0,2023,Australia,15.0
SAR,40.0,HARD,11.0,17.0,82.674,0,0.0,2023,Australia,15.0
SAR,41.0,HARD,12.0,17.0,81.974,0,0.0,2023,Australia,15.0
SAR,42.0,HARD,13.0,17.0,81.945,0,0.0,2023,Australia,15.0
SAR,43.0,HARD,14.0,17.0,81.881,0,0.0,2023,Australia,15.0
SAR,44.0,HARD,15.0,17.0,81.57,0,0.0,2023,Australia,15.0
SAR,45.0,HARD,16.0,16.0,81.912,0,0.0,2023,Australia,15.0
SAR,46.0,HARD,17.0,16.0,81.563,0,0.0,2023,Australia,15.0
SAR,47.0,HARD,18.0,16.0,85.687,0,0.0,2023,Australia,15.0
SAR,48.0,HARD,19.0,16.0,85.121,0,0.0,2023,Australia,15.0
SAR,49.0,HARD,20.0,16.0,83.324,0,0.0,2023,Australia,15.0
SAR,50.0,HARD,21.0,16.0,81.456,0,0.0,2023,Australia,15.0
SAR,51.0,HARD,22.0,16.0,83.403,0,0.0,2023,Australia,15.0
SAR,52.0,HARD,23.0,16.0,81.514,0,0.0,2023,Australia,15.0
SAR,53.0,HARD,24.0,15.0,101.181,0,0.0,2023,Australia,15.0
MAG,1.0,MEDIUM,1.0,12.0,118.026,0,0.0,2023,Australia,12.0
MAG,2.0,MEDIUM,2.0,12.0,127.597,0,0.0,2023,Australia,12.0
MAG,3.0,MEDIUM,3.0,12.0,124.025,0,0.0,2023,Australia,12.0
MAG,4.0,MEDIUM,4.0,12.0,85.406,0,0.0,2023,Australia,12.0
MAG,5.0,MEDIUM,5.0,12.0,85.054,0,0.0,2023,Australia,12.0
MAG,6.0,MEDIUM,6.0,12.0,83.956,0,0.0,2023,Australia,12.0
MAG,7.0,MEDIUM,7.0,18.0,117.79,1,0.0,2023,Australia,12.0
MAG,10.0,HARD,3.0,14.0,92.162,0,0.0,2023,Australia,12.0
MAG,11.0,HARD,4.0,14.0,85.389,0,0.0,2023,Australia,12.0
MAG,12.0,HARD,5.0,14.0,83.863,0,0.0,2023,Australia,12.0
MAG,13.0,HARD,6.0,14.0,83.538,0,0.0,2023,Australia,12.0
MAG,14.0,HARD,7.0,14.0,83.519,0,0.0,2023,Australia,12.0
MAG,15.0,HARD,8.0,15.0,85.158,0,0.0,2023,Australia,12.0
MAG,16.0,HARD,9.0,15.0,84.687,0,0.0,2023,Australia,12.0
MAG,17.0,HARD,10.0,15.0,83.574,0,0.0,2023,Australia,12.0
MAG,18.0,HARD,11.0,14.0,109.154,0,0.0,2023,Australia,12.0
MAG,19.0,HARD,12.0,14.0,96.945,0,0.0,2023,Australia,12.0
MAG,20.0,HARD,13.0,14.0,83.584,0,0.0,2023,Australia,12.0
MAG,21.0,HARD,14.0,14.0,83.425,0,0.0,2023,Australia,12.0
MAG,22.0,HARD,15.0,14.0,83.387,0,0.0,2023,Australia,12.0
MAG,23.0,HARD,16.0,14.0,83.313,0,0.0,2023,Australia,12.0
MAG,24.0,HARD,17.0,14.0,83.043,0,0.0,2023,Australia,12.0
MAG,25.0,HARD,18.0,14.0,83.216,0,0.0,2023,Australia,12.0
MAG,26.0,HARD,19.0,14.0,83.235,0,0.0,2023,Australia,12.0
MAG,27.0,HARD,20.0,14.0,82.554,0,0.0,2023,Australia,12.0
MAG,28.0,HARD,21.0,14.0,83.442,0,0.0,2023,Australia,12.0
MAG,29.0,HARD,22.0,14.0,82.587,0,0.0,2023,Australia,12.0
MAG,30.0,HARD,23.0,14.0,83.476,0,0.0,2023,Australia,12.0
MAG,31.0,HARD,24.0,14.0,84.146,0,0.0,2023,Australia,12.0
MAG,32.0,HARD,25.0,14.0,83.534,0,0.0,2023,Australia,12.0
MAG,33.0,HARD,26.0,14.0,82.592,0,0.0,2023,Australia,12.0
MAG,34.0,HARD,27.0,14.0,83.295,0,0.0,2023,Australia,12.0
MAG,35.0,HARD,28.0,13.0,84.159,0,0.0,2023,Australia,12.0
MAG,36.0,HARD,29.0,12.0,82.807,0,0.0,2023,Australia,12.0
MAG,37.0,HARD,30.0,12.0,83.212,0,0.0,2023,Australia,12.0
MAG,38.0,HARD,31.0,12.0,82.647,0,0.0,2023,Australia,12.0
MAG,39.0,HARD,32.0,12.0,82.484,0,0.0,2023,Australia,12.0
MAG,40.0,HARD,33.0,12.0,82.141,0,0.0,2023,Australia,12.0
MAG,41.0,HARD,34.0,12.0,82.774,0,0.0,2023,Australia,12.0
MAG,42.0,HARD,35.0,12.0,82.53,0,0.0,2023,Australia,12.0
MAG,43.0,HARD,36.0,12.0,82.209,0,0.0,2023,Australia,12.0
MAG,44.0,HARD,37.0,12.0,82.164,0,0.0,2023,Australia,12.0
MAG,45.0,HARD,38.0,12.0,81.963,0,0.0,2023,Australia,12.0
MAG,46.0,HARD,39.0,12.0,81.792,0,0.0,2023,Australia,12.0
MAG,47.0,HARD,40.0,12.0,81.919,0,0.0,2023,Australia,12.0
MAG,48.0,HARD,41.0,12.0,81.972,0,0.0,2023,Australia,12.0
MAG,49.0,HARD,42.0,12.0,81.963,0,0.0,2023,Australia,12.0
MAG,50.0,HARD,43.0,12.0,81.978,0,0.0,2023,Australia,12.0
MAG,51.0,HARD,44.0,12.0,82.575,0,0.0,2023,Australia,12.0
MAG,52.0,HARD,45.0,12.0,81.685,0,0.0,2023,Australia,12.0
DEV,1.0,HARD,1.0,14.0,119.887,0,0.0,2023,Australia,16.0
DEV,2.0,HARD,2.0,14.0,127.5,0,0.0,2023,Australia,16.0
DEV,3.0,HARD,3.0,14.0,123.952,0,0.0,2023,Australia,16.0
DEV,4.0,HARD,4.0,14.0,85.259,0,0.0,2023,Australia,16.0
DEV,5.0,HARD,5.0,14.0,85.025,0,0.0,2023,Australia,16.0
DEV,6.0,HARD,6.0,14.0,84.18,0,0.0,2023,Australia,16.0
DEV,7.0,HARD,7.0,12.0,101.827,0,0.0,2023,Australia,16.0
DEV,10.0,MEDIUM,2.0,17.0,94.287,0,0.0,2023,Australia,16.0
DEV,11.0,MEDIUM,3.0,17.0,85.891,0,0.0,2023,Australia,16.0
DEV,12.0,MEDIUM,4.0,17.0,84.118,0,0.0,2023,Australia,16.0
DEV,13.0,MEDIUM,5.0,17.0,83.579,0,0.0,2023,Australia,16.0
DEV,14.0,MEDIUM,6.0,17.0,83.662,0,0.0,2023,Australia,16.0
DEV,15.0,MEDIUM,7.0,17.0,83.984,0,0.0,2023,Australia,16.0
DEV,16.0,MEDIUM,8.0,17.0,84.689,0,0.0,2023,Australia,16.0
DEV,17.0,MEDIUM,9.0,17.0,84.01,0,0.0,2023,Australia,16.0
DEV,18.0,MEDIUM,10.0,17.0,111.842,0,0.0,2023,Australia,16.0
DEV,19.0,MEDIUM,11.0,17.0,95.942,0,0.0,2023,Australia,16.0
DEV,20.0,MEDIUM,12.0,16.0,84.161,0,0.0,2023,Australia,16.0
DEV,21.0,MEDIUM,13.0,16.0,83.792,0,0.0,2023,Australia,16.0
DEV,22.0,MEDIUM,14.0,16.0,84.349,0,0.0,2023,Australia,16.0
DEV,23.0,MEDIUM,15.0,16.0,84.019,0,0.0,2023,Australia,16.0
DEV,24.0,MEDIUM,16.0,16.0,84.229,0,0.0,2023,Australia,16.0
DEV,25.0,MEDIUM,17.0,16.0,84.453,0,0.0,2023,Australia,16.0
DEV,26.0,MEDIUM,18.0,16.0,84.353,0,0.0,2023,Australia,16.0
DEV,27.0,MEDIUM,19.0,17.0,86.014,0,0.0,2023,Australia,16.0
DEV,28.0,MEDIUM,20.0,17.0,84.406,0,0.0,2023,Australia,16.0
DEV,29.0,MEDIUM,21.0,17.0,84.527,0,0.0,2023,Australia,16.0
DEV,30.0,MEDIUM,22.0,17.0,84.284,0,0.0,2023,Australia,16.0
DEV,31.0,MEDIUM,23.0,17.0,84.333,0,0.0,2023,Australia,16.0
DEV,32.0,MEDIUM,24.0,17.0,84.357,0,0.0,2023,Australia,16.0
DEV,33.0,MEDIUM,25.0,17.0,83.992,0,0.0,2023,Australia,16.0
DEV,34.0,MEDIUM,26.0,17.0,84.134,0,0.0,2023,Australia,16.0
DEV,35.0,MEDIUM,27.0,17.0,84.628,0,0.0,2023,Australia,16.0
DEV,36.0,MEDIUM,28.0,16.0,84.398,0,0.0,2023,Australia,16.0
DEV,37.0,MEDIUM,29.0,16.0,84.155,0,0.0,2023,Australia,16.0
DEV,38.0,MEDIUM,30.0,16.0,84.131,0,0.0,2023,Australia,16.0
DEV,39.0,MEDIUM,31.0,16.0,83.947,0,0.0,2023,Australia,16.0
DEV,40.0,MEDIUM,32.0,16.0,83.933,0,0.0,2023,Australia,16.0
DEV,41.0,MEDIUM,33.0,16.0,83.696,0,0.0,2023,Australia,16.0
DEV,42.0,MEDIUM,34.0,16.0,84.184,0,0.0,2023,Australia,16.0
DEV,43.0,MEDIUM,35.0,16.0,85.035,0,0.0,2023,Australia,16.0
DEV,44.0,MEDIUM,36.0,16.0,83.637,0,0.0,2023,Australia,16.0
DEV,45.0,MEDIUM,37.0,17.0,98.544,1,0.0,2023,Australia,16.0
DEV,46.0,SOFT,1.0,17.0,88.53,0,0.0,2023,Australia,16.0
DEV,47.0,SOFT,2.0,17.0,81.844,0,0.0,2023,Australia,16.0
DEV,48.0,SOFT,3.0,17.0,81.693,0,0.0,2023,Australia,16.0
DEV,49.0,SOFT,4.0,17.0,81.288,0,0.0,2023,Australia,16.0
DEV,50.0,SOFT,5.0,17.0,81.183,0,0.0,2023,Australia,16.0
DEV,51.0,SOFT,6.0,17.0,81.331,0,0.0,2023,Australia,16.0
DEV,52.0,SOFT,7.0,17.0,81.189,0,0.0,2023,Australia,16.0
DEV,53.0,SOFT,8.0,16.0,105.538,0,0.0,2023,Australia,16.0
TSU,1.0,MEDIUM,1.0,10.0,113.776,0,0.0,2023,Australia,13.0
TSU,2.0,MEDIUM,2.0,10.0,130.201,0,0.0,2023,Australia,13.0
TSU,3.0,MEDIUM,3.0,10.0,124.796,0,0.0,2023,Australia,13.0
TSU,4.0,MEDIUM,4.0,10.0,85.299,0,0.0,2023,Australia,13.0
TSU,5.0,MEDIUM,5.0,10.0,84.62,0,0.0,2023,Australia,13.0
TSU,6.0,MEDIUM,6.0,10.0,84.11,0,0.0,2023,Australia,13.0
TSU,7.0,MEDIUM,7.0,9.0,101.839,0,0.0,2023,Australia,13.0
TSU,10.0,HARD,2.0,8.0,90.664,0,0.0,2023,Australia,13.0
TSU,11.0,HARD,3.0,8.0,84.878,0,0.0,2023,Australia,13.0
TSU,12.0,HARD,4.0,9.0,84.596,0,0.0,2023,Australia,13.0
TSU,13.0,HARD,5.0,9.0,83.629,0,0.0,2023,Australia,13.0
TSU,14.0,HARD,6.0,10.0,84.369,0,0.0,2023,Australia,13.0
TSU,15.0,HARD,7.0,10.0,83.945,0,0.0,2023,Australia,13.0
TSU,16.0,HARD,8.0,10.0,84.004,0,0.0,2023,Australia,13.0
TSU,17.0,HARD,9.0,9.0,83.704,0,0.0,2023,Australia,13.0
TSU,18.0,HARD,10.0,9.0,106.475,0,0.0,2023,Australia,13.0
TSU,19.0,HARD,11.0,9.0,98.349,0,0.0,2023,Australia,13.0
TSU,20.0,HARD,12.0,9.0,83.267,0,0.0,2023,Australia,13.0
TSU,21.0,HARD,13.0,9.0,83.906,0,0.0,2023,Australia,13.0
TSU,22.0,HARD,14.0,9.0,83.222,0,0.0,2023,Australia,13.0
TSU,23.0,HARD,15.0,10.0,83.846,0,0.0,2023,Australia,13.0
TSU,24.0,HARD,16.0,10.0,83.76,0,0.0,2023,Australia,13.0
TSU,25.0,HARD,17.0,10.0,83.612,0,0.0,2023,Australia,13.0
TSU,26.0,HARD,18.0,10.0,83.431,0,0.0,2023,Australia,13.0
TSU,27.0,HARD,19.0,11.0,83.693,0,0.0,2023,Australia,13.0
TSU,28.0,HARD,20.0,11.0,83.13,0,0.0,2023,Australia,13.0
TSU,29.0,HARD,21.0,12.0,83.893,0,0.0,2023,Australia,13.0
TSU,30.0,HARD,22.0,12.0,83.558,0,0.0,2023,Australia,13.0
TSU,31.0,HARD,23.0,12.0,83.831,0,0.0,2023,Australia,13.0
TSU,32.0,HARD,24.0,12.0,83.246,0,0.0,2023,Australia,13.0
TSU,33.0,HARD,25.0,12.0,83.068,0,0.0,2023,Australia,13.0
TSU,34.0,HARD,26.0,12.0,83.934,0,0.0,2023,Australia,13.0
TSU,35.0,HARD,27.0,14.0,85.477,0,0.0,2023,Australia,13.0
TSU,36.0,HARD,28.0,14.0,83.31,0,0.0,2023,Australia,13.0
TSU,37.0,HARD,29.0,14.0,83.084,0,0.0,2023,Australia,13.0
TSU,38.0,HARD,30.0,14.0,83.057,0,0.0,2023,Australia,13.0
TSU,39.0,HARD,31.0,14.0,83.193,0,0.0,2023,Australia,13.0
TSU,40.0,HARD,32.0,14.0,82.901,0,0.0,2023,Australia,13.0
TSU,41.0,HARD,33.0,14.0,82.91,0,0.0,2023,Australia,13.0
TSU,42.0,HARD,34.0,14.0,82.881,0,0.0,2023,Australia,13.0
TSU,43.0,HARD,35.0,14.0,82.806,0,0.0,2023,Australia,13.0
TSU,44.0,HARD,36.0,14.0,82.387,0,0.0,2023,Australia,13.0
TSU,45.0,HARD,37.0,14.0,82.111,0,0.0,2023,Australia,13.0
TSU,46.0,HARD,38.0,14.0,82.299,0,0.0,2023,Australia,13.0
TSU,47.0,HARD,39.0,14.0,82.009,0,0.0,2023,Australia,13.0
TSU,48.0,HARD,40.0,14.0,82.04,0,0.0,2023,Australia,13.0
TSU,49.0,HARD,41.0,14.0,82.294,0,0.0,2023,Australia,13.0
TSU,50.0,HARD,42.0,14.0,82.011,0,0.0,2023,Australia,13.0
TSU,51.0,HARD,43.0,14.0,81.827,0,0.0,2023,Australia,13.0
TSU,52.0,HARD,44.0,14.0,81.789,0,0.0,2023,Australia,13.0
TSU,53.0,HARD,45.0,13.0,91.019,0,0.0,2023,Australia,13.0
TSU,54.0,HARD,46.0,13.0,123.458,1,0.0,2023,Australia,13.0
ALB,1.0,MEDIUM,1.0,6.0,106.373,0,0.0,2023,Australia,6.0
ALB,2.0,MEDIUM,2.0,6.0,130.798,0,0.0,2023,Australia,6.0
ALB,3.0,MEDIUM,3.0,6.0,129.355,0,0.0,2023,Australia,6.0
ALB,4.0,MEDIUM,4.0,6.0,84.327,0,0.0,2023,Australia,6.0
ALB,5.0,MEDIUM,5.0,6.0,83.639,0,0.0,2023,Australia,6.0
ALB,6.0,MEDIUM,6.0,6.0,83.349,0,0.0,2023,Australia,6.0
ZHO,1.0,SOFT,1.0,16.0,129.967,1,0.0,2023,Australia,12.0
ZHO,2.0,HARD,1.0,16.0,119.863,0,0.0,2023,Australia,12.0
ZHO,3.0,HARD,2.0,16.0,123.71,0,0.0,2023,Australia,12.0
ZHO,4.0,HARD,3.0,16.0,85.204,0,0.0,2023,Australia,12.0
ZHO,5.0,HARD,4.0,16.0,84.847,0,0.0,2023,Australia,12.0
ZHO,6.0,HARD,5.0,17.0,84.856,0,0.0,2023,Australia,12.0
ZHO,7.0,HARD,6.0,15.0,101.268,0,0.0,2023,Australia,12.0
ZHO,10.0,HARD,9.0,12.0,91.657,0,0.0,2023,Australia,12.0
ZHO,11.0,HARD,10.0,12.0,85.23,0,0.0,2023,Australia,12.0
ZHO,12.0,HARD,11.0,12.0,83.869,0,0.0,2023,Australia,12.0
ZHO,13.0,HARD,12.0,12.0,83.411,0,0.0,2023,Australia,12.0
ZHO,14.0,HARD,13.0,12.0,83.581,0,0.0,2023,Australia,12.0
ZHO,15.0,HARD,14.0,12.0,85.028,0,0.0,2023,Australia,12.0
ZHO,16.0,HARD,15.0,14.0,85.545,0,0.0,2023,Australia,12.0
ZHO,17.0,HARD,16.0,13.0,83.374,0,0.0,2023,Australia,12.0
ZHO,18.0,HARD,17.0,13.0,107.644,0,0.0,2023,Australia,12.0
ZHO,19.0,HARD,18.0,13.0,97.806,0,0.0,2023,Australia,12.0
ZHO,20.0,HARD,19.0,13.0,83.666,0,0.0,2023,Australia,12.0
ZHO,21.0,HARD,20.0,13.0,83.268,0,0.0,2023,Australia,12.0
ZHO,22.0,HARD,21.0,13.0,83.205,0,0.0,2023,Australia,12.0
ZHO,23.0,HARD,22.0,13.0,83.418,0,0.0,2023,Australia,12.0
ZHO,24.0,HARD,23.0,13.0,83.121,0,0.0,2023,Australia,12.0
ZHO,25.0,HARD,24.0,13.0,83.46,0,0.0,2023,Australia,12.0
ZHO,26.0,HARD,25.0,13.0,83.488,0,0.0,2023,Australia,12.0
ZHO,27.0,HARD,26.0,13.0,82.631,0,0.0,2023,Australia,12.0
ZHO,28.0,HARD,27.0,13.0,82.904,0,0.0,2023,Australia,12.0
ZHO,29.0,HARD,28.0,13.0,83.25,0,0.0,2023,Australia,12.0
ZHO,30.0,HARD,29.0,13.0,83.563,0,0.0,2023,Australia,12.0
ZHO,31.0,HARD,30.0,13.0,84.468,0,0.0,2023,Australia,12.0
ZHO,32.0,HARD,31.0,13.0,83.025,0,0.0,2023,Australia,12.0
ZHO,33.0,HARD,32.0,13.0,82.777,0,0.0,2023,Australia,12.0
ZHO,34.0,HARD,33.0,13.0,83.493,0,0.0,2023,Australia,12.0
ZHO,35.0,HARD,34.0,12.0,83.667,0,0.0,2023,Australia,12.0
ZHO,36.0,HARD,35.0,13.0,84.117,0,0.0,2023,Australia,12.0
ZHO,37.0,HARD,36.0,13.0,83.222,0,0.0,2023,Australia,12.0
ZHO,38.0,HARD,37.0,13.0,82.917,0,0.0,2023,Australia,12.0
ZHO,39.0,HARD,38.0,13.0,82.464,0,0.0,2023,Australia,12.0
ZHO,40.0,HARD,39.0,13.0,82.243,0,0.0,2023,Australia,12.0
ZHO,41.0,HARD,40.0,13.0,82.246,0,0.0,2023,Australia,12.0
ZHO,42.0,HARD,41.0,13.0,82.732,0,0.0,2023,Australia,12.0
ZHO,43.0,HARD,42.0,13.0,82.348,0,0.0,2023,Australia,12.0
ZHO,44.0,HARD,43.0,13.0,82.115,0,0.0,2023,Australia,12.0
ZHO,45.0,HARD,44.0,13.0,82.049,0,0.0,2023,Australia,12.0
ZHO,46.0,HARD,45.0,13.0,81.936,0,0.0,2023,Australia,12.0
ZHO,47.0,HARD,46.0,13.0,81.862,0,0.0,2023,Australia,12.0
ZHO,48.0,HARD,47.0,13.0,81.819,0,0.0,2023,Australia,12.0
ZHO,49.0,HARD,48.0,13.0,81.983,0,0.0,2023,Australia,12.0
ZHO,50.0,HARD,49.0,13.0,81.836,0,0.0,2023,Australia,12.0
ZHO,51.0,HARD,50.0,13.0,82.781,0,0.0,2023,Australia,12.0
ZHO,52.0,HARD,51.0,13.0,82.05,0,0.0,2023,Australia,12.0
ZHO,53.0,HARD,52.0,12.0,86.766,0,0.0,2023,Australia,12.0
ZHO,54.0,HARD,53.0,12.0,130.457,1,0.0,2023,Australia,12.0
HUL,1.0,MEDIUM,1.0,9.0,111.408,0,0.0,2023,Australia,9.0
HUL,2.0,MEDIUM,2.0,9.0,131.316,0,0.0,2023,Australia,9.0
HUL,3.0,MEDIUM,3.0,9.0,125.204,0,0.0,2023,Australia,9.0
HUL,4.0,MEDIUM,4.0,9.0,84.833,0,0.0,2023,Australia,9.0
HUL,5.0,MEDIUM,5.0,9.0,84.295,0,0.0,2023,Australia,9.0
HUL,6.0,MEDIUM,6.0,9.0,83.539,0,0.0,2023,Australia,9.0
HUL,7.0,MEDIUM,7.0,6.0,99.166,0,0.0,2023,Australia,9.0
HUL,10.0,HARD,2.0,7.0,90.264,0,0.0,2023,Australia,9.0
HUL,11.0,HARD,3.0,7.0,84.823,0,0.0,2023,Australia,9.0
HUL,12.0,HARD,4.0,7.0,83.261,0,0.0,2023,Australia,9.0
HUL,13.0,HARD,5.0,7.0,83.719,0,0.0,2023,Australia,9.0
HUL,14.0,HARD,6.0,8.0,84.129,0,0.0,2023,Australia,9.0
HUL,15.0,HARD,7.0,8.0,83.01,0,0.0,2023,Australia,9.0
HUL,16.0,HARD,8.0,8.0,82.824,0,0.0,2023,Australia,9.0
HUL,17.0,HARD,9.0,7.0,83.7,0,0.0,2023,Australia,9.0
HUL,18.0,HARD,10.0,7.0,105.143,0,0.0,2023,Australia,9.0
HUL,19.0,HARD,11.0,7.0,99.241,0,0.0,2023,Australia,9.0
HUL,20.0,HARD,12.0,7.0,82.613,0,0.0,2023,Australia,9.0
HUL,21.0,HARD,13.0,7.0,82.681,0,0.0,2023,Australia,9.0
HUL,22.0,HARD,14.0,7.0,82.625,0,0.0,2023,Australia,9.0
HUL,23.0,HARD,15.0,7.0,82.59,0,0.0,2023,Australia,9.0
HUL,24.0,HARD,16.0,7.0,82.639,0,0.0,2023,Australia,9.0
HUL,25.0,HARD,17.0,7.0,83.067,0,0.0,2023,Australia,9.0
HUL,26.0,HARD,18.0,7.0,82.479,0,0.0,2023,Australia,9.0
HUL,27.0,HARD,19.0,7.0,82.221,0,0.0,2023,Australia,9.0
HUL,28.0,HARD,20.0,7.0,82.333,0,0.0,2023,Australia,9.0
HUL,29.0,HARD,21.0,7.0,82.223,0,0.0,2023,Australia,9.0
HUL,30.0,HARD,22.0,7.0,82.671,0,0.0,2023,Australia,9.0
HUL,31.0,HARD,23.0,7.0,82.397,0,0.0,2023,Australia,9.0
HUL,32.0,HARD,24.0,7.0,82.088,0,0.0,2023,Australia,9.0
HUL,33.0,HARD,25.0,7.0,81.744,0,0.0,2023,Australia,9.0
HUL,34.0,HARD,26.0,7.0,82.192,0,0.0,2023,Australia,9.0
HUL,35.0,HARD,27.0,7.0,82.241,0,0.0,2023,Australia,9.0
HUL,36.0,HARD,28.0,7.0,82.141,0,0.0,2023,Australia,9.0
HUL,37.0,HARD,29.0,7.0,81.969,0,0.0,2023,Australia,9.0
HUL,38.0,HARD,30.0,7.0,82.197,0,0.0,2023,Australia,9.0
HUL,39.0,HARD,31.0,7.0,81.852,0,0.0,2023,Australia,9.0
HUL,40.0,HARD,32.0,7.0,81.593,0,0.0,2023,Australia,9.0
HUL,41.0,HARD,33.0,7.0,81.993,0,0.0,2023,Australia,9.0
HUL,42.0,HARD,34.0,7.0,81.438,0,0.0,2023,Australia,9.0
HUL,43.0,HARD,35.0,7.0,81.53,0,0.0,2023,Australia,9.0
HUL,44.0,HARD,36.0,8.0,83.034,0,0.0,2023,Australia,9.0
HUL,45.0,HARD,37.0,8.0,81.406,0,0.0,2023,Australia,9.0
HUL,46.0,HARD,38.0,8.0,81.124,0,0.0,2023,Australia,9.0
HUL,47.0,HARD,39.0,8.0,81.544,0,0.0,2023,Australia,9.0
HUL,48.0,HARD,40.0,8.0,81.866,0,0.0,2023,Australia,9.0
HUL,49.0,HARD,41.0,8.0,81.942,0,0.0,2023,Australia,9.0
HUL,50.0,HARD,42.0,8.0,81.872,0,0.0,2023,Australia,9.0
HUL,51.0,HARD,43.0,9.0,84.48,0,0.0,2023,Australia,9.0
HUL,52.0,HARD,44.0,9.0,82.593,0,0.0,2023,Australia,9.0
HUL,53.0,HARD,45.0,9.0,81.726,0,0.0,2023,Australia,9.0
HUL,54.0,HARD,46.0,9.0,104.548,0,0.0,2023,Australia,9.0
OCO,1.0,SOFT,1.0,15.0,122.304,1,0.0,2023,Australia,10.0
OCO,2.0,HARD,1.0,15.0,126.286,0,0.0,2023,Australia,10.0
OCO,3.0,HARD,2.0,15.0,123.289,0,0.0,2023,Australia,10.0
OCO,4.0,HARD,3.0,15.0,85.603,0,0.0,2023,Australia,10.0
OCO,5.0,HARD,4.0,15.0,84.974,0,0.0,2023,Australia,10.0
OCO,6.0,HARD,5.0,15.0,83.963,0,0.0,2023,Australia,10.0
OCO,7.0,HARD,6.0,13.0,101.541,0,0.0,2023,Australia,10.0
OCO,10.0,HARD,9.0,13.0,92.567,0,0.0,2023,Australia,10.0
OCO,11.0,HARD,10.0,13.0,85.266,0,0.0,2023,Australia,10.0
OCO,12.0,HARD,11.0,13.0,83.841,0,0.0,2023,Australia,10.0
OCO,13.0,HARD,12.0,13.0,83.486,0,0.0,2023,Australia,10.0
OCO,14.0,HARD,13.0,13.0,83.49,0,0.0,2023,Australia,10.0
OCO,15.0,HARD,14.0,13.0,84.884,0,0.0,2023,Australia,10.0
OCO,16.0,HARD,15.0,12.0,83.447,0,0.0,2023,Australia,10.0
OCO,17.0,HARD,16.0,11.0,83.008,0,0.0,2023,Australia,10.0
OCO,18.0,HARD,17.0,11.0,107.904,0,0.0,2023,Australia,10.0
OCO,19.0,HARD,18.0,11.0,97.286,0,0.0,2023,Australia,10.0
OCO,20.0,HARD,19.0,11.0,82.77,0,0.0,2023,Australia,10.0
OCO,21.0,HARD,20.0,12.0,84.341,0,0.0,2023,Australia,10.0
OCO,22.0,HARD,21.0,12.0,83.518,0,0.0,2023,Australia,10.0
OCO,23.0,HARD,22.0,12.0,83.585,0,0.0,2023,Australia,10.0
OCO,24.0,HARD,23.0,12.0,83.404,0,0.0,2023,Australia,10.0
OCO,25.0,HARD,24.0,12.0,83.632,0,0.0,2023,Australia,10.0
OCO,26.0,HARD,25.0,11.0,82.913,0,0.0,2023,Australia,10.0
OCO,27.0,HARD,26.0,10.0,82.047,0,0.0,2023,Australia,10.0
OCO,28.0,HARD,27.0,10.0,82.256,0,0.0,2023,Australia,10.0
OCO,29.0,HARD,28.0,10.0,82.138,0,0.0,2023,Australia,10.0
OCO,30.0,HARD,29.0,10.0,81.998,0,0.0,2023,Australia,10.0
OCO,31.0,HARD,30.0,10.0,82.027,0,0.0,2023,Australia,10.0
OCO,32.0,HARD,31.0,10.0,82.041,0,0.0,2023,Australia,10.0
OCO,33.0,HARD,32.0,10.0,82.088,0,0.0,2023,Australia,10.0
OCO,34.0,HARD,33.0,10.0,81.788,0,0.0,2023,Australia,10.0
OCO,35.0,HARD,34.0,10.0,82.071,0,0.0,2023,Australia,10.0
OCO,36.0,HARD,35.0,10.0,82.772,0,0.0,2023,Australia,10.0
OCO,37.0,HARD,36.0,10.0,81.954,0,0.0,2023,Australia,10.0
OCO,38.0,HARD,37.0,10.0,81.869,0,0.0,2023,Australia,10.0
OCO,39.0,HARD,38.0,10.0,81.75,0,0.0,2023,Australia,10.0
OCO,40.0,HARD,39.0,10.0,81.902,0,0.0,2023,Australia,10.0
OCO,41.0,HARD,40.0,10.0,81.675,0,0.0,2023,Australia,10.0
OCO,42.0,HARD,41.0,10.0,81.539,0,0.0,2023,Australia,10.0
OCO,43.0,HARD,42.0,10.0,81.273,0,0.0,2023,Australia,10.0
OCO,44.0,HARD,43.0,10.0,81.203,0,0.0,2023,Australia,10.0
OCO,45.0,HARD,44.0,10.0,81.476,0,0.0,2023,Australia,10.0
OCO,46.0,HARD,45.0,10.0,81.508,0,0.0,2023,Australia,10.0
OCO,47.0,HARD,46.0,10.0,81.382,0,0.0,2023,Australia,10.0
OCO,48.0,HARD,47.0,10.0,81.47,0,0.0,2023,Australia,10.0
OCO,49.0,HARD,48.0,10.0,81.668,0,0.0,2023,Australia,10.0
OCO,50.0,HARD,49.0,10.0,81.204,0,0.0,2023,Australia,10.0
OCO,51.0,HARD,50.0,10.0,81.452,0,0.0,2023,Australia,10.0
OCO,52.0,HARD,51.0,10.0,81.436,0,0.0,2023,Australia,10.0
OCO,53.0,HARD,52.0,10.0,81.338,0,0.0,2023,Australia,10.0
OCO,54.0,HARD,53.0,10.0,106.329,0,0.0,2023,Australia,10.0
NOR,1.0,MEDIUM,1.0,11.0,116.566,0,0.0,2023,Australia,8.0
NOR,2.0,MEDIUM,2.0,11.0,127.813,0,0.0,2023,Australia,8.0
NOR,3.0,MEDIUM,3.0,11.0,124.797,0,0.0,2023,Australia,8.0
NOR,4.0,MEDIUM,4.0,11.0,85.444,0,0.0,2023,Australia,8.0
NOR,5.0,MEDIUM,5.0,11.0,84.732,0,0.0,2023,Australia,8.0
NOR,6.0,MEDIUM,6.0,11.0,83.858,0,0.0,2023,Australia,8.0
NOR,7.0,MEDIUM,7.0,10.0,102.393,0,0.0,2023,Australia,8.0
NOR,10.0,HARD,2.0,9.0,90.926,0,0.0,2023,Australia,8.0
NOR,11.0,HARD,3.0,10.0,85.817,0,0.0,2023,Australia,8.0
NOR,12.0,HARD,4.0,10.0,83.775,0,0.0,2023,Australia,8.0
NOR,13.0,HARD,5.0,10.0,83.54,0,0.0,2023,Australia,8.0
NOR,14.0,HARD,6.0,9.0,83.307,0,0.0,2023,Australia,8.0
NOR,15.0,HARD,7.0,9.0,83.568,0,0.0,2023,Australia,8.0
NOR,16.0,HARD,8.0,9.0,83.111,0,0.0,2023,Australia,8.0
NOR,17.0,HARD,9.0,8.0,82.986,0,0.0,2023,Australia,8.0
NOR,18.0,HARD,10.0,8.0,105.957,0,0.0,2023,Australia,8.0
NOR,19.0,HARD,11.0,8.0,98.45,0,0.0,2023,Australia,8.0
NOR,20.0,HARD,12.0,8.0,82.741,0,0.0,2023,Australia,8.0
NOR,21.0,HARD,13.0,8.0,82.828,0,0.0,2023,Australia,8.0
NOR,22.0,HARD,14.0,8.0,82.532,0,0.0,2023,Australia,8.0
NOR,23.0,HARD,15.0,8.0,82.65,0,0.0,2023,Australia,8.0
NOR,24.0,HARD,16.0,8.0,82.536,0,0.0,2023,Australia,8.0
NOR,25.0,HARD,17.0,8.0,82.56,0,0.0,2023,Australia,8.0
NOR,26.0,HARD,18.0,8.0,82.458,0,0.0,2023,Australia,8.0
NOR,27.0,HARD,19.0,8.0,82.415,0,0.0,2023,Australia,8.0
NOR,28.0,HARD,20.0,8.0,82.426,0,0.0,2023,Australia,8.0
NOR,29.0,HARD,21.0,8.0,82.234,0,0.0,2023,Australia,8.0
NOR,30.0,HARD,22.0,8.0,82.228,0,0.0,2023,Australia,8.0
NOR,31.0,HARD,23.0,8.0,82.339,0,0.0,2023,Australia,8.0
NOR,32.0,HARD,24.0,8.0,82.16,0,0.0,2023,Australia,8.0
NOR,33.0,HARD,25.0,8.0,82.28,0,0.0,2023,Australia,8.0
NOR,34.0,HARD,26.0,8.0,82.294,0,0.0,2023,Australia,8.0
NOR,35.0,HARD,27.0,8.0,82.147,0,0.0,2023,Australia,8.0
NOR,36.0,HARD,28.0,8.0,82.09,0,0.0,2023,Australia,8.0
NOR,37.0,HARD,29.0,8.0,82.155,0,0.0,2023,Australia,8.0
NOR,38.0,HARD,30.0,8.0,81.856,0,0.0,2023,Australia,8.0
NOR,39.0,HARD,31.0,8.0,81.657,0,0.0,2023,Australia,8.0
NOR,40.0,HARD,32.0,8.0,81.643,0,0.0,2023,Australia,8.0
NOR,41.0,HARD,33.0,8.0,81.674,0,0.0,2023,Australia,8.0
NOR,42.0,HARD,34.0,8.0,81.496,0,0.0,2023,Australia,8.0
NOR,43.0,HARD,35.0,9.0,82.219,0,0.0,2023,Australia,8.0
NOR,44.0,HARD,36.0,9.0,81.272,0,0.0,2023,Australia,8.0
NOR,45.0,HARD,37.0,9.0,81.518,0,0.0,2023,Australia,8.0
NOR,46.0,HARD,38.0,9.0,81.173,0,0.0,2023,Australia,8.0
NOR,47.0,HARD,39.0,9.0,81.482,0,0.0,2023,Australia,8.0
NOR,48.0,HARD,40.0,9.0,81.784,0,0.0,2023,Australia,8.0
NOR,49.0,HARD,41.0,9.0,82.341,0,0.0,2023,Australia,8.0
NOR,50.0,HARD,42.0,9.0,81.714,0,0.0,2023,Australia,8.0
NOR,51.0,HARD,43.0,8.0,82.032,0,0.0,2023,Australia,8.0
NOR,52.0,HARD,44.0,8.0,81.352,0,0.0,2023,Australia,8.0
NOR,53.0,HARD,45.0,8.0,81.259,0,0.0,2023,Australia,8.0
NOR,54.0,HARD,46.0,8.0,104.622,0,0.0,2023,Australia,8.0
HAM,1.0,MEDIUM,1.0,2.0,100.229,0,0.0,2023,Australia,2.0
HAM,2.0,MEDIUM,2.0,2.0,132.287,0,0.0,2023,Australia,2.0
HAM,3.0,MEDIUM,3.0,2.0,131.362,0,0.0,2023,Australia,2.0
HAM,4.0,MEDIUM,4.0,2.0,83.295,0,0.0,2023,Australia,2.0
HAM,5.0,MEDIUM,5.0,2.0,83.17,0,0.0,2023,Australia,2.0
HAM,6.0,MEDIUM,6.0,2.0,82.89,0,0.0,2023,Australia,2.0
HAM,7.0,MEDIUM,7.0,1.0,94.144,0,0.0,2023,Australia,2.0
HAM,10.0,HARD,2.0,1.0,123.62,0,0.0,2023,Australia,2.0
HAM,11.0,HARD,3.0,1.0,83.79,0,0.0,2023,Australia,2.0
HAM,12.0,HARD,4.0,2.0,84.616,0,0.0,2023,Australia,2.0
HAM,13.0,HARD,5.0,2.0,83.771,0,0.0,2023,Australia,2.0
HAM,14.0,HARD,6.0,2.0,83.618,0,0.0,2023,Australia,2.0
HAM,15.0,HARD,7.0,2.0,82.998,0,0.0,2023,Australia,2.0
HAM,16.0,HARD,8.0,2.0,82.934,0,0.0,2023,Australia,2.0
HAM,17.0,HARD,9.0,2.0,82.121,0,0.0,2023,Australia,2.0
HAM,18.0,HARD,10.0,2.0,100.488,0,0.0,2023,Australia,2.0
HAM,19.0,HARD,11.0,2.0,103.041,0,0.0,2023,Australia,2.0
HAM,20.0,HARD,12.0,2.0,82.12,0,0.0,2023,Australia,2.0
HAM,21.0,HARD,13.0,2.0,82.704,0,0.0,2023,Australia,2.0
HAM,22.0,HARD,14.0,2.0,82.72,0,0.0,2023,Australia,2.0
HAM,23.0,HARD,15.0,2.0,82.971,0,0.0,2023,Australia,2.0
HAM,24.0,HARD,16.0,2.0,83.174,0,0.0,2023,Australia,2.0
HAM,25.0,HARD,17.0,2.0,82.456,0,0.0,2023,Australia,2.0
HAM,26.0,HARD,18.0,2.0,82.595,0,0.0,2023,Australia,2.0
HAM,27.0,HARD,19.0,2.0,82.131,0,0.0,2023,Australia,2.0
HAM,28.0,HARD,20.0,2.0,82.008,0,0.0,2023,Australia,2.0
HAM,29.0,HARD,21.0,2.0,82.715,0,0.0,2023,Australia,2.0
HAM,30.0,HARD,22.0,2.0,82.205,0,0.0,2023,Australia,2.0
HAM,31.0,HARD,23.0,2.0,82.22,0,0.0,2023,Australia,2.0
HAM,32.0,HARD,24.0,2.0,82.551,0,0.0,2023,Australia,2.0
HAM,33.0,HARD,25.0,2.0,81.654,0,0.0,2023,Australia,2.0
HAM,34.0,HARD,26.0,2.0,81.973,0,0.0,2023,Australia,2.0
HAM,35.0,HARD,27.0,2.0,81.832,0,0.0,2023,Australia,2.0
HAM,36.0,HARD,28.0,2.0,82.08,0,0.0,2023,Australia,2.0
HAM,37.0,HARD,29.0,2.0,81.4,0,0.0,2023,Australia,2.0
HAM,38.0,HARD,30.0,2.0,81.693,0,0.0,2023,Australia,2.0
HAM,39.0,HARD,31.0,2.0,81.315,0,0.0,2023,Australia,2.0
HAM,40.0,HARD,32.0,2.0,81.563,0,0.0,2023,Australia,2.0
HAM,41.0,HARD,33.0,2.0,81.267,0,0.0,2023,Australia,2.0
HAM,42.0,HARD,34.0,2.0,81.379,0,0.0,2023,Australia,2.0
HAM,43.0,HARD,35.0,2.0,81.073,0,0.0,2023,Australia,2.0
HAM,44.0,HARD,36.0,2.0,80.981,0,0.0,2023,Australia,2.0
HAM,45.0,HARD,37.0,2.0,81.422,0,0.0,2023,Australia,2.0
HAM,46.0,HARD,38.0,2.0,81.029,0,0.0,2023,Australia,2.0
HAM,47.0,HARD,39.0,2.0,80.816,0,0.0,2023,Australia,2.0
HAM,48.0,HARD,40.0,2.0,80.85,0,0.0,2023,Australia,2.0
HAM,49.0,HARD,41.0,2.0,80.613,0,0.0,2023,Australia,2.0
HAM,50.0,HARD,42.0,2.0,80.909,0,0.0,2023,Australia,2.0
HAM,51.0,HARD,43.0,2.0,80.682,0,0.0,2023,Australia,2.0
HAM,52.0,HARD,44.0,2.0,80.741,0,0.0,2023,Australia,2.0
HAM,53.0,HARD,45.0,2.0,80.652,0,0.0,2023,Australia,2.0
HAM,54.0,HARD,46.0,2.0,95.603,0,0.0,2023,Australia,2.0
HAM,57.0,SOFT,6.0,2.0,144.44,1,0.0,2023,Australia,2.0
SAI,1.0,MEDIUM,1.0,4.0,103.866,0,0.0,2023,Australia,4.0
SAI,2.0,MEDIUM,2.0,4.0,131.411,0,0.0,2023,Australia,4.0
SAI,3.0,MEDIUM,3.0,4.0,129.958,0,0.0,2023,Australia,4.0
SAI,4.0,MEDIUM,4.0,4.0,83.889,0,0.0,2023,Australia,4.0
SAI,5.0,MEDIUM,5.0,4.0,83.217,0,0.0,2023,Australia,4.0
SAI,6.0,MEDIUM,6.0,4.0,82.809,0,0.0,2023,Australia,4.0
SAI,7.0,MEDIUM,7.0,8.0,108.202,1,0.0,2023,Australia,4.0
SAI,10.0,HARD,3.0,10.0,90.864,0,0.0,2023,Australia,4.0
SAI,11.0,HARD,4.0,9.0,84.433,0,0.0,2023,Australia,4.0
SAI,12.0,HARD,5.0,8.0,83.199,0,0.0,2023,Australia,4.0
SAI,13.0,HARD,6.0,8.0,82.862,0,0.0,2023,Australia,4.0
SAI,14.0,HARD,7.0,7.0,82.958,0,0.0,2023,Australia,4.0
SAI,15.0,HARD,8.0,6.0,82.587,0,0.0,2023,Australia,4.0
SAI,16.0,HARD,9.0,6.0,83.225,0,0.0,2023,Australia,4.0
SAI,17.0,HARD,10.0,5.0,82.945,0,0.0,2023,Australia,4.0
SAI,18.0,HARD,11.0,5.0,104.581,0,0.0,2023,Australia,4.0
SAI,19.0,HARD,12.0,5.0,99.533,0,0.0,2023,Australia,4.0
SAI,20.0,HARD,13.0,5.0,82.102,0,0.0,2023,Australia,4.0
SAI,21.0,HARD,14.0,5.0,82.15,0,0.0,2023,Australia,4.0
SAI,22.0,HARD,15.0,5.0,82.903,0,0.0,2023,Australia,4.0
SAI,23.0,HARD,16.0,5.0,82.523,0,0.0,2023,Australia,4.0
SAI,24.0,HARD,17.0,5.0,82.425,0,0.0,2023,Australia,4.0
SAI,25.0,HARD,18.0,4.0,82.994,0,0.0,2023,Australia,4.0
SAI,26.0,HARD,19.0,4.0,82.438,0,0.0,2023,Australia,4.0
SAI,27.0,HARD,20.0,4.0,82.099,0,0.0,2023,Australia,4.0
SAI,28.0,HARD,21.0,4.0,81.919,0,0.0,2023,Australia,4.0
SAI,29.0,HARD,22.0,4.0,82.412,0,0.0,2023,Australia,4.0
SAI,30.0,HARD,23.0,4.0,82.155,0,0.0,2023,Australia,4.0
SAI,31.0,HARD,24.0,4.0,81.854,0,0.0,2023,Australia,4.0
SAI,32.0,HARD,25.0,4.0,81.986,0,0.0,2023,Australia,4.0
SAI,33.0,HARD,26.0,4.0,81.77,0,0.0,2023,Australia,4.0
SAI,34.0,HARD,27.0,4.0,81.877,0,0.0,2023,Australia,4.0
SAI,35.0,HARD,28.0,4.0,81.692,0,0.0,2023,Australia,4.0
SAI,36.0,HARD,29.0,4.0,81.695,0,0.0,2023,Australia,4.0
SAI,37.0,HARD,30.0,4.0,81.659,0,0.0,2023,Australia,4.0
SAI,38.0,HARD,31.0,4.0,81.552,0,0.0,2023,Australia,4.0
SAI,39.0,HARD,32.0,4.0,81.852,0,0.0,2023,Australia,4.0
SAI,40.0,HARD,33.0,4.0,81.942,0,0.0,2023,Australia,4.0
SAI,41.0,HARD,34.0,4.0,81.412,0,0.0,2023,Australia,4.0
SAI,42.0,HARD,35.0,4.0,81.34,0,0.0,2023,Australia,4.0
SAI,43.0,HARD,36.0,4.0,81.074,0,0.0,2023,Australia,4.0
SAI,44.0,HARD,37.0,4.0,81.337,0,0.0,2023,Australia,4.0
SAI,45.0,HARD,38.0,4.0,81.303,0,0.0,2023,Australia,4.0
SAI,46.0,HARD,39.0,4.0,81.308,0,0.0,2023,Australia,4.0
SAI,47.0,HARD,40.0,4.0,81.033,0,0.0,2023,Australia,4.0
SAI,48.0,HARD,41.0,4.0,81.235,0,0.0,2023,Australia,4.0
SAI,49.0,HARD,42.0,4.0,81.102,0,0.0,2023,Australia,4.0
SAI,50.0,HARD,43.0,4.0,80.97,0,0.0,2023,Australia,4.0
SAI,51.0,HARD,44.0,4.0,80.826,0,0.0,2023,Australia,4.0
SAI,52.0,HARD,45.0,4.0,80.719,0,0.0,2023,Australia,4.0
SAI,53.0,HARD,46.0,4.0,80.467,0,0.0,2023,Australia,4.0
SAI,54.0,HARD,47.0,4.0,98.214,0,0.0,2023,Australia,4.0
RUS,1.0,MEDIUM,1.0,1.0,97.854,0,0.0,2023,Australia,14.0
RUS,2.0,MEDIUM,2.0,1.0,133.298,0,0.0,2023,Australia,14.0
RUS,3.0,MEDIUM,3.0,1.0,132.017,0,0.0,2023,Australia,14.0
RUS,4.0,MEDIUM,4.0,1.0,83.134,0,0.0,2023,Australia,14.0
RUS,5.0,MEDIUM,5.0,1.0,83.134,0,0.0,2023,Australia,14.0
RUS,6.0,MEDIUM,6.0,1.0,83.159,0,0.0,2023,Australia,14.0
RUS,7.0,MEDIUM,7.0,7.0,107.537,1,0.0,2023,Australia,14.0
RUS,10.0,HARD,3.0,5.0,89.218,0,0.0,2023,Australia,14.0
RUS,11.0,HARD,4.0,5.0,84.617,0,0.0,2023,Australia,14.0
RUS,12.0,HARD,5.0,5.0,83.169,0,0.0,2023,Australia,14.0
RUS,13.0,HARD,6.0,4.0,83.705,0,0.0,2023,Australia,14.0
RUS,14.0,HARD,7.0,4.0,83.073,0,0.0,2023,Australia,14.0
RUS,15.0,HARD,8.0,4.0,83.079,0,0.0,2023,Australia,14.0
RUS,16.0,HARD,9.0,4.0,82.68,0,0.0,2023,Australia,14.0
RUS,17.0,HARD,10.0,14.0,94.488,0,0.0,2023,Australia,14.0
BOT,1.0,SOFT,1.0,19.0,137.156,1,-107.78,2023,Australia,14.0
BOT,2.0,HARD,1.0,17.0,114.147,0,0.0,2023,Australia,14.0
BOT,3.0,HARD,2.0,17.0,122.845,0,0.0,2023,Australia,14.0
BOT,4.0,HARD,3.0,18.0,86.356,0,0.0,2023,Australia,14.0
BOT,5.0,HARD,4.0,18.0,84.849,0,0.0,2023,Australia,14.0
BOT,6.0,HARD,5.0,18.0,84.331,0,0.0,2023,Australia,14.0
BOT,7.0,HARD,6.0,16.0,103.169,0,0.0,2023,Australia,14.0
BOT,10.0,HARD,9.0,18.0,94.202,0,0.0,2023,Australia,14.0
BOT,11.0,HARD,10.0,18.0,85.889,0,0.0,2023,Australia,14.0
BOT,12.0,HARD,11.0,18.0,84.397,0,0.0,2023,Australia,14.0
BOT,13.0,HARD,12.0,18.0,83.394,0,0.0,2023,Australia,14.0
BOT,14.0,HARD,13.0,18.0,83.598,0,0.0,2023,Australia,14.0
BOT,15.0,HARD,14.0,18.0,83.939,0,0.0,2023,Australia,14.0
BOT,16.0,HARD,15.0,18.0,84.456,0,0.0,2023,Australia,14.0
BOT,17.0,HARD,16.0,18.0,84.103,0,0.0,2023,Australia,14.0
BOT,18.0,HARD,17.0,16.0,109.902,0,0.0,2023,Australia,14.0
BOT,19.0,HARD,18.0,16.0,96.697,0,0.0,2023,Australia,14.0
BOT,20.0,HARD,19.0,17.0,85.798,0,0.0,2023,Australia,14.0
BOT,21.0,HARD,20.0,17.0,84.504,0,0.0,2023,Australia,14.0
BOT,22.0,HARD,21.0,17.0,83.753,0,0.0,2023,Australia,14.0
BOT,23.0,HARD,22.0,17.0,83.485,0,0.0,2023,Australia,14.0
BOT,24.0,HARD,23.0,17.0,84.155,0,0.0,2023,Australia,14.0
BOT,25.0,HARD,24.0,17.0,84.481,0,0.0,2023,Australia,14.0
BOT,26.0,HARD,25.0,17.0,84.149,0,0.0,2023,Australia,14.0
BOT,27.0,HARD,26.0,16.0,84.528,0,0.0,2023,Australia,14.0
BOT,28.0,HARD,27.0,16.0,83.298,0,0.0,2023,Australia,14.0
BOT,29.0,HARD,28.0,16.0,83.014,0,0.0,2023,Australia,14.0
BOT,30.0,HARD,29.0,16.0,83.485,0,0.0,2023,Australia,14.0
BOT,31.0,HARD,30.0,16.0,83.366,0,0.0,2023,Australia,14.0
BOT,32.0,HARD,31.0,16.0,83.593,0,0.0,2023,Australia,14.0
BOT,33.0,HARD,32.0,16.0,83.716,0,0.0,2023,Australia,14.0
BOT,34.0,HARD,33.0,16.0,83.765,0,0.0,2023,Australia,14.0
BOT,35.0,HARD,34.0,15.0,83.049,0,0.0,2023,Australia,14.0
BOT,36.0,HARD,35.0,15.0,82.831,0,0.0,2023,Australia,14.0
BOT,37.0,HARD,36.0,15.0,83.02,0,0.0,2023,Australia,14.0
BOT,38.0,HARD,37.0,15.0,82.773,0,0.0,2023,Australia,14.0
BOT,39.0,HARD,38.0,15.0,83.019,0,0.0,2023,Australia,14.0
BOT,40.0,HARD,39.0,15.0,82.695,0,0.0,2023,Australia,14.0
BOT,41.0,HARD,40.0,15.0,83.085,0,0.0,2023,Australia,14.0
BOT,42.0,HARD,41.0,15.0,82.944,0,0.0,2023,Australia,14.0
BOT,43.0,HARD,42.0,15.0,82.563,0,0.0,2023,Australia,14.0
BOT,44.0,HARD,43.0,15.0,82.523,0,0.0,2023,Australia,14.0
BOT,45.0,HARD,44.0,15.0,82.391,0,0.0,2023,Australia,14.0
BOT,46.0,HARD,45.0,15.0,82.233,0,0.0,2023,Australia,14.0
BOT,47.0,HARD,46.0,15.0,82.37,0,0.0,2023,Australia,14.0
BOT,48.0,HARD,47.0,15.0,82.436,0,0.0,2023,Australia,14.0
BOT,49.0,HARD,48.0,15.0,82.473,0,0.0,2023,Australia,14.0
BOT,50.0,HARD,49.0,15.0,82.405,0,0.0,2023,Australia,14.0
BOT,51.0,HARD,50.0,15.0,82.473,0,0.0,2023,Australia,14.0
BOT,52.0,HARD,51.0,15.0,82.661,0,0.0,2023,Australia,14.0
BOT,53.0,HARD,52.0,14.0,110.643,1,0.0,2023,Australia,14.0
PIA,1.0,MEDIUM,1.0,13.0,118.915,0,0.0,2023,Australia,11.0
PIA,2.0,MEDIUM,2.0,13.0,127.15,0,0.0,2023,Australia,11.0
PIA,3.0,MEDIUM,3.0,13.0,124.169,0,0.0,2023,Australia,11.0
PIA,4.0,MEDIUM,4.0,13.0,85.428,0,0.0,2023,Australia,11.0
PIA,5.0,MEDIUM,5.0,13.0,84.996,0,0.0,2023,Australia,11.0
PIA,6.0,MEDIUM,6.0,13.0,84.052,0,0.0,2023,Australia,11.0
PIA,7.0,MEDIUM,7.0,11.0,101.556,0,0.0,2023,Australia,11.0
PIA,10.0,HARD,2.0,11.0,91.821,0,0.0,2023,Australia,11.0
PIA,11.0,HARD,3.0,11.0,85.221,0,0.0,2023,Australia,11.0
PIA,12.0,HARD,4.0,11.0,83.759,0,0.0,2023,Australia,11.0
PIA,13.0,HARD,5.0,11.0,83.496,0,0.0,2023,Australia,11.0
PIA,14.0,HARD,6.0,11.0,83.56,0,0.0,2023,Australia,11.0
PIA,15.0,HARD,7.0,11.0,85.236,0,0.0,2023,Australia,11.0
PIA,16.0,HARD,8.0,11.0,83.558,0,0.0,2023,Australia,11.0
PIA,17.0,HARD,9.0,10.0,83.229,0,0.0,2023,Australia,11.0
PIA,18.0,HARD,10.0,10.0,106.859,0,0.0,2023,Australia,11.0
PIA,19.0,HARD,11.0,10.0,98.081,0,0.0,2023,Australia,11.0
PIA,20.0,HARD,12.0,10.0,83.051,0,0.0,2023,Australia,11.0
PIA,21.0,HARD,13.0,10.0,83.996,0,0.0,2023,Australia,11.0
PIA,22.0,HARD,14.0,11.0,83.854,0,0.0,2023,Australia,11.0
PIA,23.0,HARD,15.0,11.0,83.2,0,0.0,2023,Australia,11.0
PIA,24.0,HARD,16.0,11.0,83.796,0,0.0,2023,Australia,11.0
PIA,25.0,HARD,17.0,11.0,83.478,0,0.0,2023,Australia,11.0
PIA,26.0,HARD,18.0,12.0,84.327,0,0.0,2023,Australia,11.0
PIA,27.0,HARD,19.0,12.0,82.995,0,0.0,2023,Australia,11.0
PIA,28.0,HARD,20.0,12.0,82.825,0,0.0,2023,Australia,11.0
PIA,29.0,HARD,21.0,11.0,82.635,0,0.0,2023,Australia,11.0
PIA,30.0,HARD,22.0,11.0,83.083,0,0.0,2023,Australia,11.0
PIA,31.0,HARD,23.0,11.0,82.662,0,0.0,2023,Australia,11.0
PIA,32.0,HARD,24.0,11.0,82.855,0,0.0,2023,Australia,11.0
PIA,33.0,HARD,25.0,11.0,82.431,0,0.0,2023,Australia,11.0
PIA,34.0,HARD,26.0,11.0,82.504,0,0.0,2023,Australia,11.0
PIA,35.0,HARD,27.0,11.0,82.471,0,0.0,2023,Australia,11.0
PIA,36.0,HARD,28.0,11.0,82.473,0,0.0,2023,Australia,11.0
PIA,37.0,HARD,29.0,11.0,82.346,0,0.0,2023,Australia,11.0
PIA,38.0,HARD,30.0,11.0,82.316,0,0.0,2023,Australia,11.0
PIA,39.0,HARD,31.0,11.0,82.512,0,0.0,2023,Australia,11.0
PIA,40.0,HARD,32.0,11.0,82.003,0,0.0,2023,Australia,11.0
PIA,41.0,HARD,33.0,11.0,81.931,0,0.0,2023,Australia,11.0
PIA,42.0,HARD,34.0,11.0,82.101,0,0.0,2023,Australia,11.0
PIA,43.0,HARD,35.0,11.0,82.218,0,0.0,2023,Australia,11.0
PIA,44.0,HARD,36.0,11.0,81.697,0,0.0,2023,Australia,11.0
PIA,45.0,HARD,37.0,11.0,81.707,0,0.0,2023,Australia,11.0
PIA,46.0,HARD,38.0,11.0,81.652,0,0.0,2023,Australia,11.0
PIA,47.0,HARD,39.0,11.0,81.669,0,0.0,2023,Australia,11.0
PIA,48.0,HARD,40.0,11.0,81.686,0,0.0,2023,Australia,11.0
PIA,49.0,HARD,41.0,11.0,81.525,0,0.0,2023,Australia,11.0
PIA,50.0,HARD,42.0,11.0,81.752,0,0.0,2023,Australia,11.0
PIA,51.0,HARD,43.0,11.0,81.737,0,0.0,2023,Australia,11.0
PIA,52.0,HARD,44.0,11.0,81.683,0,0.0,2023,Australia,11.0
PIA,53.0,HARD,45.0,11.0,81.335,0,0.0,2023,Australia,11.0
PIA,54.0,HARD,46.0,11.0,122.932,1,0.0,2023,Australia,11.0
VER,1.0,SOFT,4.0,2.0,100.236,0,0.0,2022,Bahrain,13.0
VER,2.0,SOFT,5.0,2.0,97.88,0,0.0,2022,Bahrain,13.0
VER,3.0,SOFT,6.0,2.0,98.357,0,0.0,2022,Bahrain,13.0
VER,4.0,SOFT,7.0,2.0,98.566,0,0.0,2022,Bahrain,13.0
VER,5.0,SOFT,8.0,2.0,98.877,0,0.0,2022,Bahrain,13.0
VER,6.0,SOFT,9.0,2.0,98.94,0,0.0,2022,Bahrain,13.0
VER,7.0,SOFT,10.0,2.0,99.062,0,0.0,2022,Bahrain,13.0
VER,8.0,SOFT,11.0,2.0,99.092,0,0.0,2022,Bahrain,13.0
VER,9.0,SOFT,12.0,2.0,99.251,0,0.0,2022,Bahrain,13.0
VER,10.0,SOFT,13.0,2.0,99.392,0,0.0,2022,Bahrain,13.0
VER,11.0,SOFT,14.0,2.0,99.479,0,0.0,2022,Bahrain,13.0
VER,12.0,SOFT,15.0,2.0,99.41,0,0.0,2022,Bahrain,13.0
VER,13.0,SOFT,16.0,2.0,99.534,0,0.0,2022,Bahrain,13.0
VER,14.0,SOFT,17.0,2.0,102.05,1,0.0,2022,Bahrain,13.0
VER,15.0,SOFT,1.0,4.0,117.409,0,0.0,2022,Bahrain,13.0
VER,16.0,SOFT,2.0,2.0,96.905,0,0.0,2022,Bahrain,13.0
VER,17.0,SOFT,3.0,2.0,97.587,0,0.0,2022,Bahrain,13.0
VER,18.0,SOFT,4.0,2.0,97.717,0,0.0,2022,Bahrain,13.0
VER,19.0,SOFT,5.0,2.0,97.728,0,0.0,2022,Bahrain,13.0
VER,20.0,SOFT,6.0,2.0,98.257,0,0.0,2022,Bahrain,13.0
VER,21.0,SOFT,7.0,2.0,98.294,0,0.0,2022,Bahrain,13.0
VER,22.0,SOFT,8.0,2.0,98.243,0,0.0,2022,Bahrain,13.0
VER,23.0,SOFT,9.0,2.0,98.091,0,0.0,2022,Bahrain,13.0
VER,24.0,SOFT,10.0,2.0,98.187,0,0.0,2022,Bahrain,13.0
VER,25.0,SOFT,11.0,2.0,98.372,0,0.0,2022,Bahrain,13.0
VER,26.0,SOFT,12.0,2.0,98.476,0,0.0,2022,Bahrain,13.0
VER,27.0,SOFT,13.0,2.0,98.823,0,0.0,2022,Bahrain,13.0
VER,28.0,SOFT,14.0,2.0,98.782,0,0.0,2022,Bahrain,13.0
VER,29.0,SOFT,15.0,2.0,99.384,0,0.0,2022,Bahrain,13.0
VER,30.0,SOFT,16.0,2.0,101.537,1,0.0,2022,Bahrain,13.0
VER,31.0,MEDIUM,1.0,4.0,117.239,0,0.0,2022,Bahrain,13.0
VER,32.0,MEDIUM,2.0,4.0,96.527,0,0.0,2022,Bahrain,13.0
VER,33.0,MEDIUM,3.0,4.0,96.347,0,0.0,2022,Bahrain,13.0
VER,34.0,MEDIUM,4.0,2.0,96.384,0,0.0,2022,Bahrain,13.0
VER,35.0,MEDIUM,5.0,2.0,96.731,0,0.0,2022,Bahrain,13.0
VER,36.0,MEDIUM,6.0,2.0,96.92,0,0.0,2022,Bahrain,13.0
VER,37.0,MEDIUM,7.0,2.0,96.962,0,0.0,2022,Bahrain,13.0
VER,38.0,MEDIUM,8.0,2.0,96.898,0,0.0,2022,Bahrain,13.0
VER,39.0,MEDIUM,9.0,2.0,97.255,0,0.0,2022,Bahrain,13.0
VER,40.0,MEDIUM,10.0,2.0,97.308,0,0.0,2022,Bahrain,13.0
VER,41.0,MEDIUM,11.0,2.0,97.284,0,0.0,2022,Bahrain,13.0
VER,42.0,MEDIUM,12.0,2.0,97.855,0,0.0,2022,Bahrain,13.0
VER,43.0,MEDIUM,13.0,2.0,99.787,1,0.0,2022,Bahrain,13.0
VER,44.0,SOFT,4.0,3.0,117.242,0,0.0,2022,Bahrain,13.0
VER,45.0,SOFT,5.0,2.0,95.747,0,0.0,2022,Bahrain,13.0
VER,46.0,SOFT,6.0,2.0,129.941,0,0.0,2022,Bahrain,13.0
VER,47.0,SOFT,7.0,2.0,134.782,0,0.0,2022,Bahrain,13.0
VER,49.0,SOFT,9.0,2.0,145.374,0,0.0,2022,Bahrain,13.0
VER,50.0,SOFT,10.0,2.0,144.508,0,0.0,2022,Bahrain,13.0
VER,51.0,SOFT,11.0,2.0,95.44,0,0.0,2022,Bahrain,13.0
VER,52.0,SOFT,12.0,2.0,95.462,0,0.0,2022,Bahrain,13.0
VER,53.0,SOFT,13.0,2.0,95.927,0,0.0,2022,Bahrain,13.0
VER,54.0,SOFT,14.0,13.0,124.094,1,0.0,2022,Bahrain,13.0
GAS,1.0,SOFT,4.0,8.0,104.27,0,0.0,2022,Bahrain,8.0
GAS,2.0,SOFT,5.0,8.0,100.169,0,0.0,2022,Bahrain,8.0
GAS,3.0,SOFT,6.0,8.0,99.968,0,0.0,2022,Bahrain,8.0
GAS,4.0,SOFT,7.0,8.0,100.158,0,0.0,2022,Bahrain,8.0
GAS,5.0,SOFT,8.0,8.0,100.249,0,0.0,2022,Bahrain,8.0
GAS,6.0,SOFT,9.0,8.0,100.474,0,0.0,2022,Bahrain,8.0
GAS,7.0,SOFT,10.0,8.0,100.433,0,0.0,2022,Bahrain,8.0
GAS,8.0,SOFT,11.0,8.0,100.684,0,0.0,2022,Bahrain,8.0
GAS,9.0,SOFT,12.0,8.0,100.844,0,0.0,2022,Bahrain,8.0
GAS,10.0,SOFT,13.0,8.0,100.981,0,0.0,2022,Bahrain,8.0
GAS,11.0,SOFT,14.0,8.0,101.089,0,0.0,2022,Bahrain,8.0
GAS,12.0,SOFT,15.0,7.0,101.347,0,0.0,2022,Bahrain,8.0
GAS,13.0,SOFT,16.0,7.0,101.256,0,0.0,2022,Bahrain,8.0
GAS,14.0,SOFT,17.0,7.0,104.005,1,0.0,2022,Bahrain,8.0
GAS,15.0,MEDIUM,1.0,12.0,121.397,0,0.0,2022,Bahrain,8.0
GAS,16.0,MEDIUM,2.0,8.0,98.705,0,0.0,2022,Bahrain,8.0
GAS,17.0,MEDIUM,3.0,8.0,98.868,0,0.0,2022,Bahrain,8.0
GAS,18.0,MEDIUM,4.0,8.0,98.888,0,0.0,2022,Bahrain,8.0
GAS,19.0,MEDIUM,5.0,8.0,99.416,0,0.0,2022,Bahrain,8.0
GAS,20.0,MEDIUM,6.0,8.0,99.134,0,0.0,2022,Bahrain,8.0
GAS,21.0,MEDIUM,7.0,8.0,99.083,0,0.0,2022,Bahrain,8.0
GAS,22.0,MEDIUM,8.0,8.0,99.152,0,0.0,2022,Bahrain,8.0
GAS,23.0,MEDIUM,9.0,8.0,99.31,0,0.0,2022,Bahrain,8.0
GAS,24.0,MEDIUM,10.0,8.0,99.363,0,0.0,2022,Bahrain,8.0
GAS,25.0,MEDIUM,11.0,8.0,99.485,0,0.0,2022,Bahrain,8.0
GAS,26.0,MEDIUM,12.0,8.0,99.513,0,0.0,2022,Bahrain,8.0
GAS,27.0,MEDIUM,13.0,8.0,99.919,0,0.0,2022,Bahrain,8.0
GAS,28.0,MEDIUM,14.0,7.0,99.665,0,0.0,2022,Bahrain,8.0
GAS,29.0,MEDIUM,15.0,7.0,99.677,0,0.0,2022,Bahrain,8.0
GAS,30.0,MEDIUM,16.0,7.0,99.8,0,0.0,2022,Bahrain,8.0
GAS,31.0,MEDIUM,17.0,8.0,100.874,0,0.0,2022,Bahrain,8.0
GAS,32.0,MEDIUM,18.0,8.0,102.305,1,0.0,2022,Bahrain,8.0
GAS,33.0,HARD,1.0,10.0,120.808,0,0.0,2022,Bahrain,8.0
GAS,34.0,HARD,2.0,10.0,97.324,0,0.0,2022,Bahrain,8.0
GAS,35.0,HARD,3.0,9.0,97.54,0,0.0,2022,Bahrain,8.0
GAS,36.0,HARD,4.0,10.0,99.827,0,0.0,2022,Bahrain,8.0
GAS,37.0,HARD,5.0,8.0,99.596,0,0.0,2022,Bahrain,8.0
GAS,38.0,HARD,6.0,8.0,98.221,0,0.0,2022,Bahrain,8.0
GAS,39.0,HARD,7.0,8.0,98.552,0,0.0,2022,Bahrain,8.0
GAS,40.0,HARD,8.0,8.0,98.204,0,0.0,2022,Bahrain,8.0
GAS,41.0,HARD,9.0,8.0,98.301,0,0.0,2022,Bahrain,8.0
GAS,42.0,HARD,10.0,8.0,98.329,0,0.0,2022,Bahrain,8.0
GAS,43.0,HARD,11.0,8.0,98.478,0,0.0,2022,Bahrain,8.0
GAS,44.0,HARD,12.0,8.0,98.704,0,0.0,2022,Bahrain,8.0
PER,1.0,SOFT,4.0,6.0,102.993,0,0.0,2022,Bahrain,3.0
PER,2.0,SOFT,5.0,6.0,99.092,0,0.0,2022,Bahrain,3.0
PER,3.0,SOFT,6.0,5.0,99.473,0,0.0,2022,Bahrain,3.0
PER,4.0,SOFT,7.0,5.0,98.741,0,0.0,2022,Bahrain,3.0
PER,5.0,SOFT,8.0,5.0,98.861,0,0.0,2022,Bahrain,3.0
PER,6.0,SOFT,9.0,5.0,99.218,0,0.0,2022,Bahrain,3.0
PER,7.0,SOFT,10.0,5.0,99.264,0,0.0,2022,Bahrain,3.0
PER,8.0,SOFT,11.0,5.0,99.825,0,0.0,2022,Bahrain,3.0
PER,9.0,SOFT,12.0,5.0,100.215,0,0.0,2022,Bahrain,3.0
PER,10.0,SOFT,13.0,4.0,99.806,0,0.0,2022,Bahrain,3.0
PER,11.0,SOFT,14.0,4.0,99.931,0,0.0,2022,Bahrain,3.0
PER,12.0,SOFT,15.0,4.0,99.754,0,0.0,2022,Bahrain,3.0
PER,13.0,SOFT,16.0,4.0,99.992,0,0.0,2022,Bahrain,3.0
PER,14.0,SOFT,17.0,3.0,100.035,0,0.0,2022,Bahrain,3.0
PER,15.0,SOFT,18.0,2.0,102.445,1,0.0,2022,Bahrain,3.0
PER,16.0,MEDIUM,1.0,4.0,118.858,0,0.0,2022,Bahrain,3.0
PER,17.0,MEDIUM,2.0,4.0,96.634,0,0.0,2022,Bahrain,3.0
PER,18.0,MEDIUM,3.0,4.0,96.852,0,0.0,2022,Bahrain,3.0
PER,19.0,MEDIUM,4.0,4.0,97.214,0,0.0,2022,Bahrain,3.0
PER,20.0,MEDIUM,5.0,4.0,97.532,0,0.0,2022,Bahrain,3.0
PER,21.0,MEDIUM,6.0,4.0,97.629,0,0.0,2022,Bahrain,3.0
PER,22.0,MEDIUM,7.0,4.0,97.862,0,0.0,2022,Bahrain,3.0
PER,23.0,MEDIUM,8.0,4.0,97.96,0,0.0,2022,Bahrain,3.0
PER,24.0,MEDIUM,9.0,4.0,98.155,0,0.0,2022,Bahrain,3.0
PER,25.0,MEDIUM,10.0,4.0,98.419,0,0.0,2022,Bahrain,3.0
PER,26.0,MEDIUM,11.0,4.0,98.693,0,0.0,2022,Bahrain,3.0
PER,27.0,MEDIUM,12.0,4.0,98.563,0,0.0,2022,Bahrain,3.0
PER,28.0,MEDIUM,13.0,4.0,98.697,0,0.0,2022,Bahrain,3.0
PER,29.0,MEDIUM,14.0,4.0,98.99,0,0.0,2022,Bahrain,3.0
PER,30.0,MEDIUM,15.0,4.0,98.879,0,0.0,2022,Bahrain,3.0
PER,31.0,MEDIUM,16.0,3.0,99.292,0,0.0,2022,Bahrain,3.0
PER,32.0,MEDIUM,17.0,2.0,99.222,0,0.0,2022,Bahrain,3.0
PER,33.0,MEDIUM,18.0,2.0,101.868,1,0.0,2022,Bahrain,3.0
PER,34.0,SOFT,4.0,4.0,117.056,0,0.0,2022,Bahrain,3.0
PER,35.0,SOFT,5.0,4.0,96.302,0,0.0,2022,Bahrain,3.0
PER,36.0,SOFT,6.0,4.0,96.511,0,0.0,2022,Bahrain,3.0
PER,37.0,SOFT,7.0,4.0,97.119,0,0.0,2022,Bahrain,3.0
PER,38.0,SOFT,8.0,4.0,96.755,0,0.0,2022,Bahrain,3.0
PER,39.0,SOFT,9.0,4.0,96.987,0,0.0,2022,Bahrain,3.0
PER,40.0,SOFT,10.0,4.0,97.178,0,0.0,2022,Bahrain,3.0
PER,41.0,SOFT,11.0,4.0,97.639,0,0.0,2022,Bahrain,3.0
PER,42.0,SOFT,12.0,4.0,97.255,0,0.0,2022,Bahrain,3.0
PER,43.0,SOFT,13.0,4.0,100.228,1,0.0,2022,Bahrain,3.0
PER,44.0,SOFT,4.0,5.0,116.521,0,0.0,2022,Bahrain,3.0
PER,45.0,SOFT,5.0,4.0,103.562,0,0.0,2022,Bahrain,3.0
PER,46.0,SOFT,6.0,4.0,128.4,0,0.0,2022,Bahrain,3.0
PER,47.0,SOFT,7.0,4.0,132.05,0,0.0,2022,Bahrain,3.0
PER,48.0,SOFT,8.0,4.0,136.085,0,0.0,2022,Bahrain,3.0
PER,49.0,SOFT,9.0,4.0,145.098,0,0.0,2022,Bahrain,3.0
PER,50.0,SOFT,10.0,4.0,141.747,0,0.0,2022,Bahrain,3.0
PER,51.0,SOFT,11.0,4.0,96.389,0,0.0,2022,Bahrain,3.0
PER,52.0,SOFT,12.0,4.0,96.089,0,0.0,2022,Bahrain,3.0
PER,53.0,SOFT,13.0,4.0,96.113,0,0.0,2022,Bahrain,3.0
PER,54.0,SOFT,14.0,3.0,96.755,0,0.0,2022,Bahrain,3.0
PER,55.0,SOFT,15.0,3.0,96.436,0,0.0,2022,Bahrain,3.0
PER,56.0,SOFT,16.0,3.0,96.286,0,0.0,2022,Bahrain,3.0
ALO,1.0,SOFT,4.0,9.0,105.174,0,0.0,2022,Bahrain,9.0
ALO,2.0,SOFT,5.0,9.0,100.412,0,0.0,2022,Bahrain,9.0
ALO,3.0,SOFT,6.0,9.0,100.226,0,0.0,2022,Bahrain,9.0
ALO,4.0,SOFT,7.0,9.0,100.097,0,0.0,2022,Bahrain,9.0
ALO,5.0,SOFT,8.0,9.0,100.465,0,0.0,2022,Bahrain,9.0
ALO,6.0,SOFT,9.0,9.0,100.658,0,0.0,2022,Bahrain,9.0
ALO,7.0,SOFT,10.0,9.0,100.823,0,0.0,2022,Bahrain,9.0
ALO,8.0,SOFT,11.0,10.0,102.371,0,0.0,2022,Bahrain,9.0
ALO,9.0,SOFT,12.0,10.0,101.448,0,0.0,2022,Bahrain,9.0
ALO,10.0,SOFT,13.0,10.0,101.873,0,0.0,2022,Bahrain,9.0
ALO,11.0,SOFT,14.0,11.0,104.265,1,0.0,2022,Bahrain,9.0
ALO,12.0,MEDIUM,1.0,20.0,120.053,0,0.0,2022,Bahrain,9.0
ALO,13.0,MEDIUM,2.0,17.0,99.05,0,0.0,2022,Bahrain,9.0
ALO,14.0,MEDIUM,3.0,14.0,99.704,0,0.0,2022,Bahrain,9.0
ALO,15.0,MEDIUM,4.0,11.0,100.256,0,0.0,2022,Bahrain,9.0
ALO,16.0,MEDIUM,5.0,9.0,100.572,0,0.0,2022,Bahrain,9.0
ALO,17.0,MEDIUM,6.0,9.0,99.434,0,0.0,2022,Bahrain,9.0
ALO,18.0,MEDIUM,7.0,9.0,99.809,0,0.0,2022,Bahrain,9.0
ALO,19.0,MEDIUM,8.0,9.0,99.785,0,0.0,2022,Bahrain,9.0
ALO,20.0,MEDIUM,9.0,9.0,99.874,0,0.0,2022,Bahrain,9.0
ALO,21.0,MEDIUM,10.0,9.0,100.087,0,0.0,2022,Bahrain,9.0
ALO,22.0,MEDIUM,11.0,9.0,100.504,0,0.0,2022,Bahrain,9.0
ALO,23.0,MEDIUM,12.0,9.0,99.922,0,0.0,2022,Bahrain,9.0
ALO,24.0,MEDIUM,13.0,9.0,100.496,0,0.0,2022,Bahrain,9.0
ALO,25.0,MEDIUM,14.0,10.0,102.836,1,0.0,2022,Bahrain,9.0
ALO,26.0,HARD,1.0,14.0,120.922,0,0.0,2022,Bahrain,9.0
ALO,27.0,HARD,2.0,14.0,97.995,0,0.0,2022,Bahrain,9.0
ALO,28.0,HARD,3.0,14.0,98.908,0,0.0,2022,Bahrain,9.0
ALO,29.0,HARD,4.0,14.0,98.68,0,0.0,2022,Bahrain,9.0
ALO,30.0,HARD,5.0,12.0,98.626,0,0.0,2022,Bahrain,9.0
ALO,31.0,HARD,6.0,11.0,98.958,0,0.0,2022,Bahrain,9.0
ALO,32.0,HARD,7.0,11.0,99.153,0,0.0,2022,Bahrain,9.0
ALO,33.0,HARD,8.0,11.0,99.686,0,0.0,2022,Bahrain,9.0
ALO,34.0,HARD,9.0,11.0,99.208,0,0.0,2022,Bahrain,9.0
ALO,35.0,HARD,10.0,11.0,99.214,0,0.0,2022,Bahrain,9.0
ALO,36.0,HARD,11.0,11.0,99.389,0,0.0,2022,Bahrain,9.0
ALO,37.0,HARD,12.0,10.0,99.426,0,0.0,2022,Bahrain,9.0
ALO,38.0,HARD,13.0,10.0,100.034,0,0.0,2022,Bahrain,9.0
ALO,39.0,HARD,14.0,10.0,100.009,0,0.0,2022,Bahrain,9.0
ALO,40.0,HARD,15.0,11.0,100.295,0,0.0,2022,Bahrain,9.0
ALO,41.0,HARD,16.0,11.0,99.854,0,0.0,2022,Bahrain,9.0
ALO,42.0,HARD,17.0,12.0,102.925,1,0.0,2022,Bahrain,9.0
ALO,43.0,SOFT,1.0,14.0,117.366,0,0.0,2022,Bahrain,9.0
ALO,44.0,SOFT,2.0,14.0,96.733,0,0.0,2022,Bahrain,9.0
ALO,45.0,SOFT,3.0,13.0,127.867,0,0.0,2022,Bahrain,9.0
ALO,46.0,SOFT,4.0,12.0,130.714,0,0.0,2022,Bahrain,9.0
ALO,47.0,SOFT,5.0,12.0,111.463,0,0.0,2022,Bahrain,9.0
ALO,48.0,SOFT,6.0,12.0,105.574,0,0.0,2022,Bahrain,9.0
ALO,49.0,SOFT,7.0,12.0,113.977,0,0.0,2022,Bahrain,9.0
ALO,50.0,SOFT,8.0,12.0,133.261,0,0.0,2022,Bahrain,9.0
ALO,51.0,SOFT,9.0,11.0,99.006,0,0.0,2022,Bahrain,9.0
ALO,52.0,SOFT,10.0,11.0,97.538,0,0.0,2022,Bahrain,9.0
ALO,53.0,SOFT,11.0,11.0,97.396,0,0.0,2022,Bahrain,9.0
ALO,54.0,SOFT,12.0,10.0,97.303,0,0.0,2022,Bahrain,9.0
ALO,55.0,SOFT,13.0,10.0,97.672,0,0.0,2022,Bahrain,9.0
ALO,56.0,SOFT,14.0,10.0,97.642,0,0.0,2022,Bahrain,9.0
ALO,57.0,SOFT,15.0,9.0,98.986,0,0.0,2022,Bahrain,9.0
LEC,1.0,SOFT,1.0,1.0,99.07,0,0.0,2022,Bahrain,1.0
LEC,2.0,SOFT,2.0,1.0,97.853,0,0.0,2022,Bahrain,1.0
LEC,3.0,SOFT,3.0,1.0,98.272,0,0.0,2022,Bahrain,1.0
LEC,4.0,SOFT,4.0,1.0,98.414,0,0.0,2022,Bahrain,1.0
LEC,5.0,SOFT,5.0,1.0,98.471,0,0.0,2022,Bahrain,1.0
LEC,6.0,SOFT,6.0,1.0,98.712,0,0.0,2022,Bahrain,1.0
LEC,7.0,SOFT,7.0,1.0,98.835,0,0.0,2022,Bahrain,1.0
LEC,8.0,SOFT,8.0,1.0,98.951,0,0.0,2022,Bahrain,1.0
LEC,9.0,SOFT,9.0,1.0,98.807,0,0.0,2022,Bahrain,1.0
LEC,10.0,SOFT,10.0,1.0,99.123,0,0.0,2022,Bahrain,1.0
LEC,11.0,SOFT,11.0,1.0,99.306,0,0.0,2022,Bahrain,1.0
LEC,12.0,SOFT,12.0,1.0,99.256,0,0.0,2022,Bahrain,1.0
LEC,13.0,SOFT,13.0,1.0,99.279,0,0.0,2022,Bahrain,1.0
LEC,14.0,SOFT,14.0,1.0,99.629,0,0.0,2022,Bahrain,1.0
LEC,15.0,SOFT,15.0,1.0,102.041,1,0.0,2022,Bahrain,1.0
LEC,16.0,SOFT,4.0,1.0,117.66,0,0.0,2022,Bahrain,1.0
LEC,17.0,SOFT,5.0,1.0,97.52,0,0.0,2022,Bahrain,1.0
LEC,18.0,SOFT,6.0,1.0,97.634,0,0.0,2022,Bahrain,1.0
LEC,19.0,SOFT,7.0,1.0,97.408,0,0.0,2022,Bahrain,1.0
LEC,20.0,SOFT,8.0,1.0,97.562,0,0.0,2022,Bahrain,1.0
LEC,21.0,SOFT,9.0,1.0,97.807,0,0.0,2022,Bahrain,1.0
LEC,22.0,SOFT,10.0,1.0,97.752,0,0.0,2022,Bahrain,1.0
LEC,23.0,SOFT,11.0,1.0,97.774,0,0.0,2022,Bahrain,1.0
LEC,24.0,SOFT,12.0,1.0,97.913,0,0.0,2022,Bahrain,1.0
LEC,25.0,SOFT,13.0,1.0,98.061,0,0.0,2022,Bahrain,1.0
LEC,26.0,SOFT,14.0,1.0,98.371,0,0.0,2022,Bahrain,1.0
LEC,27.0,SOFT,15.0,1.0,98.785,0,0.0,2022,Bahrain,1.0
LEC,28.0,SOFT,16.0,1.0,99.051,0,0.0,2022,Bahrain,1.0
LEC,29.0,SOFT,17.0,1.0,98.887,0,0.0,2022,Bahrain,1.0
LEC,30.0,SOFT,18.0,1.0,99.354,0,0.0,2022,Bahrain,1.0
LEC,31.0,SOFT,19.0,1.0,101.545,1,0.0,2022,Bahrain,1.0
LEC,32.0,MEDIUM,1.0,3.0,116.325,0,0.0,2022,Bahrain,1.0
LEC,33.0,MEDIUM,2.0,3.0,96.674,0,0.0,2022,Bahrain,1.0
LEC,34.0,MEDIUM,3.0,1.0,96.399,0,0.0,2022,Bahrain,1.0
LEC,35.0,MEDIUM,4.0,1.0,96.501,0,0.0,2022,Bahrain,1.0
LEC,36.0,MEDIUM,5.0,1.0,96.561,0,0.0,2022,Bahrain,1.0
LEC,37.0,MEDIUM,6.0,1.0,96.663,0,0.0,2022,Bahrain,1.0
LEC,38.0,MEDIUM,7.0,1.0,96.623,0,0.0,2022,Bahrain,1.0
LEC,39.0,MEDIUM,8.0,1.0,96.939,0,0.0,2022,Bahrain,1.0
LEC,40.0,MEDIUM,9.0,1.0,96.807,0,0.0,2022,Bahrain,1.0
LEC,41.0,MEDIUM,10.0,1.0,97.044,0,0.0,2022,Bahrain,1.0
LEC,42.0,MEDIUM,11.0,1.0,97.04,0,0.0,2022,Bahrain,1.0
LEC,43.0,MEDIUM,12.0,1.0,97.346,0,0.0,2022,Bahrain,1.0
LEC,44.0,MEDIUM,13.0,1.0,97.509,0,0.0,2022,Bahrain,1.0
LEC,45.0,MEDIUM,14.0,1.0,97.413,0,0.0,2022,Bahrain,1.0
LEC,46.0,MEDIUM,15.0,1.0,125.151,1,0.0,2022,Bahrain,1.0
LEC,49.0,SOFT,6.0,1.0,146.221,0,0.0,2022,Bahrain,1.0
LEC,50.0,SOFT,7.0,1.0,144.429,0,0.0,2022,Bahrain,1.0
LEC,51.0,SOFT,8.0,1.0,94.57,0,0.0,2022,Bahrain,1.0
LEC,52.0,SOFT,9.0,1.0,95.027,0,0.0,2022,Bahrain,1.0
LEC,53.0,SOFT,10.0,1.0,95.127,0,0.0,2022,Bahrain,1.0
LEC,54.0,SOFT,11.0,1.0,95.429,0,0.0,2022,Bahrain,1.0
LEC,55.0,SOFT,12.0,1.0,95.427,0,0.0,2022,Bahrain,1.0
LEC,56.0,SOFT,13.0,1.0,95.673,0,0.0,2022,Bahrain,1.0
LEC,57.0,SOFT,14.0,1.0,96.373,0,0.0,2022,Bahrain,1.0
STR,1.0,SOFT,1.0,17.0,110.439,0,0.0,2022,Bahrain,12.0
STR,2.0,SOFT,2.0,16.0,101.019,0,0.0,2022,Bahrain,12.0
STR,3.0,SOFT,3.0,16.0,100.887,0,0.0,2022,Bahrain,12.0
STR,4.0,SOFT,4.0,17.0,101.931,0,0.0,2022,Bahrain,12.0
STR,5.0,SOFT,5.0,17.0,101.715,0,0.0,2022,Bahrain,12.0
STR,6.0,SOFT,6.0,17.0,101.897,0,0.0,2022,Bahrain,12.0
STR,7.0,SOFT,7.0,17.0,101.827,0,0.0,2022,Bahrain,12.0
STR,8.0,SOFT,8.0,17.0,102.174,0,0.0,2022,Bahrain,12.0
STR,9.0,SOFT,9.0,16.0,101.557,0,0.0,2022,Bahrain,12.0
STR,10.0,SOFT,10.0,15.0,102.35,0,0.0,2022,Bahrain,12.0
STR,11.0,SOFT,11.0,15.0,102.343,0,0.0,2022,Bahrain,12.0
STR,12.0,SOFT,12.0,14.0,102.462,0,0.0,2022,Bahrain,12.0
STR,13.0,SOFT,13.0,13.0,102.235,0,0.0,2022,Bahrain,12.0
STR,14.0,SOFT,14.0,13.0,101.803,0,0.0,2022,Bahrain,12.0
STR,15.0,SOFT,15.0,10.0,101.875,0,0.0,2022,Bahrain,12.0
STR,16.0,SOFT,16.0,10.0,102.592,0,0.0,2022,Bahrain,12.0
STR,17.0,SOFT,17.0,10.0,101.858,0,0.0,2022,Bahrain,12.0
STR,18.0,SOFT,18.0,12.0,104.384,1,0.0,2022,Bahrain,12.0
STR,19.0,SOFT,1.0,19.0,120.651,0,0.0,2022,Bahrain,12.0
STR,20.0,SOFT,2.0,18.0,98.94,0,0.0,2022,Bahrain,12.0
STR,21.0,SOFT,3.0,17.0,98.713,0,0.0,2022,Bahrain,12.0
STR,22.0,SOFT,4.0,17.0,99.655,0,0.0,2022,Bahrain,12.0
STR,23.0,SOFT,5.0,17.0,99.811,0,0.0,2022,Bahrain,12.0
STR,24.0,SOFT,6.0,16.0,99.887,0,0.0,2022,Bahrain,12.0
STR,25.0,SOFT,7.0,16.0,99.774,0,0.0,2022,Bahrain,12.0
STR,26.0,SOFT,8.0,16.0,100.445,0,0.0,2022,Bahrain,12.0
STR,27.0,SOFT,9.0,15.0,100.371,0,0.0,2022,Bahrain,12.0
STR,28.0,SOFT,10.0,15.0,100.181,0,0.0,2022,Bahrain,12.0
STR,29.0,SOFT,11.0,15.0,100.054,0,0.0,2022,Bahrain,12.0
STR,30.0,SOFT,12.0,15.0,100.85,0,0.0,2022,Bahrain,12.0
STR,31.0,SOFT,13.0,15.0,100.855,0,0.0,2022,Bahrain,12.0
STR,32.0,SOFT,14.0,15.0,100.037,0,0.0,2022,Bahrain,12.0
STR,33.0,SOFT,15.0,15.0,100.347,0,0.0,2022,Bahrain,12.0
STR,34.0,SOFT,16.0,15.0,100.363,0,0.0,2022,Bahrain,12.0
STR,35.0,SOFT,17.0,15.0,100.452,0,0.0,2022,Bahrain,12.0
STR,36.0,SOFT,18.0,14.0,100.484,0,0.0,2022,Bahrain,12.0
STR,37.0,SOFT,19.0,14.0,100.487,0,0.0,2022,Bahrain,12.0
STR,38.0,SOFT,20.0,14.0,103.895,1,0.0,2022,Bahrain,12.0
STR,39.0,MEDIUM,1.0,16.0,121.514,0,0.0,2022,Bahrain,12.0
STR,40.0,MEDIUM,2.0,16.0,97.861,0,0.0,2022,Bahrain,12.0
STR,41.0,MEDIUM,3.0,15.0,98.363,0,0.0,2022,Bahrain,12.0
STR,42.0,MEDIUM,4.0,15.0,98.127,0,0.0,2022,Bahrain,12.0
STR,43.0,MEDIUM,5.0,15.0,99.462,0,0.0,2022,Bahrain,12.0
STR,44.0,MEDIUM,6.0,15.0,98.281,0,0.0,2022,Bahrain,12.0
STR,45.0,MEDIUM,7.0,14.0,133.896,1,0.0,2022,Bahrain,12.0
STR,46.0,SOFT,1.0,15.0,149.264,0,0.0,2022,Bahrain,12.0
STR,47.0,SOFT,2.0,14.0,133.815,0,0.0,2022,Bahrain,12.0
STR,48.0,SOFT,3.0,14.0,113.799,0,0.0,2022,Bahrain,12.0
STR,49.0,SOFT,4.0,14.0,97.146,0,0.0,2022,Bahrain,12.0
STR,50.0,SOFT,5.0,14.0,97.326,0,0.0,2022,Bahrain,12.0
STR,51.0,SOFT,6.0,14.0,97.274,0,0.0,2022,Bahrain,12.0
STR,52.0,SOFT,7.0,14.0,97.622,0,0.0,2022,Bahrain,12.0
STR,53.0,SOFT,8.0,14.0,98.678,0,0.0,2022,Bahrain,12.0
STR,54.0,SOFT,9.0,14.0,97.877,0,0.0,2022,Bahrain,12.0
STR,55.0,SOFT,10.0,13.0,98.328,0,0.0,2022,Bahrain,12.0
STR,56.0,SOFT,11.0,13.0,98.829,0,0.0,2022,Bahrain,12.0
STR,57.0,SOFT,12.0,12.0,100.395,0,0.0,2022,Bahrain,12.0
MAG,1.0,SOFT,1.0,5.0,102.333,0,0.0,2022,Bahrain,5.0
MAG,2.0,SOFT,2.0,5.0,98.993,0,0.0,2022,Bahrain,5.0
MAG,3.0,SOFT,3.0,6.0,101.224,0,0.0,2022,Bahrain,5.0
MAG,4.0,SOFT,4.0,6.0,99.642,0,0.0,2022,Bahrain,5.0
MAG,5.0,SOFT,5.0,7.0,101.169,0,0.0,2022,Bahrain,5.0
MAG,6.0,SOFT,6.0,7.0,100.338,0,0.0,2022,Bahrain,5.0
MAG,7.0,SOFT,7.0,7.0,100.555,0,0.0,2022,Bahrain,5.0
MAG,8.0,SOFT,8.0,7.0,100.451,0,0.0,2022,Bahrain,5.0
MAG,9.0,SOFT,9.0,7.0,100.756,0,0.0,2022,Bahrain,5.0
MAG,10.0,SOFT,10.0,7.0,101.195,0,0.0,2022,Bahrain,5.0
MAG,11.0,SOFT,11.0,7.0,101.064,0,0.0,2022,Bahrain,5.0
MAG,12.0,SOFT,12.0,6.0,101.37,0,0.0,2022,Bahrain,5.0
MAG,13.0,SOFT,13.0,6.0,101.283,0,0.0,2022,Bahrain,5.0
MAG,14.0,SOFT,14.0,6.0,104.244,1,0.0,2022,Bahrain,5.0
MAG,15.0,SOFT,4.0,9.0,119.764,0,0.0,2022,Bahrain,5.0
MAG,16.0,SOFT,5.0,7.0,97.968,0,0.0,2022,Bahrain,5.0
MAG,17.0,SOFT,6.0,7.0,98.216,0,0.0,2022,Bahrain,5.0
MAG,18.0,SOFT,7.0,7.0,98.442,0,0.0,2022,Bahrain,5.0
MAG,19.0,SOFT,8.0,7.0,98.539,0,0.0,2022,Bahrain,5.0
MAG,20.0,SOFT,9.0,7.0,98.883,0,0.0,2022,Bahrain,5.0
MAG,21.0,SOFT,10.0,7.0,98.859,0,0.0,2022,Bahrain,5.0
MAG,22.0,SOFT,11.0,7.0,99.058,0,0.0,2022,Bahrain,5.0
MAG,23.0,SOFT,12.0,7.0,99.12,0,0.0,2022,Bahrain,5.0
MAG,24.0,SOFT,13.0,7.0,99.384,0,0.0,2022,Bahrain,5.0
MAG,25.0,SOFT,14.0,7.0,99.52,0,0.0,2022,Bahrain,5.0
MAG,26.0,SOFT,15.0,7.0,99.756,0,0.0,2022,Bahrain,5.0
MAG,27.0,SOFT,16.0,7.0,99.796,0,0.0,2022,Bahrain,5.0
MAG,28.0,SOFT,17.0,6.0,99.774,0,0.0,2022,Bahrain,5.0
MAG,29.0,SOFT,18.0,6.0,99.984,0,0.0,2022,Bahrain,5.0
MAG,30.0,SOFT,19.0,6.0,100.174,0,0.0,2022,Bahrain,5.0
MAG,31.0,SOFT,20.0,6.0,100.233,0,0.0,2022,Bahrain,5.0
MAG,32.0,SOFT,21.0,6.0,100.522,0,0.0,2022,Bahrain,5.0
MAG,33.0,SOFT,22.0,7.0,100.523,0,0.0,2022,Bahrain,5.0
MAG,34.0,SOFT,23.0,6.0,103.256,1,0.0,2022,Bahrain,5.0
MAG,35.0,MEDIUM,1.0,10.0,120.375,0,0.0,2022,Bahrain,5.0
MAG,36.0,MEDIUM,2.0,9.0,97.941,0,0.0,2022,Bahrain,5.0
MAG,37.0,MEDIUM,3.0,7.0,96.903,0,0.0,2022,Bahrain,5.0
MAG,38.0,MEDIUM,4.0,7.0,97.636,0,0.0,2022,Bahrain,5.0
MAG,39.0,MEDIUM,5.0,7.0,97.566,0,0.0,2022,Bahrain,5.0
MAG,40.0,MEDIUM,6.0,7.0,97.901,0,0.0,2022,Bahrain,5.0
MAG,41.0,MEDIUM,7.0,7.0,97.726,0,0.0,2022,Bahrain,5.0
MAG,42.0,MEDIUM,8.0,7.0,98.006,0,0.0,2022,Bahrain,5.0
MAG,43.0,MEDIUM,9.0,7.0,98.178,0,0.0,2022,Bahrain,5.0
MAG,44.0,MEDIUM,10.0,7.0,98.688,0,0.0,2022,Bahrain,5.0
MAG,45.0,MEDIUM,11.0,7.0,123.463,0,0.0,2022,Bahrain,5.0
MAG,46.0,MEDIUM,12.0,7.0,126.178,1,0.0,2022,Bahrain,5.0
MAG,47.0,SOFT,4.0,7.0,127.721,0,0.0,2022,Bahrain,5.0
MAG,48.0,SOFT,5.0,7.0,110.334,0,0.0,2022,Bahrain,5.0
MAG,49.0,SOFT,6.0,7.0,136.149,0,0.0,2022,Bahrain,5.0
MAG,50.0,SOFT,7.0,7.0,137.63,0,0.0,2022,Bahrain,5.0
MAG,51.0,SOFT,8.0,7.0,97.343,0,0.0,2022,Bahrain,5.0
MAG,52.0,SOFT,9.0,7.0,96.86,0,0.0,2022,Bahrain,5.0
MAG,53.0,SOFT,10.0,7.0,96.623,0,0.0,2022,Bahrain,5.0
MAG,54.0,SOFT,11.0,6.0,96.96,0,0.0,2022,Bahrain,5.0
MAG,55.0,SOFT,12.0,6.0,96.937,0,0.0,2022,Bahrain,5.0
MAG,56.0,SOFT,13.0,6.0,97.091,0,0.0,2022,Bahrain,5.0
MAG,57.0,SOFT,14.0,5.0,97.741,0,0.0,2022,Bahrain,5.0
TSU,1.0,SOFT,1.0,12.0,108.128,0,0.0,2022,Bahrain,8.0
TSU,2.0,SOFT,2.0,12.0,100.697,0,0.0,2022,Bahrain,8.0
TSU,3.0,SOFT,3.0,12.0,100.618,0,0.0,2022,Bahrain,8.0
TSU,4.0,SOFT,4.0,12.0,100.958,0,0.0,2022,Bahrain,8.0
TSU,5.0,SOFT,5.0,11.0,100.363,0,0.0,2022,Bahrain,8.0
TSU,6.0,SOFT,6.0,11.0,100.611,0,0.0,2022,Bahrain,8.0
TSU,7.0,SOFT,7.0,11.0,100.754,0,0.0,2022,Bahrain,8.0
TSU,8.0,SOFT,8.0,11.0,101.351,0,0.0,2022,Bahrain,8.0
TSU,9.0,SOFT,9.0,11.0,100.9,0,0.0,2022,Bahrain,8.0
TSU,10.0,SOFT,10.0,11.0,101.182,0,0.0,2022,Bahrain,8.0
TSU,11.0,SOFT,11.0,10.0,101.313,0,0.0,2022,Bahrain,8.0
TSU,12.0,SOFT,12.0,9.0,101.096,0,0.0,2022,Bahrain,8.0
TSU,13.0,SOFT,13.0,9.0,101.337,0,0.0,2022,Bahrain,8.0
TSU,14.0,SOFT,14.0,9.0,101.352,0,0.0,2022,Bahrain,8.0
TSU,15.0,SOFT,15.0,7.0,103.687,1,0.0,2022,Bahrain,8.0
TSU,16.0,MEDIUM,1.0,14.0,121.989,0,0.0,2022,Bahrain,8.0
TSU,17.0,MEDIUM,2.0,12.0,99.939,0,0.0,2022,Bahrain,8.0
TSU,18.0,MEDIUM,3.0,11.0,98.76,0,0.0,2022,Bahrain,8.0
TSU,19.0,MEDIUM,4.0,11.0,99.011,0,0.0,2022,Bahrain,8.0
TSU,20.0,MEDIUM,5.0,11.0,99.069,0,0.0,2022,Bahrain,8.0
TSU,21.0,MEDIUM,6.0,11.0,99.294,0,0.0,2022,Bahrain,8.0
TSU,22.0,MEDIUM,7.0,11.0,99.574,0,0.0,2022,Bahrain,8.0
TSU,23.0,MEDIUM,8.0,11.0,99.569,0,0.0,2022,Bahrain,8.0
TSU,24.0,MEDIUM,9.0,11.0,99.576,0,0.0,2022,Bahrain,8.0
TSU,25.0,MEDIUM,10.0,11.0,100.376,0,0.0,2022,Bahrain,8.0
TSU,26.0,MEDIUM,11.0,10.0,99.871,0,0.0,2022,Bahrain,8.0
TSU,27.0,MEDIUM,12.0,10.0,100.325,0,0.0,2022,Bahrain,8.0
TSU,28.0,MEDIUM,13.0,10.0,99.952,0,0.0,2022,Bahrain,8.0
TSU,29.0,MEDIUM,14.0,11.0,102.805,1,0.0,2022,Bahrain,8.0
TSU,30.0,SOFT,1.0,14.0,119.21,0,0.0,2022,Bahrain,8.0
TSU,31.0,SOFT,2.0,14.0,98.722,0,0.0,2022,Bahrain,8.0
TSU,32.0,SOFT,3.0,14.0,97.885,0,0.0,2022,Bahrain,8.0
TSU,33.0,SOFT,4.0,13.0,98.98,0,0.0,2022,Bahrain,8.0
TSU,34.0,SOFT,5.0,13.0,98.484,0,0.0,2022,Bahrain,8.0
TSU,35.0,SOFT,6.0,13.0,98.523,0,0.0,2022,Bahrain,8.0
TSU,36.0,SOFT,7.0,13.0,98.647,0,0.0,2022,Bahrain,8.0
TSU,37.0,SOFT,8.0,12.0,98.289,0,0.0,2022,Bahrain,8.0
TSU,38.0,SOFT,9.0,11.0,98.713,0,0.0,2022,Bahrain,8.0
TSU,39.0,SOFT,10.0,11.0,98.912,0,0.0,2022,Bahrain,8.0
TSU,40.0,SOFT,11.0,10.0,98.377,0,0.0,2022,Bahrain,8.0
TSU,41.0,SOFT,12.0,10.0,98.693,0,0.0,2022,Bahrain,8.0
TSU,42.0,SOFT,13.0,10.0,98.772,0,0.0,2022,Bahrain,8.0
TSU,43.0,SOFT,14.0,10.0,98.93,0,0.0,2022,Bahrain,8.0
TSU,44.0,SOFT,15.0,10.0,101.039,1,0.0,2022,Bahrain,8.0
TSU,45.0,SOFT,4.0,12.0,147.999,0,0.0,2022,Bahrain,8.0
TSU,46.0,SOFT,5.0,11.0,130.216,0,0.0,2022,Bahrain,8.0
TSU,47.0,SOFT,6.0,11.0,109.994,0,0.0,2022,Bahrain,8.0
TSU,48.0,SOFT,7.0,11.0,106.67,0,0.0,2022,Bahrain,8.0
TSU,49.0,SOFT,8.0,11.0,114.405,0,0.0,2022,Bahrain,8.0
TSU,50.0,SOFT,9.0,11.0,134.32,0,0.0,2022,Bahrain,8.0
TSU,51.0,SOFT,10.0,10.0,98.166,0,0.0,2022,Bahrain,8.0
TSU,52.0,SOFT,11.0,10.0,97.475,0,0.0,2022,Bahrain,8.0
TSU,53.0,SOFT,12.0,10.0,97.104,0,0.0,2022,Bahrain,8.0
TSU,54.0,SOFT,13.0,9.0,97.268,0,0.0,2022,Bahrain,8.0
TSU,55.0,SOFT,14.0,9.0,97.264,0,0.0,2022,Bahrain,8.0
TSU,56.0,SOFT,15.0,9.0,97.565,0,0.0,2022,Bahrain,8.0
TSU,57.0,SOFT,16.0,8.0,98.891,0,0.0,2022,Bahrain,8.0
ALB,1.0,SOFT,1.0,11.0,107.636,0,0.0,2022,Bahrain,13.0
ALB,2.0,SOFT,2.0,11.0,100.548,0,0.0,2022,Bahrain,13.0
ALB,3.0,SOFT,3.0,11.0,100.664,0,0.0,2022,Bahrain,13.0
ALB,4.0,SOFT,4.0,11.0,101.126,0,0.0,2022,Bahrain,13.0
ALB,5.0,SOFT,5.0,12.0,102.303,0,0.0,2022,Bahrain,13.0
ALB,6.0,SOFT,6.0,12.0,101.708,0,0.0,2022,Bahrain,13.0
ALB,7.0,SOFT,7.0,12.0,101.561,0,0.0,2022,Bahrain,13.0
ALB,8.0,SOFT,8.0,13.0,103.097,0,0.0,2022,Bahrain,13.0
ALB,9.0,SOFT,9.0,13.0,102.149,0,0.0,2022,Bahrain,13.0
ALB,10.0,SOFT,10.0,14.0,103.5,0,0.0,2022,Bahrain,13.0
ALB,11.0,SOFT,11.0,14.0,102.588,0,0.0,2022,Bahrain,13.0
ALB,12.0,SOFT,12.0,13.0,102.505,0,0.0,2022,Bahrain,13.0
ALB,13.0,SOFT,13.0,14.0,104.752,1,0.0,2022,Bahrain,13.0
ALB,14.0,MEDIUM,1.0,20.0,121.075,0,0.0,2022,Bahrain,13.0
ALB,15.0,MEDIUM,2.0,19.0,99.517,0,0.0,2022,Bahrain,13.0
ALB,16.0,MEDIUM,3.0,19.0,100.164,0,0.0,2022,Bahrain,13.0
ALB,17.0,MEDIUM,4.0,19.0,100.265,0,0.0,2022,Bahrain,13.0
ALB,18.0,MEDIUM,5.0,18.0,100.225,0,0.0,2022,Bahrain,13.0
ALB,19.0,MEDIUM,6.0,16.0,100.8,0,0.0,2022,Bahrain,13.0
ALB,20.0,MEDIUM,7.0,16.0,100.239,0,0.0,2022,Bahrain,13.0
ALB,21.0,MEDIUM,8.0,16.0,101.181,0,0.0,2022,Bahrain,13.0
ALB,22.0,MEDIUM,9.0,15.0,100.816,0,0.0,2022,Bahrain,13.0
ALB,23.0,MEDIUM,10.0,15.0,100.736,0,0.0,2022,Bahrain,13.0
ALB,24.0,MEDIUM,11.0,15.0,100.669,0,0.0,2022,Bahrain,13.0
ALB,25.0,MEDIUM,12.0,15.0,101.032,0,0.0,2022,Bahrain,13.0
ALB,26.0,MEDIUM,13.0,15.0,101.628,0,0.0,2022,Bahrain,13.0
ALB,27.0,MEDIUM,14.0,16.0,102.053,0,0.0,2022,Bahrain,13.0
ALB,28.0,MEDIUM,15.0,16.0,101.355,0,0.0,2022,Bahrain,13.0
ALB,29.0,MEDIUM,16.0,16.0,101.505,0,0.0,2022,Bahrain,13.0
ALB,30.0,MEDIUM,17.0,16.0,101.02,0,0.0,2022,Bahrain,13.0
ALB,31.0,MEDIUM,18.0,16.0,101.23,0,0.0,2022,Bahrain,13.0
ALB,32.0,MEDIUM,19.0,16.0,101.241,0,0.0,2022,Bahrain,13.0
ALB,33.0,MEDIUM,20.0,16.0,100.863,0,0.0,2022,Bahrain,13.0
ALB,34.0,MEDIUM,21.0,16.0,101.203,0,0.0,2022,Bahrain,13.0
ALB,35.0,MEDIUM,22.0,16.0,103.965,1,0.0,2022,Bahrain,13.0
ALB,36.0,MEDIUM,3.0,18.0,123.311,0,0.0,2022,Bahrain,13.0
ALB,37.0,MEDIUM,4.0,18.0,99.165,0,0.0,2022,Bahrain,13.0
ALB,38.0,MEDIUM,5.0,17.0,99.127,0,0.0,2022,Bahrain,13.0
ALB,39.0,MEDIUM,6.0,17.0,99.025,0,0.0,2022,Bahrain,13.0
ALB,40.0,MEDIUM,7.0,17.0,99.14,0,0.0,2022,Bahrain,13.0
ALB,41.0,MEDIUM,8.0,17.0,99.285,0,0.0,2022,Bahrain,13.0
ALB,42.0,MEDIUM,9.0,16.0,99.255,0,0.0,2022,Bahrain,13.0
ALB,43.0,MEDIUM,10.0,16.0,99.325,0,0.0,2022,Bahrain,13.0
ALB,44.0,MEDIUM,11.0,16.0,106.225,0,0.0,2022,Bahrain,13.0
ALB,45.0,MEDIUM,12.0,15.0,128.156,0,0.0,2022,Bahrain,13.0
ALB,46.0,MEDIUM,13.0,14.0,132.997,1,0.0,2022,Bahrain,13.0
ALB,47.0,SOFT,4.0,15.0,141.354,0,0.0,2022,Bahrain,13.0
ALB,48.0,SOFT,5.0,15.0,116.756,0,0.0,2022,Bahrain,13.0
ALB,49.0,SOFT,6.0,15.0,100.113,0,0.0,2022,Bahrain,13.0
ALB,50.0,SOFT,7.0,15.0,97.355,0,0.0,2022,Bahrain,13.0
ALB,51.0,SOFT,8.0,15.0,97.702,0,0.0,2022,Bahrain,13.0
ALB,52.0,SOFT,9.0,15.0,97.717,0,0.0,2022,Bahrain,13.0
ALB,53.0,SOFT,10.0,15.0,98.073,0,0.0,2022,Bahrain,13.0
ALB,54.0,SOFT,11.0,15.0,98.356,0,0.0,2022,Bahrain,13.0
ALB,55.0,SOFT,12.0,14.0,98.826,0,0.0,2022,Bahrain,13.0
ALB,56.0,SOFT,13.0,14.0,99.202,0,0.0,2022,Bahrain,13.0
ALB,57.0,SOFT,14.0,13.0,100.132,0,0.0,2022,Bahrain,13.0
ZHO,1.0,SOFT,1.0,19.0,111.374,0,0.0,2022,Bahrain,10.0
ZHO,2.0,SOFT,2.0,18.0,101.229,0,0.0,2022,Bahrain,10.0
ZHO,3.0,SOFT,3.0,17.0,100.183,0,0.0,2022,Bahrain,10.0
ZHO,4.0,SOFT,4.0,16.0,100.393,0,0.0,2022,Bahrain,10.0
ZHO,5.0,SOFT,5.0,15.0,101.574,0,0.0,2022,Bahrain,10.0
ZHO,6.0,SOFT,6.0,15.0,101.461,0,0.0,2022,Bahrain,10.0
ZHO,7.0,SOFT,7.0,14.0,100.62,0,0.0,2022,Bahrain,10.0
ZHO,8.0,SOFT,8.0,14.0,102.11,0,0.0,2022,Bahrain,10.0
ZHO,9.0,SOFT,9.0,14.0,102.258,0,0.0,2022,Bahrain,10.0
ZHO,10.0,SOFT,10.0,13.0,101.339,0,0.0,2022,Bahrain,10.0
ZHO,11.0,SOFT,11.0,13.0,101.057,0,0.0,2022,Bahrain,10.0
ZHO,12.0,SOFT,12.0,11.0,101.281,0,0.0,2022,Bahrain,10.0
ZHO,13.0,SOFT,13.0,12.0,101.4,0,0.0,2022,Bahrain,10.0
ZHO,14.0,SOFT,14.0,12.0,101.185,0,0.0,2022,Bahrain,10.0
ZHO,15.0,SOFT,15.0,8.0,103.106,1,0.0,2022,Bahrain,10.0
ZHO,16.0,MEDIUM,1.0,18.0,121.722,0,0.0,2022,Bahrain,10.0
ZHO,17.0,MEDIUM,2.0,16.0,98.348,0,0.0,2022,Bahrain,10.0
ZHO,18.0,MEDIUM,3.0,15.0,99.814,0,0.0,2022,Bahrain,10.0
ZHO,19.0,MEDIUM,4.0,13.0,98.63,0,0.0,2022,Bahrain,10.0
ZHO,20.0,MEDIUM,5.0,13.0,98.954,0,0.0,2022,Bahrain,10.0
ZHO,21.0,MEDIUM,6.0,13.0,99.047,0,0.0,2022,Bahrain,10.0
ZHO,22.0,MEDIUM,7.0,13.0,99.351,0,0.0,2022,Bahrain,10.0
ZHO,23.0,MEDIUM,8.0,13.0,99.304,0,0.0,2022,Bahrain,10.0
ZHO,24.0,MEDIUM,9.0,13.0,99.582,0,0.0,2022,Bahrain,10.0
ZHO,25.0,MEDIUM,10.0,13.0,99.849,0,0.0,2022,Bahrain,10.0
ZHO,26.0,MEDIUM,11.0,12.0,99.742,0,0.0,2022,Bahrain,10.0
ZHO,27.0,MEDIUM,12.0,12.0,100.07,0,0.0,2022,Bahrain,10.0
ZHO,28.0,MEDIUM,13.0,12.0,100.004,0,0.0,2022,Bahrain,10.0
ZHO,29.0,MEDIUM,14.0,12.0,100.446,0,0.0,2022,Bahrain,10.0
ZHO,30.0,MEDIUM,15.0,11.0,99.836,0,0.0,2022,Bahrain,10.0
ZHO,31.0,MEDIUM,16.0,10.0,99.748,0,0.0,2022,Bahrain,10.0
ZHO,32.0,MEDIUM,17.0,10.0,99.814,0,0.0,2022,Bahrain,10.0
ZHO,33.0,MEDIUM,18.0,9.0,99.842,0,0.0,2022,Bahrain,10.0
ZHO,34.0,MEDIUM,19.0,9.0,99.851,0,0.0,2022,Bahrain,10.0
ZHO,35.0,MEDIUM,20.0,8.0,99.954,0,0.0,2022,Bahrain,10.0
ZHO,36.0,MEDIUM,21.0,8.0,100.185,0,0.0,2022,Bahrain,10.0
ZHO,37.0,MEDIUM,22.0,9.0,102.7,1,0.0,2022,Bahrain,10.0
ZHO,38.0,MEDIUM,1.0,13.0,120.031,0,0.0,2022,Bahrain,10.0
ZHO,39.0,MEDIUM,2.0,13.0,96.685,0,0.0,2022,Bahrain,10.0
ZHO,40.0,MEDIUM,3.0,13.0,96.742,0,0.0,2022,Bahrain,10.0
ZHO,41.0,MEDIUM,4.0,13.0,96.745,0,0.0,2022,Bahrain,10.0
ZHO,42.0,MEDIUM,5.0,13.0,97.522,0,0.0,2022,Bahrain,10.0
ZHO,43.0,MEDIUM,6.0,12.0,97.667,0,0.0,2022,Bahrain,10.0
ZHO,44.0,MEDIUM,7.0,11.0,97.785,0,0.0,2022,Bahrain,10.0
ZHO,45.0,MEDIUM,8.0,9.0,121.756,1,0.0,2022,Bahrain,10.0
ZHO,47.0,SOFT,5.0,13.0,112.222,0,0.0,2022,Bahrain,10.0
ZHO,48.0,SOFT,6.0,13.0,106.95,0,0.0,2022,Bahrain,10.0
ZHO,49.0,SOFT,7.0,13.0,111.232,0,0.0,2022,Bahrain,10.0
ZHO,50.0,SOFT,8.0,13.0,132.681,0,0.0,2022,Bahrain,10.0
ZHO,51.0,SOFT,9.0,13.0,99.725,0,0.0,2022,Bahrain,10.0
ZHO,52.0,SOFT,10.0,12.0,98.278,0,0.0,2022,Bahrain,10.0
ZHO,53.0,SOFT,11.0,12.0,97.162,0,0.0,2022,Bahrain,10.0
ZHO,54.0,SOFT,12.0,11.0,97.247,0,0.0,2022,Bahrain,10.0
ZHO,55.0,SOFT,13.0,11.0,97.132,0,0.0,2022,Bahrain,10.0
ZHO,56.0,SOFT,14.0,11.0,97.154,0,0.0,2022,Bahrain,10.0
ZHO,57.0,SOFT,15.0,10.0,98.941,0,0.0,2022,Bahrain,10.0
HUL,1.0,SOFT,1.0,15.0,109.698,0,0.0,2022,Bahrain,17.0
HUL,2.0,SOFT,2.0,15.0,101.077,0,0.0,2022,Bahrain,17.0
HUL,3.0,SOFT,3.0,15.0,100.638,0,0.0,2022,Bahrain,17.0
HUL,4.0,SOFT,4.0,15.0,101.189,0,0.0,2022,Bahrain,17.0
HUL,5.0,SOFT,5.0,16.0,102.49,0,0.0,2022,Bahrain,17.0
HUL,6.0,SOFT,6.0,16.0,101.995,0,0.0,2022,Bahrain,17.0
HUL,7.0,SOFT,7.0,16.0,101.912,0,0.0,2022,Bahrain,17.0
HUL,8.0,SOFT,8.0,16.0,102.177,0,0.0,2022,Bahrain,17.0
HUL,9.0,SOFT,9.0,17.0,103.773,0,0.0,2022,Bahrain,17.0
HUL,10.0,SOFT,10.0,17.0,103.228,0,0.0,2022,Bahrain,17.0
HUL,11.0,SOFT,11.0,17.0,102.603,0,0.0,2022,Bahrain,17.0
HUL,12.0,SOFT,12.0,15.0,102.821,0,0.0,2022,Bahrain,17.0
HUL,13.0,SOFT,13.0,15.0,101.942,0,0.0,2022,Bahrain,17.0
HUL,14.0,SOFT,14.0,15.0,102.959,0,0.0,2022,Bahrain,17.0
HUL,15.0,SOFT,15.0,13.0,102.819,0,0.0,2022,Bahrain,17.0
HUL,16.0,SOFT,16.0,12.0,103.615,0,0.0,2022,Bahrain,17.0
HUL,17.0,SOFT,17.0,15.0,104.45,0,0.0,2022,Bahrain,17.0
HUL,18.0,SOFT,18.0,17.0,103.59,0,0.0,2022,Bahrain,17.0
HUL,19.0,SOFT,19.0,17.0,105.242,1,0.0,2022,Bahrain,17.0
HUL,20.0,SOFT,1.0,20.0,123.711,0,0.0,2022,Bahrain,17.0
HUL,21.0,SOFT,2.0,20.0,99.18,0,0.0,2022,Bahrain,17.0
HUL,22.0,SOFT,3.0,20.0,99.307,0,0.0,2022,Bahrain,17.0
HUL,23.0,SOFT,4.0,20.0,99.22,0,0.0,2022,Bahrain,17.0
HUL,24.0,SOFT,5.0,20.0,99.307,0,0.0,2022,Bahrain,17.0
HUL,25.0,SOFT,6.0,19.0,99.689,0,0.0,2022,Bahrain,17.0
HUL,26.0,SOFT,7.0,19.0,99.506,0,0.0,2022,Bahrain,17.0
HUL,27.0,SOFT,8.0,19.0,99.84,0,0.0,2022,Bahrain,17.0
HUL,28.0,SOFT,9.0,19.0,102.651,0,0.0,2022,Bahrain,17.0
HUL,29.0,SOFT,10.0,19.0,102.181,0,0.0,2022,Bahrain,17.0
HUL,30.0,SOFT,11.0,19.0,100.483,0,0.0,2022,Bahrain,17.0
HUL,31.0,SOFT,12.0,19.0,100.473,0,0.0,2022,Bahrain,17.0
HUL,32.0,SOFT,13.0,18.0,101.036,0,0.0,2022,Bahrain,17.0
HUL,33.0,SOFT,14.0,18.0,100.07,0,0.0,2022,Bahrain,17.0
HUL,34.0,SOFT,15.0,18.0,104.369,0,0.0,2022,Bahrain,17.0
HUL,35.0,SOFT,16.0,18.0,100.815,0,0.0,2022,Bahrain,17.0
HUL,36.0,SOFT,17.0,17.0,100.658,0,0.0,2022,Bahrain,17.0
HUL,37.0,SOFT,18.0,17.0,103.481,1,0.0,2022,Bahrain,17.0
HUL,38.0,MEDIUM,1.0,20.0,122.368,0,0.0,2022,Bahrain,17.0
HUL,39.0,MEDIUM,2.0,20.0,98.819,0,0.0,2022,Bahrain,17.0
HUL,40.0,MEDIUM,3.0,20.0,98.751,0,0.0,2022,Bahrain,17.0
HUL,41.0,MEDIUM,4.0,20.0,98.361,0,0.0,2022,Bahrain,17.0
HUL,42.0,MEDIUM,5.0,20.0,99.671,0,0.0,2022,Bahrain,17.0
HUL,43.0,MEDIUM,6.0,20.0,100.222,0,0.0,2022,Bahrain,17.0
HUL,44.0,MEDIUM,7.0,20.0,113.374,1,0.0,2022,Bahrain,17.0
HUL,45.0,SOFT,1.0,19.0,148.352,0,0.0,2022,Bahrain,17.0
HUL,46.0,SOFT,2.0,19.0,119.839,0,0.0,2022,Bahrain,17.0
HUL,47.0,SOFT,3.0,19.0,119.877,0,0.0,2022,Bahrain,17.0
HUL,48.0,SOFT,4.0,19.0,113.739,0,0.0,2022,Bahrain,17.0
HUL,49.0,SOFT,5.0,19.0,98.201,0,0.0,2022,Bahrain,17.0
HUL,50.0,SOFT,6.0,19.0,98.299,0,0.0,2022,Bahrain,17.0
HUL,51.0,SOFT,7.0,19.0,98.243,0,0.0,2022,Bahrain,17.0
HUL,52.0,SOFT,8.0,19.0,98.599,0,0.0,2022,Bahrain,17.0
HUL,53.0,SOFT,9.0,19.0,98.452,0,0.0,2022,Bahrain,17.0
HUL,54.0,SOFT,10.0,19.0,98.533,0,0.0,2022,Bahrain,17.0
HUL,55.0,SOFT,11.0,18.0,99.236,0,0.0,2022,Bahrain,17.0
HUL,56.0,SOFT,12.0,18.0,99.102,0,0.0,2022,Bahrain,17.0
HUL,57.0,SOFT,13.0,17.0,101.18,0,0.0,2022,Bahrain,17.0
RIC,1.0,MEDIUM,1.0,20.0,111.601,0,0.0,2022,Bahrain,14.0
RIC,2.0,MEDIUM,2.0,20.0,102.59,0,0.0,2022,Bahrain,14.0
RIC,3.0,MEDIUM,3.0,20.0,101.711,0,0.0,2022,Bahrain,14.0
RIC,4.0,MEDIUM,4.0,20.0,101.803,0,0.0,2022,Bahrain,14.0
RIC,5.0,MEDIUM,5.0,20.0,101.818,0,0.0,2022,Bahrain,14.0
RIC,6.0,MEDIUM,6.0,19.0,101.77,0,0.0,2022,Bahrain,14.0
RIC,7.0,MEDIUM,7.0,20.0,103.137,0,0.0,2022,Bahrain,14.0
RIC,8.0,MEDIUM,8.0,20.0,101.894,0,0.0,2022,Bahrain,14.0
RIC,9.0,MEDIUM,9.0,20.0,102.746,0,0.0,2022,Bahrain,14.0
RIC,10.0,MEDIUM,10.0,20.0,102.777,0,0.0,2022,Bahrain,14.0
RIC,11.0,MEDIUM,11.0,20.0,102.641,0,0.0,2022,Bahrain,14.0
RIC,12.0,MEDIUM,12.0,18.0,101.621,0,0.0,2022,Bahrain,14.0
RIC,13.0,MEDIUM,13.0,18.0,102.461,0,0.0,2022,Bahrain,14.0
RIC,14.0,MEDIUM,14.0,17.0,102.375,0,0.0,2022,Bahrain,14.0
RIC,15.0,MEDIUM,15.0,15.0,102.543,0,0.0,2022,Bahrain,14.0
RIC,16.0,MEDIUM,16.0,15.0,103.515,0,0.0,2022,Bahrain,14.0
RIC,17.0,MEDIUM,17.0,18.0,106.215,1,0.0,2022,Bahrain,14.0
RIC,18.0,SOFT,1.0,20.0,120.056,0,0.0,2022,Bahrain,14.0
RIC,19.0,SOFT,2.0,20.0,99.374,0,0.0,2022,Bahrain,14.0
RIC,20.0,SOFT,3.0,19.0,99.349,0,0.0,2022,Bahrain,14.0
RIC,21.0,SOFT,4.0,19.0,99.722,0,0.0,2022,Bahrain,14.0
RIC,22.0,SOFT,5.0,19.0,99.715,0,0.0,2022,Bahrain,14.0
RIC,23.0,SOFT,6.0,19.0,99.832,0,0.0,2022,Bahrain,14.0
RIC,24.0,SOFT,7.0,19.0,100.273,0,0.0,2022,Bahrain,14.0
RIC,25.0,SOFT,8.0,18.0,100.367,0,0.0,2022,Bahrain,14.0
RIC,26.0,SOFT,9.0,18.0,100.521,0,0.0,2022,Bahrain,14.0
RIC,27.0,SOFT,10.0,18.0,100.869,0,0.0,2022,Bahrain,14.0
RIC,28.0,SOFT,11.0,17.0,101.188,0,0.0,2022,Bahrain,14.0
RIC,29.0,SOFT,12.0,17.0,100.627,0,0.0,2022,Bahrain,14.0
RIC,30.0,SOFT,13.0,17.0,100.647,0,0.0,2022,Bahrain,14.0
RIC,31.0,SOFT,14.0,17.0,100.631,0,0.0,2022,Bahrain,14.0
RIC,32.0,SOFT,15.0,17.0,100.686,0,0.0,2022,Bahrain,14.0
RIC,33.0,SOFT,16.0,17.0,103.359,1,0.0,2022,Bahrain,14.0
RIC,34.0,HARD,1.0,19.0,122.85,0,0.0,2022,Bahrain,14.0
RIC,35.0,HARD,2.0,19.0,100.424,0,0.0,2022,Bahrain,14.0
RIC,36.0,HARD,3.0,19.0,98.927,0,0.0,2022,Bahrain,14.0
RIC,37.0,HARD,4.0,19.0,98.988,0,0.0,2022,Bahrain,14.0
RIC,38.0,HARD,5.0,18.0,99.146,0,0.0,2022,Bahrain,14.0
RIC,39.0,HARD,6.0,18.0,99.32,0,0.0,2022,Bahrain,14.0
RIC,40.0,HARD,7.0,18.0,99.157,0,0.0,2022,Bahrain,14.0
RIC,41.0,HARD,8.0,18.0,99.054,0,0.0,2022,Bahrain,14.0
RIC,42.0,HARD,9.0,17.0,101.069,0,0.0,2022,Bahrain,14.0
RIC,43.0,HARD,10.0,17.0,99.421,0,0.0,2022,Bahrain,14.0
RIC,44.0,HARD,11.0,17.0,109.227,1,0.0,2022,Bahrain,14.0
RIC,45.0,SOFT,1.0,18.0,148.703,0,0.0,2022,Bahrain,14.0
RIC,46.0,SOFT,2.0,16.0,130.812,0,0.0,2022,Bahrain,14.0
RIC,47.0,SOFT,3.0,16.0,118.607,0,0.0,2022,Bahrain,14.0
RIC,48.0,SOFT,4.0,16.0,117.098,0,0.0,2022,Bahrain,14.0
RIC,49.0,SOFT,5.0,16.0,99.453,0,0.0,2022,Bahrain,14.0
RIC,50.0,SOFT,6.0,16.0,97.261,0,0.0,2022,Bahrain,14.0
RIC,51.0,SOFT,7.0,16.0,97.58,0,0.0,2022,Bahrain,14.0
RIC,52.0,SOFT,8.0,16.0,97.654,0,0.0,2022,Bahrain,14.0
RIC,53.0,SOFT,9.0,16.0,97.671,0,0.0,2022,Bahrain,14.0
RIC,54.0,SOFT,10.0,16.0,98.12,0,0.0,2022,Bahrain,14.0
RIC,55.0,SOFT,11.0,15.0,98.639,0,0.0,2022,Bahrain,14.0
RIC,56.0,SOFT,12.0,15.0,98.86,0,0.0,2022,Bahrain,14.0
RIC,57.0,SOFT,13.0,14.0,100.084,0,0.0,2022,Bahrain,14.0
OCO,1.0,SOFT,1.0,10.0,106.17,0,0.0,2022,Bahrain,7.0
OCO,2.0,SOFT,2.0,10.0,100.111,0,0.0,2022,Bahrain,7.0
OCO,3.0,SOFT,3.0,10.0,100.248,0,0.0,2022,Bahrain,7.0
OCO,4.0,SOFT,4.0,10.0,100.209,0,0.0,2022,Bahrain,7.0
OCO,5.0,SOFT,5.0,10.0,100.483,0,0.0,2022,Bahrain,7.0
OCO,6.0,SOFT,6.0,10.0,100.558,0,0.0,2022,Bahrain,7.0
OCO,7.0,SOFT,7.0,10.0,100.782,0,0.0,2022,Bahrain,7.0
OCO,8.0,SOFT,8.0,9.0,100.442,0,0.0,2022,Bahrain,7.0
OCO,9.0,SOFT,9.0,9.0,100.819,0,0.0,2022,Bahrain,7.0
OCO,10.0,SOFT,10.0,9.0,100.992,0,0.0,2022,Bahrain,7.0
OCO,11.0,SOFT,11.0,9.0,101.082,0,0.0,2022,Bahrain,7.0
OCO,12.0,SOFT,12.0,8.0,101.094,0,0.0,2022,Bahrain,7.0
OCO,13.0,SOFT,13.0,8.0,101.395,0,0.0,2022,Bahrain,7.0
OCO,14.0,SOFT,14.0,8.0,104.08,1,0.0,2022,Bahrain,7.0
OCO,15.0,MEDIUM,1.0,16.0,125.634,0,0.0,2022,Bahrain,7.0
OCO,16.0,MEDIUM,2.0,11.0,100.079,0,0.0,2022,Bahrain,7.0
OCO,17.0,MEDIUM,3.0,11.0,98.82,0,0.0,2022,Bahrain,7.0
OCO,18.0,MEDIUM,4.0,10.0,100.025,0,0.0,2022,Bahrain,7.0
OCO,19.0,MEDIUM,5.0,10.0,98.442,0,0.0,2022,Bahrain,7.0
OCO,20.0,MEDIUM,6.0,10.0,98.917,0,0.0,2022,Bahrain,7.0
OCO,21.0,MEDIUM,7.0,10.0,99.183,0,0.0,2022,Bahrain,7.0
OCO,22.0,MEDIUM,8.0,10.0,99.304,0,0.0,2022,Bahrain,7.0
OCO,23.0,MEDIUM,9.0,10.0,99.495,0,0.0,2022,Bahrain,7.0
OCO,24.0,MEDIUM,10.0,10.0,99.886,0,0.0,2022,Bahrain,7.0
OCO,25.0,MEDIUM,11.0,9.0,100.278,0,0.0,2022,Bahrain,7.0
OCO,26.0,MEDIUM,12.0,9.0,99.188,0,0.0,2022,Bahrain,7.0
OCO,27.0,MEDIUM,13.0,9.0,99.789,0,0.0,2022,Bahrain,7.0
OCO,28.0,MEDIUM,14.0,9.0,99.766,0,0.0,2022,Bahrain,7.0
OCO,29.0,MEDIUM,15.0,9.0,99.877,0,0.0,2022,Bahrain,7.0
OCO,30.0,MEDIUM,16.0,9.0,102.618,1,0.0,2022,Bahrain,7.0
OCO,31.0,HARD,1.0,13.0,120.824,0,0.0,2022,Bahrain,7.0
OCO,32.0,HARD,2.0,12.0,98.298,0,0.0,2022,Bahrain,7.0
OCO,33.0,HARD,3.0,12.0,98.11,0,0.0,2022,Bahrain,7.0
OCO,34.0,HARD,4.0,12.0,98.155,0,0.0,2022,Bahrain,7.0
OCO,35.0,HARD,5.0,12.0,98.307,0,0.0,2022,Bahrain,7.0
OCO,36.0,HARD,6.0,12.0,98.515,0,0.0,2022,Bahrain,7.0
OCO,37.0,HARD,7.0,11.0,98.851,0,0.0,2022,Bahrain,7.0
OCO,38.0,HARD,8.0,9.0,98.21,0,0.0,2022,Bahrain,7.0
OCO,39.0,HARD,9.0,9.0,98.612,0,0.0,2022,Bahrain,7.0
OCO,40.0,HARD,10.0,9.0,98.641,0,0.0,2022,Bahrain,7.0
OCO,41.0,HARD,11.0,9.0,98.584,0,0.0,2022,Bahrain,7.0
OCO,42.0,HARD,12.0,9.0,99.064,0,0.0,2022,Bahrain,7.0
OCO,43.0,HARD,13.0,9.0,101.631,1,0.0,2022,Bahrain,7.0
OCO,44.0,SOFT,4.0,12.0,116.78,0,0.0,2022,Bahrain,7.0
OCO,45.0,SOFT,5.0,10.0,124.785,0,0.0,2022,Bahrain,7.0
OCO,46.0,SOFT,6.0,9.0,131.055,0,0.0,2022,Bahrain,7.0
OCO,47.0,SOFT,7.0,9.0,104.365,0,0.0,2022,Bahrain,7.0
OCO,48.0,SOFT,8.0,9.0,105.075,0,0.0,2022,Bahrain,7.0
OCO,49.0,SOFT,9.0,9.0,126.437,0,0.0,2022,Bahrain,7.0
OCO,50.0,SOFT,10.0,9.0,135.414,0,0.0,2022,Bahrain,7.0
OCO,51.0,SOFT,11.0,9.0,98.145,0,0.0,2022,Bahrain,7.0
OCO,52.0,SOFT,12.0,9.0,97.367,0,0.0,2022,Bahrain,7.0
OCO,53.0,SOFT,13.0,9.0,97.11,0,0.0,2022,Bahrain,7.0
OCO,54.0,SOFT,14.0,8.0,97.299,0,0.0,2022,Bahrain,7.0
OCO,55.0,SOFT,15.0,8.0,97.251,0,0.0,2022,Bahrain,7.0
OCO,56.0,SOFT,16.0,8.0,97.68,0,0.0,2022,Bahrain,7.0
OCO,57.0,SOFT,17.0,7.0,98.676,0,0.0,2022,Bahrain,7.0
NOR,1.0,MEDIUM,1.0,16.0,110.088,0,0.0,2022,Bahrain,15.0
NOR,2.0,MEDIUM,2.0,17.0,102.279,0,0.0,2022,Bahrain,15.0
NOR,3.0,MEDIUM,3.0,18.0,101.785,0,0.0,2022,Bahrain,15.0
NOR,4.0,MEDIUM,4.0,18.0,101.459,0,0.0,2022,Bahrain,15.0
NOR,5.0,MEDIUM,5.0,18.0,101.713,0,0.0,2022,Bahrain,15.0
NOR,6.0,MEDIUM,6.0,18.0,101.658,0,0.0,2022,Bahrain,15.0
NOR,7.0,MEDIUM,7.0,18.0,102.192,0,0.0,2022,Bahrain,15.0
NOR,8.0,MEDIUM,8.0,18.0,101.86,0,0.0,2022,Bahrain,15.0
NOR,9.0,MEDIUM,9.0,18.0,102.492,0,0.0,2022,Bahrain,15.0
NOR,10.0,MEDIUM,10.0,18.0,103.42,0,0.0,2022,Bahrain,15.0
NOR,11.0,MEDIUM,11.0,18.0,102.833,0,0.0,2022,Bahrain,15.0
NOR,12.0,MEDIUM,12.0,16.0,102.645,0,0.0,2022,Bahrain,15.0
NOR,13.0,MEDIUM,13.0,16.0,102.041,0,0.0,2022,Bahrain,15.0
NOR,14.0,MEDIUM,14.0,16.0,102.794,0,0.0,2022,Bahrain,15.0
NOR,15.0,MEDIUM,15.0,14.0,102.83,0,0.0,2022,Bahrain,15.0
NOR,16.0,MEDIUM,16.0,13.0,103.031,0,0.0,2022,Bahrain,15.0
NOR,17.0,MEDIUM,17.0,14.0,103.396,0,0.0,2022,Bahrain,15.0
NOR,18.0,MEDIUM,18.0,14.0,101.828,0,0.0,2022,Bahrain,15.0
NOR,19.0,MEDIUM,19.0,15.0,103.166,0,0.0,2022,Bahrain,15.0
NOR,20.0,MEDIUM,20.0,15.0,101.881,0,0.0,2022,Bahrain,15.0
NOR,21.0,MEDIUM,21.0,15.0,101.816,0,0.0,2022,Bahrain,15.0
NOR,22.0,MEDIUM,22.0,16.0,102.876,0,0.0,2022,Bahrain,15.0
NOR,23.0,MEDIUM,23.0,16.0,102.186,0,0.0,2022,Bahrain,15.0
NOR,24.0,MEDIUM,24.0,17.0,105.759,1,0.0,2022,Bahrain,15.0
NOR,25.0,HARD,1.0,20.0,122.145,0,0.0,2022,Bahrain,15.0
NOR,26.0,HARD,2.0,20.0,99.351,0,0.0,2022,Bahrain,15.0
NOR,27.0,HARD,3.0,20.0,99.175,0,0.0,2022,Bahrain,15.0
NOR,28.0,HARD,4.0,20.0,99.042,0,0.0,2022,Bahrain,15.0
NOR,29.0,HARD,5.0,20.0,98.874,0,0.0,2022,Bahrain,15.0
NOR,30.0,HARD,6.0,20.0,99.184,0,0.0,2022,Bahrain,15.0
NOR,31.0,HARD,7.0,20.0,99.251,0,0.0,2022,Bahrain,15.0
NOR,32.0,HARD,8.0,19.0,101.449,0,0.0,2022,Bahrain,15.0
NOR,33.0,HARD,9.0,19.0,99.161,0,0.0,2022,Bahrain,15.0
NOR,34.0,HARD,10.0,17.0,100.104,0,0.0,2022,Bahrain,15.0
NOR,35.0,HARD,11.0,17.0,100.844,0,0.0,2022,Bahrain,15.0
NOR,36.0,HARD,12.0,16.0,100.766,0,0.0,2022,Bahrain,15.0
NOR,37.0,HARD,13.0,16.0,99.657,0,0.0,2022,Bahrain,15.0
NOR,38.0,HARD,14.0,16.0,99.679,0,0.0,2022,Bahrain,15.0
NOR,39.0,HARD,15.0,15.0,99.677,0,0.0,2022,Bahrain,15.0
NOR,40.0,HARD,16.0,15.0,101.799,0,0.0,2022,Bahrain,15.0
NOR,41.0,HARD,17.0,16.0,102.153,1,0.0,2022,Bahrain,15.0
NOR,42.0,SOFT,1.0,19.0,120.713,0,0.0,2022,Bahrain,15.0
NOR,43.0,SOFT,2.0,18.0,97.204,0,0.0,2022,Bahrain,15.0
NOR,44.0,SOFT,3.0,18.0,105.936,0,0.0,2022,Bahrain,15.0
NOR,45.0,SOFT,4.0,16.0,132.35,1,0.0,2022,Bahrain,15.0
NOR,46.0,SOFT,4.0,17.0,143.748,0,0.0,2022,Bahrain,15.0
NOR,47.0,SOFT,5.0,17.0,119.069,0,0.0,2022,Bahrain,15.0
NOR,48.0,SOFT,6.0,17.0,114.67,0,0.0,2022,Bahrain,15.0
NOR,49.0,SOFT,7.0,17.0,99.907,0,0.0,2022,Bahrain,15.0
NOR,50.0,SOFT,8.0,17.0,98.098,0,0.0,2022,Bahrain,15.0
NOR,51.0,SOFT,9.0,17.0,96.988,0,0.0,2022,Bahrain,15.0
NOR,52.0,SOFT,10.0,17.0,97.208,0,0.0,2022,Bahrain,15.0
NOR,53.0,SOFT,11.0,17.0,97.468,0,0.0,2022,Bahrain,15.0
NOR,54.0,SOFT,12.0,17.0,98.018,0,0.0,2022,Bahrain,15.0
NOR,55.0,SOFT,13.0,16.0,98.66,0,0.0,2022,Bahrain,15.0
NOR,56.0,SOFT,14.0,16.0,98.987,0,0.0,2022,Bahrain,15.0
NOR,57.0,SOFT,15.0,15.0,100.556,0,0.0,2022,Bahrain,15.0
HAM,1.0,SOFT,3.0,4.0,101.555,0,0.0,2022,Bahrain,3.0
HAM,2.0,SOFT,4.0,4.0,99.002,0,0.0,2022,Bahrain,3.0
HAM,3.0,SOFT,5.0,4.0,99.075,0,0.0,2022,Bahrain,3.0
HAM,4.0,SOFT,6.0,4.0,98.892,0,0.0,2022,Bahrain,3.0
HAM,5.0,SOFT,7.0,4.0,98.923,0,0.0,2022,Bahrain,3.0
HAM,6.0,SOFT,8.0,4.0,99.707,0,0.0,2022,Bahrain,3.0
HAM,7.0,SOFT,9.0,4.0,99.682,0,0.0,2022,Bahrain,3.0
HAM,8.0,SOFT,10.0,4.0,99.758,0,0.0,2022,Bahrain,3.0
HAM,9.0,SOFT,11.0,4.0,100.274,0,0.0,2022,Bahrain,3.0
HAM,10.0,SOFT,12.0,5.0,101.581,0,0.0,2022,Bahrain,3.0
HAM,11.0,SOFT,13.0,5.0,102.945,1,0.0,2022,Bahrain,3.0
HAM,12.0,HARD,2.0,12.0,123.697,0,0.0,2022,Bahrain,3.0
HAM,13.0,HARD,3.0,11.0,99.33,0,0.0,2022,Bahrain,3.0
HAM,14.0,HARD,4.0,10.0,99.309,0,0.0,2022,Bahrain,3.0
HAM,15.0,HARD,5.0,6.0,98.587,0,0.0,2022,Bahrain,3.0
HAM,16.0,HARD,6.0,5.0,98.236,0,0.0,2022,Bahrain,3.0
HAM,17.0,HARD,7.0,5.0,98.644,0,0.0,2022,Bahrain,3.0
HAM,18.0,HARD,8.0,5.0,98.368,0,0.0,2022,Bahrain,3.0
HAM,19.0,HARD,9.0,5.0,98.393,0,0.0,2022,Bahrain,3.0
HAM,20.0,HARD,10.0,5.0,98.606,0,0.0,2022,Bahrain,3.0
HAM,21.0,HARD,11.0,5.0,98.542,0,0.0,2022,Bahrain,3.0
HAM,22.0,HARD,12.0,5.0,99.407,0,0.0,2022,Bahrain,3.0
HAM,23.0,HARD,13.0,5.0,99.109,0,0.0,2022,Bahrain,3.0
HAM,24.0,HARD,14.0,5.0,99.342,0,0.0,2022,Bahrain,3.0
HAM,25.0,HARD,15.0,5.0,99.186,0,0.0,2022,Bahrain,3.0
HAM,26.0,HARD,16.0,5.0,99.255,0,0.0,2022,Bahrain,3.0
HAM,27.0,HARD,17.0,5.0,101.666,1,0.0,2022,Bahrain,3.0
HAM,28.0,MEDIUM,1.0,8.0,121.276,0,0.0,2022,Bahrain,3.0
HAM,29.0,MEDIUM,2.0,8.0,97.871,0,0.0,2022,Bahrain,3.0
HAM,30.0,MEDIUM,3.0,8.0,97.506,0,0.0,2022,Bahrain,3.0
HAM,31.0,MEDIUM,4.0,7.0,96.66,0,0.0,2022,Bahrain,3.0
HAM,32.0,MEDIUM,5.0,7.0,98.29,0,0.0,2022,Bahrain,3.0
HAM,33.0,MEDIUM,6.0,6.0,97.085,0,0.0,2022,Bahrain,3.0
HAM,34.0,MEDIUM,7.0,5.0,97.593,0,0.0,2022,Bahrain,3.0
HAM,35.0,MEDIUM,8.0,5.0,97.47,0,0.0,2022,Bahrain,3.0
HAM,36.0,MEDIUM,9.0,5.0,97.66,0,0.0,2022,Bahrain,3.0
HAM,37.0,MEDIUM,10.0,5.0,97.771,0,0.0,2022,Bahrain,3.0
HAM,38.0,MEDIUM,11.0,5.0,97.942,0,0.0,2022,Bahrain,3.0
HAM,39.0,MEDIUM,12.0,5.0,97.668,0,0.0,2022,Bahrain,3.0
HAM,40.0,MEDIUM,13.0,5.0,97.898,0,0.0,2022,Bahrain,3.0
HAM,41.0,MEDIUM,14.0,5.0,97.912,0,0.0,2022,Bahrain,3.0
HAM,42.0,MEDIUM,15.0,5.0,98.422,0,0.0,2022,Bahrain,3.0
HAM,43.0,MEDIUM,16.0,5.0,98.205,0,0.0,2022,Bahrain,3.0
HAM,44.0,MEDIUM,17.0,4.0,101.007,1,0.0,2022,Bahrain,3.0
HAM,45.0,SOFT,4.0,6.0,131.741,0,0.0,2022,Bahrain,3.0
HAM,46.0,SOFT,5.0,5.0,131.044,0,0.0,2022,Bahrain,3.0
HAM,47.0,SOFT,6.0,5.0,126.318,0,0.0,2022,Bahrain,3.0
HAM,48.0,SOFT,7.0,5.0,119.093,0,0.0,2022,Bahrain,3.0
HAM,49.0,SOFT,8.0,5.0,139.798,0,0.0,2022,Bahrain,3.0
HAM,50.0,SOFT,9.0,5.0,140.564,0,0.0,2022,Bahrain,3.0
HAM,51.0,SOFT,10.0,5.0,96.487,0,0.0,2022,Bahrain,3.0
HAM,52.0,SOFT,11.0,5.0,96.36,0,0.0,2022,Bahrain,3.0
HAM,53.0,SOFT,12.0,5.0,96.228,0,0.0,2022,Bahrain,3.0
HAM,54.0,SOFT,13.0,4.0,96.354,0,0.0,2022,Bahrain,3.0
HAM,55.0,SOFT,14.0,4.0,96.566,0,0.0,2022,Bahrain,3.0
HAM,56.0,SOFT,15.0,4.0,96.481,0,0.0,2022,Bahrain,3.0
HAM,57.0,SOFT,16.0,3.0,96.918,0,0.0,2022,Bahrain,3.0
MSC,1.0,SOFT,1.0,13.0,108.826,0,0.0,2022,Bahrain,11.0
MSC,2.0,SOFT,2.0,13.0,100.722,0,0.0,2022,Bahrain,11.0
MSC,3.0,SOFT,3.0,13.0,100.747,0,0.0,2022,Bahrain,11.0
MSC,4.0,SOFT,4.0,13.0,101.163,0,0.0,2022,Bahrain,11.0
MSC,5.0,SOFT,5.0,13.0,102.049,0,0.0,2022,Bahrain,11.0
MSC,6.0,SOFT,6.0,14.0,102.447,0,0.0,2022,Bahrain,11.0
MSC,7.0,SOFT,7.0,15.0,102.512,0,0.0,2022,Bahrain,11.0
MSC,8.0,SOFT,8.0,15.0,102.304,0,0.0,2022,Bahrain,11.0
MSC,9.0,SOFT,9.0,15.0,102.158,0,0.0,2022,Bahrain,11.0
MSC,10.0,SOFT,10.0,16.0,103.969,0,0.0,2022,Bahrain,11.0
MSC,11.0,SOFT,11.0,16.0,102.809,0,0.0,2022,Bahrain,11.0
MSC,12.0,SOFT,12.0,17.0,105.949,1,0.0,2022,Bahrain,11.0
MSC,13.0,MEDIUM,1.0,20.0,119.469,0,0.0,2022,Bahrain,11.0
MSC,14.0,MEDIUM,2.0,19.0,98.179,0,0.0,2022,Bahrain,11.0
MSC,15.0,MEDIUM,3.0,18.0,99.109,0,0.0,2022,Bahrain,11.0
MSC,16.0,MEDIUM,4.0,17.0,99.406,0,0.0,2022,Bahrain,11.0
MSC,17.0,MEDIUM,5.0,17.0,100.565,0,0.0,2022,Bahrain,11.0
MSC,18.0,MEDIUM,6.0,16.0,99.878,0,0.0,2022,Bahrain,11.0
MSC,19.0,MEDIUM,7.0,14.0,100.091,0,0.0,2022,Bahrain,11.0
MSC,20.0,MEDIUM,8.0,14.0,99.295,0,0.0,2022,Bahrain,11.0
MSC,21.0,MEDIUM,9.0,14.0,99.816,0,0.0,2022,Bahrain,11.0
MSC,22.0,MEDIUM,10.0,14.0,99.964,0,0.0,2022,Bahrain,11.0
MSC,23.0,MEDIUM,11.0,14.0,100.636,0,0.0,2022,Bahrain,11.0
MSC,24.0,MEDIUM,12.0,14.0,100.154,0,0.0,2022,Bahrain,11.0
MSC,25.0,MEDIUM,13.0,14.0,100.62,0,0.0,2022,Bahrain,11.0
MSC,26.0,MEDIUM,14.0,13.0,100.547,0,0.0,2022,Bahrain,11.0
MSC,27.0,MEDIUM,15.0,13.0,100.987,0,0.0,2022,Bahrain,11.0
MSC,28.0,MEDIUM,16.0,13.0,100.69,0,0.0,2022,Bahrain,11.0
MSC,29.0,MEDIUM,17.0,13.0,100.919,0,0.0,2022,Bahrain,11.0
MSC,30.0,MEDIUM,18.0,13.0,101.606,0,0.0,2022,Bahrain,11.0
MSC,31.0,MEDIUM,19.0,12.0,100.914,0,0.0,2022,Bahrain,11.0
MSC,32.0,MEDIUM,20.0,13.0,100.916,0,0.0,2022,Bahrain,11.0
MSC,33.0,MEDIUM,21.0,14.0,101.34,0,0.0,2022,Bahrain,11.0
MSC,34.0,MEDIUM,22.0,14.0,101.178,0,0.0,2022,Bahrain,11.0
MSC,35.0,MEDIUM,23.0,14.0,103.748,1,0.0,2022,Bahrain,11.0
MSC,36.0,SOFT,3.0,15.0,118.5,0,0.0,2022,Bahrain,11.0
MSC,37.0,SOFT,4.0,15.0,96.956,0,0.0,2022,Bahrain,11.0
MSC,38.0,SOFT,5.0,15.0,97.176,0,0.0,2022,Bahrain,11.0
MSC,39.0,SOFT,6.0,14.0,97.433,0,0.0,2022,Bahrain,11.0
MSC,40.0,SOFT,7.0,14.0,97.947,0,0.0,2022,Bahrain,11.0
MSC,41.0,SOFT,8.0,14.0,98.182,0,0.0,2022,Bahrain,11.0
MSC,42.0,SOFT,9.0,14.0,97.957,0,0.0,2022,Bahrain,11.0
MSC,43.0,SOFT,10.0,13.0,98.137,0,0.0,2022,Bahrain,11.0
MSC,44.0,SOFT,11.0,13.0,98.279,0,0.0,2022,Bahrain,11.0
MSC,45.0,SOFT,12.0,11.0,127.252,0,0.0,2022,Bahrain,11.0
MSC,46.0,SOFT,13.0,10.0,130.214,0,0.0,2022,Bahrain,11.0
MSC,47.0,SOFT,14.0,10.0,105.856,0,0.0,2022,Bahrain,11.0
MSC,48.0,SOFT,15.0,10.0,103.51,0,0.0,2022,Bahrain,11.0
MSC,49.0,SOFT,16.0,10.0,121.897,0,0.0,2022,Bahrain,11.0
MSC,50.0,SOFT,17.0,10.0,135.042,0,0.0,2022,Bahrain,11.0
MSC,51.0,SOFT,18.0,12.0,100.528,0,0.0,2022,Bahrain,11.0
MSC,52.0,SOFT,19.0,13.0,99.537,0,0.0,2022,Bahrain,11.0
MSC,53.0,SOFT,20.0,13.0,98.537,0,0.0,2022,Bahrain,11.0
MSC,54.0,SOFT,21.0,12.0,98.747,0,0.0,2022,Bahrain,11.0
MSC,55.0,SOFT,22.0,12.0,99.201,0,0.0,2022,Bahrain,11.0
MSC,56.0,SOFT,23.0,12.0,99.09,0,0.0,2022,Bahrain,11.0
MSC,57.0,SOFT,24.0,11.0,100.498,0,0.0,2022,Bahrain,11.0
SAI,1.0,SOFT,4.0,3.0,101.006,0,0.0,2022,Bahrain,2.0
SAI,2.0,SOFT,5.0,3.0,98.649,0,0.0,2022,Bahrain,2.0
SAI,3.0,SOFT,6.0,3.0,99.049,0,0.0,2022,Bahrain,2.0
SAI,4.0,SOFT,7.0,3.0,98.923,0,0.0,2022,Bahrain,2.0
SAI,5.0,SOFT,8.0,3.0,99.101,0,0.0,2022,Bahrain,2.0
SAI,6.0,SOFT,9.0,3.0,99.594,0,0.0,2022,Bahrain,2.0
SAI,7.0,SOFT,10.0,3.0,99.588,0,0.0,2022,Bahrain,2.0
SAI,8.0,SOFT,11.0,3.0,99.275,0,0.0,2022,Bahrain,2.0
SAI,9.0,SOFT,12.0,3.0,99.424,0,0.0,2022,Bahrain,2.0
SAI,10.0,SOFT,13.0,3.0,99.682,0,0.0,2022,Bahrain,2.0
SAI,11.0,SOFT,14.0,3.0,99.942,0,0.0,2022,Bahrain,2.0
SAI,12.0,SOFT,15.0,3.0,100.097,0,0.0,2022,Bahrain,2.0
SAI,13.0,SOFT,16.0,3.0,100.165,0,0.0,2022,Bahrain,2.0
SAI,14.0,SOFT,17.0,4.0,103.029,1,0.0,2022,Bahrain,2.0
SAI,15.0,SOFT,1.0,5.0,118.327,0,0.0,2022,Bahrain,2.0
SAI,16.0,SOFT,2.0,3.0,97.477,0,0.0,2022,Bahrain,2.0
SAI,17.0,SOFT,3.0,3.0,97.172,0,0.0,2022,Bahrain,2.0
SAI,18.0,SOFT,4.0,3.0,97.561,0,0.0,2022,Bahrain,2.0
SAI,19.0,SOFT,5.0,3.0,97.581,0,0.0,2022,Bahrain,2.0
SAI,20.0,SOFT,6.0,3.0,98.059,0,0.0,2022,Bahrain,2.0
SAI,21.0,SOFT,7.0,3.0,97.721,0,0.0,2022,Bahrain,2.0
SAI,22.0,SOFT,8.0,3.0,97.914,0,0.0,2022,Bahrain,2.0
SAI,23.0,SOFT,9.0,3.0,98.244,0,0.0,2022,Bahrain,2.0
SAI,24.0,SOFT,10.0,3.0,98.242,0,0.0,2022,Bahrain,2.0
SAI,25.0,SOFT,11.0,3.0,98.264,0,0.0,2022,Bahrain,2.0
SAI,26.0,SOFT,12.0,3.0,98.444,0,0.0,2022,Bahrain,2.0
SAI,27.0,SOFT,13.0,3.0,98.846,0,0.0,2022,Bahrain,2.0
SAI,28.0,SOFT,14.0,3.0,98.729,0,0.0,2022,Bahrain,2.0
SAI,29.0,SOFT,15.0,3.0,98.953,0,0.0,2022,Bahrain,2.0
SAI,30.0,SOFT,16.0,3.0,99.004,0,0.0,2022,Bahrain,2.0
SAI,31.0,SOFT,17.0,2.0,99.105,0,0.0,2022,Bahrain,2.0
SAI,32.0,SOFT,18.0,1.0,99.386,0,0.0,2022,Bahrain,2.0
SAI,33.0,SOFT,19.0,1.0,101.915,1,0.0,2022,Bahrain,2.0
SAI,34.0,MEDIUM,1.0,3.0,117.101,0,0.0,2022,Bahrain,2.0
SAI,35.0,MEDIUM,2.0,3.0,96.454,0,0.0,2022,Bahrain,2.0
SAI,36.0,MEDIUM,3.0,3.0,96.6,0,0.0,2022,Bahrain,2.0
SAI,37.0,MEDIUM,4.0,3.0,96.893,0,0.0,2022,Bahrain,2.0
SAI,38.0,MEDIUM,5.0,3.0,97.012,0,0.0,2022,Bahrain,2.0
SAI,39.0,MEDIUM,6.0,3.0,97.044,0,0.0,2022,Bahrain,2.0
SAI,40.0,MEDIUM,7.0,3.0,97.271,0,0.0,2022,Bahrain,2.0
SAI,41.0,MEDIUM,8.0,3.0,96.771,0,0.0,2022,Bahrain,2.0
SAI,42.0,MEDIUM,9.0,3.0,97.269,0,0.0,2022,Bahrain,2.0
SAI,43.0,MEDIUM,10.0,3.0,97.26,0,0.0,2022,Bahrain,2.0
SAI,44.0,MEDIUM,11.0,2.0,99.699,1,0.0,2022,Bahrain,2.0
SAI,45.0,SOFT,4.0,3.0,123.686,0,0.0,2022,Bahrain,2.0
SAI,46.0,SOFT,5.0,3.0,128.331,0,0.0,2022,Bahrain,2.0
SAI,47.0,SOFT,6.0,3.0,132.959,0,0.0,2022,Bahrain,2.0
SAI,48.0,SOFT,7.0,3.0,135.797,0,0.0,2022,Bahrain,2.0
SAI,49.0,SOFT,8.0,3.0,144.765,0,0.0,2022,Bahrain,2.0
SAI,50.0,SOFT,9.0,3.0,143.514,0,0.0,2022,Bahrain,2.0
SAI,51.0,SOFT,10.0,3.0,95.992,0,0.0,2022,Bahrain,2.0
SAI,52.0,SOFT,11.0,3.0,95.74,0,0.0,2022,Bahrain,2.0
SAI,53.0,SOFT,12.0,3.0,95.88,0,0.0,2022,Bahrain,2.0
SAI,54.0,SOFT,13.0,2.0,96.565,0,0.0,2022,Bahrain,2.0
SAI,55.0,SOFT,14.0,2.0,96.075,0,0.0,2022,Bahrain,2.0
SAI,56.0,SOFT,15.0,2.0,95.767,0,0.0,2022,Bahrain,2.0
SAI,57.0,SOFT,16.0,2.0,96.269,0,0.0,2022,Bahrain,2.0
LAT,1.0,SOFT,1.0,18.0,111.134,0,0.0,2022,Bahrain,16.0
LAT,2.0,SOFT,2.0,19.0,102.298,0,0.0,2022,Bahrain,16.0
LAT,3.0,SOFT,3.0,19.0,101.668,0,0.0,2022,Bahrain,16.0
LAT,4.0,SOFT,4.0,19.0,101.947,0,0.0,2022,Bahrain,16.0
LAT,5.0,SOFT,5.0,19.0,101.678,0,0.0,2022,Bahrain,16.0
LAT,6.0,SOFT,6.0,20.0,102.945,0,0.0,2022,Bahrain,16.0
LAT,7.0,SOFT,7.0,19.0,102.065,0,0.0,2022,Bahrain,16.0
LAT,8.0,SOFT,8.0,19.0,101.931,0,0.0,2022,Bahrain,16.0
LAT,9.0,SOFT,9.0,19.0,102.473,0,0.0,2022,Bahrain,16.0
LAT,10.0,SOFT,10.0,19.0,102.678,0,0.0,2022,Bahrain,16.0
LAT,11.0,SOFT,11.0,19.0,102.822,0,0.0,2022,Bahrain,16.0
LAT,12.0,SOFT,12.0,19.0,103.492,0,0.0,2022,Bahrain,16.0
LAT,13.0,SOFT,13.0,19.0,103.36,0,0.0,2022,Bahrain,16.0
LAT,14.0,SOFT,14.0,18.0,105.315,1,0.0,2022,Bahrain,16.0
LAT,15.0,SOFT,1.0,20.0,118.534,0,0.0,2022,Bahrain,16.0
LAT,16.0,SOFT,2.0,20.0,99.239,0,0.0,2022,Bahrain,16.0
LAT,17.0,SOFT,3.0,20.0,99.655,0,0.0,2022,Bahrain,16.0
LAT,18.0,SOFT,4.0,19.0,100.272,0,0.0,2022,Bahrain,16.0
LAT,19.0,SOFT,5.0,18.0,100.245,0,0.0,2022,Bahrain,16.0
LAT,20.0,SOFT,6.0,17.0,100.489,0,0.0,2022,Bahrain,16.0
LAT,21.0,SOFT,7.0,18.0,101.735,0,0.0,2022,Bahrain,16.0
LAT,22.0,SOFT,8.0,18.0,101.036,0,0.0,2022,Bahrain,16.0
LAT,23.0,SOFT,9.0,18.0,101.284,0,0.0,2022,Bahrain,16.0
LAT,24.0,SOFT,10.0,18.0,101.118,0,0.0,2022,Bahrain,16.0
LAT,25.0,SOFT,11.0,17.0,101.031,0,0.0,2022,Bahrain,16.0
LAT,26.0,SOFT,12.0,17.0,101.161,0,0.0,2022,Bahrain,16.0
LAT,27.0,SOFT,13.0,17.0,101.182,0,0.0,2022,Bahrain,16.0
LAT,28.0,SOFT,14.0,18.0,102.81,0,0.0,2022,Bahrain,16.0
LAT,29.0,SOFT,15.0,18.0,102.572,0,0.0,2022,Bahrain,16.0
LAT,30.0,SOFT,16.0,18.0,102.106,0,0.0,2022,Bahrain,16.0
LAT,31.0,SOFT,17.0,18.0,101.888,0,0.0,2022,Bahrain,16.0
LAT,32.0,SOFT,18.0,20.0,104.577,1,0.0,2022,Bahrain,16.0
LAT,33.0,MEDIUM,1.0,20.0,123.32,0,0.0,2022,Bahrain,16.0
LAT,34.0,MEDIUM,2.0,20.0,99.285,0,0.0,2022,Bahrain,16.0
LAT,35.0,MEDIUM,3.0,20.0,99.763,0,0.0,2022,Bahrain,16.0
LAT,36.0,MEDIUM,4.0,20.0,99.455,0,0.0,2022,Bahrain,16.0
LAT,37.0,MEDIUM,5.0,20.0,101.384,0,0.0,2022,Bahrain,16.0
LAT,38.0,MEDIUM,6.0,19.0,99.891,0,0.0,2022,Bahrain,16.0
LAT,39.0,MEDIUM,7.0,19.0,100.258,0,0.0,2022,Bahrain,16.0
LAT,40.0,MEDIUM,8.0,19.0,100.219,0,0.0,2022,Bahrain,16.0
LAT,41.0,MEDIUM,9.0,19.0,99.797,0,0.0,2022,Bahrain,16.0
LAT,42.0,MEDIUM,10.0,18.0,99.937,0,0.0,2022,Bahrain,16.0
LAT,43.0,MEDIUM,11.0,19.0,100.899,0,0.0,2022,Bahrain,16.0
LAT,44.0,MEDIUM,12.0,19.0,111.928,0,0.0,2022,Bahrain,16.0
LAT,45.0,MEDIUM,13.0,17.0,131.603,1,0.0,2022,Bahrain,16.0
LAT,46.0,SOFT,4.0,18.0,138.301,0,0.0,2022,Bahrain,16.0
LAT,47.0,SOFT,5.0,18.0,120.201,0,0.0,2022,Bahrain,16.0
LAT,48.0,SOFT,6.0,18.0,113.396,0,0.0,2022,Bahrain,16.0
LAT,49.0,SOFT,7.0,18.0,98.651,0,0.0,2022,Bahrain,16.0
LAT,50.0,SOFT,8.0,18.0,98.335,0,0.0,2022,Bahrain,16.0
LAT,51.0,SOFT,9.0,18.0,98.251,0,0.0,2022,Bahrain,16.0
LAT,52.0,SOFT,10.0,18.0,98.466,0,0.0,2022,Bahrain,16.0
LAT,53.0,SOFT,11.0,18.0,98.452,0,0.0,2022,Bahrain,16.0
LAT,54.0,SOFT,12.0,18.0,98.707,0,0.0,2022,Bahrain,16.0
LAT,55.0,SOFT,13.0,17.0,99.119,0,0.0,2022,Bahrain,16.0
LAT,56.0,SOFT,14.0,17.0,99.145,0,0.0,2022,Bahrain,16.0
LAT,57.0,SOFT,15.0,16.0,99.876,0,0.0,2022,Bahrain,16.0
RUS,1.0,SOFT,4.0,7.0,103.445,0,0.0,2022,Bahrain,4.0
RUS,2.0,SOFT,5.0,7.0,99.694,0,0.0,2022,Bahrain,4.0
RUS,3.0,SOFT,6.0,7.0,99.725,0,0.0,2022,Bahrain,4.0
RUS,4.0,SOFT,7.0,7.0,99.772,0,0.0,2022,Bahrain,4.0
RUS,5.0,SOFT,8.0,6.0,99.041,0,0.0,2022,Bahrain,4.0
RUS,6.0,SOFT,9.0,6.0,99.605,0,0.0,2022,Bahrain,4.0
RUS,7.0,SOFT,10.0,6.0,99.934,0,0.0,2022,Bahrain,4.0
RUS,8.0,SOFT,11.0,6.0,99.729,0,0.0,2022,Bahrain,4.0
RUS,9.0,SOFT,12.0,6.0,100.158,0,0.0,2022,Bahrain,4.0
RUS,10.0,SOFT,13.0,6.0,100.236,0,0.0,2022,Bahrain,4.0
RUS,11.0,SOFT,14.0,6.0,100.358,0,0.0,2022,Bahrain,4.0
RUS,12.0,SOFT,15.0,5.0,100.215,0,0.0,2022,Bahrain,4.0
RUS,13.0,SOFT,16.0,5.0,100.448,0,0.0,2022,Bahrain,4.0
RUS,14.0,SOFT,17.0,5.0,100.409,0,0.0,2022,Bahrain,4.0
RUS,15.0,SOFT,18.0,3.0,103.097,1,0.0,2022,Bahrain,4.0
RUS,16.0,HARD,2.0,6.0,122.37,0,0.0,2022,Bahrain,4.0
RUS,17.0,HARD,3.0,6.0,98.089,0,0.0,2022,Bahrain,4.0
RUS,18.0,HARD,4.0,6.0,98.114,0,0.0,2022,Bahrain,4.0
RUS,19.0,HARD,5.0,6.0,98.307,0,0.0,2022,Bahrain,4.0
RUS,20.0,HARD,6.0,6.0,98.148,0,0.0,2022,Bahrain,4.0
RUS,21.0,HARD,7.0,6.0,98.633,0,0.0,2022,Bahrain,4.0
RUS,22.0,HARD,8.0,6.0,98.567,0,0.0,2022,Bahrain,4.0
RUS,23.0,HARD,9.0,6.0,98.896,0,0.0,2022,Bahrain,4.0
RUS,24.0,HARD,10.0,6.0,99.286,0,0.0,2022,Bahrain,4.0
RUS,25.0,HARD,11.0,6.0,99.165,0,0.0,2022,Bahrain,4.0
RUS,26.0,HARD,12.0,6.0,99.306,0,0.0,2022,Bahrain,4.0
RUS,27.0,HARD,13.0,6.0,99.096,0,0.0,2022,Bahrain,4.0
RUS,28.0,HARD,14.0,5.0,99.297,0,0.0,2022,Bahrain,4.0
RUS,29.0,HARD,15.0,5.0,99.274,0,0.0,2022,Bahrain,4.0
RUS,30.0,HARD,16.0,5.0,99.454,0,0.0,2022,Bahrain,4.0
RUS,31.0,HARD,17.0,5.0,99.438,0,0.0,2022,Bahrain,4.0
RUS,32.0,HARD,18.0,5.0,99.738,0,0.0,2022,Bahrain,4.0
RUS,33.0,HARD,19.0,5.0,101.83,1,0.0,2022,Bahrain,4.0
RUS,34.0,MEDIUM,1.0,7.0,119.638,0,0.0,2022,Bahrain,4.0
RUS,35.0,MEDIUM,2.0,6.0,97.216,0,0.0,2022,Bahrain,4.0
RUS,36.0,MEDIUM,3.0,6.0,97.527,0,0.0,2022,Bahrain,4.0
RUS,37.0,MEDIUM,4.0,6.0,97.753,0,0.0,2022,Bahrain,4.0
RUS,38.0,MEDIUM,5.0,6.0,97.792,0,0.0,2022,Bahrain,4.0
RUS,39.0,MEDIUM,6.0,6.0,97.721,0,0.0,2022,Bahrain,4.0
RUS,40.0,MEDIUM,7.0,6.0,97.79,0,0.0,2022,Bahrain,4.0
RUS,41.0,MEDIUM,8.0,6.0,97.783,0,0.0,2022,Bahrain,4.0
RUS,42.0,MEDIUM,9.0,6.0,98.111,0,0.0,2022,Bahrain,4.0
RUS,43.0,MEDIUM,10.0,6.0,98.747,0,0.0,2022,Bahrain,4.0
RUS,44.0,MEDIUM,11.0,6.0,98.297,0,0.0,2022,Bahrain,4.0
RUS,45.0,MEDIUM,12.0,5.0,108.988,1,0.0,2022,Bahrain,4.0
RUS,47.0,SOFT,4.0,6.0,120.695,0,0.0,2022,Bahrain,4.0
RUS,48.0,SOFT,5.0,6.0,120.209,0,0.0,2022,Bahrain,4.0
RUS,49.0,SOFT,6.0,6.0,138.375,0,0.0,2022,Bahrain,4.0
RUS,50.0,SOFT,7.0,6.0,138.204,0,0.0,2022,Bahrain,4.0
RUS,51.0,SOFT,8.0,6.0,96.94,0,0.0,2022,Bahrain,4.0
RUS,52.0,SOFT,9.0,6.0,96.529,0,0.0,2022,Bahrain,4.0
RUS,53.0,SOFT,10.0,6.0,96.367,0,0.0,2022,Bahrain,4.0
RUS,54.0,SOFT,11.0,5.0,96.592,0,0.0,2022,Bahrain,4.0
RUS,55.0,SOFT,12.0,5.0,96.395,0,0.0,2022,Bahrain,4.0
RUS,56.0,SOFT,13.0,5.0,96.302,0,0.0,2022,Bahrain,4.0
RUS,57.0,SOFT,14.0,4.0,97.401,0,0.0,2022,Bahrain,4.0
BOT,1.0,SOFT,4.0,14.0,109.195,0,0.0,2022,Bahrain,6.0
BOT,2.0,SOFT,5.0,14.0,100.817,0,0.0,2022,Bahrain,6.0
BOT,3.0,SOFT,6.0,14.0,100.732,0,0.0,2022,Bahrain,6.0
BOT,4.0,SOFT,7.0,14.0,101.127,0,0.0,2022,Bahrain,6.0
BOT,5.0,SOFT,8.0,14.0,101.817,0,0.0,2022,Bahrain,6.0
BOT,6.0,SOFT,9.0,13.0,101.003,0,0.0,2022,Bahrain,6.0
BOT,7.0,SOFT,10.0,13.0,101.287,0,0.0,2022,Bahrain,6.0
BOT,8.0,SOFT,11.0,12.0,101.606,0,0.0,2022,Bahrain,6.0
BOT,9.0,SOFT,12.0,12.0,100.586,0,0.0,2022,Bahrain,6.0
BOT,10.0,SOFT,13.0,12.0,100.788,0,0.0,2022,Bahrain,6.0
BOT,11.0,SOFT,14.0,12.0,101.075,0,0.0,2022,Bahrain,6.0
BOT,12.0,SOFT,15.0,10.0,101.073,0,0.0,2022,Bahrain,6.0
BOT,13.0,SOFT,16.0,10.0,101.291,0,0.0,2022,Bahrain,6.0
BOT,14.0,SOFT,17.0,11.0,103.736,1,0.0,2022,Bahrain,6.0
BOT,15.0,MEDIUM,1.0,17.0,120.669,0,0.0,2022,Bahrain,6.0
BOT,16.0,MEDIUM,2.0,16.0,100.259,0,0.0,2022,Bahrain,6.0
BOT,17.0,MEDIUM,3.0,13.0,100.103,0,0.0,2022,Bahrain,6.0
BOT,18.0,MEDIUM,4.0,13.0,98.901,0,0.0,2022,Bahrain,6.0
BOT,19.0,MEDIUM,5.0,12.0,98.831,0,0.0,2022,Bahrain,6.0
BOT,20.0,MEDIUM,6.0,12.0,98.96,0,0.0,2022,Bahrain,6.0
BOT,21.0,MEDIUM,7.0,12.0,99.279,0,0.0,2022,Bahrain,6.0
BOT,22.0,MEDIUM,8.0,12.0,99.774,0,0.0,2022,Bahrain,6.0
BOT,23.0,MEDIUM,9.0,12.0,99.339,0,0.0,2022,Bahrain,6.0
BOT,24.0,MEDIUM,10.0,12.0,99.65,0,0.0,2022,Bahrain,6.0
BOT,25.0,MEDIUM,11.0,12.0,100.341,0,0.0,2022,Bahrain,6.0
BOT,26.0,MEDIUM,12.0,11.0,99.777,0,0.0,2022,Bahrain,6.0
BOT,27.0,MEDIUM,13.0,11.0,100.338,0,0.0,2022,Bahrain,6.0
BOT,28.0,MEDIUM,14.0,11.0,99.88,0,0.0,2022,Bahrain,6.0
BOT,29.0,MEDIUM,15.0,10.0,100.641,0,0.0,2022,Bahrain,6.0
BOT,30.0,MEDIUM,16.0,10.0,99.268,0,0.0,2022,Bahrain,6.0
BOT,31.0,MEDIUM,17.0,9.0,99.806,0,0.0,2022,Bahrain,6.0
BOT,32.0,MEDIUM,18.0,9.0,99.65,0,0.0,2022,Bahrain,6.0
BOT,33.0,MEDIUM,19.0,8.0,99.815,0,0.0,2022,Bahrain,6.0
BOT,34.0,MEDIUM,20.0,8.0,99.739,0,0.0,2022,Bahrain,6.0
BOT,35.0,MEDIUM,21.0,7.0,99.619,0,0.0,2022,Bahrain,6.0
BOT,36.0,MEDIUM,22.0,7.0,102.299,1,0.0,2022,Bahrain,6.0
BOT,37.0,MEDIUM,1.0,13.0,118.899,0,0.0,2022,Bahrain,6.0
BOT,38.0,MEDIUM,2.0,12.0,96.641,0,0.0,2022,Bahrain,6.0
BOT,39.0,MEDIUM,3.0,12.0,97.067,0,0.0,2022,Bahrain,6.0
BOT,40.0,MEDIUM,4.0,12.0,97.497,0,0.0,2022,Bahrain,6.0
BOT,41.0,MEDIUM,5.0,12.0,97.687,0,0.0,2022,Bahrain,6.0
BOT,42.0,MEDIUM,6.0,11.0,97.498,0,0.0,2022,Bahrain,6.0
BOT,43.0,MEDIUM,7.0,11.0,98.681,0,0.0,2022,Bahrain,6.0
BOT,44.0,MEDIUM,8.0,9.0,98.386,0,0.0,2022,Bahrain,6.0
BOT,45.0,MEDIUM,9.0,8.0,121.176,1,0.0,2022,Bahrain,6.0
BOT,46.0,SOFT,3.0,8.0,148.768,0,0.0,2022,Bahrain,6.0
BOT,47.0,SOFT,4.0,8.0,106.02,0,0.0,2022,Bahrain,6.0
BOT,48.0,SOFT,5.0,8.0,105.024,0,0.0,2022,Bahrain,6.0
BOT,49.0,SOFT,6.0,8.0,126.323,0,0.0,2022,Bahrain,6.0
BOT,50.0,SOFT,7.0,8.0,136.411,0,0.0,2022,Bahrain,6.0
BOT,51.0,SOFT,8.0,8.0,97.589,0,0.0,2022,Bahrain,6.0
BOT,52.0,SOFT,9.0,8.0,97.06,0,0.0,2022,Bahrain,6.0
BOT,53.0,SOFT,10.0,8.0,96.599,0,0.0,2022,Bahrain,6.0
BOT,54.0,SOFT,11.0,7.0,96.959,0,0.0,2022,Bahrain,6.0
BOT,55.0,SOFT,12.0,7.0,97.217,0,0.0,2022,Bahrain,6.0
BOT,56.0,SOFT,13.0,7.0,97.26,0,0.0,2022,Bahrain,6.0
BOT,57.0,SOFT,14.0,6.0,97.87,0,0.0,2022,Bahrain,6.0
VER,1.0,MEDIUM,1.0,2.0,90.342,0,0.0,2022,Australia,2.0
VER,2.0,MEDIUM,2.0,2.0,84.831,0,0.0,2022,Australia,2.0
VER,3.0,MEDIUM,3.0,2.0,106.175,0,0.0,2022,Australia,2.0
VER,4.0,MEDIUM,4.0,2.0,134.272,0,0.0,2022,Australia,2.0
VER,5.0,MEDIUM,5.0,2.0,133.529,0,0.0,2022,Australia,2.0
VER,6.0,MEDIUM,6.0,2.0,144.064,0,0.0,2022,Australia,2.0
VER,7.0,MEDIUM,7.0,2.0,84.167,0,0.0,2022,Australia,2.0
VER,8.0,MEDIUM,8.0,2.0,83.966,0,0.0,2022,Australia,2.0
VER,9.0,MEDIUM,9.0,2.0,83.78,0,0.0,2022,Australia,2.0
VER,10.0,MEDIUM,10.0,2.0,83.754,0,0.0,2022,Australia,2.0
VER,11.0,MEDIUM,11.0,2.0,84.634,0,0.0,2022,Australia,2.0
VER,12.0,MEDIUM,12.0,2.0,84.554,0,0.0,2022,Australia,2.0
VER,13.0,MEDIUM,13.0,2.0,84.658,0,0.0,2022,Australia,2.0
VER,14.0,MEDIUM,14.0,2.0,84.525,0,0.0,2022,Australia,2.0
VER,15.0,MEDIUM,15.0,2.0,84.556,0,0.0,2022,Australia,2.0
VER,16.0,MEDIUM,16.0,2.0,84.572,0,0.0,2022,Australia,2.0
VER,17.0,MEDIUM,17.0,2.0,84.508,0,0.0,2022,Australia,2.0
VER,18.0,MEDIUM,18.0,7.0,99.466,1,0.0,2022,Australia,2.0
VER,19.0,HARD,1.0,7.0,89.085,0,0.0,2022,Australia,2.0
VER,20.0,HARD,2.0,5.0,83.217,0,0.0,2022,Australia,2.0
VER,21.0,HARD,3.0,4.0,83.129,0,0.0,2022,Australia,2.0
VER,22.0,HARD,4.0,3.0,82.533,0,0.0,2022,Australia,2.0
VER,23.0,HARD,5.0,2.0,89.765,0,0.0,2022,Australia,2.0
VER,25.0,HARD,7.0,2.0,149.037,0,0.0,2022,Australia,2.0
VER,27.0,HARD,9.0,2.0,86.331,0,0.0,2022,Australia,2.0
VER,28.0,HARD,10.0,2.0,84.187,0,0.0,2022,Australia,2.0
VER,29.0,HARD,11.0,2.0,83.448,0,0.0,2022,Australia,2.0
VER,30.0,HARD,12.0,2.0,83.125,0,0.0,2022,Australia,2.0
VER,31.0,HARD,13.0,2.0,82.981,0,0.0,2022,Australia,2.0
VER,32.0,HARD,14.0,2.0,82.657,0,0.0,2022,Australia,2.0
VER,33.0,HARD,15.0,2.0,82.752,0,0.0,2022,Australia,2.0
VER,34.0,HARD,16.0,2.0,82.46,0,0.0,2022,Australia,2.0
VER,35.0,HARD,17.0,2.0,82.846,0,0.0,2022,Australia,2.0
VER,36.0,HARD,18.0,2.0,82.335,0,0.0,2022,Australia,2.0
VER,37.0,HARD,19.0,2.0,81.677,0,0.0,2022,Australia,2.0
VER,38.0,HARD,20.0,2.0,83.306,0,0.0,2022,Australia,2.0
GAS,1.0,MEDIUM,1.0,9.0,96.461,0,0.0,2022,Australia,9.0
GAS,2.0,MEDIUM,2.0,9.0,86.622,0,0.0,2022,Australia,9.0
GAS,3.0,MEDIUM,3.0,9.0,112.958,0,0.0,2022,Australia,9.0
GAS,4.0,MEDIUM,4.0,9.0,133.647,0,0.0,2022,Australia,9.0
GAS,5.0,MEDIUM,5.0,9.0,135.616,0,0.0,2022,Australia,9.0
GAS,6.0,MEDIUM,6.0,9.0,131.756,0,0.0,2022,Australia,9.0
GAS,7.0,MEDIUM,7.0,9.0,86.503,0,0.0,2022,Australia,9.0
GAS,8.0,MEDIUM,8.0,9.0,86.125,0,0.0,2022,Australia,9.0
GAS,9.0,MEDIUM,9.0,9.0,85.603,0,0.0,2022,Australia,9.0
GAS,10.0,MEDIUM,10.0,9.0,85.297,0,0.0,2022,Australia,9.0
GAS,11.0,MEDIUM,11.0,9.0,85.314,0,0.0,2022,Australia,9.0
GAS,12.0,MEDIUM,12.0,9.0,85.377,0,0.0,2022,Australia,9.0
GAS,13.0,MEDIUM,13.0,9.0,85.399,0,0.0,2022,Australia,9.0
GAS,14.0,MEDIUM,14.0,9.0,85.773,0,0.0,2022,Australia,9.0
GAS,15.0,MEDIUM,15.0,9.0,85.716,0,0.0,2022,Australia,9.0
GAS,16.0,MEDIUM,16.0,9.0,85.813,0,0.0,2022,Australia,9.0
GAS,17.0,MEDIUM,17.0,8.0,86.06,0,0.0,2022,Australia,9.0
GAS,18.0,MEDIUM,18.0,8.0,85.194,0,0.0,2022,Australia,9.0
GAS,19.0,MEDIUM,19.0,9.0,87.177,0,0.0,2022,Australia,9.0
GAS,20.0,MEDIUM,20.0,8.0,85.79,0,0.0,2022,Australia,9.0
GAS,21.0,MEDIUM,21.0,15.0,100.851,1,0.0,2022,Australia,9.0
GAS,22.0,HARD,1.0,15.0,90.21,0,0.0,2022,Australia,9.0
GAS,23.0,HARD,2.0,14.0,110.785,0,0.0,2022,Australia,9.0
GAS,24.0,HARD,3.0,14.0,119.812,0,0.0,2022,Australia,9.0
GAS,26.0,HARD,5.0,14.0,143.987,0,0.0,2022,Australia,9.0
GAS,27.0,HARD,6.0,14.0,86.977,0,0.0,2022,Australia,9.0
GAS,28.0,HARD,7.0,14.0,86.828,0,0.0,2022,Australia,9.0
GAS,29.0,HARD,8.0,14.0,84.895,0,0.0,2022,Australia,9.0
GAS,30.0,HARD,9.0,14.0,84.547,0,0.0,2022,Australia,9.0
GAS,31.0,HARD,10.0,14.0,84.882,0,0.0,2022,Australia,9.0
GAS,32.0,HARD,11.0,14.0,84.365,0,0.0,2022,Australia,9.0
GAS,33.0,HARD,12.0,14.0,84.566,0,0.0,2022,Australia,9.0
GAS,34.0,HARD,13.0,14.0,84.396,0,0.0,2022,Australia,9.0
GAS,35.0,HARD,14.0,14.0,84.932,0,0.0,2022,Australia,9.0
GAS,36.0,HARD,15.0,14.0,84.809,0,0.0,2022,Australia,9.0
GAS,37.0,HARD,16.0,14.0,84.66,0,0.0,2022,Australia,9.0
GAS,38.0,HARD,17.0,14.0,84.489,0,0.0,2022,Australia,9.0
GAS,39.0,HARD,18.0,11.0,112.82,0,0.0,2022,Australia,9.0
GAS,40.0,HARD,19.0,10.0,88.838,0,0.0,2022,Australia,9.0
GAS,41.0,HARD,20.0,10.0,83.686,0,0.0,2022,Australia,9.0
GAS,42.0,HARD,21.0,10.0,84.056,0,0.0,2022,Australia,9.0
GAS,43.0,HARD,22.0,10.0,83.759,0,0.0,2022,Australia,9.0
GAS,44.0,HARD,23.0,10.0,84.208,0,0.0,2022,Australia,9.0
GAS,45.0,HARD,24.0,10.0,84.487,0,0.0,2022,Australia,9.0
GAS,46.0,HARD,25.0,10.0,83.82,0,0.0,2022,Australia,9.0
GAS,47.0,HARD,26.0,10.0,83.828,0,0.0,2022,Australia,9.0
GAS,48.0,HARD,27.0,10.0,83.399,0,0.0,2022,Australia,9.0
GAS,49.0,HARD,28.0,10.0,83.59,0,0.0,2022,Australia,9.0
GAS,50.0,HARD,29.0,9.0,83.762,0,0.0,2022,Australia,9.0
GAS,51.0,HARD,30.0,9.0,83.261,0,0.0,2022,Australia,9.0
GAS,52.0,HARD,31.0,9.0,82.731,0,0.0,2022,Australia,9.0
GAS,53.0,HARD,32.0,10.0,85.619,0,0.0,2022,Australia,9.0
GAS,54.0,HARD,33.0,10.0,83.531,0,0.0,2022,Australia,9.0
GAS,55.0,HARD,34.0,10.0,83.182,0,0.0,2022,Australia,9.0
GAS,56.0,HARD,35.0,10.0,83.031,0,0.0,2022,Australia,9.0
GAS,57.0,HARD,36.0,10.0,83.302,0,0.0,2022,Australia,9.0
GAS,58.0,HARD,37.0,9.0,83.333,0,0.0,2022,Australia,9.0
PER,1.0,MEDIUM,1.0,4.0,92.265,0,0.0,2022,Australia,2.0
PER,2.0,MEDIUM,2.0,4.0,85.29,0,0.0,2022,Australia,2.0
PER,3.0,MEDIUM,3.0,4.0,110.369,0,0.0,2022,Australia,2.0
PER,4.0,MEDIUM,4.0,4.0,132.427,0,0.0,2022,Australia,2.0
PER,5.0,MEDIUM,5.0,4.0,133.146,0,0.0,2022,Australia,2.0
PER,6.0,MEDIUM,6.0,4.0,140.703,0,0.0,2022,Australia,2.0
PER,7.0,MEDIUM,7.0,4.0,85.125,0,0.0,2022,Australia,2.0
PER,8.0,MEDIUM,8.0,4.0,84.69,0,0.0,2022,Australia,2.0
PER,9.0,MEDIUM,9.0,4.0,85.126,0,0.0,2022,Australia,2.0
PER,10.0,MEDIUM,10.0,3.0,84.294,0,0.0,2022,Australia,2.0
PER,11.0,MEDIUM,11.0,3.0,84.501,0,0.0,2022,Australia,2.0
PER,12.0,MEDIUM,12.0,3.0,84.46,0,0.0,2022,Australia,2.0
PER,13.0,MEDIUM,13.0,3.0,84.608,0,0.0,2022,Australia,2.0
PER,14.0,MEDIUM,14.0,3.0,84.561,0,0.0,2022,Australia,2.0
PER,15.0,MEDIUM,15.0,3.0,84.699,0,0.0,2022,Australia,2.0
PER,16.0,MEDIUM,16.0,3.0,84.913,0,0.0,2022,Australia,2.0
PER,17.0,MEDIUM,17.0,3.0,85.267,0,0.0,2022,Australia,2.0
PER,18.0,MEDIUM,18.0,2.0,84.964,0,0.0,2022,Australia,2.0
PER,19.0,MEDIUM,19.0,2.0,85.454,0,0.0,2022,Australia,2.0
PER,20.0,MEDIUM,20.0,6.0,99.099,1,0.0,2022,Australia,2.0
PER,21.0,HARD,1.0,7.0,91.675,0,0.0,2022,Australia,2.0
PER,22.0,HARD,2.0,6.0,83.645,0,0.0,2022,Australia,2.0
PER,23.0,HARD,3.0,5.0,95.058,0,0.0,2022,Australia,2.0
PER,24.0,HARD,4.0,5.0,137.748,0,0.0,2022,Australia,2.0
PER,25.0,HARD,5.0,5.0,149.04,0,0.0,2022,Australia,2.0
PER,27.0,HARD,7.0,5.0,86.867,0,0.0,2022,Australia,2.0
PER,28.0,HARD,8.0,5.0,84.832,0,0.0,2022,Australia,2.0
PER,29.0,HARD,9.0,5.0,84.018,0,0.0,2022,Australia,2.0
PER,30.0,HARD,10.0,4.0,83.115,0,0.0,2022,Australia,2.0
PER,31.0,HARD,11.0,4.0,82.805,0,0.0,2022,Australia,2.0
PER,32.0,HARD,12.0,4.0,82.718,0,0.0,2022,Australia,2.0
PER,33.0,HARD,13.0,4.0,82.635,0,0.0,2022,Australia,2.0
PER,34.0,HARD,14.0,4.0,82.769,0,0.0,2022,Australia,2.0
PER,35.0,HARD,15.0,4.0,83.205,0,0.0,2022,Australia,2.0
PER,36.0,HARD,16.0,3.0,83.525,0,0.0,2022,Australia,2.0
PER,37.0,HARD,17.0,3.0,82.236,0,0.0,2022,Australia,2.0
PER,38.0,HARD,18.0,3.0,82.406,0,0.0,2022,Australia,2.0
PER,39.0,HARD,19.0,2.0,103.328,0,0.0,2022,Australia,2.0
PER,40.0,HARD,20.0,2.0,96.348,0,0.0,2022,Australia,2.0
PER,41.0,HARD,21.0,2.0,82.279,0,0.0,2022,Australia,2.0
PER,42.0,HARD,22.0,2.0,82.189,0,0.0,2022,Australia,2.0
PER,43.0,HARD,23.0,2.0,82.035,0,0.0,2022,Australia,2.0
PER,44.0,HARD,24.0,2.0,81.93,0,0.0,2022,Australia,2.0
PER,45.0,HARD,25.0,2.0,81.761,0,0.0,2022,Australia,2.0
PER,46.0,HARD,26.0,2.0,81.971,0,0.0,2022,Australia,2.0
PER,47.0,HARD,27.0,2.0,82.161,0,0.0,2022,Australia,2.0
PER,48.0,HARD,28.0,2.0,81.887,0,0.0,2022,Australia,2.0
PER,49.0,HARD,29.0,2.0,81.924,0,0.0,2022,Australia,2.0
PER,50.0,HARD,30.0,2.0,83.974,0,0.0,2022,Australia,2.0
PER,51.0,HARD,31.0,2.0,82.425,0,0.0,2022,Australia,2.0
PER,52.0,HARD,32.0,2.0,81.909,0,0.0,2022,Australia,2.0
PER,53.0,HARD,33.0,2.0,81.753,0,0.0,2022,Australia,2.0
PER,54.0,HARD,34.0,2.0,81.959,0,0.0,2022,Australia,2.0
PER,55.0,HARD,35.0,2.0,81.911,0,0.0,2022,Australia,2.0
PER,56.0,HARD,36.0,2.0,81.791,0,0.0,2022,Australia,2.0
PER,57.0,HARD,37.0,2.0,81.69,0,0.0,2022,Australia,2.0
PER,58.0,HARD,38.0,2.0,81.094,0,0.0,2022,Australia,2.0
ALO,1.0,HARD,1.0,10.0,97.135,0,0.0,2022,Australia,17.0
ALO,2.0,HARD,2.0,10.0,87.059,0,0.0,2022,Australia,17.0
ALO,3.0,HARD,3.0,10.0,113.519,0,0.0,2022,Australia,17.0
ALO,4.0,HARD,4.0,10.0,132.596,0,0.0,2022,Australia,17.0
ALO,5.0,HARD,5.0,10.0,136.328,0,0.0,2022,Australia,17.0
ALO,6.0,HARD,6.0,10.0,130.907,0,0.0,2022,Australia,17.0
ALO,7.0,HARD,7.0,10.0,87.049,0,0.0,2022,Australia,17.0
ALO,8.0,HARD,8.0,10.0,85.943,0,0.0,2022,Australia,17.0
ALO,9.0,HARD,9.0,10.0,85.402,0,0.0,2022,Australia,17.0
ALO,10.0,HARD,10.0,10.0,85.246,0,0.0,2022,Australia,17.0
ALO,11.0,HARD,11.0,10.0,85.29,0,0.0,2022,Australia,17.0
ALO,12.0,HARD,12.0,10.0,85.245,0,0.0,2022,Australia,17.0
ALO,13.0,HARD,13.0,10.0,85.963,0,0.0,2022,Australia,17.0
ALO,14.0,HARD,14.0,10.0,85.597,0,0.0,2022,Australia,17.0
ALO,15.0,HARD,15.0,10.0,85.544,0,0.0,2022,Australia,17.0
ALO,16.0,HARD,16.0,10.0,85.547,0,0.0,2022,Australia,17.0
ALO,17.0,HARD,17.0,9.0,86.209,0,0.0,2022,Australia,17.0
ALO,18.0,HARD,18.0,9.0,85.065,0,0.0,2022,Australia,17.0
ALO,19.0,HARD,19.0,8.0,86.034,0,0.0,2022,Australia,17.0
ALO,20.0,HARD,20.0,7.0,84.792,0,0.0,2022,Australia,17.0
ALO,21.0,HARD,21.0,5.0,84.639,0,0.0,2022,Australia,17.0
ALO,22.0,HARD,22.0,5.0,84.626,0,0.0,2022,Australia,17.0
ALO,23.0,HARD,23.0,4.0,92.573,0,0.0,2022,Australia,17.0
ALO,24.0,HARD,24.0,4.0,145.101,0,0.0,2022,Australia,17.0
ALO,25.0,HARD,25.0,4.0,148.144,0,0.0,2022,Australia,17.0
ALO,27.0,HARD,27.0,4.0,87.228,0,0.0,2022,Australia,17.0
ALO,28.0,HARD,28.0,4.0,84.873,0,0.0,2022,Australia,17.0
ALO,29.0,HARD,29.0,4.0,84.205,0,0.0,2022,Australia,17.0
ALO,30.0,HARD,30.0,5.0,85.427,0,0.0,2022,Australia,17.0
ALO,31.0,HARD,31.0,6.0,85.16,0,0.0,2022,Australia,17.0
ALO,32.0,HARD,32.0,6.0,84.131,0,0.0,2022,Australia,17.0
ALO,33.0,HARD,33.0,6.0,84.259,0,0.0,2022,Australia,17.0
ALO,34.0,HARD,34.0,6.0,84.205,0,0.0,2022,Australia,17.0
ALO,35.0,HARD,35.0,6.0,84.151,0,0.0,2022,Australia,17.0
ALO,36.0,HARD,36.0,6.0,84.166,0,0.0,2022,Australia,17.0
ALO,37.0,HARD,37.0,6.0,84.467,0,0.0,2022,Australia,17.0
ALO,38.0,HARD,38.0,6.0,84.3,0,0.0,2022,Australia,17.0
ALO,39.0,HARD,39.0,12.0,122.407,1,0.0,2022,Australia,17.0
ALO,40.0,MEDIUM,1.0,13.0,90.957,0,0.0,2022,Australia,17.0
ALO,41.0,MEDIUM,2.0,13.0,83.771,0,0.0,2022,Australia,17.0
ALO,42.0,MEDIUM,3.0,13.0,83.618,0,0.0,2022,Australia,17.0
ALO,43.0,MEDIUM,4.0,13.0,83.881,0,0.0,2022,Australia,17.0
ALO,44.0,MEDIUM,5.0,13.0,83.53,0,0.0,2022,Australia,17.0
ALO,45.0,MEDIUM,6.0,12.0,84.146,0,0.0,2022,Australia,17.0
ALO,46.0,MEDIUM,7.0,12.0,83.834,0,0.0,2022,Australia,17.0
ALO,47.0,MEDIUM,8.0,12.0,83.811,0,0.0,2022,Australia,17.0
ALO,48.0,MEDIUM,9.0,12.0,83.691,0,0.0,2022,Australia,17.0
ALO,49.0,MEDIUM,10.0,12.0,84.618,0,0.0,2022,Australia,17.0
ALO,50.0,MEDIUM,11.0,12.0,84.95,0,0.0,2022,Australia,17.0
ALO,51.0,MEDIUM,12.0,12.0,85.328,0,0.0,2022,Australia,17.0
ALO,52.0,MEDIUM,13.0,14.0,86.95,0,0.0,2022,Australia,17.0
ALO,53.0,MEDIUM,14.0,17.0,100.863,1,0.0,2022,Australia,17.0
ALO,54.0,MEDIUM,1.0,17.0,92.889,0,0.0,2022,Australia,17.0
ALO,55.0,MEDIUM,2.0,17.0,81.322,0,0.0,2022,Australia,17.0
ALO,56.0,MEDIUM,3.0,17.0,90.367,0,0.0,2022,Australia,17.0
ALO,57.0,MEDIUM,4.0,17.0,80.846,0,0.0,2022,Australia,17.0
LEC,1.0,MEDIUM,1.0,1.0,89.695,0,0.0,2022,Australia,1.0
LEC,2.0,MEDIUM,2.0,1.0,84.746,0,0.0,2022,Australia,1.0
LEC,3.0,MEDIUM,3.0,1.0,103.345,0,0.0,2022,Australia,1.0
LEC,4.0,MEDIUM,4.0,1.0,135.102,0,0.0,2022,Australia,1.0
LEC,5.0,MEDIUM,5.0,1.0,134.936,0,0.0,2022,Australia,1.0
LEC,6.0,MEDIUM,6.0,1.0,144.953,0,0.0,2022,Australia,1.0
LEC,7.0,MEDIUM,7.0,1.0,83.957,0,0.0,2022,Australia,1.0
LEC,8.0,MEDIUM,8.0,1.0,83.589,0,0.0,2022,Australia,1.0
LEC,9.0,MEDIUM,9.0,1.0,83.39,0,0.0,2022,Australia,1.0
LEC,10.0,MEDIUM,10.0,1.0,83.36,0,0.0,2022,Australia,1.0
LEC,11.0,MEDIUM,11.0,1.0,83.356,0,0.0,2022,Australia,1.0
LEC,12.0,MEDIUM,12.0,1.0,83.325,0,0.0,2022,Australia,1.0
LEC,13.0,MEDIUM,13.0,1.0,83.585,0,0.0,2022,Australia,1.0
LEC,14.0,MEDIUM,14.0,1.0,83.905,0,0.0,2022,Australia,1.0
LEC,15.0,MEDIUM,15.0,1.0,83.575,0,0.0,2022,Australia,1.0
LEC,16.0,MEDIUM,16.0,1.0,83.715,0,0.0,2022,Australia,1.0
LEC,17.0,MEDIUM,17.0,1.0,84.044,0,0.0,2022,Australia,1.0
LEC,18.0,MEDIUM,18.0,1.0,83.883,0,0.0,2022,Australia,1.0
LEC,19.0,MEDIUM,19.0,1.0,84.061,0,0.0,2022,Australia,1.0
LEC,20.0,MEDIUM,20.0,1.0,84.098,0,0.0,2022,Australia,1.0
LEC,21.0,MEDIUM,21.0,1.0,84.03,0,0.0,2022,Australia,1.0
LEC,22.0,MEDIUM,22.0,1.0,98.34,1,0.0,2022,Australia,1.0
LEC,23.0,HARD,1.0,1.0,94.148,0,0.0,2022,Australia,1.0
LEC,25.0,HARD,3.0,1.0,149.175,0,0.0,2022,Australia,1.0
LEC,27.0,HARD,5.0,1.0,85.197,0,0.0,2022,Australia,1.0
LEC,28.0,HARD,6.0,1.0,83.532,0,0.0,2022,Australia,1.0
LEC,29.0,HARD,7.0,1.0,82.857,0,0.0,2022,Australia,1.0
LEC,30.0,HARD,8.0,1.0,82.642,0,0.0,2022,Australia,1.0
LEC,31.0,HARD,9.0,1.0,82.45,0,0.0,2022,Australia,1.0
LEC,32.0,HARD,10.0,1.0,82.394,0,0.0,2022,Australia,1.0
LEC,33.0,HARD,11.0,1.0,82.023,0,0.0,2022,Australia,1.0
LEC,34.0,HARD,12.0,1.0,82.445,0,0.0,2022,Australia,1.0
LEC,35.0,HARD,13.0,1.0,82.124,0,0.0,2022,Australia,1.0
LEC,36.0,HARD,14.0,1.0,81.986,0,0.0,2022,Australia,1.0
LEC,37.0,HARD,15.0,1.0,81.995,0,0.0,2022,Australia,1.0
LEC,38.0,HARD,16.0,1.0,81.291,0,0.0,2022,Australia,1.0
LEC,39.0,HARD,17.0,1.0,97.133,0,0.0,2022,Australia,1.0
LEC,40.0,HARD,18.0,1.0,103.09,0,0.0,2022,Australia,1.0
LEC,41.0,HARD,19.0,1.0,81.961,0,0.0,2022,Australia,1.0
LEC,42.0,HARD,20.0,1.0,81.545,0,0.0,2022,Australia,1.0
LEC,43.0,HARD,21.0,1.0,81.559,0,0.0,2022,Australia,1.0
LEC,44.0,HARD,22.0,1.0,81.953,0,0.0,2022,Australia,1.0
LEC,45.0,HARD,23.0,1.0,81.427,0,0.0,2022,Australia,1.0
LEC,46.0,HARD,24.0,1.0,81.626,0,0.0,2022,Australia,1.0
LEC,47.0,HARD,25.0,1.0,81.728,0,0.0,2022,Australia,1.0
LEC,48.0,HARD,26.0,1.0,81.489,0,0.0,2022,Australia,1.0
LEC,49.0,HARD,27.0,1.0,80.966,0,0.0,2022,Australia,1.0
LEC,50.0,HARD,28.0,1.0,81.017,0,0.0,2022,Australia,1.0
LEC,51.0,HARD,29.0,1.0,81.504,0,0.0,2022,Australia,1.0
LEC,52.0,HARD,30.0,1.0,81.27,0,0.0,2022,Australia,1.0
LEC,53.0,HARD,31.0,1.0,81.559,0,0.0,2022,Australia,1.0
LEC,54.0,HARD,32.0,1.0,82.074,0,0.0,2022,Australia,1.0
LEC,55.0,HARD,33.0,1.0,82.127,0,0.0,2022,Australia,1.0
LEC,56.0,HARD,34.0,1.0,81.629,0,0.0,2022,Australia,1.0
LEC,57.0,HARD,35.0,1.0,82.1,0,0.0,2022,Australia,1.0
LEC,58.0,HARD,36.0,1.0,80.26,0,0.0,2022,Australia,1.0
STR,1.0,HARD,2.0,19.0,101.235,0,0.0,2022,Australia,12.0
STR,2.0,HARD,3.0,18.0,88.934,0,0.0,2022,Australia,12.0
STR,3.0,HARD,4.0,19.0,128.743,1,0.0,2022,Australia,12.0
STR,4.0,MEDIUM,3.0,19.0,133.522,1,-114.984,2022,Australia,12.0
STR,5.0,HARD,1.0,19.0,124.896,0,0.0,2022,Australia,12.0
STR,6.0,HARD,2.0,19.0,124.199,0,0.0,2022,Australia,12.0
STR,7.0,HARD,3.0,19.0,88.274,0,0.0,2022,Australia,12.0
STR,8.0,HARD,4.0,19.0,86.968,0,0.0,2022,Australia,12.0
STR,9.0,HARD,5.0,19.0,86.511,0,0.0,2022,Australia,12.0
STR,10.0,HARD,6.0,18.0,86.0,0,0.0,2022,Australia,12.0
STR,11.0,HARD,7.0,18.0,87.009,0,0.0,2022,Australia,12.0
STR,12.0,HARD,8.0,18.0,87.251,0,0.0,2022,Australia,12.0
STR,13.0,HARD,9.0,17.0,86.532,0,0.0,2022,Australia,12.0
STR,14.0,HARD,10.0,16.0,85.552,0,0.0,2022,Australia,12.0
STR,15.0,HARD,11.0,16.0,85.517,0,0.0,2022,Australia,12.0
STR,16.0,HARD,12.0,16.0,85.607,0,0.0,2022,Australia,12.0
STR,17.0,HARD,13.0,15.0,85.542,0,0.0,2022,Australia,12.0
STR,18.0,HARD,14.0,14.0,85.35,0,0.0,2022,Australia,12.0
STR,19.0,HARD,15.0,14.0,85.825,0,0.0,2022,Australia,12.0
STR,20.0,HARD,16.0,14.0,85.636,0,0.0,2022,Australia,12.0
STR,21.0,HARD,17.0,12.0,85.95,0,0.0,2022,Australia,12.0
STR,22.0,HARD,18.0,10.0,87.127,0,0.0,2022,Australia,12.0
STR,23.0,HARD,19.0,12.0,113.02,1,0.0,2022,Australia,12.0
STR,24.0,HARD,5.0,13.0,121.599,0,0.0,2022,Australia,12.0
STR,26.0,HARD,7.0,13.0,146.174,0,0.0,2022,Australia,12.0
STR,27.0,HARD,8.0,13.0,87.035,0,0.0,2022,Australia,12.0
STR,28.0,HARD,9.0,12.0,85.721,0,0.0,2022,Australia,12.0
STR,29.0,HARD,10.0,12.0,84.97,0,0.0,2022,Australia,12.0
STR,30.0,HARD,11.0,12.0,84.537,0,0.0,2022,Australia,12.0
STR,31.0,HARD,12.0,12.0,84.237,0,0.0,2022,Australia,12.0
STR,32.0,HARD,13.0,12.0,84.576,0,0.0,2022,Australia,12.0
STR,33.0,HARD,14.0,12.0,84.427,0,0.0,2022,Australia,12.0
STR,34.0,HARD,15.0,12.0,85.18,0,0.0,2022,Australia,12.0
STR,35.0,HARD,16.0,12.0,85.397,0,0.0,2022,Australia,12.0
STR,36.0,HARD,17.0,12.0,84.893,0,0.0,2022,Australia,12.0
STR,37.0,HARD,18.0,12.0,84.515,0,0.0,2022,Australia,12.0
STR,38.0,HARD,19.0,12.0,84.559,0,0.0,2022,Australia,12.0
STR,39.0,HARD,20.0,10.0,113.545,0,0.0,2022,Australia,12.0
STR,40.0,HARD,21.0,9.0,88.221,0,0.0,2022,Australia,12.0
STR,41.0,HARD,22.0,9.0,84.11,0,0.0,2022,Australia,12.0
STR,42.0,HARD,23.0,9.0,83.951,0,0.0,2022,Australia,12.0
STR,43.0,HARD,24.0,9.0,83.934,0,0.0,2022,Australia,12.0
STR,44.0,HARD,25.0,9.0,84.263,0,0.0,2022,Australia,12.0
STR,45.0,HARD,26.0,9.0,84.422,0,0.0,2022,Australia,12.0
STR,46.0,HARD,27.0,9.0,83.883,0,0.0,2022,Australia,12.0
STR,47.0,HARD,28.0,9.0,83.602,0,0.0,2022,Australia,12.0
STR,48.0,HARD,29.0,9.0,83.592,0,0.0,2022,Australia,12.0
STR,49.0,HARD,30.0,9.0,83.747,0,0.0,2022,Australia,12.0
STR,50.0,HARD,31.0,10.0,85.15,0,0.0,2022,Australia,12.0
STR,51.0,HARD,32.0,11.0,84.966,0,0.0,2022,Australia,12.0
STR,52.0,HARD,33.0,11.0,83.995,0,0.0,2022,Australia,12.0
STR,53.0,HARD,34.0,11.0,83.786,0,0.0,2022,Australia,12.0
STR,54.0,HARD,35.0,11.0,83.87,0,0.0,2022,Australia,12.0
STR,55.0,HARD,36.0,11.0,83.801,0,0.0,2022,Australia,12.0
STR,56.0,HARD,37.0,12.0,84.933,0,0.0,2022,Australia,12.0
STR,57.0,HARD,38.0,12.0,84.295,0,0.0,2022,Australia,12.0
STR,58.0,HARD,39.0,12.0,84.46,0,0.0,2022,Australia,12.0
MAG,1.0,HARD,1.0,16.0,99.709,0,0.0,2022,Australia,14.0
MAG,2.0,HARD,2.0,15.0,88.121,0,0.0,2022,Australia,14.0
MAG,3.0,HARD,3.0,15.0,114.623,0,0.0,2022,Australia,14.0
MAG,4.0,HARD,4.0,15.0,131.897,0,0.0,2022,Australia,14.0
MAG,5.0,HARD,5.0,15.0,137.172,0,0.0,2022,Australia,14.0
MAG,6.0,HARD,6.0,15.0,128.102,0,0.0,2022,Australia,14.0
MAG,7.0,HARD,7.0,15.0,87.251,0,0.0,2022,Australia,14.0
MAG,8.0,HARD,8.0,15.0,86.461,0,0.0,2022,Australia,14.0
MAG,9.0,HARD,9.0,15.0,85.466,0,0.0,2022,Australia,14.0
MAG,10.0,HARD,10.0,15.0,85.36,0,0.0,2022,Australia,14.0
MAG,11.0,HARD,11.0,14.0,85.99,0,0.0,2022,Australia,14.0
MAG,12.0,HARD,12.0,13.0,85.84,0,0.0,2022,Australia,14.0
MAG,13.0,HARD,13.0,13.0,85.743,0,0.0,2022,Australia,14.0
MAG,14.0,HARD,14.0,13.0,85.623,0,0.0,2022,Australia,14.0
MAG,15.0,HARD,15.0,13.0,85.101,0,0.0,2022,Australia,14.0
MAG,16.0,HARD,16.0,14.0,88.155,0,0.0,2022,Australia,14.0
MAG,17.0,HARD,17.0,13.0,85.421,0,0.0,2022,Australia,14.0
MAG,18.0,HARD,18.0,12.0,85.974,0,0.0,2022,Australia,14.0
MAG,19.0,HARD,19.0,11.0,85.595,0,0.0,2022,Australia,14.0
MAG,20.0,HARD,20.0,11.0,85.609,0,0.0,2022,Australia,14.0
MAG,21.0,HARD,21.0,8.0,85.451,0,0.0,2022,Australia,14.0
MAG,22.0,HARD,22.0,7.0,85.019,0,0.0,2022,Australia,14.0
MAG,23.0,HARD,23.0,7.0,96.157,0,0.0,2022,Australia,14.0
MAG,24.0,HARD,24.0,7.0,137.341,0,0.0,2022,Australia,14.0
MAG,25.0,HARD,25.0,7.0,149.434,0,0.0,2022,Australia,14.0
MAG,27.0,HARD,27.0,7.0,86.745,0,0.0,2022,Australia,14.0
MAG,28.0,HARD,28.0,7.0,85.629,0,0.0,2022,Australia,14.0
MAG,29.0,HARD,29.0,7.0,84.669,0,0.0,2022,Australia,14.0
MAG,30.0,HARD,30.0,7.0,84.222,0,0.0,2022,Australia,14.0
MAG,31.0,HARD,31.0,7.0,85.122,0,0.0,2022,Australia,14.0
MAG,32.0,HARD,32.0,7.0,84.417,0,0.0,2022,Australia,14.0
MAG,33.0,HARD,33.0,7.0,85.511,0,0.0,2022,Australia,14.0
MAG,34.0,HARD,34.0,8.0,85.523,0,0.0,2022,Australia,14.0
MAG,35.0,HARD,35.0,9.0,85.61,0,0.0,2022,Australia,14.0
MAG,36.0,HARD,36.0,9.0,84.703,0,0.0,2022,Australia,14.0
MAG,37.0,HARD,37.0,9.0,84.304,0,0.0,2022,Australia,14.0
MAG,38.0,HARD,38.0,9.0,84.174,0,0.0,2022,Australia,14.0
MAG,39.0,HARD,39.0,16.0,123.232,1,0.0,2022,Australia,14.0
MAG,40.0,MEDIUM,3.0,17.0,90.49,0,0.0,2022,Australia,14.0
MAG,41.0,MEDIUM,4.0,17.0,83.182,0,0.0,2022,Australia,14.0
MAG,42.0,MEDIUM,5.0,16.0,83.334,0,0.0,2022,Australia,14.0
MAG,43.0,MEDIUM,6.0,16.0,83.59,0,0.0,2022,Australia,14.0
MAG,44.0,MEDIUM,7.0,16.0,83.071,0,0.0,2022,Australia,14.0
MAG,45.0,MEDIUM,8.0,15.0,84.061,0,0.0,2022,Australia,14.0
MAG,46.0,MEDIUM,9.0,15.0,84.454,0,0.0,2022,Australia,14.0
MAG,47.0,MEDIUM,10.0,15.0,83.435,0,0.0,2022,Australia,14.0
MAG,48.0,MEDIUM,11.0,15.0,83.217,0,0.0,2022,Australia,14.0
MAG,49.0,MEDIUM,12.0,15.0,83.475,0,0.0,2022,Australia,14.0
MAG,50.0,MEDIUM,13.0,14.0,84.063,0,0.0,2022,Australia,14.0
MAG,51.0,MEDIUM,14.0,14.0,83.771,0,0.0,2022,Australia,14.0
MAG,52.0,MEDIUM,15.0,13.0,84.45,0,0.0,2022,Australia,14.0
MAG,53.0,MEDIUM,16.0,13.0,84.333,0,0.0,2022,Australia,14.0
MAG,54.0,MEDIUM,17.0,13.0,84.002,0,0.0,2022,Australia,14.0
MAG,55.0,MEDIUM,18.0,13.0,83.451,0,0.0,2022,Australia,14.0
MAG,56.0,MEDIUM,19.0,14.0,85.492,0,0.0,2022,Australia,14.0
MAG,57.0,MEDIUM,20.0,14.0,84.285,0,0.0,2022,Australia,14.0
TSU,1.0,MEDIUM,1.0,11.0,97.589,0,0.0,2022,Australia,15.0
TSU,2.0,MEDIUM,2.0,11.0,87.259,0,0.0,2022,Australia,15.0
TSU,3.0,MEDIUM,3.0,11.0,113.731,0,0.0,2022,Australia,15.0
TSU,4.0,MEDIUM,4.0,11.0,132.434,0,0.0,2022,Australia,15.0
TSU,5.0,MEDIUM,5.0,11.0,136.691,0,0.0,2022,Australia,15.0
TSU,6.0,MEDIUM,6.0,11.0,130.206,0,0.0,2022,Australia,15.0
TSU,7.0,MEDIUM,7.0,11.0,87.185,0,0.0,2022,Australia,15.0
TSU,8.0,MEDIUM,8.0,11.0,86.023,0,0.0,2022,Australia,15.0
TSU,9.0,MEDIUM,9.0,11.0,85.566,0,0.0,2022,Australia,15.0
TSU,10.0,MEDIUM,10.0,11.0,85.214,0,0.0,2022,Australia,15.0
TSU,11.0,MEDIUM,11.0,11.0,85.523,0,0.0,2022,Australia,15.0
TSU,12.0,MEDIUM,12.0,11.0,85.962,0,0.0,2022,Australia,15.0
TSU,13.0,MEDIUM,13.0,11.0,86.335,0,0.0,2022,Australia,15.0
TSU,14.0,MEDIUM,14.0,11.0,85.999,0,0.0,2022,Australia,15.0
TSU,15.0,MEDIUM,15.0,11.0,85.783,0,0.0,2022,Australia,15.0
TSU,16.0,MEDIUM,16.0,12.0,87.099,0,0.0,2022,Australia,15.0
TSU,17.0,MEDIUM,17.0,11.0,86.298,0,0.0,2022,Australia,15.0
TSU,18.0,MEDIUM,18.0,17.0,100.786,1,0.0,2022,Australia,15.0
TSU,19.0,HARD,1.0,17.0,91.019,0,0.0,2022,Australia,15.0
TSU,20.0,HARD,2.0,17.0,84.979,0,0.0,2022,Australia,15.0
TSU,21.0,HARD,3.0,17.0,85.003,0,0.0,2022,Australia,15.0
TSU,22.0,HARD,4.0,16.0,84.804,0,0.0,2022,Australia,15.0
TSU,23.0,HARD,5.0,15.0,109.245,0,0.0,2022,Australia,15.0
TSU,24.0,HARD,6.0,15.0,119.988,0,0.0,2022,Australia,15.0
TSU,26.0,HARD,8.0,15.0,143.361,0,0.0,2022,Australia,15.0
TSU,27.0,HARD,9.0,15.0,87.282,0,0.0,2022,Australia,15.0
TSU,28.0,HARD,10.0,15.0,86.404,0,0.0,2022,Australia,15.0
TSU,29.0,HARD,11.0,15.0,85.661,0,0.0,2022,Australia,15.0
TSU,30.0,HARD,12.0,15.0,85.026,0,0.0,2022,Australia,15.0
TSU,31.0,HARD,13.0,16.0,85.711,0,0.0,2022,Australia,15.0
TSU,32.0,HARD,14.0,16.0,85.218,0,0.0,2022,Australia,15.0
TSU,33.0,HARD,15.0,16.0,84.51,0,0.0,2022,Australia,15.0
TSU,34.0,HARD,16.0,17.0,86.119,0,0.0,2022,Australia,15.0
TSU,35.0,HARD,17.0,17.0,84.758,0,0.0,2022,Australia,15.0
TSU,36.0,HARD,18.0,17.0,84.884,0,0.0,2022,Australia,15.0
TSU,37.0,HARD,19.0,17.0,84.45,0,0.0,2022,Australia,15.0
TSU,38.0,HARD,20.0,17.0,84.949,0,0.0,2022,Australia,15.0
TSU,39.0,HARD,21.0,15.0,114.067,0,0.0,2022,Australia,15.0
TSU,40.0,HARD,22.0,15.0,88.378,0,0.0,2022,Australia,15.0
TSU,41.0,HARD,23.0,15.0,84.103,0,0.0,2022,Australia,15.0
TSU,42.0,HARD,24.0,15.0,83.596,0,0.0,2022,Australia,15.0
TSU,43.0,HARD,25.0,15.0,83.852,0,0.0,2022,Australia,15.0
TSU,44.0,HARD,26.0,15.0,83.986,0,0.0,2022,Australia,15.0
TSU,45.0,HARD,27.0,16.0,84.945,0,0.0,2022,Australia,15.0
TSU,46.0,HARD,28.0,16.0,85.528,0,0.0,2022,Australia,15.0
TSU,47.0,HARD,29.0,16.0,84.101,0,0.0,2022,Australia,15.0
TSU,48.0,HARD,30.0,16.0,83.8,0,0.0,2022,Australia,15.0
TSU,49.0,HARD,31.0,16.0,83.921,0,0.0,2022,Australia,15.0
TSU,50.0,HARD,32.0,16.0,83.979,0,0.0,2022,Australia,15.0
TSU,51.0,HARD,33.0,16.0,83.806,0,0.0,2022,Australia,15.0
TSU,52.0,HARD,34.0,16.0,83.942,0,0.0,2022,Australia,15.0
TSU,53.0,HARD,35.0,15.0,85.307,0,0.0,2022,Australia,15.0
TSU,54.0,HARD,36.0,15.0,83.579,0,0.0,2022,Australia,15.0
TSU,55.0,HARD,37.0,15.0,85.428,0,0.0,2022,Australia,15.0
TSU,56.0,HARD,38.0,15.0,83.342,0,0.0,2022,Australia,15.0
TSU,57.0,HARD,39.0,15.0,83.808,0,0.0,2022,Australia,15.0
ALB,1.0,HARD,1.0,20.0,101.69,0,0.0,2022,Australia,10.0
ALB,2.0,HARD,2.0,19.0,89.169,0,0.0,2022,Australia,10.0
ALB,3.0,HARD,3.0,18.0,115.834,0,0.0,2022,Australia,10.0
ALB,4.0,HARD,4.0,18.0,132.047,0,0.0,2022,Australia,10.0
ALB,5.0,HARD,5.0,18.0,137.043,0,0.0,2022,Australia,10.0
ALB,6.0,HARD,6.0,18.0,125.182,0,0.0,2022,Australia,10.0
ALB,7.0,HARD,7.0,18.0,88.217,0,0.0,2022,Australia,10.0
ALB,8.0,HARD,8.0,18.0,86.992,0,0.0,2022,Australia,10.0
ALB,9.0,HARD,9.0,18.0,86.75,0,0.0,2022,Australia,10.0
ALB,10.0,HARD,10.0,17.0,85.709,0,0.0,2022,Australia,10.0
ALB,11.0,HARD,11.0,17.0,87.213,0,0.0,2022,Australia,10.0
ALB,12.0,HARD,12.0,17.0,87.173,0,0.0,2022,Australia,10.0
ALB,13.0,HARD,13.0,16.0,86.246,0,0.0,2022,Australia,10.0
ALB,14.0,HARD,14.0,15.0,85.491,0,0.0,2022,Australia,10.0
ALB,15.0,HARD,15.0,15.0,85.328,0,0.0,2022,Australia,10.0
ALB,16.0,HARD,16.0,15.0,85.558,0,0.0,2022,Australia,10.0
ALB,17.0,HARD,17.0,14.0,85.548,0,0.0,2022,Australia,10.0
ALB,18.0,HARD,18.0,13.0,85.499,0,0.0,2022,Australia,10.0
ALB,19.0,HARD,19.0,13.0,85.469,0,0.0,2022,Australia,10.0
ALB,20.0,HARD,20.0,13.0,85.553,0,0.0,2022,Australia,10.0
ALB,21.0,HARD,21.0,11.0,86.496,0,0.0,2022,Australia,10.0
ALB,22.0,HARD,22.0,11.0,88.593,0,0.0,2022,Australia,10.0
ALB,23.0,HARD,23.0,10.0,100.703,0,0.0,2022,Australia,10.0
ALB,24.0,HARD,24.0,10.0,130.508,0,0.0,2022,Australia,10.0
ALB,25.0,HARD,25.0,10.0,149.884,0,0.0,2022,Australia,10.0
ALB,26.0,HARD,26.0,10.0,148.059,0,0.0,2022,Australia,10.0
ALB,27.0,HARD,27.0,10.0,87.079,0,0.0,2022,Australia,10.0
ALB,28.0,HARD,28.0,10.0,86.155,0,0.0,2022,Australia,10.0
ALB,29.0,HARD,29.0,10.0,84.946,0,0.0,2022,Australia,10.0
ALB,30.0,HARD,30.0,10.0,84.335,0,0.0,2022,Australia,10.0
ALB,31.0,HARD,31.0,10.0,84.411,0,0.0,2022,Australia,10.0
ALB,32.0,HARD,32.0,10.0,84.626,0,0.0,2022,Australia,10.0
ALB,33.0,HARD,33.0,10.0,84.71,0,0.0,2022,Australia,10.0
ALB,34.0,HARD,34.0,10.0,85.132,0,0.0,2022,Australia,10.0
ALB,35.0,HARD,35.0,10.0,85.37,0,0.0,2022,Australia,10.0
ALB,36.0,HARD,36.0,10.0,84.527,0,0.0,2022,Australia,10.0
ALB,37.0,HARD,37.0,10.0,84.525,0,0.0,2022,Australia,10.0
ALB,38.0,HARD,38.0,10.0,84.231,0,0.0,2022,Australia,10.0
ALB,39.0,HARD,39.0,7.0,111.107,0,0.0,2022,Australia,10.0
ALB,40.0,HARD,40.0,7.0,88.654,0,0.0,2022,Australia,10.0
ALB,41.0,HARD,41.0,7.0,83.366,0,0.0,2022,Australia,10.0
ALB,42.0,HARD,42.0,7.0,83.238,0,0.0,2022,Australia,10.0
ALB,43.0,HARD,43.0,7.0,83.245,0,0.0,2022,Australia,10.0
ALB,44.0,HARD,44.0,7.0,83.071,0,0.0,2022,Australia,10.0
ALB,45.0,HARD,45.0,7.0,83.962,0,0.0,2022,Australia,10.0
ALB,46.0,HARD,46.0,7.0,82.964,0,0.0,2022,Australia,10.0
ALB,47.0,HARD,47.0,7.0,82.936,0,0.0,2022,Australia,10.0
ALB,48.0,HARD,48.0,7.0,83.029,0,0.0,2022,Australia,10.0
ALB,49.0,HARD,49.0,7.0,83.025,0,0.0,2022,Australia,10.0
ALB,50.0,HARD,50.0,7.0,83.127,0,0.0,2022,Australia,10.0
ALB,51.0,HARD,51.0,7.0,82.997,0,0.0,2022,Australia,10.0
ALB,52.0,HARD,52.0,7.0,82.706,0,0.0,2022,Australia,10.0
ALB,53.0,HARD,53.0,7.0,82.594,0,0.0,2022,Australia,10.0
ALB,54.0,HARD,54.0,7.0,82.589,0,0.0,2022,Australia,10.0
ALB,55.0,HARD,55.0,7.0,82.758,0,0.0,2022,Australia,10.0
ALB,56.0,HARD,56.0,7.0,82.658,0,0.0,2022,Australia,10.0
ALB,57.0,HARD,57.0,9.0,98.438,1,0.0,2022,Australia,10.0
ALB,58.0,SOFT,1.0,10.0,87.465,0,0.0,2022,Australia,10.0
ZHO,1.0,MEDIUM,1.0,15.0,99.232,0,0.0,2022,Australia,11.0
ZHO,2.0,MEDIUM,2.0,14.0,88.015,0,0.0,2022,Australia,11.0
ZHO,3.0,MEDIUM,3.0,14.0,114.475,0,0.0,2022,Australia,11.0
ZHO,4.0,MEDIUM,4.0,14.0,131.263,0,0.0,2022,Australia,11.0
ZHO,5.0,MEDIUM,5.0,14.0,137.704,0,0.0,2022,Australia,11.0
ZHO,6.0,MEDIUM,6.0,14.0,128.526,0,0.0,2022,Australia,11.0
ZHO,7.0,MEDIUM,7.0,14.0,87.25,0,0.0,2022,Australia,11.0
ZHO,8.0,MEDIUM,8.0,14.0,86.285,0,0.0,2022,Australia,11.0
ZHO,9.0,MEDIUM,9.0,14.0,85.675,0,0.0,2022,Australia,11.0
ZHO,10.0,MEDIUM,10.0,14.0,85.138,0,0.0,2022,Australia,11.0
ZHO,11.0,MEDIUM,11.0,15.0,87.044,0,0.0,2022,Australia,11.0
ZHO,12.0,MEDIUM,12.0,14.0,86.964,0,0.0,2022,Australia,11.0
ZHO,13.0,MEDIUM,13.0,14.0,84.889,0,0.0,2022,Australia,11.0
ZHO,14.0,MEDIUM,14.0,14.0,85.44,0,0.0,2022,Australia,11.0
ZHO,15.0,MEDIUM,15.0,14.0,85.594,0,0.0,2022,Australia,11.0
ZHO,16.0,MEDIUM,16.0,13.0,86.49,0,0.0,2022,Australia,11.0
ZHO,17.0,MEDIUM,17.0,12.0,85.511,0,0.0,2022,Australia,11.0
ZHO,18.0,MEDIUM,18.0,11.0,86.118,0,0.0,2022,Australia,11.0
ZHO,19.0,MEDIUM,19.0,12.0,86.697,0,0.0,2022,Australia,11.0
ZHO,20.0,MEDIUM,20.0,12.0,86.45,0,0.0,2022,Australia,11.0
ZHO,21.0,MEDIUM,21.0,16.0,100.432,1,0.0,2022,Australia,11.0
ZHO,22.0,HARD,1.0,18.0,92.26,0,0.0,2022,Australia,11.0
ZHO,23.0,HARD,2.0,17.0,106.634,0,0.0,2022,Australia,11.0
ZHO,24.0,HARD,3.0,17.0,119.485,0,0.0,2022,Australia,11.0
ZHO,25.0,HARD,4.0,17.0,149.368,0,0.0,2022,Australia,11.0
ZHO,26.0,HARD,5.0,17.0,142.522,0,0.0,2022,Australia,11.0
ZHO,27.0,HARD,6.0,17.0,87.518,0,0.0,2022,Australia,11.0
ZHO,28.0,HARD,7.0,17.0,85.919,0,0.0,2022,Australia,11.0
ZHO,29.0,HARD,8.0,17.0,85.858,0,0.0,2022,Australia,11.0
ZHO,30.0,HARD,9.0,17.0,84.778,0,0.0,2022,Australia,11.0
ZHO,31.0,HARD,10.0,17.0,85.097,0,0.0,2022,Australia,11.0
ZHO,32.0,HARD,11.0,17.0,85.339,0,0.0,2022,Australia,11.0
ZHO,33.0,HARD,12.0,17.0,84.517,0,0.0,2022,Australia,11.0
ZHO,34.0,HARD,13.0,16.0,84.845,0,0.0,2022,Australia,11.0
ZHO,35.0,HARD,14.0,16.0,84.246,0,0.0,2022,Australia,11.0
ZHO,36.0,HARD,15.0,16.0,83.681,0,0.0,2022,Australia,11.0
ZHO,37.0,HARD,16.0,16.0,83.892,0,0.0,2022,Australia,11.0
ZHO,38.0,HARD,17.0,16.0,84.429,0,0.0,2022,Australia,11.0
ZHO,39.0,HARD,18.0,14.0,112.793,0,0.0,2022,Australia,11.0
ZHO,40.0,HARD,19.0,14.0,91.118,0,0.0,2022,Australia,11.0
ZHO,41.0,HARD,20.0,14.0,83.432,0,0.0,2022,Australia,11.0
ZHO,42.0,HARD,21.0,14.0,83.723,0,0.0,2022,Australia,11.0
ZHO,43.0,HARD,22.0,14.0,83.731,0,0.0,2022,Australia,11.0
ZHO,44.0,HARD,23.0,14.0,83.594,0,0.0,2022,Australia,11.0
ZHO,45.0,HARD,24.0,14.0,84.805,0,0.0,2022,Australia,11.0
ZHO,46.0,HARD,25.0,14.0,84.311,0,0.0,2022,Australia,11.0
ZHO,47.0,HARD,26.0,14.0,83.153,0,0.0,2022,Australia,11.0
ZHO,48.0,HARD,27.0,14.0,83.561,0,0.0,2022,Australia,11.0
ZHO,49.0,HARD,28.0,14.0,84.219,0,0.0,2022,Australia,11.0
ZHO,50.0,HARD,29.0,13.0,84.815,0,0.0,2022,Australia,11.0
ZHO,51.0,HARD,30.0,13.0,85.05,0,0.0,2022,Australia,11.0
ZHO,52.0,HARD,31.0,12.0,84.063,0,0.0,2022,Australia,11.0
ZHO,53.0,HARD,32.0,12.0,83.314,0,0.0,2022,Australia,11.0
ZHO,54.0,HARD,33.0,12.0,82.706,0,0.0,2022,Australia,11.0
ZHO,55.0,HARD,34.0,12.0,82.541,0,0.0,2022,Australia,11.0
ZHO,56.0,HARD,35.0,11.0,82.893,0,0.0,2022,Australia,11.0
ZHO,57.0,HARD,36.0,11.0,82.744,0,0.0,2022,Australia,11.0
ZHO,58.0,HARD,37.0,11.0,86.097,0,0.0,2022,Australia,11.0
RIC,1.0,MEDIUM,1.0,7.0,94.558,0,0.0,2022,Australia,6.0
RIC,2.0,MEDIUM,2.0,7.0,86.362,0,0.0,2022,Australia,6.0
RIC,3.0,MEDIUM,3.0,7.0,111.45,0,0.0,2022,Australia,6.0
RIC,4.0,MEDIUM,4.0,7.0,134.054,0,0.0,2022,Australia,6.0
RIC,5.0,MEDIUM,5.0,7.0,134.811,0,0.0,2022,Australia,6.0
RIC,6.0,MEDIUM,6.0,7.0,134.475,0,0.0,2022,Australia,6.0
RIC,7.0,MEDIUM,7.0,7.0,86.058,0,0.0,2022,Australia,6.0
RIC,8.0,MEDIUM,8.0,7.0,85.271,0,0.0,2022,Australia,6.0
RIC,9.0,MEDIUM,9.0,7.0,84.969,0,0.0,2022,Australia,6.0
RIC,10.0,MEDIUM,10.0,7.0,85.005,0,0.0,2022,Australia,6.0
RIC,11.0,MEDIUM,11.0,7.0,85.228,0,0.0,2022,Australia,6.0
RIC,12.0,MEDIUM,12.0,7.0,84.956,0,0.0,2022,Australia,6.0
RIC,13.0,MEDIUM,13.0,7.0,85.496,0,0.0,2022,Australia,6.0
RIC,14.0,MEDIUM,14.0,7.0,85.387,0,0.0,2022,Australia,6.0
RIC,15.0,MEDIUM,15.0,7.0,84.984,0,0.0,2022,Australia,6.0
RIC,16.0,MEDIUM,16.0,7.0,85.207,0,0.0,2022,Australia,6.0
RIC,17.0,MEDIUM,17.0,7.0,85.176,0,0.0,2022,Australia,6.0
RIC,18.0,MEDIUM,18.0,6.0,85.363,0,0.0,2022,Australia,6.0
RIC,19.0,MEDIUM,19.0,6.0,85.364,0,0.0,2022,Australia,6.0
RIC,20.0,MEDIUM,20.0,4.0,85.734,0,0.0,2022,Australia,6.0
RIC,21.0,MEDIUM,21.0,9.0,99.94,1,0.0,2022,Australia,6.0
RIC,22.0,HARD,1.0,9.0,90.993,0,0.0,2022,Australia,6.0
RIC,23.0,HARD,2.0,9.0,99.154,0,0.0,2022,Australia,6.0
RIC,24.0,HARD,3.0,9.0,132.188,0,0.0,2022,Australia,6.0
RIC,26.0,HARD,5.0,9.0,148.426,0,0.0,2022,Australia,6.0
RIC,27.0,HARD,6.0,9.0,86.812,0,0.0,2022,Australia,6.0
RIC,28.0,HARD,7.0,9.0,85.881,0,0.0,2022,Australia,6.0
RIC,29.0,HARD,8.0,9.0,84.941,0,0.0,2022,Australia,6.0
RIC,30.0,HARD,9.0,9.0,84.466,0,0.0,2022,Australia,6.0
RIC,31.0,HARD,10.0,9.0,84.56,0,0.0,2022,Australia,6.0
RIC,32.0,HARD,11.0,9.0,84.238,0,0.0,2022,Australia,6.0
RIC,33.0,HARD,12.0,9.0,84.819,0,0.0,2022,Australia,6.0
RIC,34.0,HARD,13.0,9.0,85.262,0,0.0,2022,Australia,6.0
RIC,35.0,HARD,14.0,8.0,83.578,0,0.0,2022,Australia,6.0
RIC,36.0,HARD,15.0,8.0,83.248,0,0.0,2022,Australia,6.0
RIC,37.0,HARD,16.0,8.0,83.473,0,0.0,2022,Australia,6.0
RIC,38.0,HARD,17.0,8.0,83.821,0,0.0,2022,Australia,6.0
RIC,39.0,HARD,18.0,6.0,110.715,0,0.0,2022,Australia,6.0
RIC,40.0,HARD,19.0,6.0,90.141,0,0.0,2022,Australia,6.0
RIC,41.0,HARD,20.0,6.0,83.376,0,0.0,2022,Australia,6.0
RIC,42.0,HARD,21.0,6.0,83.204,0,0.0,2022,Australia,6.0
RIC,43.0,HARD,22.0,6.0,82.852,0,0.0,2022,Australia,6.0
RIC,44.0,HARD,23.0,6.0,82.921,0,0.0,2022,Australia,6.0
RIC,45.0,HARD,24.0,6.0,82.94,0,0.0,2022,Australia,6.0
RIC,46.0,HARD,25.0,6.0,83.157,0,0.0,2022,Australia,6.0
RIC,47.0,HARD,26.0,6.0,83.101,0,0.0,2022,Australia,6.0
RIC,48.0,HARD,27.0,6.0,83.059,0,0.0,2022,Australia,6.0
RIC,49.0,HARD,28.0,6.0,83.122,0,0.0,2022,Australia,6.0
RIC,50.0,HARD,29.0,6.0,83.006,0,0.0,2022,Australia,6.0
RIC,51.0,HARD,30.0,6.0,82.933,0,0.0,2022,Australia,6.0
RIC,52.0,HARD,31.0,6.0,82.672,0,0.0,2022,Australia,6.0
RIC,53.0,HARD,32.0,6.0,82.561,0,0.0,2022,Australia,6.0
RIC,54.0,HARD,33.0,6.0,82.451,0,0.0,2022,Australia,6.0
RIC,55.0,HARD,34.0,6.0,82.48,0,0.0,2022,Australia,6.0
RIC,56.0,HARD,35.0,6.0,82.754,0,0.0,2022,Australia,6.0
RIC,57.0,HARD,36.0,6.0,82.689,0,0.0,2022,Australia,6.0
RIC,58.0,HARD,37.0,6.0,83.578,0,0.0,2022,Australia,6.0
OCO,1.0,MEDIUM,1.0,8.0,95.268,0,0.0,2022,Australia,7.0
OCO,2.0,MEDIUM,2.0,8.0,86.734,0,0.0,2022,Australia,7.0
OCO,3.0,MEDIUM,3.0,8.0,111.376,0,0.0,2022,Australia,7.0
OCO,4.0,MEDIUM,4.0,8.0,134.223,0,0.0,2022,Australia,7.0
OCO,5.0,MEDIUM,5.0,8.0,135.309,0,0.0,2022,Australia,7.0
OCO,6.0,MEDIUM,6.0,8.0,133.381,0,0.0,2022,Australia,7.0
OCO,7.0,MEDIUM,7.0,8.0,86.228,0,0.0,2022,Australia,7.0
OCO,8.0,MEDIUM,8.0,8.0,85.686,0,0.0,2022,Australia,7.0
OCO,9.0,MEDIUM,9.0,8.0,85.204,0,0.0,2022,Australia,7.0
OCO,10.0,MEDIUM,10.0,8.0,85.172,0,0.0,2022,Australia,7.0
OCO,11.0,MEDIUM,11.0,8.0,85.595,0,0.0,2022,Australia,7.0
OCO,12.0,MEDIUM,12.0,8.0,85.462,0,0.0,2022,Australia,7.0
OCO,13.0,MEDIUM,13.0,8.0,85.623,0,0.0,2022,Australia,7.0
OCO,14.0,MEDIUM,14.0,8.0,85.785,0,0.0,2022,Australia,7.0
OCO,15.0,MEDIUM,15.0,8.0,85.835,0,0.0,2022,Australia,7.0
OCO,16.0,MEDIUM,16.0,8.0,86.32,0,0.0,2022,Australia,7.0
OCO,17.0,MEDIUM,17.0,17.0,101.475,1,0.0,2022,Australia,7.0
OCO,18.0,HARD,1.0,16.0,90.536,0,0.0,2022,Australia,7.0
OCO,19.0,HARD,2.0,16.0,84.6,0,0.0,2022,Australia,7.0
OCO,20.0,HARD,3.0,16.0,84.367,0,0.0,2022,Australia,7.0
OCO,21.0,HARD,4.0,14.0,84.507,0,0.0,2022,Australia,7.0
OCO,22.0,HARD,5.0,13.0,85.239,0,0.0,2022,Australia,7.0
OCO,23.0,HARD,6.0,11.0,102.39,0,0.0,2022,Australia,7.0
OCO,24.0,HARD,7.0,11.0,128.566,0,0.0,2022,Australia,7.0
OCO,25.0,HARD,8.0,11.0,149.942,0,0.0,2022,Australia,7.0
OCO,26.0,HARD,9.0,11.0,147.691,0,0.0,2022,Australia,7.0
OCO,27.0,HARD,10.0,11.0,86.917,0,0.0,2022,Australia,7.0
OCO,28.0,HARD,11.0,11.0,86.162,0,0.0,2022,Australia,7.0
OCO,29.0,HARD,12.0,11.0,85.008,0,0.0,2022,Australia,7.0
OCO,30.0,HARD,13.0,11.0,84.299,0,0.0,2022,Australia,7.0
OCO,31.0,HARD,14.0,11.0,84.48,0,0.0,2022,Australia,7.0
OCO,32.0,HARD,15.0,11.0,84.552,0,0.0,2022,Australia,7.0
OCO,33.0,HARD,16.0,11.0,84.541,0,0.0,2022,Australia,7.0
OCO,34.0,HARD,17.0,11.0,85.264,0,0.0,2022,Australia,7.0
OCO,35.0,HARD,18.0,11.0,85.328,0,0.0,2022,Australia,7.0
OCO,36.0,HARD,19.0,11.0,84.649,0,0.0,2022,Australia,7.0
OCO,37.0,HARD,20.0,11.0,84.549,0,0.0,2022,Australia,7.0
OCO,38.0,HARD,21.0,11.0,84.167,0,0.0,2022,Australia,7.0
OCO,39.0,HARD,22.0,8.0,111.485,0,0.0,2022,Australia,7.0
OCO,40.0,HARD,23.0,8.0,89.428,0,0.0,2022,Australia,7.0
OCO,41.0,HARD,24.0,8.0,83.54,0,0.0,2022,Australia,7.0
OCO,42.0,HARD,25.0,8.0,83.231,0,0.0,2022,Australia,7.0
OCO,43.0,HARD,26.0,8.0,83.12,0,0.0,2022,Australia,7.0
OCO,44.0,HARD,27.0,8.0,82.928,0,0.0,2022,Australia,7.0
OCO,45.0,HARD,28.0,8.0,83.225,0,0.0,2022,Australia,7.0
OCO,46.0,HARD,29.0,8.0,82.869,0,0.0,2022,Australia,7.0
OCO,47.0,HARD,30.0,8.0,83.083,0,0.0,2022,Australia,7.0
OCO,48.0,HARD,31.0,8.0,83.126,0,0.0,2022,Australia,7.0
OCO,49.0,HARD,32.0,8.0,83.02,0,0.0,2022,Australia,7.0
OCO,50.0,HARD,33.0,8.0,82.936,0,0.0,2022,Australia,7.0
OCO,51.0,HARD,34.0,8.0,82.98,0,0.0,2022,Australia,7.0
OCO,52.0,HARD,35.0,8.0,82.876,0,0.0,2022,Australia,7.0
OCO,53.0,HARD,36.0,8.0,83.21,0,0.0,2022,Australia,7.0
OCO,54.0,HARD,37.0,8.0,82.944,0,0.0,2022,Australia,7.0
OCO,55.0,HARD,38.0,8.0,83.17,0,0.0,2022,Australia,7.0
OCO,56.0,HARD,39.0,8.0,83.059,0,0.0,2022,Australia,7.0
OCO,57.0,HARD,40.0,7.0,83.102,0,0.0,2022,Australia,7.0
OCO,58.0,HARD,41.0,7.0,82.469,0,0.0,2022,Australia,7.0
NOR,1.0,MEDIUM,1.0,6.0,94.05,0,0.0,2022,Australia,5.0
NOR,2.0,MEDIUM,2.0,6.0,85.942,0,0.0,2022,Australia,5.0
NOR,3.0,MEDIUM,3.0,6.0,111.392,0,0.0,2022,Australia,5.0
NOR,4.0,MEDIUM,4.0,6.0,133.526,0,0.0,2022,Australia,5.0
NOR,5.0,MEDIUM,5.0,6.0,133.615,0,0.0,2022,Australia,5.0
NOR,6.0,MEDIUM,6.0,6.0,136.529,0,0.0,2022,Australia,5.0
NOR,7.0,MEDIUM,7.0,6.0,86.038,0,0.0,2022,Australia,5.0
NOR,8.0,MEDIUM,8.0,6.0,85.165,0,0.0,2022,Australia,5.0
NOR,9.0,MEDIUM,9.0,6.0,85.007,0,0.0,2022,Australia,5.0
NOR,10.0,MEDIUM,10.0,6.0,85.106,0,0.0,2022,Australia,5.0
NOR,11.0,MEDIUM,11.0,6.0,85.324,0,0.0,2022,Australia,5.0
NOR,12.0,MEDIUM,12.0,6.0,85.052,0,0.0,2022,Australia,5.0
NOR,13.0,MEDIUM,13.0,6.0,85.347,0,0.0,2022,Australia,5.0
NOR,14.0,MEDIUM,14.0,6.0,85.174,0,0.0,2022,Australia,5.0
NOR,15.0,MEDIUM,15.0,6.0,85.069,0,0.0,2022,Australia,5.0
NOR,16.0,MEDIUM,16.0,6.0,85.333,0,0.0,2022,Australia,5.0
NOR,17.0,MEDIUM,17.0,6.0,85.02,0,0.0,2022,Australia,5.0
NOR,18.0,MEDIUM,18.0,5.0,85.414,0,0.0,2022,Australia,5.0
NOR,19.0,MEDIUM,19.0,5.0,85.317,0,0.0,2022,Australia,5.0
NOR,20.0,MEDIUM,20.0,10.0,99.107,1,0.0,2022,Australia,5.0
NOR,21.0,HARD,1.0,10.0,90.195,0,0.0,2022,Australia,5.0
NOR,22.0,HARD,2.0,8.0,85.03,0,0.0,2022,Australia,5.0
NOR,23.0,HARD,3.0,8.0,96.72,0,0.0,2022,Australia,5.0
NOR,24.0,HARD,4.0,8.0,134.67,0,0.0,2022,Australia,5.0
NOR,25.0,HARD,5.0,8.0,149.09,0,0.0,2022,Australia,5.0
NOR,27.0,HARD,7.0,8.0,86.589,0,0.0,2022,Australia,5.0
NOR,28.0,HARD,8.0,8.0,85.828,0,0.0,2022,Australia,5.0
NOR,29.0,HARD,9.0,8.0,84.955,0,0.0,2022,Australia,5.0
NOR,30.0,HARD,10.0,8.0,84.526,0,0.0,2022,Australia,5.0
NOR,31.0,HARD,11.0,8.0,84.459,0,0.0,2022,Australia,5.0
NOR,32.0,HARD,12.0,8.0,84.199,0,0.0,2022,Australia,5.0
NOR,33.0,HARD,13.0,8.0,85.305,0,0.0,2022,Australia,5.0
NOR,34.0,HARD,14.0,7.0,83.952,0,0.0,2022,Australia,5.0
NOR,35.0,HARD,15.0,7.0,83.865,0,0.0,2022,Australia,5.0
NOR,36.0,HARD,16.0,7.0,83.451,0,0.0,2022,Australia,5.0
NOR,37.0,HARD,17.0,7.0,83.785,0,0.0,2022,Australia,5.0
NOR,38.0,HARD,18.0,7.0,83.502,0,0.0,2022,Australia,5.0
NOR,39.0,HARD,19.0,5.0,109.077,0,0.0,2022,Australia,5.0
NOR,40.0,HARD,20.0,5.0,91.475,0,0.0,2022,Australia,5.0
NOR,41.0,HARD,21.0,5.0,83.282,0,0.0,2022,Australia,5.0
NOR,42.0,HARD,22.0,5.0,83.213,0,0.0,2022,Australia,5.0
NOR,43.0,HARD,23.0,5.0,83.012,0,0.0,2022,Australia,5.0
NOR,44.0,HARD,24.0,5.0,82.685,0,0.0,2022,Australia,5.0
NOR,45.0,HARD,25.0,5.0,82.685,0,0.0,2022,Australia,5.0
NOR,46.0,HARD,26.0,5.0,82.979,0,0.0,2022,Australia,5.0
NOR,47.0,HARD,27.0,5.0,82.598,0,0.0,2022,Australia,5.0
NOR,48.0,HARD,28.0,5.0,82.697,0,0.0,2022,Australia,5.0
NOR,49.0,HARD,29.0,5.0,82.442,0,0.0,2022,Australia,5.0
NOR,50.0,HARD,30.0,5.0,82.459,0,0.0,2022,Australia,5.0
NOR,51.0,HARD,31.0,5.0,82.739,0,0.0,2022,Australia,5.0
NOR,52.0,HARD,32.0,5.0,82.581,0,0.0,2022,Australia,5.0
NOR,53.0,HARD,33.0,5.0,82.435,0,0.0,2022,Australia,5.0
NOR,54.0,HARD,34.0,5.0,82.309,0,0.0,2022,Australia,5.0
NOR,55.0,HARD,35.0,5.0,82.248,0,0.0,2022,Australia,5.0
NOR,56.0,HARD,36.0,5.0,83.86,0,0.0,2022,Australia,5.0
NOR,57.0,HARD,37.0,5.0,84.97,0,0.0,2022,Australia,5.0
NOR,58.0,HARD,38.0,5.0,84.744,0,0.0,2022,Australia,5.0
HAM,1.0,MEDIUM,1.0,3.0,91.296,0,0.0,2022,Australia,4.0
HAM,2.0,MEDIUM,2.0,3.0,85.455,0,0.0,2022,Australia,4.0
HAM,3.0,MEDIUM,3.0,3.0,108.986,0,0.0,2022,Australia,4.0
HAM,4.0,MEDIUM,4.0,3.0,133.414,0,0.0,2022,Australia,4.0
HAM,5.0,MEDIUM,5.0,3.0,132.374,0,0.0,2022,Australia,4.0
HAM,6.0,MEDIUM,6.0,3.0,142.239,0,0.0,2022,Australia,4.0
HAM,7.0,MEDIUM,7.0,3.0,84.838,0,0.0,2022,Australia,4.0
HAM,8.0,MEDIUM,8.0,3.0,84.842,0,0.0,2022,Australia,4.0
HAM,9.0,MEDIUM,9.0,3.0,85.168,0,0.0,2022,Australia,4.0
HAM,10.0,MEDIUM,10.0,4.0,86.606,0,0.0,2022,Australia,4.0
HAM,11.0,MEDIUM,11.0,4.0,84.686,0,0.0,2022,Australia,4.0
HAM,12.0,MEDIUM,12.0,4.0,85.046,0,0.0,2022,Australia,4.0
HAM,13.0,MEDIUM,13.0,4.0,85.275,0,0.0,2022,Australia,4.0
HAM,14.0,MEDIUM,14.0,4.0,84.529,0,0.0,2022,Australia,4.0
HAM,15.0,MEDIUM,15.0,4.0,84.771,0,0.0,2022,Australia,4.0
HAM,16.0,MEDIUM,16.0,4.0,84.552,0,0.0,2022,Australia,4.0
HAM,17.0,MEDIUM,17.0,4.0,84.436,0,0.0,2022,Australia,4.0
HAM,18.0,MEDIUM,18.0,3.0,84.465,0,0.0,2022,Australia,4.0
HAM,19.0,MEDIUM,19.0,3.0,84.408,0,0.0,2022,Australia,4.0
HAM,20.0,MEDIUM,20.0,2.0,85.227,0,0.0,2022,Australia,4.0
HAM,21.0,MEDIUM,21.0,2.0,84.159,0,0.0,2022,Australia,4.0
HAM,22.0,MEDIUM,22.0,4.0,98.399,1,0.0,2022,Australia,4.0
HAM,23.0,HARD,1.0,6.0,101.596,0,0.0,2022,Australia,4.0
HAM,24.0,HARD,2.0,6.0,139.325,0,0.0,2022,Australia,4.0
HAM,25.0,HARD,3.0,6.0,149.199,0,0.0,2022,Australia,4.0
HAM,27.0,HARD,5.0,6.0,86.868,0,0.0,2022,Australia,4.0
HAM,28.0,HARD,6.0,6.0,85.042,0,0.0,2022,Australia,4.0
HAM,29.0,HARD,7.0,6.0,84.684,0,0.0,2022,Australia,4.0
HAM,30.0,HARD,8.0,6.0,83.88,0,0.0,2022,Australia,4.0
HAM,31.0,HARD,9.0,5.0,83.647,0,0.0,2022,Australia,4.0
HAM,32.0,HARD,10.0,5.0,83.199,0,0.0,2022,Australia,4.0
HAM,33.0,HARD,11.0,5.0,83.11,0,0.0,2022,Australia,4.0
HAM,34.0,HARD,12.0,5.0,83.311,0,0.0,2022,Australia,4.0
HAM,35.0,HARD,13.0,5.0,83.069,0,0.0,2022,Australia,4.0
HAM,36.0,HARD,14.0,5.0,82.964,0,0.0,2022,Australia,4.0
HAM,37.0,HARD,15.0,5.0,83.285,0,0.0,2022,Australia,4.0
HAM,38.0,HARD,16.0,5.0,82.784,0,0.0,2022,Australia,4.0
HAM,39.0,HARD,17.0,4.0,105.449,0,0.0,2022,Australia,4.0
HAM,40.0,HARD,18.0,4.0,94.352,0,0.0,2022,Australia,4.0
HAM,41.0,HARD,19.0,4.0,82.696,0,0.0,2022,Australia,4.0
HAM,42.0,HARD,20.0,4.0,82.049,0,0.0,2022,Australia,4.0
HAM,43.0,HARD,21.0,4.0,82.443,0,0.0,2022,Australia,4.0
HAM,44.0,HARD,22.0,4.0,81.965,0,0.0,2022,Australia,4.0
HAM,45.0,HARD,23.0,4.0,82.082,0,0.0,2022,Australia,4.0
HAM,46.0,HARD,24.0,4.0,82.036,0,0.0,2022,Australia,4.0
HAM,47.0,HARD,25.0,4.0,82.424,0,0.0,2022,Australia,4.0
HAM,48.0,HARD,26.0,4.0,82.321,0,0.0,2022,Australia,4.0
HAM,49.0,HARD,27.0,4.0,81.972,0,0.0,2022,Australia,4.0
HAM,50.0,HARD,28.0,4.0,81.917,0,0.0,2022,Australia,4.0
HAM,51.0,HARD,29.0,4.0,81.886,0,0.0,2022,Australia,4.0
HAM,52.0,HARD,30.0,4.0,81.894,0,0.0,2022,Australia,4.0
HAM,53.0,HARD,31.0,4.0,81.932,0,0.0,2022,Australia,4.0
HAM,54.0,HARD,32.0,4.0,82.108,0,0.0,2022,Australia,4.0
HAM,55.0,HARD,33.0,4.0,82.105,0,0.0,2022,Australia,4.0
HAM,56.0,HARD,34.0,4.0,82.407,0,0.0,2022,Australia,4.0
HAM,57.0,HARD,35.0,4.0,82.623,0,0.0,2022,Australia,4.0
HAM,58.0,HARD,36.0,4.0,82.526,0,0.0,2022,Australia,4.0
MSC,1.0,MEDIUM,3.0,13.0,98.502,0,0.0,2022,Australia,13.0
MSC,2.0,MEDIUM,4.0,13.0,87.769,0,0.0,2022,Australia,13.0
MSC,3.0,MEDIUM,5.0,13.0,113.784,0,0.0,2022,Australia,13.0
MSC,4.0,MEDIUM,6.0,13.0,132.243,0,0.0,2022,Australia,13.0
MSC,5.0,MEDIUM,7.0,13.0,137.298,0,0.0,2022,Australia,13.0
MSC,6.0,MEDIUM,8.0,13.0,129.072,0,0.0,2022,Australia,13.0
MSC,7.0,MEDIUM,9.0,13.0,87.48,0,0.0,2022,Australia,13.0
MSC,8.0,MEDIUM,10.0,13.0,86.147,0,0.0,2022,Australia,13.0
MSC,9.0,MEDIUM,11.0,13.0,85.782,0,0.0,2022,Australia,13.0
MSC,10.0,MEDIUM,12.0,13.0,85.122,0,0.0,2022,Australia,13.0
MSC,11.0,MEDIUM,13.0,13.0,86.605,0,0.0,2022,Australia,13.0
MSC,12.0,MEDIUM,14.0,15.0,88.732,0,0.0,2022,Australia,13.0
MSC,13.0,MEDIUM,15.0,15.0,86.67,0,0.0,2022,Australia,13.0
MSC,14.0,MEDIUM,16.0,18.0,101.908,1,0.0,2022,Australia,13.0
MSC,15.0,HARD,1.0,18.0,91.469,0,0.0,2022,Australia,13.0
MSC,16.0,HARD,2.0,18.0,85.008,0,0.0,2022,Australia,13.0
MSC,17.0,HARD,3.0,18.0,84.518,0,0.0,2022,Australia,13.0
MSC,18.0,HARD,4.0,18.0,84.347,0,0.0,2022,Australia,13.0
MSC,19.0,HARD,5.0,18.0,84.868,0,0.0,2022,Australia,13.0
MSC,20.0,HARD,6.0,18.0,85.01,0,0.0,2022,Australia,13.0
MSC,21.0,HARD,7.0,18.0,84.808,0,0.0,2022,Australia,13.0
MSC,22.0,HARD,8.0,17.0,84.949,0,0.0,2022,Australia,13.0
MSC,23.0,HARD,9.0,16.0,109.601,0,0.0,2022,Australia,13.0
MSC,24.0,HARD,10.0,16.0,120.112,0,0.0,2022,Australia,13.0
MSC,26.0,HARD,12.0,16.0,142.725,0,0.0,2022,Australia,13.0
MSC,27.0,HARD,13.0,16.0,87.457,0,0.0,2022,Australia,13.0
MSC,28.0,HARD,14.0,16.0,86.162,0,0.0,2022,Australia,13.0
MSC,29.0,HARD,15.0,16.0,85.836,0,0.0,2022,Australia,13.0
MSC,30.0,HARD,16.0,16.0,84.853,0,0.0,2022,Australia,13.0
MSC,31.0,HARD,17.0,15.0,84.597,0,0.0,2022,Australia,13.0
MSC,32.0,HARD,18.0,15.0,83.991,0,0.0,2022,Australia,13.0
MSC,33.0,HARD,19.0,15.0,84.15,0,0.0,2022,Australia,13.0
MSC,34.0,HARD,20.0,15.0,84.203,0,0.0,2022,Australia,13.0
MSC,35.0,HARD,21.0,15.0,85.619,0,0.0,2022,Australia,13.0
MSC,36.0,HARD,22.0,15.0,84.49,0,0.0,2022,Australia,13.0
MSC,37.0,HARD,23.0,15.0,84.557,0,0.0,2022,Australia,13.0
MSC,38.0,HARD,24.0,15.0,84.497,0,0.0,2022,Australia,13.0
MSC,39.0,HARD,25.0,13.0,112.519,0,0.0,2022,Australia,13.0
MSC,40.0,HARD,26.0,12.0,90.55,0,0.0,2022,Australia,13.0
MSC,41.0,HARD,27.0,12.0,83.801,0,0.0,2022,Australia,13.0
MSC,42.0,HARD,28.0,12.0,83.392,0,0.0,2022,Australia,13.0
MSC,43.0,HARD,29.0,12.0,83.599,0,0.0,2022,Australia,13.0
MSC,44.0,HARD,30.0,12.0,83.993,0,0.0,2022,Australia,13.0
MSC,45.0,HARD,31.0,13.0,85.292,0,0.0,2022,Australia,13.0
MSC,46.0,HARD,32.0,13.0,83.753,0,0.0,2022,Australia,13.0
MSC,47.0,HARD,33.0,13.0,83.786,0,0.0,2022,Australia,13.0
MSC,48.0,HARD,34.0,13.0,83.731,0,0.0,2022,Australia,13.0
MSC,49.0,HARD,35.0,13.0,84.254,0,0.0,2022,Australia,13.0
MSC,50.0,HARD,36.0,15.0,88.377,0,0.0,2022,Australia,13.0
MSC,51.0,HARD,37.0,15.0,84.152,0,0.0,2022,Australia,13.0
MSC,52.0,HARD,38.0,15.0,84.517,0,0.0,2022,Australia,13.0
MSC,53.0,HARD,39.0,14.0,83.727,0,0.0,2022,Australia,13.0
MSC,54.0,HARD,40.0,14.0,83.663,0,0.0,2022,Australia,13.0
MSC,55.0,HARD,41.0,14.0,83.006,0,0.0,2022,Australia,13.0
MSC,56.0,HARD,42.0,13.0,83.338,0,0.0,2022,Australia,13.0
MSC,57.0,HARD,43.0,13.0,84.171,0,0.0,2022,Australia,13.0
VET,1.0,HARD,2.0,17.0,100.136,0,0.0,2022,Australia,12.0
VET,2.0,HARD,3.0,16.0,88.34,0,0.0,2022,Australia,12.0
VET,3.0,HARD,4.0,16.0,115.92,0,0.0,2022,Australia,12.0
VET,4.0,HARD,5.0,16.0,132.726,0,0.0,2022,Australia,12.0
VET,5.0,HARD,6.0,16.0,135.917,0,0.0,2022,Australia,12.0
VET,6.0,HARD,7.0,16.0,127.088,0,0.0,2022,Australia,12.0
VET,7.0,HARD,8.0,16.0,87.194,0,0.0,2022,Australia,12.0
VET,8.0,HARD,9.0,16.0,86.763,0,0.0,2022,Australia,12.0
VET,9.0,HARD,10.0,16.0,86.179,0,0.0,2022,Australia,12.0
VET,10.0,HARD,11.0,19.0,93.354,0,0.0,2022,Australia,12.0
VET,11.0,HARD,12.0,19.0,85.984,0,0.0,2022,Australia,12.0
VET,12.0,HARD,13.0,19.0,86.15,0,0.0,2022,Australia,12.0
VET,13.0,HARD,14.0,18.0,86.423,0,0.0,2022,Australia,12.0
VET,14.0,HARD,15.0,17.0,86.074,0,0.0,2022,Australia,12.0
VET,15.0,HARD,16.0,17.0,85.575,0,0.0,2022,Australia,12.0
VET,16.0,HARD,17.0,17.0,85.554,0,0.0,2022,Australia,12.0
VET,17.0,HARD,18.0,16.0,85.189,0,0.0,2022,Australia,12.0
VET,18.0,HARD,19.0,15.0,85.367,0,0.0,2022,Australia,12.0
VET,19.0,HARD,20.0,15.0,85.503,0,0.0,2022,Australia,12.0
VET,20.0,HARD,21.0,15.0,85.398,0,0.0,2022,Australia,12.0
VET,21.0,HARD,22.0,13.0,85.505,0,0.0,2022,Australia,12.0
VET,22.0,HARD,23.0,12.0,87.005,0,0.0,2022,Australia,12.0
SAI,1.0,HARD,1.0,14.0,99.028,0,0.0,2022,Australia,14.0
LAT,1.0,MEDIUM,1.0,18.0,100.84,0,0.0,2022,Australia,16.0
LAT,2.0,MEDIUM,2.0,17.0,88.794,0,0.0,2022,Australia,16.0
LAT,3.0,MEDIUM,3.0,17.0,115.664,0,0.0,2022,Australia,16.0
LAT,4.0,MEDIUM,4.0,17.0,132.55,0,0.0,2022,Australia,16.0
LAT,5.0,MEDIUM,5.0,17.0,136.809,0,0.0,2022,Australia,16.0
LAT,6.0,MEDIUM,6.0,17.0,125.917,0,0.0,2022,Australia,16.0
LAT,7.0,MEDIUM,7.0,17.0,87.957,0,0.0,2022,Australia,16.0
LAT,8.0,MEDIUM,8.0,17.0,87.094,0,0.0,2022,Australia,16.0
LAT,9.0,MEDIUM,9.0,17.0,86.511,0,0.0,2022,Australia,16.0
LAT,10.0,MEDIUM,10.0,16.0,85.891,0,0.0,2022,Australia,16.0
LAT,11.0,MEDIUM,11.0,16.0,87.274,0,0.0,2022,Australia,16.0
LAT,12.0,MEDIUM,12.0,16.0,87.517,0,0.0,2022,Australia,16.0
LAT,13.0,MEDIUM,13.0,19.0,104.388,1,0.0,2022,Australia,16.0
LAT,14.0,HARD,2.0,19.0,92.856,0,0.0,2022,Australia,16.0
LAT,15.0,HARD,3.0,19.0,85.446,0,0.0,2022,Australia,16.0
LAT,16.0,HARD,4.0,19.0,85.269,0,0.0,2022,Australia,16.0
LAT,17.0,HARD,5.0,19.0,85.538,0,0.0,2022,Australia,16.0
LAT,18.0,HARD,6.0,19.0,85.414,0,0.0,2022,Australia,16.0
LAT,19.0,HARD,7.0,19.0,85.51,0,0.0,2022,Australia,16.0
LAT,20.0,HARD,8.0,19.0,85.546,0,0.0,2022,Australia,16.0
LAT,21.0,HARD,9.0,19.0,85.375,0,0.0,2022,Australia,16.0
LAT,22.0,HARD,10.0,19.0,85.083,0,0.0,2022,Australia,16.0
LAT,23.0,HARD,11.0,18.0,119.64,1,0.0,2022,Australia,16.0
LAT,24.0,HARD,1.0,18.0,116.661,0,0.0,2022,Australia,16.0
LAT,25.0,HARD,2.0,18.0,135.21,0,0.0,2022,Australia,16.0
LAT,26.0,HARD,3.0,18.0,141.255,0,0.0,2022,Australia,16.0
LAT,27.0,HARD,4.0,18.0,88.212,0,0.0,2022,Australia,16.0
LAT,28.0,HARD,5.0,18.0,86.491,0,0.0,2022,Australia,16.0
LAT,29.0,HARD,6.0,18.0,85.914,0,0.0,2022,Australia,16.0
LAT,30.0,HARD,7.0,18.0,85.188,0,0.0,2022,Australia,16.0
LAT,31.0,HARD,8.0,18.0,85.115,0,0.0,2022,Australia,16.0
LAT,32.0,HARD,9.0,18.0,84.995,0,0.0,2022,Australia,16.0
LAT,33.0,HARD,10.0,18.0,84.957,0,0.0,2022,Australia,16.0
LAT,34.0,HARD,11.0,18.0,85.279,0,0.0,2022,Australia,16.0
LAT,35.0,HARD,12.0,18.0,84.916,0,0.0,2022,Australia,16.0
LAT,36.0,HARD,13.0,18.0,84.604,0,0.0,2022,Australia,16.0
LAT,37.0,HARD,14.0,18.0,84.515,0,0.0,2022,Australia,16.0
LAT,38.0,HARD,15.0,18.0,84.573,0,0.0,2022,Australia,16.0
LAT,39.0,HARD,16.0,17.0,114.084,0,0.0,2022,Australia,16.0
LAT,40.0,HARD,17.0,16.0,88.456,0,0.0,2022,Australia,16.0
LAT,41.0,HARD,18.0,16.0,84.389,0,0.0,2022,Australia,16.0
LAT,42.0,HARD,19.0,17.0,85.529,0,0.0,2022,Australia,16.0
LAT,43.0,HARD,20.0,17.0,84.005,0,0.0,2022,Australia,16.0
LAT,44.0,HARD,21.0,17.0,84.35,0,0.0,2022,Australia,16.0
LAT,45.0,HARD,22.0,17.0,84.382,0,0.0,2022,Australia,16.0
LAT,46.0,HARD,23.0,17.0,83.997,0,0.0,2022,Australia,16.0
LAT,47.0,HARD,24.0,17.0,84.05,0,0.0,2022,Australia,16.0
LAT,48.0,HARD,25.0,17.0,83.9,0,0.0,2022,Australia,16.0
LAT,49.0,HARD,26.0,17.0,83.882,0,0.0,2022,Australia,16.0
LAT,50.0,HARD,27.0,17.0,84.267,0,0.0,2022,Australia,16.0
LAT,51.0,HARD,28.0,17.0,84.266,0,0.0,2022,Australia,16.0
LAT,52.0,HARD,29.0,17.0,83.998,0,0.0,2022,Australia,16.0
LAT,53.0,HARD,30.0,16.0,84.26,0,0.0,2022,Australia,16.0
LAT,54.0,HARD,31.0,16.0,85.83,0,0.0,2022,Australia,16.0
LAT,55.0,HARD,32.0,16.0,84.202,0,0.0,2022,Australia,16.0
LAT,56.0,HARD,33.0,16.0,83.924,0,0.0,2022,Australia,16.0
LAT,57.0,HARD,34.0,16.0,84.492,0,0.0,2022,Australia,16.0
RUS,1.0,MEDIUM,1.0,5.0,93.325,0,0.0,2022,Australia,3.0
RUS,2.0,MEDIUM,2.0,5.0,85.459,0,0.0,2022,Australia,3.0
RUS,3.0,MEDIUM,3.0,5.0,110.992,0,0.0,2022,Australia,3.0
RUS,4.0,MEDIUM,4.0,5.0,132.797,0,0.0,2022,Australia,3.0
RUS,5.0,MEDIUM,5.0,5.0,133.679,0,0.0,2022,Australia,3.0
RUS,6.0,MEDIUM,6.0,5.0,138.443,0,0.0,2022,Australia,3.0
RUS,7.0,MEDIUM,7.0,5.0,85.734,0,0.0,2022,Australia,3.0
RUS,8.0,MEDIUM,8.0,5.0,85.021,0,0.0,2022,Australia,3.0
RUS,9.0,MEDIUM,9.0,5.0,85.161,0,0.0,2022,Australia,3.0
RUS,10.0,MEDIUM,10.0,5.0,85.177,0,0.0,2022,Australia,3.0
RUS,11.0,MEDIUM,11.0,5.0,85.082,0,0.0,2022,Australia,3.0
RUS,12.0,MEDIUM,12.0,5.0,85.028,0,0.0,2022,Australia,3.0
RUS,13.0,MEDIUM,13.0,5.0,85.336,0,0.0,2022,Australia,3.0
RUS,14.0,MEDIUM,14.0,5.0,85.153,0,0.0,2022,Australia,3.0
RUS,15.0,MEDIUM,15.0,5.0,84.977,0,0.0,2022,Australia,3.0
RUS,16.0,MEDIUM,16.0,5.0,84.52,0,0.0,2022,Australia,3.0
RUS,17.0,MEDIUM,17.0,5.0,84.521,0,0.0,2022,Australia,3.0
RUS,18.0,MEDIUM,18.0,4.0,84.505,0,0.0,2022,Australia,3.0
RUS,19.0,MEDIUM,19.0,4.0,84.661,0,0.0,2022,Australia,3.0
RUS,20.0,MEDIUM,20.0,3.0,84.728,0,0.0,2022,Australia,3.0
RUS,21.0,MEDIUM,21.0,3.0,84.669,0,0.0,2022,Australia,3.0
RUS,22.0,MEDIUM,22.0,2.0,84.665,0,0.0,2022,Australia,3.0
RUS,23.0,MEDIUM,23.0,3.0,101.064,1,0.0,2022,Australia,3.0
RUS,24.0,HARD,1.0,3.0,146.663,0,0.0,2022,Australia,3.0
RUS,25.0,HARD,2.0,3.0,148.38,0,0.0,2022,Australia,3.0
RUS,27.0,HARD,4.0,3.0,86.678,0,0.0,2022,Australia,3.0
RUS,28.0,HARD,5.0,3.0,84.52,0,0.0,2022,Australia,3.0
RUS,29.0,HARD,6.0,3.0,83.907,0,0.0,2022,Australia,3.0
RUS,30.0,HARD,7.0,3.0,83.854,0,0.0,2022,Australia,3.0
RUS,31.0,HARD,8.0,3.0,83.234,0,0.0,2022,Australia,3.0
RUS,32.0,HARD,9.0,3.0,82.765,0,0.0,2022,Australia,3.0
RUS,33.0,HARD,10.0,3.0,82.634,0,0.0,2022,Australia,3.0
RUS,34.0,HARD,11.0,3.0,82.895,0,0.0,2022,Australia,3.0
RUS,35.0,HARD,12.0,3.0,83.254,0,0.0,2022,Australia,3.0
RUS,36.0,HARD,13.0,4.0,84.53,0,0.0,2022,Australia,3.0
RUS,37.0,HARD,14.0,4.0,83.683,0,0.0,2022,Australia,3.0
RUS,38.0,HARD,15.0,4.0,83.588,0,0.0,2022,Australia,3.0
RUS,39.0,HARD,16.0,3.0,105.539,0,0.0,2022,Australia,3.0
RUS,40.0,HARD,17.0,3.0,94.79,0,0.0,2022,Australia,3.0
RUS,41.0,HARD,18.0,3.0,82.369,0,0.0,2022,Australia,3.0
RUS,42.0,HARD,19.0,3.0,82.46,0,0.0,2022,Australia,3.0
RUS,43.0,HARD,20.0,3.0,82.068,0,0.0,2022,Australia,3.0
RUS,44.0,HARD,21.0,3.0,82.231,0,0.0,2022,Australia,3.0
RUS,45.0,HARD,22.0,3.0,82.122,0,0.0,2022,Australia,3.0
RUS,46.0,HARD,23.0,3.0,82.095,0,0.0,2022,Australia,3.0
RUS,47.0,HARD,24.0,3.0,82.479,0,0.0,2022,Australia,3.0
RUS,48.0,HARD,25.0,3.0,82.337,0,0.0,2022,Australia,3.0
RUS,49.0,HARD,26.0,3.0,81.887,0,0.0,2022,Australia,3.0
RUS,50.0,HARD,27.0,3.0,82.157,0,0.0,2022,Australia,3.0
RUS,51.0,HARD,28.0,3.0,81.777,0,0.0,2022,Australia,3.0
RUS,52.0,HARD,29.0,3.0,82.044,0,0.0,2022,Australia,3.0
RUS,53.0,HARD,30.0,3.0,81.495,0,0.0,2022,Australia,3.0
RUS,54.0,HARD,31.0,3.0,81.766,0,0.0,2022,Australia,3.0
RUS,55.0,HARD,32.0,3.0,82.315,0,0.0,2022,Australia,3.0
RUS,56.0,HARD,33.0,3.0,81.938,0,0.0,2022,Australia,3.0
RUS,57.0,HARD,34.0,3.0,82.491,0,0.0,2022,Australia,3.0
RUS,58.0,HARD,35.0,3.0,81.879,0,0.0,2022,Australia,3.0
BOT,1.0,MEDIUM,1.0,12.0,98.109,0,0.0,2022,Australia,8.0
BOT,2.0,MEDIUM,2.0,12.0,87.593,0,0.0,2022,Australia,8.0
BOT,3.0,MEDIUM,3.0,12.0,113.773,0,0.0,2022,Australia,8.0
BOT,4.0,MEDIUM,4.0,12.0,132.056,0,0.0,2022,Australia,8.0
BOT,5.0,MEDIUM,5.0,12.0,137.071,0,0.0,2022,Australia,8.0
BOT,6.0,MEDIUM,6.0,12.0,129.62,0,0.0,2022,Australia,8.0
BOT,7.0,MEDIUM,7.0,12.0,87.279,0,0.0,2022,Australia,8.0
BOT,8.0,MEDIUM,8.0,12.0,86.21,0,0.0,2022,Australia,8.0
BOT,9.0,MEDIUM,9.0,12.0,85.47,0,0.0,2022,Australia,8.0
BOT,10.0,MEDIUM,10.0,12.0,85.239,0,0.0,2022,Australia,8.0
BOT,11.0,MEDIUM,11.0,12.0,85.584,0,0.0,2022,Australia,8.0
BOT,12.0,MEDIUM,12.0,12.0,85.619,0,0.0,2022,Australia,8.0
BOT,13.0,MEDIUM,13.0,12.0,86.369,0,0.0,2022,Australia,8.0
BOT,14.0,MEDIUM,14.0,12.0,86.132,0,0.0,2022,Australia,8.0
BOT,15.0,MEDIUM,15.0,12.0,85.459,0,0.0,2022,Australia,8.0
BOT,16.0,MEDIUM,16.0,11.0,84.978,0,0.0,2022,Australia,8.0
BOT,17.0,MEDIUM,17.0,10.0,85.284,0,0.0,2022,Australia,8.0
BOT,18.0,MEDIUM,18.0,10.0,84.939,0,0.0,2022,Australia,8.0
BOT,19.0,MEDIUM,19.0,10.0,86.061,0,0.0,2022,Australia,8.0
BOT,20.0,MEDIUM,20.0,9.0,85.919,0,0.0,2022,Australia,8.0
BOT,21.0,MEDIUM,21.0,6.0,86.117,0,0.0,2022,Australia,8.0
BOT,22.0,MEDIUM,22.0,14.0,99.24,1,0.0,2022,Australia,8.0
BOT,23.0,HARD,1.0,13.0,112.104,0,0.0,2022,Australia,8.0
BOT,24.0,HARD,2.0,12.0,119.439,0,0.0,2022,Australia,8.0
BOT,26.0,HARD,4.0,12.0,146.843,0,0.0,2022,Australia,8.0
BOT,27.0,HARD,5.0,12.0,87.078,0,0.0,2022,Australia,8.0
BOT,28.0,HARD,6.0,13.0,86.979,0,0.0,2022,Australia,8.0
BOT,29.0,HARD,7.0,13.0,85.096,0,0.0,2022,Australia,8.0
BOT,30.0,HARD,8.0,13.0,84.192,0,0.0,2022,Australia,8.0
BOT,31.0,HARD,9.0,13.0,84.555,0,0.0,2022,Australia,8.0
BOT,32.0,HARD,10.0,13.0,84.411,0,0.0,2022,Australia,8.0
BOT,33.0,HARD,11.0,13.0,84.375,0,0.0,2022,Australia,8.0
BOT,34.0,HARD,12.0,13.0,85.078,0,0.0,2022,Australia,8.0
BOT,35.0,HARD,13.0,13.0,85.377,0,0.0,2022,Australia,8.0
BOT,36.0,HARD,14.0,13.0,84.871,0,0.0,2022,Australia,8.0
BOT,37.0,HARD,15.0,13.0,84.405,0,0.0,2022,Australia,8.0
BOT,38.0,HARD,16.0,13.0,84.579,0,0.0,2022,Australia,8.0
BOT,39.0,HARD,17.0,9.0,112.906,0,0.0,2022,Australia,8.0
BOT,40.0,HARD,18.0,11.0,91.146,0,0.0,2022,Australia,8.0
BOT,41.0,HARD,19.0,11.0,83.241,0,0.0,2022,Australia,8.0
BOT,42.0,HARD,20.0,11.0,83.397,0,0.0,2022,Australia,8.0
BOT,43.0,HARD,21.0,11.0,83.792,0,0.0,2022,Australia,8.0
BOT,44.0,HARD,22.0,11.0,84.113,0,0.0,2022,Australia,8.0
BOT,45.0,HARD,23.0,11.0,84.205,0,0.0,2022,Australia,8.0
BOT,46.0,HARD,24.0,11.0,84.004,0,0.0,2022,Australia,8.0
BOT,47.0,HARD,25.0,11.0,83.914,0,0.0,2022,Australia,8.0
BOT,48.0,HARD,26.0,11.0,83.4,0,0.0,2022,Australia,8.0
BOT,49.0,HARD,27.0,11.0,83.615,0,0.0,2022,Australia,8.0
BOT,50.0,HARD,28.0,11.0,84.62,0,0.0,2022,Australia,8.0
BOT,51.0,HARD,29.0,10.0,82.797,0,0.0,2022,Australia,8.0
BOT,52.0,HARD,30.0,10.0,82.685,0,0.0,2022,Australia,8.0
BOT,53.0,HARD,31.0,9.0,82.539,0,0.0,2022,Australia,8.0
BOT,54.0,HARD,32.0,9.0,81.651,0,0.0,2022,Australia,8.0
BOT,55.0,HARD,33.0,9.0,82.361,0,0.0,2022,Australia,8.0
BOT,56.0,HARD,34.0,9.0,81.894,0,0.0,2022,Australia,8.0
BOT,57.0,HARD,35.0,8.0,82.201,0,0.0,2022,Australia,8.0
BOT,58.0,HARD,36.0,8.0,82.757,0,0.0,2022,Australia,8.0
VER,2.0,WET,2.0,4.0,142.614,0,0.0,2022,Monaco,3.0
VER,3.0,WET,3.0,4.0,105.603,0,0.0,2022,Monaco,3.0
VER,4.0,WET,4.0,4.0,101.426,0,0.0,2022,Monaco,3.0
VER,5.0,WET,5.0,4.0,100.918,0,0.0,2022,Monaco,3.0
VER,6.0,WET,6.0,4.0,98.151,0,0.0,2022,Monaco,3.0
VER,7.0,WET,7.0,4.0,98.028,0,0.0,2022,Monaco,3.0
VER,8.0,WET,8.0,4.0,97.715,0,0.0,2022,Monaco,3.0
VER,9.0,WET,9.0,4.0,96.951,0,0.0,2022,Monaco,3.0
VER,10.0,WET,10.0,4.0,96.834,0,0.0,2022,Monaco,3.0
VER,11.0,WET,11.0,4.0,95.808,0,0.0,2022,Monaco,3.0
VER,12.0,WET,12.0,4.0,95.414,0,0.0,2022,Monaco,3.0
VER,13.0,WET,13.0,4.0,94.257,0,0.0,2022,Monaco,3.0
VER,14.0,WET,14.0,4.0,94.031,0,0.0,2022,Monaco,3.0
VER,15.0,WET,15.0,4.0,92.702,0,0.0,2022,Monaco,3.0
VER,16.0,WET,16.0,3.0,92.113,0,0.0,2022,Monaco,3.0
VER,17.0,WET,17.0,3.0,91.38,0,0.0,2022,Monaco,3.0
VER,18.0,WET,18.0,4.0,109.118,1,0.0,2022,Monaco,3.0
VER,19.0,INTERMEDIATE,18.0,4.0,88.667,0,0.0,2022,Monaco,3.0
VER,20.0,INTERMEDIATE,18.0,4.0,84.805,0,0.0,2022,Monaco,3.0
VER,21.0,INTERMEDIATE,18.0,2.0,87.259,0,0.0,2022,Monaco,3.0
VER,22.0,INTERMEDIATE,18.0,3.0,104.688,1,0.0,2022,Monaco,3.0
VER,23.0,HARD,1.0,3.0,91.284,0,0.0,2022,Monaco,3.0
VER,24.0,HARD,2.0,3.0,84.584,0,0.0,2022,Monaco,3.0
VER,25.0,HARD,3.0,3.0,82.965,0,0.0,2022,Monaco,3.0
VER,26.0,HARD,4.0,3.0,82.674,0,0.0,2022,Monaco,3.0
VER,27.0,HARD,5.0,3.0,120.175,0,0.0,2022,Monaco,3.0
VER,28.0,HARD,6.0,3.0,126.222,0,0.0,2022,Monaco,3.0
VER,29.0,HARD,7.0,3.0,118.806,0,0.0,2022,Monaco,3.0
VER,32.0,MEDIUM,2.0,3.0,122.493,0,0.0,2022,Monaco,3.0
VER,33.0,MEDIUM,3.0,3.0,83.603,0,0.0,2022,Monaco,3.0
VER,34.0,MEDIUM,4.0,3.0,81.169,0,0.0,2022,Monaco,3.0
VER,35.0,MEDIUM,5.0,3.0,79.85,0,0.0,2022,Monaco,3.0
VER,36.0,MEDIUM,6.0,3.0,79.018,0,0.0,2022,Monaco,3.0
VER,37.0,MEDIUM,7.0,3.0,78.481,0,0.0,2022,Monaco,3.0
VER,38.0,MEDIUM,8.0,3.0,77.542,0,0.0,2022,Monaco,3.0
VER,39.0,MEDIUM,9.0,3.0,77.044,0,0.0,2022,Monaco,3.0
VER,40.0,MEDIUM,10.0,3.0,76.543,0,0.0,2022,Monaco,3.0
VER,41.0,MEDIUM,11.0,3.0,76.273,0,0.0,2022,Monaco,3.0
VER,42.0,MEDIUM,12.0,3.0,76.962,0,0.0,2022,Monaco,3.0
VER,43.0,MEDIUM,13.0,3.0,77.426,0,0.0,2022,Monaco,3.0
VER,44.0,MEDIUM,14.0,3.0,77.092,0,0.0,2022,Monaco,3.0
VER,45.0,MEDIUM,15.0,3.0,76.761,0,0.0,2022,Monaco,3.0
VER,46.0,MEDIUM,16.0,3.0,76.758,0,0.0,2022,Monaco,3.0
VER,47.0,MEDIUM,17.0,3.0,76.052,0,0.0,2022,Monaco,3.0
VER,48.0,MEDIUM,18.0,3.0,76.195,0,0.0,2022,Monaco,3.0
VER,49.0,MEDIUM,19.0,3.0,76.906,0,0.0,2022,Monaco,3.0
VER,50.0,MEDIUM,20.0,3.0,76.832,0,0.0,2022,Monaco,3.0
VER,51.0,MEDIUM,21.0,3.0,77.503,0,0.0,2022,Monaco,3.0
VER,52.0,MEDIUM,22.0,3.0,77.241,0,0.0,2022,Monaco,3.0
VER,53.0,MEDIUM,23.0,3.0,77.668,0,0.0,2022,Monaco,3.0
VER,54.0,MEDIUM,24.0,3.0,77.692,0,0.0,2022,Monaco,3.0
VER,55.0,MEDIUM,25.0,3.0,78.227,0,0.0,2022,Monaco,3.0
VER,56.0,MEDIUM,26.0,3.0,78.731,0,0.0,2022,Monaco,3.0
VER,57.0,MEDIUM,27.0,3.0,78.916,0,0.0,2022,Monaco,3.0
VER,58.0,MEDIUM,28.0,3.0,79.15,0,0.0,2022,Monaco,3.0
VER,59.0,MEDIUM,29.0,3.0,79.015,0,0.0,2022,Monaco,3.0
VER,60.0,MEDIUM,30.0,3.0,78.67,0,0.0,2022,Monaco,3.0
VER,61.0,MEDIUM,31.0,3.0,78.904,0,0.0,2022,Monaco,3.0
VER,62.0,MEDIUM,32.0,3.0,78.123,0,0.0,2022,Monaco,3.0
VER,63.0,MEDIUM,33.0,3.0,77.768,0,0.0,2022,Monaco,3.0
VER,64.0,MEDIUM,34.0,3.0,77.965,0,0.0,2022,Monaco,3.0
GAS,3.0,INTERMEDIATE,2.0,18.0,103.994,0,0.0,2022,Monaco,12.0
GAS,4.0,INTERMEDIATE,3.0,18.0,102.417,0,0.0,2022,Monaco,12.0
GAS,5.0,INTERMEDIATE,4.0,17.0,99.431,0,0.0,2022,Monaco,12.0
GAS,6.0,INTERMEDIATE,5.0,15.0,98.346,0,0.0,2022,Monaco,12.0
GAS,7.0,INTERMEDIATE,6.0,15.0,97.686,0,0.0,2022,Monaco,12.0
GAS,8.0,INTERMEDIATE,7.0,15.0,98.733,0,0.0,2022,Monaco,12.0
GAS,9.0,INTERMEDIATE,8.0,15.0,98.489,0,0.0,2022,Monaco,12.0
GAS,10.0,INTERMEDIATE,9.0,15.0,99.615,0,0.0,2022,Monaco,12.0
GAS,11.0,INTERMEDIATE,10.0,14.0,98.408,0,0.0,2022,Monaco,12.0
GAS,12.0,INTERMEDIATE,11.0,13.0,98.79,0,0.0,2022,Monaco,12.0
GAS,13.0,INTERMEDIATE,12.0,12.0,96.803,0,0.0,2022,Monaco,12.0
GAS,14.0,INTERMEDIATE,13.0,12.0,91.251,0,0.0,2022,Monaco,12.0
GAS,15.0,INTERMEDIATE,14.0,12.0,92.928,0,0.0,2022,Monaco,12.0
GAS,16.0,INTERMEDIATE,15.0,12.0,95.031,0,0.0,2022,Monaco,12.0
GAS,17.0,INTERMEDIATE,16.0,12.0,95.185,0,0.0,2022,Monaco,12.0
GAS,18.0,INTERMEDIATE,17.0,12.0,93.628,0,0.0,2022,Monaco,12.0
GAS,19.0,INTERMEDIATE,18.0,11.0,93.413,0,0.0,2022,Monaco,12.0
GAS,20.0,INTERMEDIATE,19.0,11.0,92.164,0,0.0,2022,Monaco,12.0
GAS,21.0,INTERMEDIATE,20.0,10.0,92.326,0,0.0,2022,Monaco,12.0
GAS,22.0,INTERMEDIATE,21.0,13.0,113.986,1,0.0,2022,Monaco,12.0
GAS,23.0,HARD,21.0,13.0,92.315,0,0.0,2022,Monaco,12.0
GAS,24.0,HARD,21.0,12.0,84.537,0,0.0,2022,Monaco,12.0
GAS,25.0,HARD,21.0,12.0,82.886,0,0.0,2022,Monaco,12.0
GAS,26.0,HARD,21.0,12.0,112.949,0,0.0,2022,Monaco,12.0
GAS,27.0,HARD,21.0,12.0,113.66,0,0.0,2022,Monaco,12.0
GAS,28.0,HARD,21.0,12.0,116.331,0,0.0,2022,Monaco,12.0
GAS,29.0,HARD,21.0,12.0,97.816,0,0.0,2022,Monaco,12.0
GAS,31.0,HARD,9.0,12.0,133.363,0,0.0,2022,Monaco,12.0
GAS,32.0,HARD,10.0,12.0,112.018,0,0.0,2022,Monaco,12.0
GAS,33.0,HARD,11.0,12.0,85.049,0,0.0,2022,Monaco,12.0
GAS,34.0,HARD,12.0,12.0,82.744,0,0.0,2022,Monaco,12.0
GAS,35.0,HARD,13.0,12.0,82.421,0,0.0,2022,Monaco,12.0
GAS,36.0,HARD,14.0,12.0,82.393,0,0.0,2022,Monaco,12.0
GAS,37.0,HARD,15.0,12.0,81.62,0,0.0,2022,Monaco,12.0
GAS,38.0,HARD,16.0,12.0,81.656,0,0.0,2022,Monaco,12.0
GAS,39.0,HARD,17.0,12.0,80.527,0,0.0,2022,Monaco,12.0
GAS,40.0,HARD,18.0,12.0,80.13,0,0.0,2022,Monaco,12.0
GAS,41.0,HARD,19.0,12.0,80.09,0,0.0,2022,Monaco,12.0
GAS,42.0,HARD,20.0,12.0,79.773,0,0.0,2022,Monaco,12.0
GAS,43.0,HARD,21.0,12.0,79.343,0,0.0,2022,Monaco,12.0
GAS,44.0,HARD,22.0,12.0,79.202,0,0.0,2022,Monaco,12.0
GAS,45.0,HARD,23.0,12.0,79.925,0,0.0,2022,Monaco,12.0
GAS,46.0,HARD,24.0,12.0,79.4,0,0.0,2022,Monaco,12.0
GAS,47.0,HARD,25.0,12.0,79.018,0,0.0,2022,Monaco,12.0
GAS,48.0,HARD,26.0,12.0,78.022,0,0.0,2022,Monaco,12.0
GAS,49.0,HARD,27.0,12.0,78.315,0,0.0,2022,Monaco,12.0
GAS,50.0,HARD,28.0,12.0,78.564,0,0.0,2022,Monaco,12.0
GAS,51.0,HARD,29.0,12.0,78.073,0,0.0,2022,Monaco,12.0
GAS,52.0,HARD,30.0,12.0,78.232,0,0.0,2022,Monaco,12.0
GAS,53.0,HARD,31.0,12.0,77.696,0,0.0,2022,Monaco,12.0
GAS,54.0,HARD,32.0,12.0,78.031,0,0.0,2022,Monaco,12.0
GAS,55.0,HARD,33.0,12.0,77.514,0,0.0,2022,Monaco,12.0
GAS,56.0,HARD,34.0,12.0,77.871,0,0.0,2022,Monaco,12.0
GAS,57.0,HARD,35.0,12.0,77.997,0,0.0,2022,Monaco,12.0
GAS,58.0,HARD,36.0,12.0,78.092,0,0.0,2022,Monaco,12.0
GAS,59.0,HARD,37.0,12.0,77.966,0,0.0,2022,Monaco,12.0
GAS,60.0,HARD,38.0,12.0,77.582,0,0.0,2022,Monaco,12.0
GAS,61.0,HARD,39.0,12.0,77.344,0,0.0,2022,Monaco,12.0
GAS,62.0,HARD,40.0,12.0,78.122,0,0.0,2022,Monaco,12.0
GAS,63.0,HARD,41.0,12.0,78.478,0,0.0,2022,Monaco,12.0
GAS,64.0,HARD,42.0,12.0,78.151,0,0.0,2022,Monaco,12.0
PER,2.0,WET,2.0,3.0,143.143,0,0.0,2022,Monaco,1.0
PER,3.0,WET,3.0,3.0,104.57,0,0.0,2022,Monaco,1.0
PER,4.0,WET,4.0,3.0,102.377,0,0.0,2022,Monaco,1.0
PER,5.0,WET,5.0,3.0,100.229,0,0.0,2022,Monaco,1.0
PER,6.0,WET,6.0,3.0,98.27,0,0.0,2022,Monaco,1.0
PER,7.0,WET,7.0,3.0,98.134,0,0.0,2022,Monaco,1.0
PER,8.0,WET,8.0,3.0,97.285,0,0.0,2022,Monaco,1.0
PER,9.0,WET,9.0,3.0,96.854,0,0.0,2022,Monaco,1.0
PER,10.0,WET,10.0,3.0,96.883,0,0.0,2022,Monaco,1.0
PER,11.0,WET,11.0,3.0,95.987,0,0.0,2022,Monaco,1.0
PER,12.0,WET,12.0,3.0,95.597,0,0.0,2022,Monaco,1.0
PER,13.0,WET,13.0,3.0,94.104,0,0.0,2022,Monaco,1.0
PER,14.0,WET,14.0,3.0,93.245,0,0.0,2022,Monaco,1.0
PER,15.0,WET,15.0,3.0,92.815,0,0.0,2022,Monaco,1.0
PER,16.0,WET,16.0,5.0,108.107,1,0.0,2022,Monaco,1.0
PER,17.0,INTERMEDIATE,16.0,4.0,92.141,0,0.0,2022,Monaco,1.0
PER,18.0,INTERMEDIATE,16.0,2.0,85.215,0,0.0,2022,Monaco,1.0
PER,19.0,INTERMEDIATE,16.0,2.0,86.966,0,0.0,2022,Monaco,1.0
PER,20.0,INTERMEDIATE,16.0,2.0,88.792,0,0.0,2022,Monaco,1.0
PER,21.0,INTERMEDIATE,16.0,1.0,89.371,0,0.0,2022,Monaco,1.0
PER,22.0,INTERMEDIATE,16.0,1.0,103.44,1,0.0,2022,Monaco,1.0
PER,23.0,HARD,1.0,1.0,94.149,0,0.0,2022,Monaco,1.0
PER,24.0,HARD,2.0,1.0,85.539,0,0.0,2022,Monaco,1.0
PER,25.0,HARD,3.0,1.0,82.206,0,0.0,2022,Monaco,1.0
PER,26.0,HARD,4.0,1.0,84.06,0,0.0,2022,Monaco,1.0
PER,27.0,HARD,5.0,1.0,117.255,0,0.0,2022,Monaco,1.0
PER,28.0,HARD,6.0,1.0,128.097,0,0.0,2022,Monaco,1.0
PER,29.0,HARD,7.0,1.0,119.039,0,0.0,2022,Monaco,1.0
PER,32.0,MEDIUM,2.0,1.0,123.485,0,0.0,2022,Monaco,1.0
PER,33.0,MEDIUM,3.0,1.0,83.415,0,0.0,2022,Monaco,1.0
PER,34.0,MEDIUM,4.0,1.0,80.677,0,0.0,2022,Monaco,1.0
PER,35.0,MEDIUM,5.0,1.0,79.801,0,0.0,2022,Monaco,1.0
PER,36.0,MEDIUM,6.0,1.0,79.027,0,0.0,2022,Monaco,1.0
PER,37.0,MEDIUM,7.0,1.0,78.347,0,0.0,2022,Monaco,1.0
PER,38.0,MEDIUM,8.0,1.0,77.081,0,0.0,2022,Monaco,1.0
PER,39.0,MEDIUM,9.0,1.0,77.143,0,0.0,2022,Monaco,1.0
PER,40.0,MEDIUM,10.0,1.0,76.473,0,0.0,2022,Monaco,1.0
PER,41.0,MEDIUM,11.0,1.0,76.434,0,0.0,2022,Monaco,1.0
PER,42.0,MEDIUM,12.0,1.0,76.26,0,0.0,2022,Monaco,1.0
PER,43.0,MEDIUM,13.0,1.0,76.479,0,0.0,2022,Monaco,1.0
PER,44.0,MEDIUM,14.0,1.0,76.73,0,0.0,2022,Monaco,1.0
PER,45.0,MEDIUM,15.0,1.0,76.773,0,0.0,2022,Monaco,1.0
PER,46.0,MEDIUM,16.0,1.0,76.028,0,0.0,2022,Monaco,1.0
PER,47.0,MEDIUM,17.0,1.0,76.682,0,0.0,2022,Monaco,1.0
PER,48.0,MEDIUM,18.0,1.0,76.227,0,0.0,2022,Monaco,1.0
PER,49.0,MEDIUM,19.0,1.0,76.602,0,0.0,2022,Monaco,1.0
PER,50.0,MEDIUM,20.0,1.0,77.922,0,0.0,2022,Monaco,1.0
PER,51.0,MEDIUM,21.0,1.0,77.778,0,0.0,2022,Monaco,1.0
PER,52.0,MEDIUM,22.0,1.0,78.028,0,0.0,2022,Monaco,1.0
PER,53.0,MEDIUM,23.0,1.0,78.197,0,0.0,2022,Monaco,1.0
PER,54.0,MEDIUM,24.0,1.0,78.205,0,0.0,2022,Monaco,1.0
PER,55.0,MEDIUM,25.0,1.0,78.491,0,0.0,2022,Monaco,1.0
PER,56.0,MEDIUM,26.0,1.0,78.898,0,0.0,2022,Monaco,1.0
PER,57.0,MEDIUM,27.0,1.0,78.873,0,0.0,2022,Monaco,1.0
PER,58.0,MEDIUM,28.0,1.0,79.457,0,0.0,2022,Monaco,1.0
PER,59.0,MEDIUM,29.0,1.0,78.77,0,0.0,2022,Monaco,1.0
PER,60.0,MEDIUM,30.0,1.0,78.977,0,0.0,2022,Monaco,1.0
PER,61.0,MEDIUM,31.0,1.0,78.635,0,0.0,2022,Monaco,1.0
PER,62.0,MEDIUM,32.0,1.0,77.997,0,0.0,2022,Monaco,1.0
PER,63.0,MEDIUM,33.0,1.0,77.7,0,0.0,2022,Monaco,1.0
PER,64.0,MEDIUM,34.0,1.0,77.917,0,0.0,2022,Monaco,1.0
ALO,2.0,WET,2.0,7.0,138.13,0,0.0,2022,Monaco,7.0
ALO,3.0,WET,3.0,7.0,106.608,0,0.0,2022,Monaco,7.0
ALO,4.0,WET,4.0,7.0,102.916,0,0.0,2022,Monaco,7.0
ALO,5.0,WET,5.0,7.0,101.549,0,0.0,2022,Monaco,7.0
ALO,6.0,WET,6.0,7.0,100.29,0,0.0,2022,Monaco,7.0
ALO,7.0,WET,7.0,7.0,99.052,0,0.0,2022,Monaco,7.0
ALO,8.0,WET,8.0,7.0,99.213,0,0.0,2022,Monaco,7.0
ALO,9.0,WET,9.0,7.0,98.678,0,0.0,2022,Monaco,7.0
ALO,10.0,WET,10.0,7.0,97.601,0,0.0,2022,Monaco,7.0
ALO,11.0,WET,11.0,7.0,97.206,0,0.0,2022,Monaco,7.0
ALO,12.0,WET,12.0,7.0,95.884,0,0.0,2022,Monaco,7.0
ALO,13.0,WET,13.0,7.0,95.158,0,0.0,2022,Monaco,7.0
ALO,14.0,WET,14.0,7.0,94.137,0,0.0,2022,Monaco,7.0
ALO,15.0,WET,15.0,7.0,93.484,0,0.0,2022,Monaco,7.0
ALO,16.0,WET,16.0,7.0,94.171,0,0.0,2022,Monaco,7.0
ALO,17.0,WET,17.0,6.0,93.349,0,0.0,2022,Monaco,7.0
ALO,18.0,WET,18.0,6.0,92.356,0,0.0,2022,Monaco,7.0
ALO,19.0,WET,19.0,6.0,92.069,0,0.0,2022,Monaco,7.0
ALO,20.0,WET,20.0,6.0,91.441,0,0.0,2022,Monaco,7.0
ALO,21.0,WET,21.0,7.0,109.636,1,0.0,2022,Monaco,7.0
ALO,22.0,HARD,21.0,7.0,93.462,0,0.0,2022,Monaco,7.0
ALO,23.0,HARD,21.0,7.0,88.168,0,0.0,2022,Monaco,7.0
ALO,24.0,HARD,21.0,7.0,86.044,0,0.0,2022,Monaco,7.0
ALO,25.0,HARD,21.0,7.0,84.807,0,0.0,2022,Monaco,7.0
ALO,26.0,HARD,21.0,7.0,95.981,0,0.0,2022,Monaco,7.0
ALO,27.0,HARD,21.0,7.0,116.309,0,0.0,2022,Monaco,7.0
ALO,28.0,HARD,21.0,7.0,115.588,0,0.0,2022,Monaco,7.0
ALO,29.0,HARD,21.0,7.0,109.581,0,0.0,2022,Monaco,7.0
ALO,31.0,MEDIUM,1.0,7.0,140.85,0,0.0,2022,Monaco,7.0
ALO,32.0,MEDIUM,2.0,7.0,116.128,0,0.0,2022,Monaco,7.0
ALO,33.0,MEDIUM,3.0,7.0,84.805,0,0.0,2022,Monaco,7.0
ALO,34.0,MEDIUM,4.0,7.0,82.897,0,0.0,2022,Monaco,7.0
ALO,35.0,MEDIUM,5.0,7.0,82.751,0,0.0,2022,Monaco,7.0
ALO,36.0,MEDIUM,6.0,7.0,82.259,0,0.0,2022,Monaco,7.0
ALO,37.0,MEDIUM,7.0,7.0,81.752,0,0.0,2022,Monaco,7.0
ALO,38.0,MEDIUM,8.0,7.0,81.452,0,0.0,2022,Monaco,7.0
ALO,39.0,MEDIUM,9.0,7.0,80.332,0,0.0,2022,Monaco,7.0
ALO,40.0,MEDIUM,10.0,7.0,79.709,0,0.0,2022,Monaco,7.0
ALO,41.0,MEDIUM,11.0,7.0,80.009,0,0.0,2022,Monaco,7.0
ALO,42.0,MEDIUM,12.0,7.0,80.075,0,0.0,2022,Monaco,7.0
ALO,43.0,MEDIUM,13.0,7.0,79.76,0,0.0,2022,Monaco,7.0
ALO,44.0,MEDIUM,14.0,7.0,79.373,0,0.0,2022,Monaco,7.0
ALO,45.0,MEDIUM,15.0,7.0,79.046,0,0.0,2022,Monaco,7.0
ALO,46.0,MEDIUM,16.0,7.0,78.73,0,0.0,2022,Monaco,7.0
ALO,47.0,MEDIUM,17.0,7.0,78.501,0,0.0,2022,Monaco,7.0
ALO,48.0,MEDIUM,18.0,7.0,78.623,0,0.0,2022,Monaco,7.0
ALO,49.0,MEDIUM,19.0,7.0,77.542,0,0.0,2022,Monaco,7.0
ALO,50.0,MEDIUM,20.0,7.0,75.882,0,0.0,2022,Monaco,7.0
ALO,51.0,MEDIUM,21.0,7.0,78.634,0,0.0,2022,Monaco,7.0
ALO,52.0,MEDIUM,22.0,7.0,78.812,0,0.0,2022,Monaco,7.0
ALO,53.0,MEDIUM,23.0,7.0,78.911,0,0.0,2022,Monaco,7.0
ALO,54.0,MEDIUM,24.0,7.0,77.135,0,0.0,2022,Monaco,7.0
ALO,55.0,MEDIUM,25.0,7.0,77.324,0,0.0,2022,Monaco,7.0
ALO,56.0,MEDIUM,26.0,7.0,77.799,0,0.0,2022,Monaco,7.0
ALO,57.0,MEDIUM,27.0,7.0,78.792,0,0.0,2022,Monaco,7.0
ALO,58.0,MEDIUM,28.0,7.0,78.53,0,0.0,2022,Monaco,7.0
ALO,59.0,MEDIUM,29.0,7.0,75.944,0,0.0,2022,Monaco,7.0
ALO,60.0,MEDIUM,30.0,7.0,77.772,0,0.0,2022,Monaco,7.0
ALO,61.0,MEDIUM,31.0,7.0,77.698,0,0.0,2022,Monaco,7.0
ALO,62.0,MEDIUM,32.0,7.0,77.473,0,0.0,2022,Monaco,7.0
ALO,63.0,MEDIUM,33.0,7.0,79.209,0,0.0,2022,Monaco,7.0
ALO,64.0,MEDIUM,34.0,7.0,79.654,0,0.0,2022,Monaco,7.0
LEC,2.0,WET,2.0,1.0,144.979,0,0.0,2022,Monaco,4.0
LEC,3.0,WET,3.0,1.0,103.218,0,0.0,2022,Monaco,4.0
LEC,4.0,WET,4.0,1.0,101.885,0,0.0,2022,Monaco,4.0
LEC,5.0,WET,5.0,1.0,99.679,0,0.0,2022,Monaco,4.0
LEC,6.0,WET,6.0,1.0,98.046,0,0.0,2022,Monaco,4.0
LEC,7.0,WET,7.0,1.0,97.181,0,0.0,2022,Monaco,4.0
LEC,8.0,WET,8.0,1.0,97.426,0,0.0,2022,Monaco,4.0
LEC,9.0,WET,9.0,1.0,96.588,0,0.0,2022,Monaco,4.0
LEC,10.0,WET,10.0,1.0,96.299,0,0.0,2022,Monaco,4.0
LEC,11.0,WET,11.0,1.0,95.323,0,0.0,2022,Monaco,4.0
LEC,12.0,WET,12.0,1.0,95.077,0,0.0,2022,Monaco,4.0
LEC,13.0,WET,13.0,1.0,93.665,0,0.0,2022,Monaco,4.0
LEC,14.0,WET,14.0,1.0,93.314,0,0.0,2022,Monaco,4.0
LEC,15.0,WET,15.0,1.0,92.098,0,0.0,2022,Monaco,4.0
LEC,16.0,WET,16.0,1.0,92.133,0,0.0,2022,Monaco,4.0
LEC,17.0,WET,17.0,1.0,91.49,0,0.0,2022,Monaco,4.0
LEC,18.0,WET,18.0,3.0,110.848,1,0.0,2022,Monaco,4.0
LEC,19.0,INTERMEDIATE,18.0,3.0,90.149,0,0.0,2022,Monaco,4.0
LEC,20.0,INTERMEDIATE,18.0,3.0,88.156,0,0.0,2022,Monaco,4.0
LEC,21.0,INTERMEDIATE,18.0,4.0,106.56,1,0.0,2022,Monaco,4.0
LEC,22.0,HARD,1.0,4.0,92.589,0,0.0,2022,Monaco,4.0
LEC,23.0,HARD,2.0,4.0,88.779,0,0.0,2022,Monaco,4.0
LEC,24.0,HARD,3.0,4.0,84.159,0,0.0,2022,Monaco,4.0
LEC,25.0,HARD,4.0,4.0,83.136,0,0.0,2022,Monaco,4.0
LEC,26.0,HARD,5.0,4.0,82.728,0,0.0,2022,Monaco,4.0
LEC,27.0,HARD,6.0,4.0,122.476,0,0.0,2022,Monaco,4.0
LEC,28.0,HARD,7.0,4.0,126.941,0,0.0,2022,Monaco,4.0
LEC,29.0,HARD,8.0,4.0,117.746,0,0.0,2022,Monaco,4.0
LEC,32.0,HARD,11.0,4.0,120.7,0,0.0,2022,Monaco,4.0
LEC,33.0,HARD,12.0,4.0,83.323,0,0.0,2022,Monaco,4.0
LEC,34.0,HARD,13.0,4.0,81.669,0,0.0,2022,Monaco,4.0
LEC,35.0,HARD,14.0,4.0,79.112,0,0.0,2022,Monaco,4.0
LEC,36.0,HARD,15.0,4.0,79.394,0,0.0,2022,Monaco,4.0
LEC,37.0,HARD,16.0,4.0,78.761,0,0.0,2022,Monaco,4.0
LEC,38.0,HARD,17.0,4.0,77.543,0,0.0,2022,Monaco,4.0
LEC,39.0,HARD,18.0,4.0,76.98,0,0.0,2022,Monaco,4.0
LEC,40.0,HARD,19.0,4.0,77.447,0,0.0,2022,Monaco,4.0
LEC,41.0,HARD,20.0,4.0,76.861,0,0.0,2022,Monaco,4.0
LEC,42.0,HARD,21.0,4.0,76.987,0,0.0,2022,Monaco,4.0
LEC,43.0,HARD,22.0,4.0,77.006,0,0.0,2022,Monaco,4.0
LEC,44.0,HARD,23.0,4.0,76.919,0,0.0,2022,Monaco,4.0
LEC,45.0,HARD,24.0,4.0,76.479,0,0.0,2022,Monaco,4.0
LEC,46.0,HARD,25.0,4.0,76.249,0,0.0,2022,Monaco,4.0
LEC,47.0,HARD,26.0,4.0,76.492,0,0.0,2022,Monaco,4.0
LEC,48.0,HARD,27.0,4.0,76.896,0,0.0,2022,Monaco,4.0
LEC,49.0,HARD,28.0,4.0,76.489,0,0.0,2022,Monaco,4.0
LEC,50.0,HARD,29.0,4.0,77.522,0,0.0,2022,Monaco,4.0
LEC,51.0,HARD,30.0,4.0,76.773,0,0.0,2022,Monaco,4.0
LEC,52.0,HARD,31.0,4.0,76.811,0,0.0,2022,Monaco,4.0
LEC,53.0,HARD,32.0,4.0,77.135,0,0.0,2022,Monaco,4.0
LEC,54.0,HARD,33.0,4.0,77.709,0,0.0,2022,Monaco,4.0
LEC,55.0,HARD,34.0,4.0,77.94,0,0.0,2022,Monaco,4.0
LEC,56.0,HARD,35.0,4.0,78.622,0,0.0,2022,Monaco,4.0
LEC,57.0,HARD,36.0,4.0,79.06,0,0.0,2022,Monaco,4.0
LEC,58.0,HARD,37.0,4.0,78.952,0,0.0,2022,Monaco,4.0
LEC,59.0,HARD,38.0,4.0,79.024,0,0.0,2022,Monaco,4.0
LEC,60.0,HARD,39.0,4.0,78.678,0,0.0,2022,Monaco,4.0
LEC,61.0,HARD,40.0,4.0,78.832,0,0.0,2022,Monaco,4.0
LEC,62.0,HARD,41.0,4.0,78.539,0,0.0,2022,Monaco,4.0
LEC,63.0,HARD,42.0,4.0,77.729,0,0.0,2022,Monaco,4.0
LEC,64.0,HARD,43.0,4.0,78.338,0,0.0,2022,Monaco,4.0
STR,2.0,WET,2.0,19.0,136.634,1,-103.968,2022,Monaco,14.0
STR,3.0,INTERMEDIATE,1.0,19.0,108.179,0,0.0,2022,Monaco,14.0
STR,4.0,INTERMEDIATE,2.0,19.0,103.171,0,0.0,2022,Monaco,14.0
STR,5.0,INTERMEDIATE,3.0,19.0,101.963,0,0.0,2022,Monaco,14.0
STR,6.0,INTERMEDIATE,4.0,19.0,101.294,0,0.0,2022,Monaco,14.0
STR,7.0,INTERMEDIATE,5.0,19.0,100.2,0,0.0,2022,Monaco,14.0
STR,8.0,INTERMEDIATE,6.0,19.0,99.795,0,0.0,2022,Monaco,14.0
STR,9.0,INTERMEDIATE,7.0,19.0,98.197,0,0.0,2022,Monaco,14.0
STR,10.0,INTERMEDIATE,8.0,19.0,96.359,0,0.0,2022,Monaco,14.0
STR,11.0,INTERMEDIATE,9.0,19.0,96.129,0,0.0,2022,Monaco,14.0
STR,12.0,INTERMEDIATE,10.0,19.0,95.387,0,0.0,2022,Monaco,14.0
STR,13.0,INTERMEDIATE,11.0,19.0,96.939,0,0.0,2022,Monaco,14.0
STR,14.0,INTERMEDIATE,12.0,19.0,96.217,0,0.0,2022,Monaco,14.0
STR,15.0,INTERMEDIATE,13.0,19.0,96.146,0,0.0,2022,Monaco,14.0
STR,16.0,INTERMEDIATE,14.0,19.0,95.637,0,0.0,2022,Monaco,14.0
STR,17.0,INTERMEDIATE,15.0,18.0,95.247,0,0.0,2022,Monaco,14.0
STR,18.0,INTERMEDIATE,16.0,17.0,95.207,0,0.0,2022,Monaco,14.0
STR,19.0,INTERMEDIATE,17.0,14.0,93.972,0,0.0,2022,Monaco,14.0
STR,20.0,INTERMEDIATE,18.0,13.0,87.633,0,0.0,2022,Monaco,14.0
STR,21.0,INTERMEDIATE,19.0,12.0,87.402,0,0.0,2022,Monaco,14.0
STR,22.0,INTERMEDIATE,20.0,11.0,87.686,0,0.0,2022,Monaco,14.0
STR,23.0,INTERMEDIATE,21.0,10.0,89.708,0,0.0,2022,Monaco,14.0
STR,24.0,INTERMEDIATE,22.0,14.0,105.702,1,0.0,2022,Monaco,14.0
STR,25.0,HARD,2.0,14.0,96.439,0,0.0,2022,Monaco,14.0
STR,26.0,HARD,3.0,14.0,121.694,0,0.0,2022,Monaco,14.0
STR,27.0,HARD,4.0,14.0,126.196,0,0.0,2022,Monaco,14.0
STR,28.0,HARD,5.0,14.0,118.927,0,0.0,2022,Monaco,14.0
STR,30.0,None,7.0,14.0,103.833,0,0.0,2022,Monaco,14.0
STR,31.0,None,8.0,14.0,84.515,0,0.0,2022,Monaco,14.0
STR,32.0,None,9.0,14.0,97.937,0,0.0,2022,Monaco,14.0
STR,33.0,None,10.0,14.0,84.605,0,0.0,2022,Monaco,14.0
STR,34.0,None,11.0,14.0,82.704,0,0.0,2022,Monaco,14.0
STR,35.0,None,12.0,14.0,82.363,0,0.0,2022,Monaco,14.0
STR,36.0,None,13.0,14.0,82.264,0,0.0,2022,Monaco,14.0
STR,37.0,None,14.0,14.0,81.741,0,0.0,2022,Monaco,14.0
STR,38.0,None,15.0,14.0,81.665,0,0.0,2022,Monaco,14.0
STR,39.0,None,16.0,14.0,80.557,0,0.0,2022,Monaco,14.0
STR,40.0,None,17.0,14.0,80.222,0,0.0,2022,Monaco,14.0
STR,41.0,None,18.0,14.0,79.988,0,0.0,2022,Monaco,14.0
STR,42.0,None,19.0,14.0,79.828,0,0.0,2022,Monaco,14.0
STR,43.0,None,20.0,14.0,79.566,0,0.0,2022,Monaco,14.0
STR,44.0,None,21.0,14.0,79.41,0,0.0,2022,Monaco,14.0
STR,45.0,None,22.0,14.0,79.53,0,0.0,2022,Monaco,14.0
STR,46.0,None,23.0,14.0,79.604,0,0.0,2022,Monaco,14.0
STR,47.0,None,24.0,14.0,79.768,0,0.0,2022,Monaco,14.0
STR,48.0,None,25.0,14.0,79.101,0,0.0,2022,Monaco,14.0
STR,49.0,None,26.0,14.0,79.182,0,0.0,2022,Monaco,14.0
STR,50.0,None,27.0,14.0,78.424,0,0.0,2022,Monaco,14.0
STR,51.0,None,28.0,14.0,78.289,0,0.0,2022,Monaco,14.0
STR,52.0,None,29.0,14.0,78.309,0,0.0,2022,Monaco,14.0
STR,53.0,None,30.0,14.0,78.057,0,0.0,2022,Monaco,14.0
STR,54.0,None,31.0,14.0,78.044,0,0.0,2022,Monaco,14.0
STR,55.0,None,32.0,14.0,77.831,0,0.0,2022,Monaco,14.0
STR,56.0,None,33.0,14.0,77.672,0,0.0,2022,Monaco,14.0
STR,57.0,None,34.0,14.0,77.849,0,0.0,2022,Monaco,14.0
STR,58.0,None,35.0,14.0,78.024,0,0.0,2022,Monaco,14.0
STR,59.0,None,36.0,14.0,77.967,0,0.0,2022,Monaco,14.0
STR,60.0,None,37.0,14.0,78.138,0,0.0,2022,Monaco,14.0
STR,61.0,None,38.0,14.0,78.096,0,0.0,2022,Monaco,14.0
STR,62.0,None,39.0,14.0,78.281,0,0.0,2022,Monaco,14.0
STR,63.0,None,40.0,14.0,78.411,0,0.0,2022,Monaco,14.0
STR,64.0,None,41.0,14.0,78.996,0,0.0,2022,Monaco,14.0
MAG,2.0,WET,2.0,13.0,132.354,0,0.0,2022,Monaco,12.0
MAG,3.0,WET,3.0,13.0,108.904,0,0.0,2022,Monaco,12.0
MAG,4.0,WET,4.0,13.0,105.374,0,0.0,2022,Monaco,12.0
MAG,5.0,WET,5.0,13.0,103.996,0,0.0,2022,Monaco,12.0
MAG,6.0,WET,6.0,11.0,104.252,0,0.0,2022,Monaco,12.0
MAG,7.0,WET,7.0,11.0,100.441,0,0.0,2022,Monaco,12.0
MAG,8.0,WET,8.0,11.0,99.631,0,0.0,2022,Monaco,12.0
MAG,9.0,WET,9.0,11.0,100.05,0,0.0,2022,Monaco,12.0
MAG,10.0,WET,10.0,11.0,99.137,0,0.0,2022,Monaco,12.0
MAG,11.0,WET,11.0,11.0,98.426,0,0.0,2022,Monaco,12.0
MAG,12.0,WET,12.0,11.0,97.839,0,0.0,2022,Monaco,12.0
MAG,13.0,WET,13.0,11.0,97.181,0,0.0,2022,Monaco,12.0
MAG,14.0,WET,14.0,11.0,95.896,0,0.0,2022,Monaco,12.0
MAG,15.0,WET,15.0,11.0,95.062,0,0.0,2022,Monaco,12.0
MAG,16.0,WET,16.0,11.0,94.853,0,0.0,2022,Monaco,12.0
MAG,17.0,WET,17.0,11.0,95.034,0,0.0,2022,Monaco,12.0
MAG,18.0,WET,18.0,11.0,93.754,0,0.0,2022,Monaco,12.0
MAG,19.0,WET,19.0,12.0,97.629,0,0.0,2022,Monaco,12.0
TSU,2.0,WET,2.0,11.0,134.343,0,0.0,2022,Monaco,17.0
TSU,3.0,WET,3.0,11.0,109.028,0,0.0,2022,Monaco,17.0
TSU,4.0,WET,4.0,11.0,105.664,0,0.0,2022,Monaco,17.0
TSU,5.0,WET,5.0,11.0,103.941,0,0.0,2022,Monaco,17.0
TSU,6.0,WET,6.0,17.0,120.171,1,0.0,2022,Monaco,17.0
TSU,7.0,INTERMEDIATE,1.0,18.0,103.772,0,0.0,2022,Monaco,17.0
TSU,8.0,INTERMEDIATE,2.0,18.0,101.028,0,0.0,2022,Monaco,17.0
TSU,9.0,INTERMEDIATE,3.0,18.0,98.476,0,0.0,2022,Monaco,17.0
TSU,10.0,INTERMEDIATE,4.0,18.0,97.102,0,0.0,2022,Monaco,17.0
TSU,11.0,INTERMEDIATE,5.0,18.0,97.693,0,0.0,2022,Monaco,17.0
TSU,12.0,INTERMEDIATE,6.0,18.0,98.308,0,0.0,2022,Monaco,17.0
TSU,13.0,INTERMEDIATE,7.0,18.0,97.371,0,0.0,2022,Monaco,17.0
TSU,14.0,INTERMEDIATE,8.0,18.0,96.324,0,0.0,2022,Monaco,17.0
TSU,15.0,INTERMEDIATE,9.0,18.0,96.277,0,0.0,2022,Monaco,17.0
TSU,16.0,INTERMEDIATE,10.0,18.0,95.619,0,0.0,2022,Monaco,17.0
TSU,17.0,INTERMEDIATE,11.0,17.0,95.165,0,0.0,2022,Monaco,17.0
TSU,18.0,INTERMEDIATE,12.0,16.0,95.461,0,0.0,2022,Monaco,17.0
TSU,19.0,INTERMEDIATE,13.0,15.0,96.136,0,0.0,2022,Monaco,17.0
TSU,20.0,INTERMEDIATE,14.0,15.0,91.656,0,0.0,2022,Monaco,17.0
TSU,21.0,INTERMEDIATE,15.0,15.0,109.85,1,0.0,2022,Monaco,17.0
TSU,22.0,HARD,15.0,15.0,93.748,0,0.0,2022,Monaco,17.0
TSU,23.0,HARD,15.0,15.0,85.758,0,0.0,2022,Monaco,17.0
TSU,24.0,HARD,15.0,15.0,83.821,0,0.0,2022,Monaco,17.0
TSU,25.0,HARD,15.0,15.0,90.065,0,0.0,2022,Monaco,17.0
TSU,26.0,HARD,15.0,15.0,124.343,0,0.0,2022,Monaco,17.0
TSU,27.0,HARD,15.0,15.0,125.603,0,0.0,2022,Monaco,17.0
TSU,28.0,HARD,15.0,15.0,117.531,0,0.0,2022,Monaco,17.0
TSU,30.0,MEDIUM,1.0,15.0,101.279,0,0.0,2022,Monaco,17.0
TSU,31.0,MEDIUM,2.0,15.0,84.813,0,0.0,2022,Monaco,17.0
TSU,32.0,MEDIUM,3.0,15.0,96.725,0,0.0,2022,Monaco,17.0
TSU,33.0,MEDIUM,4.0,15.0,84.294,0,0.0,2022,Monaco,17.0
TSU,34.0,MEDIUM,5.0,15.0,82.574,0,0.0,2022,Monaco,17.0
TSU,35.0,MEDIUM,6.0,15.0,82.406,0,0.0,2022,Monaco,17.0
TSU,36.0,MEDIUM,7.0,15.0,82.353,0,0.0,2022,Monaco,17.0
TSU,37.0,MEDIUM,8.0,15.0,81.75,0,0.0,2022,Monaco,17.0
TSU,38.0,MEDIUM,9.0,15.0,81.689,0,0.0,2022,Monaco,17.0
TSU,39.0,MEDIUM,10.0,15.0,80.553,0,0.0,2022,Monaco,17.0
TSU,40.0,MEDIUM,11.0,15.0,80.323,0,0.0,2022,Monaco,17.0
TSU,41.0,MEDIUM,12.0,15.0,79.915,0,0.0,2022,Monaco,17.0
TSU,42.0,MEDIUM,13.0,15.0,79.859,0,0.0,2022,Monaco,17.0
TSU,43.0,MEDIUM,14.0,15.0,79.598,0,0.0,2022,Monaco,17.0
TSU,44.0,MEDIUM,15.0,15.0,79.88,0,0.0,2022,Monaco,17.0
TSU,45.0,MEDIUM,16.0,15.0,79.324,0,0.0,2022,Monaco,17.0
TSU,46.0,MEDIUM,17.0,15.0,79.599,0,0.0,2022,Monaco,17.0
TSU,47.0,MEDIUM,18.0,15.0,79.916,0,0.0,2022,Monaco,17.0
TSU,48.0,MEDIUM,19.0,15.0,79.76,0,0.0,2022,Monaco,17.0
TSU,49.0,MEDIUM,20.0,15.0,82.476,0,0.0,2022,Monaco,17.0
TSU,50.0,MEDIUM,21.0,15.0,79.084,0,0.0,2022,Monaco,17.0
TSU,51.0,MEDIUM,22.0,15.0,78.406,0,0.0,2022,Monaco,17.0
TSU,52.0,MEDIUM,23.0,15.0,78.915,0,0.0,2022,Monaco,17.0
TSU,53.0,MEDIUM,24.0,15.0,78.837,0,0.0,2022,Monaco,17.0
TSU,54.0,MEDIUM,25.0,15.0,78.89,0,0.0,2022,Monaco,17.0
TSU,55.0,MEDIUM,26.0,15.0,79.608,0,0.0,2022,Monaco,17.0
TSU,56.0,MEDIUM,27.0,17.0,110.325,1,0.0,2022,Monaco,17.0
TSU,57.0,SOFT,1.0,17.0,84.996,0,0.0,2022,Monaco,17.0
TSU,58.0,SOFT,2.0,17.0,76.055,0,0.0,2022,Monaco,17.0
TSU,59.0,SOFT,3.0,17.0,89.445,0,0.0,2022,Monaco,17.0
TSU,60.0,SOFT,4.0,17.0,75.979,0,0.0,2022,Monaco,17.0
TSU,61.0,SOFT,5.0,17.0,75.334,0,0.0,2022,Monaco,17.0
TSU,62.0,SOFT,6.0,17.0,77.66,0,0.0,2022,Monaco,17.0
TSU,63.0,SOFT,7.0,17.0,75.7,0,0.0,2022,Monaco,17.0
ALB,2.0,WET,2.0,16.0,129.667,0,0.0,2022,Monaco,18.0
ALB,3.0,WET,3.0,16.0,108.888,0,0.0,2022,Monaco,18.0
ALB,4.0,WET,4.0,15.0,105.755,0,0.0,2022,Monaco,18.0
ALB,5.0,WET,5.0,15.0,103.313,0,0.0,2022,Monaco,18.0
ALB,6.0,WET,6.0,13.0,103.887,0,0.0,2022,Monaco,18.0
ALB,7.0,WET,7.0,13.0,101.663,0,0.0,2022,Monaco,18.0
ALB,8.0,WET,8.0,13.0,100.829,0,0.0,2022,Monaco,18.0
ALB,9.0,WET,9.0,13.0,100.302,0,0.0,2022,Monaco,18.0
ALB,10.0,WET,10.0,13.0,98.978,0,0.0,2022,Monaco,18.0
ALB,11.0,WET,11.0,16.0,107.093,0,0.0,2022,Monaco,18.0
ALB,12.0,WET,12.0,16.0,98.689,0,0.0,2022,Monaco,18.0
ALB,13.0,WET,13.0,16.0,97.351,0,0.0,2022,Monaco,18.0
ALB,14.0,WET,14.0,16.0,96.601,0,0.0,2022,Monaco,18.0
ALB,15.0,WET,15.0,16.0,96.171,0,0.0,2022,Monaco,18.0
ALB,16.0,WET,16.0,16.0,95.705,0,0.0,2022,Monaco,18.0
ALB,17.0,WET,17.0,16.0,95.701,0,0.0,2022,Monaco,18.0
ALB,18.0,WET,18.0,19.0,114.036,1,0.0,2022,Monaco,18.0
ALB,19.0,HARD,18.0,18.0,93.467,0,0.0,2022,Monaco,18.0
ALB,20.0,HARD,18.0,18.0,98.902,0,0.0,2022,Monaco,18.0
ALB,21.0,HARD,18.0,16.0,89.367,0,0.0,2022,Monaco,18.0
ALB,22.0,HARD,18.0,19.0,130.065,1,0.0,2022,Monaco,18.0
ALB,23.0,MEDIUM,1.0,19.0,93.811,0,0.0,2022,Monaco,18.0
ALB,24.0,MEDIUM,2.0,19.0,83.506,0,0.0,2022,Monaco,18.0
ALB,25.0,MEDIUM,3.0,18.0,101.078,0,0.0,2022,Monaco,18.0
ALB,26.0,MEDIUM,4.0,18.0,116.315,0,0.0,2022,Monaco,18.0
ALB,27.0,MEDIUM,5.0,18.0,111.993,0,0.0,2022,Monaco,18.0
ALB,28.0,MEDIUM,6.0,18.0,98.218,0,0.0,2022,Monaco,18.0
ALB,30.0,MEDIUM,8.0,18.0,113.564,0,0.0,2022,Monaco,18.0
ALB,31.0,MEDIUM,9.0,18.0,89.773,0,0.0,2022,Monaco,18.0
ALB,32.0,MEDIUM,10.0,18.0,84.931,0,0.0,2022,Monaco,18.0
ALB,33.0,MEDIUM,11.0,18.0,80.929,0,0.0,2022,Monaco,18.0
ALB,34.0,MEDIUM,12.0,18.0,80.511,0,0.0,2022,Monaco,18.0
ALB,35.0,MEDIUM,13.0,18.0,79.677,0,0.0,2022,Monaco,18.0
ALB,36.0,MEDIUM,14.0,18.0,78.835,0,0.0,2022,Monaco,18.0
ALB,37.0,MEDIUM,15.0,18.0,78.504,0,0.0,2022,Monaco,18.0
ALB,38.0,MEDIUM,16.0,18.0,78.289,0,0.0,2022,Monaco,18.0
ALB,39.0,MEDIUM,17.0,18.0,78.105,0,0.0,2022,Monaco,18.0
ALB,40.0,MEDIUM,18.0,18.0,78.023,0,0.0,2022,Monaco,18.0
ALB,41.0,MEDIUM,19.0,18.0,78.283,0,0.0,2022,Monaco,18.0
ALB,42.0,MEDIUM,20.0,18.0,78.776,0,0.0,2022,Monaco,18.0
ALB,43.0,MEDIUM,21.0,18.0,78.772,0,0.0,2022,Monaco,18.0
ALB,44.0,MEDIUM,22.0,18.0,79.296,0,0.0,2022,Monaco,18.0
ALB,45.0,MEDIUM,23.0,18.0,79.039,0,0.0,2022,Monaco,18.0
ALB,46.0,MEDIUM,24.0,18.0,79.242,0,0.0,2022,Monaco,18.0
ALB,47.0,MEDIUM,25.0,18.0,79.508,0,0.0,2022,Monaco,18.0
ALB,48.0,MEDIUM,26.0,18.0,79.909,0,0.0,2022,Monaco,18.0
ZHO,2.0,WET,2.0,17.0,119.961,0,0.0,2022,Monaco,16.0
ZHO,3.0,WET,3.0,17.0,108.077,0,0.0,2022,Monaco,16.0
ZHO,4.0,WET,4.0,16.0,105.705,0,0.0,2022,Monaco,16.0
ZHO,5.0,WET,5.0,16.0,103.285,0,0.0,2022,Monaco,16.0
ZHO,6.0,WET,6.0,14.0,103.439,0,0.0,2022,Monaco,16.0
ZHO,7.0,WET,7.0,14.0,102.015,0,0.0,2022,Monaco,16.0
ZHO,8.0,WET,8.0,14.0,100.656,0,0.0,2022,Monaco,16.0
ZHO,9.0,WET,9.0,14.0,100.376,0,0.0,2022,Monaco,16.0
ZHO,10.0,WET,10.0,14.0,99.434,0,0.0,2022,Monaco,16.0
ZHO,11.0,WET,11.0,13.0,98.623,0,0.0,2022,Monaco,16.0
ZHO,12.0,WET,12.0,14.0,99.636,0,0.0,2022,Monaco,16.0
ZHO,13.0,WET,13.0,14.0,99.91,0,0.0,2022,Monaco,16.0
ZHO,14.0,WET,14.0,14.0,97.785,0,0.0,2022,Monaco,16.0
ZHO,15.0,WET,15.0,14.0,96.352,0,0.0,2022,Monaco,16.0
ZHO,16.0,WET,16.0,14.0,95.725,0,0.0,2022,Monaco,16.0
ZHO,17.0,WET,17.0,15.0,96.145,0,0.0,2022,Monaco,16.0
ZHO,18.0,WET,18.0,15.0,94.988,0,0.0,2022,Monaco,16.0
ZHO,19.0,WET,19.0,17.0,113.108,1,0.0,2022,Monaco,16.0
ZHO,20.0,HARD,19.0,17.0,99.451,0,0.0,2022,Monaco,16.0
ZHO,21.0,HARD,19.0,17.0,90.576,0,0.0,2022,Monaco,16.0
ZHO,22.0,HARD,19.0,16.0,93.449,0,0.0,2022,Monaco,16.0
ZHO,23.0,HARD,19.0,16.0,86.882,0,0.0,2022,Monaco,16.0
ZHO,24.0,HARD,19.0,16.0,88.501,0,0.0,2022,Monaco,16.0
ZHO,25.0,HARD,19.0,16.0,82.377,0,0.0,2022,Monaco,16.0
ZHO,26.0,HARD,19.0,16.0,124.796,0,0.0,2022,Monaco,16.0
ZHO,27.0,HARD,19.0,16.0,125.632,0,0.0,2022,Monaco,16.0
ZHO,28.0,HARD,19.0,16.0,117.605,0,0.0,2022,Monaco,16.0
ZHO,30.0,MEDIUM,1.0,16.0,105.544,0,0.0,2022,Monaco,16.0
ZHO,31.0,MEDIUM,2.0,16.0,89.024,0,0.0,2022,Monaco,16.0
ZHO,32.0,MEDIUM,3.0,16.0,90.065,0,0.0,2022,Monaco,16.0
ZHO,33.0,MEDIUM,4.0,16.0,82.33,0,0.0,2022,Monaco,16.0
ZHO,34.0,MEDIUM,5.0,16.0,82.397,0,0.0,2022,Monaco,16.0
ZHO,35.0,MEDIUM,6.0,16.0,82.053,0,0.0,2022,Monaco,16.0
ZHO,36.0,MEDIUM,7.0,16.0,82.159,0,0.0,2022,Monaco,16.0
ZHO,37.0,MEDIUM,8.0,16.0,81.869,0,0.0,2022,Monaco,16.0
ZHO,38.0,MEDIUM,9.0,16.0,81.571,0,0.0,2022,Monaco,16.0
ZHO,39.0,MEDIUM,10.0,16.0,80.616,0,0.0,2022,Monaco,16.0
ZHO,40.0,MEDIUM,11.0,16.0,80.512,0,0.0,2022,Monaco,16.0
ZHO,41.0,MEDIUM,12.0,16.0,79.686,0,0.0,2022,Monaco,16.0
ZHO,42.0,MEDIUM,13.0,16.0,80.712,0,0.0,2022,Monaco,16.0
ZHO,43.0,MEDIUM,14.0,16.0,78.681,0,0.0,2022,Monaco,16.0
ZHO,44.0,MEDIUM,15.0,16.0,79.784,0,0.0,2022,Monaco,16.0
ZHO,45.0,MEDIUM,16.0,16.0,79.891,0,0.0,2022,Monaco,16.0
ZHO,46.0,MEDIUM,17.0,16.0,79.32,0,0.0,2022,Monaco,16.0
ZHO,47.0,MEDIUM,18.0,16.0,79.691,0,0.0,2022,Monaco,16.0
ZHO,48.0,MEDIUM,19.0,16.0,79.632,0,0.0,2022,Monaco,16.0
ZHO,49.0,MEDIUM,20.0,17.0,84.257,0,0.0,2022,Monaco,16.0
ZHO,50.0,MEDIUM,21.0,17.0,78.999,0,0.0,2022,Monaco,16.0
ZHO,51.0,MEDIUM,22.0,17.0,78.342,0,0.0,2022,Monaco,16.0
ZHO,52.0,MEDIUM,23.0,17.0,78.2,0,0.0,2022,Monaco,16.0
ZHO,53.0,MEDIUM,24.0,17.0,79.101,0,0.0,2022,Monaco,16.0
ZHO,54.0,MEDIUM,25.0,17.0,79.079,0,0.0,2022,Monaco,16.0
ZHO,55.0,MEDIUM,26.0,17.0,79.326,0,0.0,2022,Monaco,16.0
ZHO,56.0,MEDIUM,27.0,16.0,79.812,0,0.0,2022,Monaco,16.0
ZHO,57.0,MEDIUM,28.0,16.0,79.211,0,0.0,2022,Monaco,16.0
ZHO,58.0,MEDIUM,29.0,16.0,79.393,0,0.0,2022,Monaco,16.0
ZHO,59.0,MEDIUM,30.0,16.0,82.057,0,0.0,2022,Monaco,16.0
ZHO,60.0,MEDIUM,31.0,16.0,80.387,0,0.0,2022,Monaco,16.0
ZHO,61.0,MEDIUM,32.0,16.0,81.853,0,0.0,2022,Monaco,16.0
ZHO,62.0,MEDIUM,33.0,16.0,79.606,0,0.0,2022,Monaco,16.0
ZHO,63.0,MEDIUM,34.0,16.0,79.547,0,0.0,2022,Monaco,16.0
RIC,2.0,WET,2.0,14.0,131.507,0,0.0,2022,Monaco,13.0
RIC,3.0,WET,3.0,14.0,109.054,0,0.0,2022,Monaco,13.0
RIC,4.0,WET,4.0,14.0,105.835,0,0.0,2022,Monaco,13.0
RIC,5.0,WET,5.0,14.0,103.564,0,0.0,2022,Monaco,13.0
RIC,6.0,WET,6.0,12.0,104.231,0,0.0,2022,Monaco,13.0
RIC,7.0,WET,7.0,12.0,101.62,0,0.0,2022,Monaco,13.0
RIC,8.0,WET,8.0,12.0,100.798,0,0.0,2022,Monaco,13.0
RIC,9.0,WET,9.0,12.0,99.546,0,0.0,2022,Monaco,13.0
RIC,10.0,WET,10.0,12.0,99.411,0,0.0,2022,Monaco,13.0
RIC,11.0,WET,11.0,12.0,99.083,0,0.0,2022,Monaco,13.0
RIC,12.0,WET,12.0,12.0,100.341,0,0.0,2022,Monaco,13.0
RIC,13.0,WET,13.0,13.0,100.065,0,0.0,2022,Monaco,13.0
RIC,14.0,WET,14.0,13.0,97.837,0,0.0,2022,Monaco,13.0
RIC,15.0,WET,15.0,13.0,96.551,0,0.0,2022,Monaco,13.0
RIC,16.0,WET,16.0,13.0,95.422,0,0.0,2022,Monaco,13.0
RIC,17.0,WET,17.0,13.0,95.839,0,0.0,2022,Monaco,13.0
RIC,18.0,WET,18.0,13.0,95.213,0,0.0,2022,Monaco,13.0
RIC,19.0,WET,19.0,16.0,113.645,1,0.0,2022,Monaco,13.0
RIC,20.0,HARD,19.0,16.0,99.04,0,0.0,2022,Monaco,13.0
RIC,21.0,HARD,19.0,14.0,88.384,0,0.0,2022,Monaco,13.0
RIC,22.0,HARD,19.0,14.0,86.516,0,0.0,2022,Monaco,13.0
RIC,23.0,HARD,19.0,14.0,84.29,0,0.0,2022,Monaco,13.0
RIC,24.0,HARD,19.0,13.0,83.294,0,0.0,2022,Monaco,13.0
RIC,25.0,HARD,19.0,13.0,84.496,0,0.0,2022,Monaco,13.0
RIC,26.0,HARD,19.0,13.0,113.144,0,0.0,2022,Monaco,13.0
RIC,27.0,HARD,19.0,13.0,115.097,0,0.0,2022,Monaco,13.0
RIC,28.0,HARD,19.0,13.0,115.497,0,0.0,2022,Monaco,13.0
RIC,29.0,HARD,19.0,13.0,97.734,0,0.0,2022,Monaco,13.0
RIC,31.0,HARD,12.0,13.0,132.868,0,0.0,2022,Monaco,13.0
RIC,32.0,HARD,13.0,13.0,111.415,0,0.0,2022,Monaco,13.0
RIC,33.0,HARD,14.0,13.0,84.835,0,0.0,2022,Monaco,13.0
RIC,34.0,HARD,15.0,13.0,82.656,0,0.0,2022,Monaco,13.0
RIC,35.0,HARD,16.0,13.0,82.339,0,0.0,2022,Monaco,13.0
RIC,36.0,HARD,17.0,13.0,82.229,0,0.0,2022,Monaco,13.0
RIC,37.0,HARD,18.0,13.0,81.812,0,0.0,2022,Monaco,13.0
RIC,38.0,HARD,19.0,13.0,81.673,0,0.0,2022,Monaco,13.0
RIC,39.0,HARD,20.0,13.0,80.64,0,0.0,2022,Monaco,13.0
RIC,40.0,HARD,21.0,13.0,80.098,0,0.0,2022,Monaco,13.0
RIC,41.0,HARD,22.0,13.0,80.179,0,0.0,2022,Monaco,13.0
RIC,42.0,HARD,23.0,13.0,79.716,0,0.0,2022,Monaco,13.0
RIC,43.0,HARD,24.0,13.0,79.292,0,0.0,2022,Monaco,13.0
RIC,44.0,HARD,25.0,13.0,79.587,0,0.0,2022,Monaco,13.0
RIC,45.0,HARD,26.0,13.0,79.654,0,0.0,2022,Monaco,13.0
RIC,46.0,HARD,27.0,13.0,79.455,0,0.0,2022,Monaco,13.0
RIC,47.0,HARD,28.0,13.0,79.712,0,0.0,2022,Monaco,13.0
RIC,48.0,HARD,29.0,13.0,79.001,0,0.0,2022,Monaco,13.0
RIC,49.0,HARD,30.0,13.0,79.083,0,0.0,2022,Monaco,13.0
RIC,50.0,HARD,31.0,13.0,78.208,0,0.0,2022,Monaco,13.0
RIC,51.0,HARD,32.0,13.0,78.087,0,0.0,2022,Monaco,13.0
RIC,52.0,HARD,33.0,13.0,78.68,0,0.0,2022,Monaco,13.0
RIC,53.0,HARD,34.0,13.0,77.945,0,0.0,2022,Monaco,13.0
RIC,54.0,HARD,35.0,13.0,77.944,0,0.0,2022,Monaco,13.0
RIC,55.0,HARD,36.0,13.0,77.629,0,0.0,2022,Monaco,13.0
RIC,56.0,HARD,37.0,13.0,77.642,0,0.0,2022,Monaco,13.0
RIC,57.0,HARD,38.0,13.0,77.801,0,0.0,2022,Monaco,13.0
RIC,58.0,HARD,39.0,13.0,77.817,0,0.0,2022,Monaco,13.0
RIC,59.0,HARD,40.0,13.0,77.532,0,0.0,2022,Monaco,13.0
RIC,60.0,HARD,41.0,13.0,78.052,0,0.0,2022,Monaco,13.0
RIC,61.0,HARD,42.0,13.0,78.321,0,0.0,2022,Monaco,13.0
RIC,62.0,HARD,43.0,13.0,77.579,0,0.0,2022,Monaco,13.0
RIC,63.0,HARD,44.0,13.0,78.198,0,0.0,2022,Monaco,13.0
RIC,64.0,HARD,45.0,13.0,78.524,0,0.0,2022,Monaco,13.0
OCO,2.0,WET,2.0,10.0,135.166,0,0.0,2022,Monaco,9.0
OCO,3.0,WET,3.0,10.0,108.949,0,0.0,2022,Monaco,9.0
OCO,4.0,WET,4.0,10.0,104.686,0,0.0,2022,Monaco,9.0
OCO,5.0,WET,5.0,10.0,103.14,0,0.0,2022,Monaco,9.0
OCO,6.0,WET,6.0,9.0,102.718,0,0.0,2022,Monaco,9.0
OCO,7.0,WET,7.0,9.0,101.388,0,0.0,2022,Monaco,9.0
OCO,8.0,WET,8.0,9.0,100.529,0,0.0,2022,Monaco,9.0
OCO,9.0,WET,9.0,9.0,99.78,0,0.0,2022,Monaco,9.0
OCO,10.0,WET,10.0,9.0,98.873,0,0.0,2022,Monaco,9.0
OCO,11.0,WET,11.0,9.0,96.863,0,0.0,2022,Monaco,9.0
OCO,12.0,WET,12.0,9.0,95.796,0,0.0,2022,Monaco,9.0
OCO,13.0,WET,13.0,9.0,94.912,0,0.0,2022,Monaco,9.0
OCO,14.0,WET,14.0,9.0,94.487,0,0.0,2022,Monaco,9.0
OCO,15.0,WET,15.0,8.0,94.498,0,0.0,2022,Monaco,9.0
OCO,16.0,WET,16.0,8.0,93.359,0,0.0,2022,Monaco,9.0
OCO,17.0,WET,17.0,8.0,93.241,0,0.0,2022,Monaco,9.0
OCO,18.0,WET,18.0,8.0,94.552,0,0.0,2022,Monaco,9.0
OCO,19.0,WET,19.0,8.0,92.411,0,0.0,2022,Monaco,9.0
OCO,20.0,WET,20.0,8.0,91.615,0,0.0,2022,Monaco,9.0
OCO,21.0,WET,21.0,9.0,107.323,1,0.0,2022,Monaco,9.0
OCO,22.0,HARD,21.0,10.0,97.375,0,0.0,2022,Monaco,9.0
OCO,23.0,HARD,21.0,9.0,88.133,0,0.0,2022,Monaco,9.0
OCO,24.0,HARD,21.0,9.0,86.053,0,0.0,2022,Monaco,9.0
OCO,25.0,HARD,21.0,9.0,84.83,0,0.0,2022,Monaco,9.0
OCO,26.0,HARD,21.0,9.0,105.123,0,0.0,2022,Monaco,9.0
OCO,27.0,HARD,21.0,9.0,116.204,0,0.0,2022,Monaco,9.0
OCO,28.0,HARD,21.0,9.0,112.022,0,0.0,2022,Monaco,9.0
OCO,29.0,HARD,21.0,9.0,91.507,0,0.0,2022,Monaco,9.0
OCO,31.0,MEDIUM,1.0,9.0,135.492,0,0.0,2022,Monaco,9.0
OCO,32.0,MEDIUM,2.0,9.0,114.222,0,0.0,2022,Monaco,9.0
OCO,33.0,MEDIUM,3.0,9.0,85.084,0,0.0,2022,Monaco,9.0
OCO,34.0,MEDIUM,4.0,9.0,82.812,0,0.0,2022,Monaco,9.0
OCO,35.0,MEDIUM,5.0,9.0,82.636,0,0.0,2022,Monaco,9.0
OCO,36.0,MEDIUM,6.0,9.0,82.32,0,0.0,2022,Monaco,9.0
OCO,37.0,MEDIUM,7.0,9.0,81.74,0,0.0,2022,Monaco,9.0
OCO,38.0,MEDIUM,8.0,9.0,81.071,0,0.0,2022,Monaco,9.0
OCO,39.0,MEDIUM,9.0,9.0,80.336,0,0.0,2022,Monaco,9.0
OCO,40.0,MEDIUM,10.0,9.0,79.733,0,0.0,2022,Monaco,9.0
OCO,41.0,MEDIUM,11.0,9.0,80.015,0,0.0,2022,Monaco,9.0
OCO,42.0,MEDIUM,12.0,9.0,79.939,0,0.0,2022,Monaco,9.0
OCO,43.0,MEDIUM,13.0,9.0,79.489,0,0.0,2022,Monaco,9.0
OCO,44.0,MEDIUM,14.0,9.0,79.821,0,0.0,2022,Monaco,9.0
OCO,45.0,MEDIUM,15.0,9.0,79.273,0,0.0,2022,Monaco,9.0
OCO,46.0,MEDIUM,16.0,9.0,78.774,0,0.0,2022,Monaco,9.0
OCO,47.0,MEDIUM,17.0,9.0,78.402,0,0.0,2022,Monaco,9.0
OCO,48.0,MEDIUM,18.0,9.0,78.564,0,0.0,2022,Monaco,9.0
OCO,49.0,MEDIUM,19.0,9.0,78.443,0,0.0,2022,Monaco,9.0
OCO,50.0,MEDIUM,20.0,9.0,77.571,0,0.0,2022,Monaco,9.0
OCO,51.0,MEDIUM,21.0,9.0,77.592,0,0.0,2022,Monaco,9.0
OCO,52.0,MEDIUM,22.0,9.0,77.816,0,0.0,2022,Monaco,9.0
OCO,53.0,MEDIUM,23.0,9.0,78.059,0,0.0,2022,Monaco,9.0
OCO,54.0,MEDIUM,24.0,9.0,78.151,0,0.0,2022,Monaco,9.0
OCO,55.0,MEDIUM,25.0,9.0,78.239,0,0.0,2022,Monaco,9.0
OCO,56.0,MEDIUM,26.0,9.0,78.194,0,0.0,2022,Monaco,9.0
OCO,57.0,MEDIUM,27.0,9.0,77.92,0,0.0,2022,Monaco,9.0
OCO,58.0,MEDIUM,28.0,9.0,78.07,0,0.0,2022,Monaco,9.0
OCO,59.0,MEDIUM,29.0,9.0,78.099,0,0.0,2022,Monaco,9.0
OCO,60.0,MEDIUM,30.0,9.0,78.077,0,0.0,2022,Monaco,9.0
OCO,61.0,MEDIUM,31.0,9.0,78.214,0,0.0,2022,Monaco,9.0
OCO,62.0,MEDIUM,32.0,9.0,78.162,0,0.0,2022,Monaco,9.0
OCO,63.0,MEDIUM,33.0,9.0,78.147,0,0.0,2022,Monaco,9.0
OCO,64.0,MEDIUM,34.0,9.0,78.371,0,0.0,2022,Monaco,9.0
NOR,2.0,WET,2.0,5.0,141.252,0,0.0,2022,Monaco,6.0
NOR,3.0,WET,3.0,5.0,106.29,0,0.0,2022,Monaco,6.0
NOR,4.0,WET,4.0,5.0,102.012,0,0.0,2022,Monaco,6.0
NOR,5.0,WET,5.0,5.0,101.122,0,0.0,2022,Monaco,6.0
NOR,6.0,WET,6.0,5.0,99.975,0,0.0,2022,Monaco,6.0
NOR,7.0,WET,7.0,5.0,98.694,0,0.0,2022,Monaco,6.0
NOR,8.0,WET,8.0,5.0,98.673,0,0.0,2022,Monaco,6.0
NOR,9.0,WET,9.0,5.0,98.35,0,0.0,2022,Monaco,6.0
NOR,10.0,WET,10.0,5.0,97.38,0,0.0,2022,Monaco,6.0
NOR,11.0,WET,11.0,5.0,96.416,0,0.0,2022,Monaco,6.0
NOR,12.0,WET,12.0,5.0,95.567,0,0.0,2022,Monaco,6.0
NOR,13.0,WET,13.0,5.0,94.623,0,0.0,2022,Monaco,6.0
NOR,14.0,WET,14.0,5.0,94.3,0,0.0,2022,Monaco,6.0
NOR,15.0,WET,15.0,5.0,94.306,0,0.0,2022,Monaco,6.0
NOR,16.0,WET,16.0,4.0,93.692,0,0.0,2022,Monaco,6.0
NOR,17.0,WET,17.0,7.0,109.364,1,0.0,2022,Monaco,6.0
NOR,18.0,INTERMEDIATE,17.0,7.0,91.205,0,0.0,2022,Monaco,6.0
NOR,19.0,INTERMEDIATE,17.0,7.0,86.302,0,0.0,2022,Monaco,6.0
NOR,20.0,INTERMEDIATE,17.0,7.0,89.578,0,0.0,2022,Monaco,6.0
NOR,21.0,INTERMEDIATE,17.0,5.0,90.358,0,0.0,2022,Monaco,6.0
NOR,22.0,INTERMEDIATE,17.0,5.0,104.131,1,0.0,2022,Monaco,6.0
NOR,23.0,HARD,1.0,6.0,89.262,0,0.0,2022,Monaco,6.0
NOR,24.0,HARD,2.0,6.0,82.845,0,0.0,2022,Monaco,6.0
NOR,25.0,HARD,3.0,6.0,82.424,0,0.0,2022,Monaco,6.0
NOR,26.0,HARD,4.0,6.0,93.488,0,0.0,2022,Monaco,6.0
NOR,27.0,HARD,5.0,6.0,114.811,0,0.0,2022,Monaco,6.0
NOR,28.0,HARD,6.0,6.0,120.766,0,0.0,2022,Monaco,6.0
NOR,29.0,HARD,7.0,6.0,116.777,0,0.0,2022,Monaco,6.0
NOR,31.0,HARD,9.0,6.0,142.602,0,0.0,2022,Monaco,6.0
NOR,32.0,HARD,10.0,6.0,117.922,0,0.0,2022,Monaco,6.0
NOR,33.0,HARD,11.0,6.0,83.845,0,0.0,2022,Monaco,6.0
NOR,34.0,HARD,12.0,6.0,82.279,0,0.0,2022,Monaco,6.0
NOR,35.0,HARD,13.0,6.0,80.726,0,0.0,2022,Monaco,6.0
NOR,36.0,HARD,14.0,6.0,79.504,0,0.0,2022,Monaco,6.0
NOR,37.0,HARD,15.0,6.0,78.281,0,0.0,2022,Monaco,6.0
NOR,38.0,HARD,16.0,6.0,77.218,0,0.0,2022,Monaco,6.0
NOR,39.0,HARD,17.0,6.0,78.122,0,0.0,2022,Monaco,6.0
NOR,40.0,HARD,18.0,6.0,77.161,0,0.0,2022,Monaco,6.0
NOR,41.0,HARD,19.0,6.0,78.284,0,0.0,2022,Monaco,6.0
NOR,42.0,HARD,20.0,6.0,77.291,0,0.0,2022,Monaco,6.0
NOR,43.0,HARD,21.0,6.0,76.745,0,0.0,2022,Monaco,6.0
NOR,44.0,HARD,22.0,6.0,77.03,0,0.0,2022,Monaco,6.0
NOR,45.0,HARD,23.0,6.0,76.804,0,0.0,2022,Monaco,6.0
NOR,46.0,HARD,24.0,6.0,77.342,0,0.0,2022,Monaco,6.0
NOR,47.0,HARD,25.0,6.0,77.354,0,0.0,2022,Monaco,6.0
NOR,48.0,HARD,26.0,6.0,77.496,0,0.0,2022,Monaco,6.0
NOR,49.0,HARD,27.0,6.0,78.667,0,0.0,2022,Monaco,6.0
NOR,50.0,HARD,28.0,6.0,78.345,0,0.0,2022,Monaco,6.0
NOR,51.0,HARD,29.0,6.0,95.948,1,0.0,2022,Monaco,6.0
NOR,52.0,MEDIUM,1.0,6.0,83.556,0,0.0,2022,Monaco,6.0
NOR,53.0,MEDIUM,2.0,6.0,78.574,0,0.0,2022,Monaco,6.0
NOR,54.0,MEDIUM,3.0,6.0,76.975,0,0.0,2022,Monaco,6.0
NOR,55.0,MEDIUM,4.0,6.0,74.693,0,0.0,2022,Monaco,6.0
NOR,56.0,MEDIUM,5.0,6.0,76.057,0,0.0,2022,Monaco,6.0
NOR,57.0,MEDIUM,6.0,6.0,75.402,0,0.0,2022,Monaco,6.0
NOR,58.0,MEDIUM,7.0,6.0,76.105,0,0.0,2022,Monaco,6.0
NOR,59.0,MEDIUM,8.0,6.0,74.848,0,0.0,2022,Monaco,6.0
NOR,60.0,MEDIUM,9.0,6.0,75.836,0,0.0,2022,Monaco,6.0
NOR,61.0,MEDIUM,10.0,6.0,75.314,0,0.0,2022,Monaco,6.0
NOR,62.0,MEDIUM,11.0,6.0,75.383,0,0.0,2022,Monaco,6.0
NOR,63.0,MEDIUM,12.0,6.0,75.164,0,0.0,2022,Monaco,6.0
NOR,64.0,MEDIUM,13.0,6.0,77.069,0,0.0,2022,Monaco,6.0
HAM,2.0,WET,2.0,8.0,137.309,0,0.0,2022,Monaco,8.0
HAM,3.0,WET,3.0,8.0,106.997,0,0.0,2022,Monaco,8.0
HAM,4.0,WET,4.0,8.0,103.309,0,0.0,2022,Monaco,8.0
HAM,5.0,WET,5.0,8.0,101.762,0,0.0,2022,Monaco,8.0
HAM,6.0,WET,6.0,8.0,101.114,0,0.0,2022,Monaco,8.0
HAM,7.0,WET,7.0,8.0,100.478,0,0.0,2022,Monaco,8.0
HAM,8.0,WET,8.0,8.0,99.745,0,0.0,2022,Monaco,8.0
HAM,9.0,WET,9.0,8.0,97.546,0,0.0,2022,Monaco,8.0
HAM,10.0,WET,10.0,8.0,97.38,0,0.0,2022,Monaco,8.0
HAM,11.0,WET,11.0,8.0,96.138,0,0.0,2022,Monaco,8.0
HAM,12.0,WET,12.0,8.0,96.562,0,0.0,2022,Monaco,8.0
HAM,13.0,WET,13.0,8.0,96.75,0,0.0,2022,Monaco,8.0
HAM,14.0,WET,14.0,8.0,94.827,0,0.0,2022,Monaco,8.0
HAM,15.0,WET,15.0,9.0,110.385,1,0.0,2022,Monaco,8.0
HAM,16.0,INTERMEDIATE,15.0,9.0,92.152,0,0.0,2022,Monaco,8.0
HAM,17.0,INTERMEDIATE,15.0,9.0,90.246,0,0.0,2022,Monaco,8.0
HAM,18.0,INTERMEDIATE,15.0,9.0,94.549,0,0.0,2022,Monaco,8.0
HAM,19.0,INTERMEDIATE,15.0,9.0,92.564,0,0.0,2022,Monaco,8.0
HAM,20.0,INTERMEDIATE,15.0,9.0,91.503,0,0.0,2022,Monaco,8.0
HAM,21.0,INTERMEDIATE,15.0,8.0,91.078,0,0.0,2022,Monaco,8.0
HAM,22.0,INTERMEDIATE,15.0,8.0,105.059,1,0.0,2022,Monaco,8.0
HAM,23.0,HARD,1.0,8.0,89.726,0,0.0,2022,Monaco,8.0
HAM,24.0,HARD,2.0,8.0,82.826,0,0.0,2022,Monaco,8.0
HAM,25.0,HARD,3.0,8.0,81.987,0,0.0,2022,Monaco,8.0
HAM,26.0,HARD,4.0,8.0,96.12,0,0.0,2022,Monaco,8.0
HAM,27.0,HARD,5.0,8.0,116.347,0,0.0,2022,Monaco,8.0
HAM,28.0,HARD,6.0,8.0,114.807,0,0.0,2022,Monaco,8.0
HAM,29.0,HARD,7.0,8.0,105.367,0,0.0,2022,Monaco,8.0
HAM,31.0,MEDIUM,1.0,8.0,138.144,0,0.0,2022,Monaco,8.0
HAM,32.0,MEDIUM,2.0,8.0,114.161,0,0.0,2022,Monaco,8.0
HAM,33.0,MEDIUM,3.0,8.0,84.258,0,0.0,2022,Monaco,8.0
HAM,34.0,MEDIUM,4.0,8.0,82.828,0,0.0,2022,Monaco,8.0
HAM,35.0,MEDIUM,5.0,8.0,82.929,0,0.0,2022,Monaco,8.0
HAM,36.0,MEDIUM,6.0,8.0,82.305,0,0.0,2022,Monaco,8.0
HAM,37.0,MEDIUM,7.0,8.0,81.74,0,0.0,2022,Monaco,8.0
HAM,38.0,MEDIUM,8.0,8.0,81.167,0,0.0,2022,Monaco,8.0
HAM,39.0,MEDIUM,9.0,8.0,80.145,0,0.0,2022,Monaco,8.0
HAM,40.0,MEDIUM,10.0,8.0,79.943,0,0.0,2022,Monaco,8.0
HAM,41.0,MEDIUM,11.0,8.0,80.391,0,0.0,2022,Monaco,8.0
HAM,42.0,MEDIUM,12.0,8.0,80.153,0,0.0,2022,Monaco,8.0
HAM,43.0,MEDIUM,13.0,8.0,79.535,0,0.0,2022,Monaco,8.0
HAM,44.0,MEDIUM,14.0,8.0,79.557,0,0.0,2022,Monaco,8.0
HAM,45.0,MEDIUM,15.0,8.0,78.99,0,0.0,2022,Monaco,8.0
HAM,46.0,MEDIUM,16.0,8.0,78.647,0,0.0,2022,Monaco,8.0
HAM,47.0,MEDIUM,17.0,8.0,78.534,0,0.0,2022,Monaco,8.0
HAM,48.0,MEDIUM,18.0,8.0,78.713,0,0.0,2022,Monaco,8.0
HAM,49.0,MEDIUM,19.0,8.0,78.479,0,0.0,2022,Monaco,8.0
HAM,50.0,MEDIUM,20.0,8.0,77.21,0,0.0,2022,Monaco,8.0
HAM,51.0,MEDIUM,21.0,8.0,77.203,0,0.0,2022,Monaco,8.0
HAM,52.0,MEDIUM,22.0,8.0,78.479,0,0.0,2022,Monaco,8.0
HAM,53.0,MEDIUM,23.0,8.0,78.525,0,0.0,2022,Monaco,8.0
HAM,54.0,MEDIUM,24.0,8.0,78.472,0,0.0,2022,Monaco,8.0
HAM,55.0,MEDIUM,25.0,8.0,78.416,0,0.0,2022,Monaco,8.0
HAM,56.0,MEDIUM,26.0,8.0,78.099,0,0.0,2022,Monaco,8.0
HAM,57.0,MEDIUM,27.0,8.0,77.754,0,0.0,2022,Monaco,8.0
HAM,58.0,MEDIUM,28.0,8.0,78.025,0,0.0,2022,Monaco,8.0
HAM,59.0,MEDIUM,29.0,8.0,77.982,0,0.0,2022,Monaco,8.0
HAM,60.0,MEDIUM,30.0,8.0,78.147,0,0.0,2022,Monaco,8.0
HAM,61.0,MEDIUM,31.0,8.0,78.123,0,0.0,2022,Monaco,8.0
HAM,62.0,MEDIUM,32.0,8.0,78.309,0,0.0,2022,Monaco,8.0
HAM,63.0,MEDIUM,33.0,8.0,78.078,0,0.0,2022,Monaco,8.0
HAM,64.0,MEDIUM,34.0,8.0,78.927,0,0.0,2022,Monaco,8.0
MSC,2.0,WET,2.0,15.0,130.806,0,0.0,2022,Monaco,17.0
MSC,3.0,WET,3.0,15.0,109.408,0,0.0,2022,Monaco,17.0
MSC,4.0,WET,4.0,17.0,123.868,1,0.0,2022,Monaco,17.0
MSC,5.0,INTERMEDIATE,1.0,18.0,103.339,0,0.0,2022,Monaco,17.0
MSC,6.0,INTERMEDIATE,2.0,18.0,99.941,0,0.0,2022,Monaco,17.0
MSC,7.0,INTERMEDIATE,3.0,17.0,101.173,0,0.0,2022,Monaco,17.0
MSC,8.0,INTERMEDIATE,4.0,17.0,100.625,0,0.0,2022,Monaco,17.0
MSC,9.0,INTERMEDIATE,5.0,17.0,98.209,0,0.0,2022,Monaco,17.0
MSC,10.0,INTERMEDIATE,6.0,17.0,97.612,0,0.0,2022,Monaco,17.0
MSC,11.0,INTERMEDIATE,7.0,17.0,98.281,0,0.0,2022,Monaco,17.0
MSC,12.0,INTERMEDIATE,8.0,17.0,98.482,0,0.0,2022,Monaco,17.0
MSC,13.0,INTERMEDIATE,9.0,17.0,97.373,0,0.0,2022,Monaco,17.0
MSC,14.0,INTERMEDIATE,10.0,17.0,96.271,0,0.0,2022,Monaco,17.0
MSC,15.0,INTERMEDIATE,11.0,17.0,96.308,0,0.0,2022,Monaco,17.0
MSC,16.0,INTERMEDIATE,12.0,17.0,95.793,0,0.0,2022,Monaco,17.0
MSC,17.0,INTERMEDIATE,13.0,20.0,125.649,1,0.0,2022,Monaco,17.0
MSC,18.0,HARD,13.0,20.0,98.024,0,0.0,2022,Monaco,17.0
MSC,19.0,HARD,13.0,20.0,87.542,0,0.0,2022,Monaco,17.0
MSC,20.0,HARD,13.0,19.0,91.355,0,0.0,2022,Monaco,17.0
MSC,21.0,HARD,13.0,18.0,89.293,0,0.0,2022,Monaco,17.0
MSC,22.0,HARD,13.0,17.0,94.264,0,0.0,2022,Monaco,17.0
MSC,23.0,HARD,13.0,17.0,90.256,0,0.0,2022,Monaco,17.0
MSC,24.0,HARD,13.0,17.0,84.778,0,0.0,2022,Monaco,17.0
VET,2.0,WET,2.0,9.0,136.288,0,0.0,2022,Monaco,11.0
VET,3.0,WET,3.0,9.0,107.544,0,0.0,2022,Monaco,11.0
VET,4.0,WET,4.0,9.0,104.206,0,0.0,2022,Monaco,11.0
VET,5.0,WET,5.0,9.0,101.781,0,0.0,2022,Monaco,11.0
VET,6.0,WET,6.0,16.0,124.976,1,0.0,2022,Monaco,11.0
VET,7.0,INTERMEDIATE,1.0,16.0,103.35,0,0.0,2022,Monaco,11.0
VET,8.0,INTERMEDIATE,2.0,16.0,99.811,0,0.0,2022,Monaco,11.0
VET,9.0,INTERMEDIATE,3.0,16.0,97.7,0,0.0,2022,Monaco,11.0
VET,10.0,INTERMEDIATE,4.0,16.0,96.824,0,0.0,2022,Monaco,11.0
VET,11.0,INTERMEDIATE,5.0,15.0,96.628,0,0.0,2022,Monaco,11.0
VET,12.0,INTERMEDIATE,6.0,15.0,97.556,0,0.0,2022,Monaco,11.0
VET,13.0,INTERMEDIATE,7.0,15.0,99.9,0,0.0,2022,Monaco,11.0
VET,14.0,INTERMEDIATE,8.0,15.0,97.684,0,0.0,2022,Monaco,11.0
VET,15.0,INTERMEDIATE,9.0,15.0,96.424,0,0.0,2022,Monaco,11.0
VET,16.0,INTERMEDIATE,10.0,15.0,95.805,0,0.0,2022,Monaco,11.0
VET,17.0,INTERMEDIATE,11.0,14.0,94.96,0,0.0,2022,Monaco,11.0
VET,18.0,INTERMEDIATE,12.0,14.0,94.812,0,0.0,2022,Monaco,11.0
VET,19.0,INTERMEDIATE,13.0,13.0,89.768,0,0.0,2022,Monaco,11.0
VET,20.0,INTERMEDIATE,14.0,12.0,86.97,0,0.0,2022,Monaco,11.0
VET,21.0,INTERMEDIATE,15.0,11.0,87.225,0,0.0,2022,Monaco,11.0
VET,22.0,INTERMEDIATE,16.0,9.0,90.44,0,0.0,2022,Monaco,11.0
VET,23.0,INTERMEDIATE,17.0,12.0,105.46,1,0.0,2022,Monaco,11.0
VET,24.0,HARD,2.0,11.0,91.072,0,0.0,2022,Monaco,11.0
VET,25.0,HARD,3.0,11.0,83.591,0,0.0,2022,Monaco,11.0
VET,26.0,HARD,4.0,11.0,111.989,0,0.0,2022,Monaco,11.0
VET,27.0,HARD,5.0,11.0,114.774,0,0.0,2022,Monaco,11.0
VET,28.0,HARD,6.0,11.0,115.582,0,0.0,2022,Monaco,11.0
VET,29.0,HARD,7.0,11.0,98.473,0,0.0,2022,Monaco,11.0
VET,31.0,HARD,9.0,11.0,134.142,0,0.0,2022,Monaco,11.0
VET,32.0,HARD,10.0,11.0,112.446,0,0.0,2022,Monaco,11.0
VET,33.0,HARD,11.0,11.0,85.143,0,0.0,2022,Monaco,11.0
VET,34.0,HARD,12.0,11.0,82.895,0,0.0,2022,Monaco,11.0
VET,35.0,HARD,13.0,11.0,82.805,0,0.0,2022,Monaco,11.0
VET,36.0,HARD,14.0,11.0,82.257,0,0.0,2022,Monaco,11.0
VET,37.0,HARD,15.0,11.0,81.949,0,0.0,2022,Monaco,11.0
VET,38.0,HARD,16.0,11.0,81.355,0,0.0,2022,Monaco,11.0
VET,39.0,HARD,17.0,11.0,80.777,0,0.0,2022,Monaco,11.0
VET,40.0,HARD,18.0,11.0,80.187,0,0.0,2022,Monaco,11.0
VET,41.0,HARD,19.0,11.0,79.861,0,0.0,2022,Monaco,11.0
VET,42.0,HARD,20.0,11.0,79.943,0,0.0,2022,Monaco,11.0
VET,43.0,HARD,21.0,11.0,79.017,0,0.0,2022,Monaco,11.0
VET,44.0,HARD,22.0,11.0,79.603,0,0.0,2022,Monaco,11.0
VET,45.0,HARD,23.0,11.0,79.769,0,0.0,2022,Monaco,11.0
VET,46.0,HARD,24.0,11.0,79.136,0,0.0,2022,Monaco,11.0
VET,47.0,HARD,25.0,11.0,78.76,0,0.0,2022,Monaco,11.0
VET,48.0,HARD,26.0,11.0,77.994,0,0.0,2022,Monaco,11.0
VET,49.0,HARD,27.0,11.0,78.397,0,0.0,2022,Monaco,11.0
VET,50.0,HARD,28.0,11.0,78.652,0,0.0,2022,Monaco,11.0
VET,51.0,HARD,29.0,11.0,77.889,0,0.0,2022,Monaco,11.0
VET,52.0,HARD,30.0,11.0,77.789,0,0.0,2022,Monaco,11.0
VET,53.0,HARD,31.0,11.0,78.223,0,0.0,2022,Monaco,11.0
VET,54.0,HARD,32.0,11.0,77.558,0,0.0,2022,Monaco,11.0
VET,55.0,HARD,33.0,11.0,78.034,0,0.0,2022,Monaco,11.0
VET,56.0,HARD,34.0,11.0,78.293,0,0.0,2022,Monaco,11.0
VET,57.0,HARD,35.0,11.0,77.822,0,0.0,2022,Monaco,11.0
VET,58.0,HARD,36.0,11.0,77.801,0,0.0,2022,Monaco,11.0
VET,59.0,HARD,37.0,11.0,77.83,0,0.0,2022,Monaco,11.0
VET,60.0,HARD,38.0,11.0,78.07,0,0.0,2022,Monaco,11.0
VET,61.0,HARD,39.0,11.0,77.645,0,0.0,2022,Monaco,11.0
VET,62.0,HARD,40.0,11.0,78.424,0,0.0,2022,Monaco,11.0
VET,63.0,HARD,41.0,11.0,78.069,0,0.0,2022,Monaco,11.0
VET,64.0,HARD,42.0,11.0,78.23,0,0.0,2022,Monaco,11.0
SAI,2.0,WET,2.0,2.0,144.07,0,0.0,2022,Monaco,2.0
SAI,3.0,WET,3.0,2.0,104.323,0,0.0,2022,Monaco,2.0
SAI,4.0,WET,4.0,2.0,101.995,0,0.0,2022,Monaco,2.0
SAI,5.0,WET,5.0,2.0,100.205,0,0.0,2022,Monaco,2.0
SAI,6.0,WET,6.0,2.0,97.998,0,0.0,2022,Monaco,2.0
SAI,7.0,WET,7.0,2.0,97.933,0,0.0,2022,Monaco,2.0
SAI,8.0,WET,8.0,2.0,97.269,0,0.0,2022,Monaco,2.0
SAI,9.0,WET,9.0,2.0,97.18,0,0.0,2022,Monaco,2.0
SAI,10.0,WET,10.0,2.0,96.881,0,0.0,2022,Monaco,2.0
SAI,11.0,WET,11.0,2.0,95.887,0,0.0,2022,Monaco,2.0
SAI,12.0,WET,12.0,2.0,95.375,0,0.0,2022,Monaco,2.0
SAI,13.0,WET,13.0,2.0,93.679,0,0.0,2022,Monaco,2.0
SAI,14.0,WET,14.0,2.0,92.995,0,0.0,2022,Monaco,2.0
SAI,15.0,WET,15.0,2.0,92.605,0,0.0,2022,Monaco,2.0
SAI,16.0,WET,16.0,2.0,92.305,0,0.0,2022,Monaco,2.0
SAI,17.0,WET,17.0,2.0,92.36,0,0.0,2022,Monaco,2.0
SAI,18.0,WET,18.0,1.0,92.002,0,0.0,2022,Monaco,2.0
SAI,19.0,WET,19.0,1.0,91.775,0,0.0,2022,Monaco,2.0
SAI,20.0,WET,20.0,1.0,91.651,0,0.0,2022,Monaco,2.0
SAI,21.0,WET,21.0,3.0,107.551,1,0.0,2022,Monaco,2.0
SAI,22.0,HARD,21.0,2.0,94.073,0,0.0,2022,Monaco,2.0
SAI,23.0,HARD,21.0,2.0,90.16,0,0.0,2022,Monaco,2.0
SAI,24.0,HARD,21.0,2.0,86.153,0,0.0,2022,Monaco,2.0
SAI,25.0,HARD,21.0,2.0,82.698,0,0.0,2022,Monaco,2.0
SAI,26.0,HARD,21.0,2.0,83.624,0,0.0,2022,Monaco,2.0
SAI,27.0,HARD,21.0,2.0,118.132,0,0.0,2022,Monaco,2.0
SAI,28.0,HARD,21.0,2.0,126.778,0,0.0,2022,Monaco,2.0
SAI,29.0,HARD,21.0,2.0,119.502,0,0.0,2022,Monaco,2.0
SAI,32.0,HARD,11.0,2.0,122.838,0,0.0,2022,Monaco,2.0
SAI,33.0,HARD,12.0,2.0,83.776,0,0.0,2022,Monaco,2.0
SAI,34.0,HARD,13.0,2.0,80.786,0,0.0,2022,Monaco,2.0
SAI,35.0,HARD,14.0,2.0,79.838,0,0.0,2022,Monaco,2.0
SAI,36.0,HARD,15.0,2.0,78.962,0,0.0,2022,Monaco,2.0
SAI,37.0,HARD,16.0,2.0,78.15,0,0.0,2022,Monaco,2.0
SAI,38.0,HARD,17.0,2.0,77.385,0,0.0,2022,Monaco,2.0
SAI,39.0,HARD,18.0,2.0,77.112,0,0.0,2022,Monaco,2.0
SAI,40.0,HARD,19.0,2.0,76.739,0,0.0,2022,Monaco,2.0
SAI,41.0,HARD,20.0,2.0,76.583,0,0.0,2022,Monaco,2.0
SAI,42.0,HARD,21.0,2.0,76.764,0,0.0,2022,Monaco,2.0
SAI,43.0,HARD,22.0,2.0,76.701,0,0.0,2022,Monaco,2.0
SAI,44.0,HARD,23.0,2.0,76.619,0,0.0,2022,Monaco,2.0
SAI,45.0,HARD,24.0,2.0,76.828,0,0.0,2022,Monaco,2.0
SAI,46.0,HARD,25.0,2.0,76.465,0,0.0,2022,Monaco,2.0
SAI,47.0,HARD,26.0,2.0,76.421,0,0.0,2022,Monaco,2.0
SAI,48.0,HARD,27.0,2.0,77.439,0,0.0,2022,Monaco,2.0
SAI,49.0,HARD,28.0,2.0,76.64,0,0.0,2022,Monaco,2.0
SAI,50.0,HARD,29.0,2.0,76.868,0,0.0,2022,Monaco,2.0
SAI,51.0,HARD,30.0,2.0,77.245,0,0.0,2022,Monaco,2.0
SAI,52.0,HARD,31.0,2.0,77.515,0,0.0,2022,Monaco,2.0
SAI,53.0,HARD,32.0,2.0,77.599,0,0.0,2022,Monaco,2.0
SAI,54.0,HARD,33.0,2.0,77.97,0,0.0,2022,Monaco,2.0
SAI,55.0,HARD,34.0,2.0,78.476,0,0.0,2022,Monaco,2.0
SAI,56.0,HARD,35.0,2.0,78.928,0,0.0,2022,Monaco,2.0
SAI,57.0,HARD,36.0,2.0,78.714,0,0.0,2022,Monaco,2.0
SAI,58.0,HARD,37.0,2.0,79.406,0,0.0,2022,Monaco,2.0
SAI,59.0,HARD,38.0,2.0,78.896,0,0.0,2022,Monaco,2.0
SAI,60.0,HARD,39.0,2.0,78.747,0,0.0,2022,Monaco,2.0
SAI,61.0,HARD,40.0,2.0,78.896,0,0.0,2022,Monaco,2.0
SAI,62.0,HARD,41.0,2.0,78.036,0,0.0,2022,Monaco,2.0
SAI,63.0,HARD,42.0,2.0,77.916,0,0.0,2022,Monaco,2.0
SAI,64.0,HARD,43.0,2.0,78.132,0,0.0,2022,Monaco,2.0
LAT,2.0,INTERMEDIATE,1.0,20.0,129.418,1,-93.328,2022,Monaco,15.0
LAT,3.0,HARD,1.0,20.0,105.134,0,0.0,2022,Monaco,15.0
LAT,4.0,HARD,2.0,20.0,104.039,0,0.0,2022,Monaco,15.0
LAT,5.0,HARD,3.0,20.0,100.616,0,0.0,2022,Monaco,15.0
LAT,6.0,HARD,4.0,20.0,99.637,0,0.0,2022,Monaco,15.0
LAT,7.0,HARD,5.0,20.0,99.51,0,0.0,2022,Monaco,15.0
LAT,8.0,HARD,6.0,20.0,97.724,0,0.0,2022,Monaco,15.0
LAT,9.0,HARD,7.0,20.0,97.213,0,0.0,2022,Monaco,15.0
LAT,10.0,HARD,8.0,20.0,104.874,0,0.0,2022,Monaco,15.0
LAT,11.0,HARD,9.0,20.0,97.432,0,0.0,2022,Monaco,15.0
LAT,12.0,HARD,10.0,20.0,95.502,0,0.0,2022,Monaco,15.0
LAT,13.0,HARD,11.0,20.0,94.75,0,0.0,2022,Monaco,15.0
LAT,14.0,HARD,12.0,20.0,93.9,0,0.0,2022,Monaco,15.0
LAT,15.0,HARD,13.0,20.0,93.195,0,0.0,2022,Monaco,15.0
LAT,16.0,HARD,14.0,20.0,92.971,0,0.0,2022,Monaco,15.0
LAT,17.0,HARD,15.0,19.0,93.177,0,0.0,2022,Monaco,15.0
LAT,18.0,HARD,16.0,18.0,93.414,0,0.0,2022,Monaco,15.0
LAT,19.0,HARD,17.0,19.0,113.355,1,0.0,2022,Monaco,15.0
LAT,20.0,HARD,18.0,20.0,100.1,0,0.0,2022,Monaco,15.0
LAT,21.0,HARD,19.0,19.0,99.08,0,0.0,2022,Monaco,15.0
LAT,22.0,HARD,20.0,18.0,92.702,0,0.0,2022,Monaco,15.0
LAT,23.0,MEDIUM,20.0,18.0,93.421,0,0.0,2022,Monaco,15.0
LAT,24.0,MEDIUM,20.0,18.0,87.618,0,0.0,2022,Monaco,15.0
LAT,25.0,MEDIUM,20.0,17.0,97.673,0,0.0,2022,Monaco,15.0
LAT,26.0,MEDIUM,20.0,17.0,114.972,0,0.0,2022,Monaco,15.0
LAT,27.0,MEDIUM,20.0,17.0,114.034,0,0.0,2022,Monaco,15.0
LAT,28.0,MEDIUM,20.0,17.0,113.471,0,0.0,2022,Monaco,15.0
LAT,30.0,MEDIUM,20.0,17.0,103.0,0,0.0,2022,Monaco,15.0
LAT,31.0,MEDIUM,20.0,17.0,91.777,0,0.0,2022,Monaco,15.0
LAT,32.0,MEDIUM,20.0,17.0,84.087,0,0.0,2022,Monaco,15.0
LAT,33.0,MEDIUM,20.0,17.0,83.573,0,0.0,2022,Monaco,15.0
LAT,34.0,MEDIUM,20.0,17.0,82.935,0,0.0,2022,Monaco,15.0
LAT,35.0,MEDIUM,20.0,17.0,81.39,0,0.0,2022,Monaco,15.0
LAT,36.0,MEDIUM,20.0,17.0,80.097,0,0.0,2022,Monaco,15.0
LAT,37.0,MEDIUM,20.0,17.0,80.665,0,0.0,2022,Monaco,15.0
LAT,38.0,MEDIUM,20.0,17.0,80.281,0,0.0,2022,Monaco,15.0
LAT,39.0,MEDIUM,20.0,17.0,80.374,0,0.0,2022,Monaco,15.0
LAT,40.0,MEDIUM,20.0,17.0,80.262,0,0.0,2022,Monaco,15.0
LAT,41.0,MEDIUM,20.0,17.0,79.827,0,0.0,2022,Monaco,15.0
LAT,42.0,MEDIUM,20.0,17.0,79.289,0,0.0,2022,Monaco,15.0
LAT,43.0,MEDIUM,20.0,17.0,78.579,0,0.0,2022,Monaco,15.0
LAT,44.0,MEDIUM,20.0,17.0,78.846,0,0.0,2022,Monaco,15.0
LAT,45.0,MEDIUM,20.0,17.0,79.143,0,0.0,2022,Monaco,15.0
LAT,46.0,MEDIUM,20.0,17.0,80.117,0,0.0,2022,Monaco,15.0
LAT,47.0,MEDIUM,20.0,17.0,79.089,0,0.0,2022,Monaco,15.0
LAT,48.0,MEDIUM,20.0,17.0,79.675,0,0.0,2022,Monaco,15.0
LAT,49.0,MEDIUM,20.0,16.0,81.748,0,0.0,2022,Monaco,15.0
LAT,50.0,MEDIUM,20.0,16.0,78.87,0,0.0,2022,Monaco,15.0
LAT,51.0,MEDIUM,20.0,16.0,78.779,0,0.0,2022,Monaco,15.0
LAT,52.0,MEDIUM,20.0,16.0,78.73,0,0.0,2022,Monaco,15.0
LAT,53.0,MEDIUM,20.0,16.0,79.169,0,0.0,2022,Monaco,15.0
LAT,54.0,MEDIUM,20.0,16.0,79.06,0,0.0,2022,Monaco,15.0
LAT,55.0,MEDIUM,20.0,16.0,79.453,0,0.0,2022,Monaco,15.0
LAT,56.0,MEDIUM,20.0,15.0,79.681,0,0.0,2022,Monaco,15.0
LAT,57.0,MEDIUM,20.0,15.0,79.288,0,0.0,2022,Monaco,15.0
LAT,58.0,MEDIUM,20.0,15.0,79.446,0,0.0,2022,Monaco,15.0
LAT,59.0,MEDIUM,20.0,15.0,79.024,0,0.0,2022,Monaco,15.0
LAT,60.0,MEDIUM,20.0,15.0,80.867,0,0.0,2022,Monaco,15.0
LAT,61.0,MEDIUM,20.0,15.0,84.442,0,0.0,2022,Monaco,15.0
LAT,62.0,MEDIUM,20.0,15.0,79.629,0,0.0,2022,Monaco,15.0
LAT,63.0,MEDIUM,20.0,15.0,79.479,0,0.0,2022,Monaco,15.0
RUS,2.0,WET,2.0,6.0,140.423,0,0.0,2022,Monaco,5.0
RUS,3.0,WET,3.0,6.0,106.52,0,0.0,2022,Monaco,5.0
RUS,4.0,WET,4.0,6.0,102.52,0,0.0,2022,Monaco,5.0
RUS,5.0,WET,5.0,6.0,100.64,0,0.0,2022,Monaco,5.0
RUS,6.0,WET,6.0,6.0,99.57,0,0.0,2022,Monaco,5.0
RUS,7.0,WET,7.0,6.0,99.094,0,0.0,2022,Monaco,5.0
RUS,8.0,WET,8.0,6.0,98.944,0,0.0,2022,Monaco,5.0
RUS,9.0,WET,9.0,6.0,98.127,0,0.0,2022,Monaco,5.0
RUS,10.0,WET,10.0,6.0,97.852,0,0.0,2022,Monaco,5.0
RUS,11.0,WET,11.0,6.0,96.531,0,0.0,2022,Monaco,5.0
RUS,12.0,WET,12.0,6.0,96.456,0,0.0,2022,Monaco,5.0
RUS,13.0,WET,13.0,6.0,95.796,0,0.0,2022,Monaco,5.0
RUS,14.0,WET,14.0,6.0,94.818,0,0.0,2022,Monaco,5.0
RUS,15.0,WET,15.0,6.0,93.797,0,0.0,2022,Monaco,5.0
RUS,16.0,WET,16.0,6.0,93.663,0,0.0,2022,Monaco,5.0
RUS,17.0,WET,17.0,5.0,93.571,0,0.0,2022,Monaco,5.0
RUS,18.0,WET,18.0,5.0,92.969,0,0.0,2022,Monaco,5.0
RUS,19.0,WET,19.0,5.0,92.241,0,0.0,2022,Monaco,5.0
RUS,20.0,WET,20.0,5.0,91.511,0,0.0,2022,Monaco,5.0
RUS,21.0,WET,21.0,6.0,108.014,1,0.0,2022,Monaco,5.0
RUS,22.0,HARD,21.0,6.0,91.92,0,0.0,2022,Monaco,5.0
RUS,23.0,HARD,21.0,5.0,83.633,0,0.0,2022,Monaco,5.0
RUS,24.0,HARD,21.0,5.0,83.929,0,0.0,2022,Monaco,5.0
RUS,25.0,HARD,21.0,5.0,81.037,0,0.0,2022,Monaco,5.0
RUS,26.0,HARD,21.0,5.0,86.528,0,0.0,2022,Monaco,5.0
RUS,27.0,HARD,21.0,5.0,118.336,0,0.0,2022,Monaco,5.0
RUS,28.0,HARD,21.0,5.0,122.776,0,0.0,2022,Monaco,5.0
RUS,29.0,HARD,21.0,5.0,118.55,0,0.0,2022,Monaco,5.0
RUS,31.0,MEDIUM,1.0,5.0,146.938,0,0.0,2022,Monaco,5.0
RUS,32.0,MEDIUM,2.0,5.0,119.413,0,0.0,2022,Monaco,5.0
RUS,33.0,MEDIUM,3.0,5.0,84.302,0,0.0,2022,Monaco,5.0
RUS,34.0,MEDIUM,4.0,5.0,81.524,0,0.0,2022,Monaco,5.0
RUS,35.0,MEDIUM,5.0,5.0,79.379,0,0.0,2022,Monaco,5.0
RUS,36.0,MEDIUM,6.0,5.0,79.332,0,0.0,2022,Monaco,5.0
RUS,37.0,MEDIUM,7.0,5.0,78.807,0,0.0,2022,Monaco,5.0
RUS,38.0,MEDIUM,8.0,5.0,77.994,0,0.0,2022,Monaco,5.0
RUS,39.0,MEDIUM,9.0,5.0,77.323,0,0.0,2022,Monaco,5.0
RUS,40.0,MEDIUM,10.0,5.0,77.03,0,0.0,2022,Monaco,5.0
RUS,41.0,MEDIUM,11.0,5.0,76.864,0,0.0,2022,Monaco,5.0
RUS,42.0,MEDIUM,12.0,5.0,76.83,0,0.0,2022,Monaco,5.0
RUS,43.0,MEDIUM,13.0,5.0,77.047,0,0.0,2022,Monaco,5.0
RUS,44.0,MEDIUM,14.0,5.0,77.025,0,0.0,2022,Monaco,5.0
RUS,45.0,MEDIUM,15.0,5.0,77.04,0,0.0,2022,Monaco,5.0
RUS,46.0,MEDIUM,16.0,5.0,77.024,0,0.0,2022,Monaco,5.0
RUS,47.0,MEDIUM,17.0,5.0,76.996,0,0.0,2022,Monaco,5.0
RUS,48.0,MEDIUM,18.0,5.0,77.442,0,0.0,2022,Monaco,5.0
RUS,49.0,MEDIUM,19.0,5.0,77.272,0,0.0,2022,Monaco,5.0
RUS,50.0,MEDIUM,20.0,5.0,77.69,0,0.0,2022,Monaco,5.0
RUS,51.0,MEDIUM,21.0,5.0,77.41,0,0.0,2022,Monaco,5.0
RUS,52.0,MEDIUM,22.0,5.0,77.92,0,0.0,2022,Monaco,5.0
RUS,53.0,MEDIUM,23.0,5.0,77.577,0,0.0,2022,Monaco,5.0
RUS,54.0,MEDIUM,24.0,5.0,78.259,0,0.0,2022,Monaco,5.0
RUS,55.0,MEDIUM,25.0,5.0,78.138,0,0.0,2022,Monaco,5.0
RUS,56.0,MEDIUM,26.0,5.0,78.088,0,0.0,2022,Monaco,5.0
RUS,57.0,MEDIUM,27.0,5.0,79.114,0,0.0,2022,Monaco,5.0
RUS,58.0,MEDIUM,28.0,5.0,78.921,0,0.0,2022,Monaco,5.0
RUS,59.0,MEDIUM,29.0,5.0,78.85,0,0.0,2022,Monaco,5.0
RUS,60.0,MEDIUM,30.0,5.0,79.066,0,0.0,2022,Monaco,5.0
RUS,61.0,MEDIUM,31.0,5.0,78.518,0,0.0,2022,Monaco,5.0
RUS,62.0,MEDIUM,32.0,5.0,78.063,0,0.0,2022,Monaco,5.0
RUS,63.0,MEDIUM,33.0,5.0,78.44,0,0.0,2022,Monaco,5.0
RUS,64.0,MEDIUM,34.0,5.0,79.0,0,0.0,2022,Monaco,5.0
BOT,2.0,WET,2.0,12.0,133.433,0,0.0,2022,Monaco,10.0
BOT,3.0,WET,3.0,12.0,109.266,0,0.0,2022,Monaco,10.0
BOT,4.0,WET,4.0,12.0,105.433,0,0.0,2022,Monaco,10.0
BOT,5.0,WET,5.0,12.0,103.769,0,0.0,2022,Monaco,10.0
BOT,6.0,WET,6.0,10.0,104.176,0,0.0,2022,Monaco,10.0
BOT,7.0,WET,7.0,10.0,100.501,0,0.0,2022,Monaco,10.0
BOT,8.0,WET,8.0,10.0,99.476,0,0.0,2022,Monaco,10.0
BOT,9.0,WET,9.0,10.0,99.635,0,0.0,2022,Monaco,10.0
BOT,10.0,WET,10.0,10.0,98.943,0,0.0,2022,Monaco,10.0
BOT,11.0,WET,11.0,10.0,98.841,0,0.0,2022,Monaco,10.0
BOT,12.0,WET,12.0,10.0,98.123,0,0.0,2022,Monaco,10.0
BOT,13.0,WET,13.0,10.0,97.268,0,0.0,2022,Monaco,10.0
BOT,14.0,WET,14.0,10.0,95.836,0,0.0,2022,Monaco,10.0
BOT,15.0,WET,15.0,10.0,95.23,0,0.0,2022,Monaco,10.0
BOT,16.0,WET,16.0,10.0,95.037,0,0.0,2022,Monaco,10.0
BOT,17.0,WET,17.0,10.0,94.451,0,0.0,2022,Monaco,10.0
BOT,18.0,WET,18.0,10.0,94.208,0,0.0,2022,Monaco,10.0
BOT,19.0,WET,19.0,10.0,92.732,0,0.0,2022,Monaco,10.0
BOT,20.0,WET,20.0,14.0,109.539,1,0.0,2022,Monaco,10.0
BOT,21.0,HARD,20.0,13.0,95.899,0,0.0,2022,Monaco,10.0
BOT,22.0,HARD,20.0,12.0,89.113,0,0.0,2022,Monaco,10.0
BOT,23.0,HARD,20.0,11.0,87.4,0,0.0,2022,Monaco,10.0
BOT,24.0,HARD,20.0,10.0,85.597,0,0.0,2022,Monaco,10.0
BOT,25.0,HARD,20.0,10.0,84.056,0,0.0,2022,Monaco,10.0
BOT,26.0,HARD,20.0,10.0,110.905,0,0.0,2022,Monaco,10.0
BOT,27.0,HARD,20.0,10.0,114.094,0,0.0,2022,Monaco,10.0
BOT,28.0,HARD,20.0,10.0,112.511,0,0.0,2022,Monaco,10.0
BOT,29.0,HARD,20.0,10.0,95.895,0,0.0,2022,Monaco,10.0
BOT,31.0,HARD,11.0,10.0,135.332,0,0.0,2022,Monaco,10.0
BOT,32.0,HARD,12.0,10.0,113.705,0,0.0,2022,Monaco,10.0
BOT,33.0,HARD,13.0,10.0,85.003,0,0.0,2022,Monaco,10.0
BOT,34.0,HARD,14.0,10.0,82.896,0,0.0,2022,Monaco,10.0
BOT,35.0,HARD,15.0,10.0,82.314,0,0.0,2022,Monaco,10.0
BOT,36.0,HARD,16.0,10.0,82.169,0,0.0,2022,Monaco,10.0
BOT,37.0,HARD,17.0,10.0,81.903,0,0.0,2022,Monaco,10.0
BOT,38.0,HARD,18.0,10.0,81.132,0,0.0,2022,Monaco,10.0
BOT,39.0,HARD,19.0,10.0,80.778,0,0.0,2022,Monaco,10.0
BOT,40.0,HARD,20.0,10.0,79.779,0,0.0,2022,Monaco,10.0
BOT,41.0,HARD,21.0,10.0,79.856,0,0.0,2022,Monaco,10.0
BOT,42.0,HARD,22.0,10.0,80.037,0,0.0,2022,Monaco,10.0
BOT,43.0,HARD,23.0,10.0,79.545,0,0.0,2022,Monaco,10.0
BOT,44.0,HARD,24.0,10.0,79.573,0,0.0,2022,Monaco,10.0
BOT,45.0,HARD,25.0,10.0,79.52,0,0.0,2022,Monaco,10.0
BOT,46.0,HARD,26.0,10.0,78.818,0,0.0,2022,Monaco,10.0
BOT,47.0,HARD,27.0,10.0,78.419,0,0.0,2022,Monaco,10.0
BOT,48.0,HARD,28.0,10.0,78.432,0,0.0,2022,Monaco,10.0
BOT,49.0,HARD,29.0,10.0,78.615,0,0.0,2022,Monaco,10.0
BOT,50.0,HARD,30.0,10.0,78.709,0,0.0,2022,Monaco,10.0
BOT,51.0,HARD,31.0,10.0,78.117,0,0.0,2022,Monaco,10.0
BOT,52.0,HARD,32.0,10.0,77.993,0,0.0,2022,Monaco,10.0
BOT,53.0,HARD,33.0,10.0,77.865,0,0.0,2022,Monaco,10.0
BOT,54.0,HARD,34.0,10.0,77.688,0,0.0,2022,Monaco,10.0
BOT,55.0,HARD,35.0,10.0,78.061,0,0.0,2022,Monaco,10.0
BOT,56.0,HARD,36.0,10.0,78.037,0,0.0,2022,Monaco,10.0
BOT,57.0,HARD,37.0,10.0,77.6,0,0.0,2022,Monaco,10.0
BOT,58.0,HARD,38.0,10.0,78.069,0,0.0,2022,Monaco,10.0
BOT,59.0,HARD,39.0,10.0,78.196,0,0.0,2022,Monaco,10.0
BOT,60.0,HARD,40.0,10.0,77.749,0,0.0,2022,Monaco,10.0
BOT,61.0,HARD,41.0,10.0,77.891,0,0.0,2022,Monaco,10.0
BOT,62.0,HARD,42.0,10.0,78.428,0,0.0,2022,Monaco,10.0
BOT,63.0,HARD,43.0,10.0,78.411,0,0.0,2022,Monaco,10.0
BOT,64.0,HARD,44.0,10.0,78.275,0,0.0,2022,Monaco,10.0
